customer_id,name,gender,dob,phone,email,city,state,signup_date,customer_segment,support_tickets_count
CUST00001,Aryan Maharaj,M,1972-05-22,1819600133,onikannan@example.com,Chennai,Tripura,2025-12-25,Retail,2
CUST00002,Harini Mall,M,1968-02-05,1161559407,memonjanaki@example.net,Coimbatore,Arunachal Pradesh,2025-07-24,Retail,1
CUST00003,Fariq Kaul,F,2002-03-24,4752553419,turviraghavan@example.com,Anantapur,Uttarakhand,2025-11-15,Retail,0
CUST00004,Veer Balay,M,1999-04-12,4139537672,priya96@example.com,Durgapur,Mizoram,2025-01-26,Retail,1
CUST00005,Imaran Dua,M,1990-10-02,9166978480,isaac46@example.org,Delhi,Telangana,2026-03-09,Premium,1
CUST00006,Xiti Gokhale,M,1985-01-01,4893252880,choudhuryjanani@example.com,Howrah,Haryana,2026-03-12,Retail,1
CUST00007,Frederick Sunder,M,1999-10-21,2782489638,raksha87@example.org,Kamarhati,Assam,2024-08-14,Retail,3
CUST00008,Thomas Amble,M,1964-01-16,3105183473,ykibe@example.com,Jhansi,Bihar,2023-12-01,Merchant-linked,0
CUST00009,Irya Sampath,F,1980-05-14,1065133387,turvi31@example.com,Dhanbad,Rajasthan,2026-07-19,Retail,1
CUST00010,Girik Khalsa,M,1968-08-13,7360260647,mdubey@example.com,Howrah,Odisha,2025-10-11,Retail,0
CUST00011,Dipta Bhandari,M,1963-01-16,8820812191,balveerbumb@example.com,Bhilwara,Gujarat,2025-08-02,Merchant-linked,1
CUST00012,William Lanka,M,1979-08-19,7510799118,ikshitabiswas@example.org,Anantapuram,Goa,2024-11-28,Premium,1
CUST00013,Abhiram Mistry,M,2005-05-11,2411824493,dkrishnamurthy@example.org,Bally,Arunachal Pradesh,2023-08-23,Retail,1
CUST00014,Adweta Edwin,M,1996-03-19,8011280598,morarjanya@example.org,Bhagalpur,Sikkim,2024-05-11,Premium,1
CUST00015,Irya Ray,M,2007-05-19,3226025634,singhaltristan@example.org,Etawah,Jharkhand,2026-01-09,Retail,3
CUST00016,Udant Bajwa,M,1992-04-25,5414586850,balvan19@example.com,Satara,Maharashtra,2025-05-26,Premium,1
CUST00017,Lekha Gupta,F,1972-11-10,883561595,nilima56@example.net,Begusarai,Chhattisgarh,2024-03-11,Retail,0
CUST00018,Owen Mitra,M,1980-02-16,4436995777,fradomander@example.net,Tiruchirappalli,Uttarakhand,2026-05-29,Retail,0
CUST00019,Dayita Kar,F,1999-05-08,37917693,manbirahluwalia@example.org,Muzaffarnagar,Goa,2025-12-23,Retail,0
CUST00020,Chandresh Krish,F,2004-09-03,7278895798,vaishnavisengupta@example.com,Bally,Tripura,2025-11-25,Retail,4
CUST00021,William Maharaj,M,1981-09-30,3455812236,vreddy@example.net,Vijayanagaram,Arunachal Pradesh,2024-03-27,Retail,1
CUST00022,Lopa Bahri,M,2001-10-04,7054668893,bsunder@example.com,Machilipatnam,Telangana,2024-02-11,Retail,2
CUST00023,Joshua Walla,F,1961-12-05,9901627204,vnarain@example.com,Bidar,Himachal Pradesh,2026-01-25,Retail,1
CUST00024,Anirudh Zacharia,F,1963-02-19,3100330923,udyatikunda@example.com,Medininagar,Punjab,2026-06-11,Premium,1
CUST00025,Nihal Mukhopadhyay,F,1965-10-28,4966319314,palanpriya@example.net,Coimbatore,Mizoram,2025-07-09,Retail,0
CUST00026,Osha Suri,M,1965-09-13,7262849877,yatan14@example.com,Madhyamgram,Odisha,2025-05-31,Premium,0
CUST00027,Gayathri Balakrishnan,M,1984-05-12,2735454948,khurananiharika@example.com,Fatehpur,Rajasthan,2025-09-16,Retail,0
CUST00028,Anay Chander,F,1974-10-04,3495788568,damini43@example.org,Satna,Bihar,2025-10-19,Retail,1
CUST00029,Rehaan Kalita,M,1996-02-02,9894134352,anushabath@example.org,Cuttack,Rajasthan,2026-03-01,Retail,1
CUST00030,Harshil Arora,M,1988-03-10,7752047116,doshimanthan@example.net,Guwahati,Haryana,2023-12-24,Retail,0
CUST00031,Upkaar Virk,F,1978-11-22,4964990913,wriddhishghose@example.net,Sangli-Miraj & Kupwad,Andhra Pradesh,2024-10-28,Retail,1
CUST00032,Bishakha Bali,M,1971-09-30,7134936183,bhasinnoah@example.com,Bahraich,Bihar,2024-12-31,Premium,1
CUST00033,Neha Magar,F,1984-08-28,7190659401,luthrabanjeet@example.org,Kadapa,Rajasthan,2024-12-02,Retail,1
CUST00034,Pratyush Sarin,F,1991-02-08,1756551256,shagaurang@example.com,North Dumdum,Bihar,2026-06-18,Premium,2
CUST00035,Yoshita Agarwal,F,1992-03-15,6038597703,raksha71@example.org,Kozhikode,Jharkhand,2025-03-28,Retail,0
CUST00037,Harini Tripathi,F,1973-06-17,4499727875,ushah@example.org,Aurangabad,Madhya Pradesh,2024-04-24,Retail,1
CUST00038,Caleb Nadkarni,M,1996-05-19,6270289517,dhawannimrat@example.net,Aurangabad,Meghalaya,2025-11-29,Retail,3
CUST00039,Hamsini Rao,F,1991-10-29,8657809134,chaudhrysachi@example.org,Bhopal,Arunachal Pradesh,2024-07-30,Retail,0
CUST00040,Chaaya Parmer,M,1978-08-17,3869222196,vincentshenoy@example.net,Jaunpur,Himachal Pradesh,2025-07-30,Retail,1
CUST00041,Bhavna Dugar,F,1964-03-06,9464743671,chakrika40@example.net,Panipat,Andhra Pradesh,2025-04-13,Merchant-linked,0
CUST00042,Watika Mangat,F,1997-11-14,9533942104,karan14@example.com,Akola,Gujarat,2024-01-07,Retail,2
CUST00043,Yachana Mahajan,M,2000-06-30,7451712368,lallajatin@example.com,Firozabad,Odisha,2024-09-28,Premium,2
CUST00044,Hritik Kaur,M,1983-04-07,9317461200,keerkrishna@example.com,Uluberia,Sikkim,2026-05-27,Retail,0
CUST00045,Mohammed Sachdeva,M,1992-01-27,9640537735,darsh64@example.org,Malda,Assam,2025-07-25,Retail,1
CUST00046,Chandresh Nath,M,1972-04-29,9318393352,kalpitzachariah@example.com,Bhubaneswar,Sikkim,2026-02-27,Retail,1
CUST00047,Alexander Parmar,F,1998-07-22,9502402681,yochana91@example.com,Srikakulam,Arunachal Pradesh,2025-10-02,Premium,0
CUST00048,Tara Balasubramanian,M,1963-07-22,6617711592,lakshmi98@example.com,Dibrugarh,Punjab,2024-11-20,Retail,1
CUST00049,Tanveer Sani,M,1982-04-23,6576615654,chandfrederick@example.org,Jalandhar,Telangana,2025-10-14,Retail,1
CUST00050,Darpan Narayan,M,1992-10-17,5604945198,hritikpalla@example.net,Raipur,Tripura,2024-06-11,Retail,2
CUST00051,Pushti Bal,F,1989-11-12,244550229,chandtanveer@example.com,Malda,Karnataka,2024-02-03,Retail,0
CUST00053,Chakradev Kannan,F,1979-08-10,343244510,lajitawalia@example.net,Orai,Nagaland,2026-01-23,Premium,0
CUST00054,Ekbal Ranganathan,F,2001-12-31,6071596966,naironveer@example.net,Mirzapur,Assam,2024-11-27,Retail,1
CUST00055,Yagnesh Sarin,M,1988-11-25,6453521818,manbir31@example.org,Davanagere,Goa,2025-05-22,Merchant-linked,0
CUST00056,Peter Tak,F,1982-11-27,9955271774,yashica14@example.com,Agra,Arunachal Pradesh,2024-09-15,Retail,2
CUST00057,Faraj Chana,F,1990-02-26,7980793597,zchauhan@example.com,Dibrugarh,Rajasthan,2024-02-19,Retail,1
CUST00058,Raksha Sarna,M,1985-10-15,5546659051,qmander@example.net,Thoothukudi,Assam,2025-05-01,Retail,0
CUST00059,Inaya Mukherjee,F,2007-01-31,2914865281,patildayamai@example.org,Mau,Tripura,2025-01-18,Retail,2
CUST00060,Laksh Dubey,M,1964-05-03,8880592962,rakshabassi@example.com,Patiala,Manipur,2025-05-31,Retail,1
CUST00061,Vivaan Walla,M,1972-02-12,3597746886,zashilben@example.net,Serampore,Nagaland,2026-05-11,Retail,2
CUST00062,Bhavani Chacko,M,1997-04-06,7826137506,warinder61@example.com,Bhopal,Karnataka,2026-05-07,Retail,3
CUST00063,Madhav Devan,M,1962-06-22,2779010432,xchoudhry@example.com,Barasat,Bihar,2023-10-09,Retail,1
CUST00064,Tanvi Bhatnagar,F,1965-12-15,9808932460,qgrover@example.net,Loni,Kerala,2023-10-31,Premium,0
CUST00065,Madhavi Singhal,F,1962-09-22,5405153195,parth77@example.net,Bhavnagar,Assam,2025-09-20,Merchant-linked,1
CUST00066,Balhaar Memon,F,1970-04-24,548687403,anjali15@example.com,Gandhidham,Madhya Pradesh,2024-08-15,Retail,5
CUST00067,Watika Tank,M,1978-04-08,1616928451,sanaya96@example.org,Etawah,Manipur,2023-10-04,Retail,2
CUST00068,Radhika Maharaj,F,1991-05-01,1658202970,janaki69@example.org,Hospet,Kerala,2024-09-19,Retail,1
CUST00069,Laksh Wagle,M,1978-04-01,4310278681,bhavikaswaminathan@example.org,Bhavnagar,West Bengal,2023-11-06,Retail,1
CUST00070,Sai Chahal,M,1999-07-16,5188442258,warjastak@example.org,Begusarai,Odisha,2024-09-15,Retail,3
CUST00071,Gabriel Bhatti,M,1975-06-25,8669125177,kaisant@example.net,Amravati,Mizoram,2024-01-29,Retail,0
CUST00072,Neel Naidu,F,2005-07-02,5841438424,miteshgarg@example.net,Phusro,Arunachal Pradesh,2026-01-14,Premium,0
CUST00073,Finn Bath,F,2006-03-01,3969078447,sbora@example.org,Gandhidham,Maharashtra,2025-01-16,Retail,3
CUST00074,Harini Dhawan,F,1975-08-22,5625881537,lohitchatterjee@example.org,Yamunanagar,West Bengal,2025-06-05,Retail,2
CUST00075,Nathaniel Narang,M,2005-06-15,3278774701,tanveerpandit@example.org,Ichalkaranji,Meghalaya,2025-05-17,Merchant-linked,4
CUST00076,Bhavika Yadav,M,1961-01-10,6245650609,ethan68@example.com,Phagwara,Bihar,2024-01-04,Retail,2
CUST00077,Meera Prakash,F,1998-10-16,8523986800,dvenkataraman@example.org,Khammam,Punjab,2024-07-24,Premium,1
CUST00078,Chandani Nayar,M,1984-12-26,9470551694,vedant09@example.com,Loni,Rajasthan,2025-09-26,Premium,2
CUST00079,Manbir Kibe,F,1962-02-24,3075626368,zilmiljohal@example.net,Morena,Mizoram,2024-09-24,Retail,1
CUST00080,Tripti Walia,F,1977-01-24,4973348434,varsha58@example.net,Tumkur,Bihar,2025-04-21,Retail,3
CUST00081,Megha Pai,F,2006-06-16,4041574733,laksh19@example.net,Latur,Arunachal Pradesh,2025-08-02,Premium,0
CUST00082,Viraj Ben,M,1965-06-11,7120826773,chakrabortyvincent@example.net,Akola,Maharashtra,2026-03-16,Premium,2
CUST00083,Balhaar Ranganathan,F,1998-06-16,4004991547,yaminisidhu@example.com,Gorakhpur,Karnataka,2024-02-09,Retail,3
CUST00084,Aarini Grewal,M,1961-04-23,4932966851,vanshanaik@example.org,Bhilwara,Madhya Pradesh,2024-04-26,Retail,0
CUST00085,Forum Mittal,M,1988-08-04,4530174268,timothy32@example.com,Malda,Telangana,2026-07-08,Merchant-linked,0
CUST00086,Ojasvi Sinha,F,1996-12-26,3918785191,masongala@example.com,Bhiwandi,Sikkim,2024-03-25,Retail,1
CUST00087,Gavin Uppal,F,1982-01-07,7286790874,kamdarelijah@example.org,Hapur,Tamil Nadu,2023-10-26,Retail,1
CUST00088,Ekapad Sodhi,F,1962-02-27,2265676618,mayawadhwa@example.org,Delhi,Tripura,2023-09-13,Retail,2
CUST00089,Ubika Samra,F,1986-03-02,3752431069,chaudhuribahadurjit@example.com,Sambalpur,Telangana,2023-10-06,Retail,2
CUST00090,Vivaan Zacharia,M,1971-01-24,2843959953,odikamital@example.com,Proddatur,Odisha,2026-03-13,Retail,1
CUST00091,Prisha Tandon,M,1962-11-19,6856624628,maanas70@example.net,Erode,Nagaland,2025-03-06,Retail,1
CUST00092,Xavier Kumer,F,1970-05-24,7518304699,varenyajoshi@example.com,Kanpur,Gujarat,2026-05-14,Retail,4
CUST00093,Varenya Kibe,M,1994-01-09,6385467854,gshukla@example.net,Imphal,Gujarat,2024-09-17,Merchant-linked,1
CUST00094,Chakradev Kant,M,1996-03-19,4899642353,qnazareth@example.com,Jaunpur,Goa,2025-10-08,Premium,0
CUST00095,Omkaar Dey,M,1995-03-18,2808010062,kamdaryashasvi@example.com,Allahabad,Punjab,2025-06-29,Merchant-linked,2
CUST00096,Vinaya Babu,M,1960-12-13,84840862,wrideshhanda@example.net,Raichur,Himachal Pradesh,2025-12-13,Retail,5
CUST00097,Kashvi Ravi,M,1982-09-01,3410166687,tataradha@example.net,Buxar,West Bengal,2026-06-22,Premium,2
CUST00098,Victor Kakar,F,2003-11-24,4014890250,tbose@example.org,Tezpur,Uttarakhand,2026-02-09,Retail,1
CUST00099,Leena Dey,M,1998-07-31,8501631599,mahajanshravya@example.com,Raurkela Industrial Township,Nagaland,2026-05-18,Retail,0
CUST00100,Quincy Rai,F,1964-09-30,3114262655,sai54@example.org,Chandigarh,Goa,2024-11-20,Retail,0
CUST00101,Harshil Bal,F,1964-12-08,9956046618,lajitagara@example.org,Barasat,Himachal Pradesh,2025-01-26,Retail,3
CUST00102,Oliver Saran,F,1973-11-18,7154379937,randhawagaurangi@example.net,Ozhukarai,Manipur,2024-08-10,Retail,1
CUST00103,Charita Nagi,F,1989-08-03,7526547935,ishaan93@example.net,Jamalpur,Andhra Pradesh,2026-05-30,Retail,2
CUST00104,Shaurya Sarma,M,1998-12-04,6724342661,gwarrior@example.net,Tinsukia,Arunachal Pradesh,2025-12-09,Retail,0
CUST00105,Frederick Chopra,M,1997-07-18,2909656101,sanayaprasad@example.com,Giridih,Tamil Nadu,2025-02-02,Retail,0
CUST00106,Aryan Subramanian,F,1965-08-26,1125457387,usethi@example.org,Varanasi,Uttar Pradesh,2025-09-14,Retail,2
CUST00107,Hemal Chopra,F,1993-02-19,3828258673,brandhawa@example.net,Hospet,Odisha,2024-11-19,Premium,1
CUST00108,Tanish Jha,M,1973-12-29,9182553714,lramanathan@example.org,Nagercoil,West Bengal,2024-12-19,Retail,0
CUST00109,Chameli Chad,F,1992-11-23,1341252866,lsampath@example.com,Miryalaguda,Goa,2025-01-22,Retail,0
CUST00110,Rachit Murty,F,2001-01-18,5072368876,fganesh@example.net,Muzaffarnagar,Jharkhand,2023-09-23,Retail,2
CUST00111,Bhavya Ganguly,M,1998-02-09,8819148580,vchaudry@example.net,Bihar Sharif,West Bengal,2026-07-19,Premium,0
CUST00112,Adya Pall,F,2002-01-08,7133959629,panchalavni@example.net,North Dumdum,Tamil Nadu,2024-06-26,Merchant-linked,0
CUST00113,Yoshita Chandran,M,1967-02-22,422325367,cprashad@example.org,Sambhal,Mizoram,2025-10-26,Retail,1
CUST00114,Suhani Sura,F,1976-05-06,1751863637,kalpit97@example.com,Ranchi,Bihar,2025-06-16,Retail,0
CUST00115,Amol Dash,M,2005-03-31,7706324241,noah06@example.net,Muzaffarpur,Maharashtra,2025-07-18,Retail,1
CUST00116,Aarav Kala,M,1983-07-10,9387005162,uchakraborty@example.org,Satara,Kerala,2026-03-15,Retail,0
CUST00117,Lavanya Deol,F,1991-06-07,1890927532,gabrielchaudhry@example.org,Giridih,Telangana,2024-10-01,Retail,2
CUST00118,Divya Dey,M,1972-07-12,3899940438,pmerchant@example.org,Shimla,Madhya Pradesh,2023-12-18,Premium,0
CUST00119,Ekavir Wable,M,2003-04-18,5526965827,atwaladweta@example.org,Allahabad,Uttar Pradesh,2024-10-16,Retail,0
CUST00120,Yachana Sagar,F,1980-12-19,1889241418,mahika91@example.com,Mathura,Arunachal Pradesh,2024-05-06,Retail,0
CUST00121,Jack Setty,M,1990-01-09,4210202758,jonathan41@example.org,Haldia,Himachal Pradesh,2025-02-27,Retail,1
CUST00122,Faraj Taneja,M,1982-06-26,792524191,arorayash@example.org,Bharatpur,Madhya Pradesh,2026-04-26,Premium,0
CUST00123,Balendra Saini,F,1971-05-31,6541951802,dbiswas@example.com,Khammam,Assam,2025-03-31,Retail,4
CUST00124,Jyoti Iyer,F,1974-08-19,9375973832,hiralandra@example.com,Gandhinagar,West Bengal,2025-10-14,Premium,1
CUST00125,Hemang Jha,M,1986-01-24,6702410386,tiwarikiaan@example.net,Aurangabad,Odisha,2025-04-15,Retail,2
CUST00126,Kalpit Khalsa,M,1974-08-20,6557431329,shivanishukla@example.com,Jamshedpur,Nagaland,2024-09-04,Merchant-linked,1
CUST00127,Siya Morar,F,1982-11-16,1249035213,mistryabha@example.org,Machilipatnam,West Bengal,2024-12-13,Retail,1
CUST00128,Girindra Shere,F,1965-07-11,1003236519,bhattacharyyarudra@example.net,Warangal,Assam,2026-04-09,Retail,1
CUST00129,Jason Basak,M,2005-11-12,2966706625,sanaya20@example.net,Sagar,Meghalaya,2024-10-31,Retail,2
CUST00130,Darsh Chahal,M,1974-01-24,6383806578,lipika42@example.org,Kavali,Haryana,2023-09-20,Retail,2
CUST00131,Dalbir Sodhi,M,1986-01-18,2133480396,eeshaparmer@example.net,Nagercoil,Odisha,2025-04-11,Retail,2
CUST00132,Waida More,M,1969-01-22,1039308705,peter50@example.org,Dharmavaram,Tamil Nadu,2026-04-22,Merchant-linked,2
CUST00133,Janya Bora,M,1978-07-26,9154522675,udant92@example.com,Durg,Chhattisgarh,2024-02-25,Retail,1
CUST00134,Mahika Bali,F,1969-05-17,9391725135,sanya04@example.org,Jabalpur,Kerala,2024-05-19,Retail,2
CUST00135,Aarav Bava,M,1979-02-28,2676586179,bandichaitaly@example.org,Bhilwara,Bihar,2023-11-07,Retail,2
CUST00136,Keya Dyal,M,1995-10-09,5997062962,ranveerrout@example.net,Ichalkaranji,Jharkhand,2024-04-28,Premium,0
CUST00137,Maya Swaminathan,M,1968-01-03,614973103,tdalia@example.com,Unnao,Sikkim,2024-05-28,Premium,1
CUST00138,Qasim Prabhakar,F,2003-02-20,2704774349,padmanabhanodika@example.net,Begusarai,Arunachal Pradesh,2026-01-31,Retail,1
CUST00139,Vaishnavi Keer,M,1983-06-30,6089899217,jonathanbasak@example.com,Raebareli,Gujarat,2026-07-17,Retail,1
CUST00140,Aarna Nagarajan,F,2004-05-09,1686854870,achowdhury@example.org,Tezpur,Odisha,2025-05-01,Retail,2
CUST00141,Hitesh Chaudhuri,F,1998-05-08,6467997024,zbarad@example.com,Dhanbad,Telangana,2025-01-07,Retail,2
CUST00142,Kashish Bahri,M,1976-11-07,4471324754,riyakakar@example.com,Hazaribagh,West Bengal,2024-09-21,Retail,3
CUST00143,Yutika Dutt,M,1963-10-14,2890233030,anushapillay@example.com,Amravati,Sikkim,2023-09-21,Premium,0
CUST00144,Vrinda Sehgal,F,1969-02-27,9855241406,timothykar@example.net,Agartala,Rajasthan,2024-10-29,Retail,0
CUST00145,Aditya Som,F,2004-05-21,9034944665,rmittal@example.net,Bhimavaram,Bihar,2023-08-27,Premium,1
CUST00146,Barkha Misra,F,1993-06-27,1545444328,rnagarajan@example.org,Mehsana,Jharkhand,2024-05-22,Retail,0
CUST00147,Nidhi Rama,F,1995-12-31,5387584282,aarnagoswami@example.net,Hubli–Dharwad,Haryana,2024-09-01,Merchant-linked,1
CUST00148,Osha Narula,F,1978-06-23,7170999173,odika02@example.org,Tiruvottiyur,Maharashtra,2026-07-06,Retail,0
CUST00149,Luke Mutti,M,2002-01-11,1752500743,ichakrabarti@example.net,Haldia,Madhya Pradesh,2024-11-18,Retail,1
CUST00150,Leela Agrawal,M,1962-06-12,5058300335,lthakur@example.com,Amritsar,Uttarakhand,2023-10-07,Retail,0
CUST00151,Tamanna Venkatesh,M,1989-04-05,6257532603,thamanomkaar@example.org,Agra,Madhya Pradesh,2026-03-10,Retail,3
CUST00152,Chanakya Bava,M,1992-05-29,167618472,qchaudhuri@example.net,Medininagar,Tamil Nadu,2024-01-13,Premium,1
CUST00153,Yasti Dalal,F,1974-03-16,7393483564,sjohal@example.com,Noida,Andhra Pradesh,2023-09-02,Premium,2
CUST00154,Indrajit Tak,M,1967-10-17,8114374470,jagvi56@example.net,Bareilly,West Bengal,2025-11-04,Retail,0
CUST00155,Aditya Devi,M,1992-06-22,5579415521,lekha76@example.net,Gorakhpur,Chhattisgarh,2025-08-30,Retail,1
CUST00156,Nathaniel Chawla,M,1980-08-08,9729659027,ebatra@example.com,Ahmedabad,Tamil Nadu,2026-03-01,Retail,0
CUST00157,Hamsini Venkataraman,M,1985-09-29,6375628900,egandhi@example.com,New Delhi,Karnataka,2026-06-18,Premium,3
CUST00158,Yashica Kapoor,M,1987-01-22,6317797177,chauhannetra@example.com,Proddatur,Nagaland,2023-08-20,Retail,2
CUST00159,Daksha Trivedi,M,1987-08-17,5503758997,kapadiaaarnav@example.com,Jalna,Nagaland,2025-02-25,Merchant-linked,0
CUST00160,Chakradev Gala,M,1984-04-09,1493316373,dasguptashravya@example.com,Panchkula,Andhra Pradesh,2025-03-06,Premium,2
CUST00161,Rachita Subramanian,M,2005-01-02,9221699586,mitali54@example.com,Durgapur,Maharashtra,2025-05-22,Premium,1
CUST00162,Dipta Kalla,M,1970-04-11,5228851587,pahal08@example.org,Eluru,Chhattisgarh,2023-10-15,Retail,0
CUST00163,Ryan Loke,F,1996-08-23,4420438057,lopakhanna@example.net,Nashik,Madhya Pradesh,2024-10-05,Merchant-linked,1
CUST00164,Chatura Arya,M,1996-05-01,9735989334,oscarvarkey@example.org,Thane,Maharashtra,2024-06-12,Premium,1
CUST00165,Kalpit Dyal,M,1988-08-31,572025909,elijah58@example.org,Saharsa,Assam,2025-12-04,Retail,0
CUST00166,Ojasvi Yadav,F,1979-12-31,3355543987,sanaya39@example.net,Thane,Sikkim,2026-03-20,Premium,4
CUST00167,Ishaan Raju,F,1972-12-13,858877043,ganeshabhimanyu@example.net,Bhagalpur,Sikkim,2025-06-20,Retail,2
CUST00168,Panini Chawla,M,1970-07-03,1207501102,aarnareddy@example.com,Machilipatnam,Maharashtra,2024-07-21,Retail,0
CUST00169,Jagat Warrior,M,1960-12-01,9015814491,ebalasubramanian@example.org,Bhavnagar,Telangana,2024-10-09,Retail,0
CUST00170,Maanas Misra,F,1993-02-22,882100996,shivansh53@example.com,Nanded,Goa,2024-04-11,Retail,1
CUST00171,Rishi Contractor,M,1969-05-04,8781414139,wahabchaudhry@example.com,Jammu,Karnataka,2025-01-18,Retail,1
CUST00172,Damini Dua,F,1987-10-13,5620533645,wsehgal@example.com,Suryapet,Bihar,2024-02-23,Retail,0
CUST00173,Avni Dey,F,2003-06-02,4110809969,urmi25@example.com,Giridih,Telangana,2026-02-17,Retail,0
CUST00174,Ucchal Thaker,M,1985-02-18,5803928272,vedaparmer@example.org,Morbi,Haryana,2023-10-25,Premium,1
CUST00175,Vivaan Basak,M,1992-09-22,6770051844,krisharadhakrishnan@example.com,Hazaribagh,Himachal Pradesh,2024-09-23,Retail,1
CUST00176,Zaitra Ravi,M,1977-07-29,7790827231,rachitdugar@example.com,Berhampur,Maharashtra,2025-12-30,Merchant-linked,1
CUST00177,Vasatika Srinivas,F,1983-08-18,6030299228,ganesanaarna@example.org,Khora ,Odisha,2025-06-29,Premium,4
CUST00178,Frederick Kalita,F,1982-03-13,7236929298,obiswas@example.com,Mira-Bhayandar,Bihar,2023-09-06,Merchant-linked,2
CUST00179,Mason Char,F,1969-02-24,8811729806,waglepushti@example.org,Eluru,Kerala,2025-05-08,Premium,2
CUST00180,Pavani Desai,F,1972-11-07,1498643009,prashadsamesh@example.net,Alappuzha,Kerala,2023-12-11,Retail,1
CUST00181,Zehaan Lal,F,2001-09-03,9594636887,tkulkarni@example.net,Sikar,Telangana,2024-01-14,Retail,2
CUST00182,Victor Sekhon,M,1998-03-23,1386589026,fsaran@example.org,Korba,Kerala,2023-11-13,Retail,2
CUST00183,Leena Rattan,M,1990-02-08,9027703843,omkaarbanik@example.com,Mumbai,Goa,2023-11-20,Retail,1
CUST00184,Mugdha Pandit,M,1992-10-11,9380118489,robertsha@example.com,Bhilwara,Goa,2024-10-26,Retail,1
CUST00185,Elijah Thakur,F,1974-10-04,8489476973,subramaniamjackson@example.com,Eluru,Rajasthan,2025-12-06,Retail,1
CUST00186,Victor Mutti,F,1980-06-06,8804341651,irya39@example.com,Jhansi,Meghalaya,2025-10-13,Retail,1
CUST00187,Wyatt Lanka,M,1970-07-24,3952111790,divya79@example.com,South Dumdum,Tripura,2026-04-21,Retail,2
CUST00188,Mitali Kapadia,M,1996-08-22,867808562,smutti@example.org,Bhagalpur,Madhya Pradesh,2025-04-29,Retail,1
CUST00189,Janaki Lad,M,1969-08-14,3479552763,cmammen@example.org,Ramgarh,Sikkim,2024-04-19,Retail,5
CUST00190,Anamika Keer,M,1987-04-17,3227026728,zashil89@example.org,Navi Mumbai,Tamil Nadu,2024-02-09,Retail,0
CUST00192,Farhan Raj,M,1990-02-02,2256996112,bishakha49@example.net,Gopalpur,Manipur,2025-11-28,Merchant-linked,1
CUST00193,Shravya Sachdev,F,1968-08-31,2341326111,ranganathanfiyaz@example.org,Tadipatri,Chhattisgarh,2023-11-17,Retail,0
CUST00194,Dayamai Karnik,M,1972-07-05,7228200557,sdeshmukh@example.net,Gudivada,Punjab,2024-12-18,Retail,0
CUST00195,Dayita Palan,F,1983-10-03,1745642400,upasna80@example.net,Morena,Jharkhand,2023-08-29,Retail,0
CUST00196,Brinda Kashyap,F,1998-11-17,3686632663,zansimagar@example.com,Haridwar,Gujarat,2026-02-13,Retail,2
CUST00197,Laban Mann,M,1965-12-06,9749735020,mandaamruta@example.org,Bangalore,Haryana,2023-11-24,Premium,1
CUST00198,Wakeeta Kalla,M,1977-01-17,7570512046,rehaankrishna@example.com,Bhilai,Tripura,2025-09-19,Premium,2
CUST00199,Saanvi Kota,F,1996-01-15,3718376452,kulkarnivasana@example.net,Davanagere,Kerala,2026-03-22,Retail,5
CUST00200,Isaiah Keer,M,1991-01-06,249163009,gaurav32@example.com,Tadipatri,Karnataka,2026-05-07,Premium,1
CUST00201,Darpan Parekh,M,1991-07-29,2735857306,sundaramraksha@example.net,Hosur,Tamil Nadu,2025-01-22,Retail,0
CUST00202,Ijaya Naik,M,1995-10-16,9821827448,bgoyal@example.net,Udupi,Haryana,2024-07-26,Retail,0
CUST00203,Lila Gupta,M,1985-10-15,8294565118,azadjaggi@example.org,Nellore,Bihar,2023-09-22,Retail,3
CUST00204,Vrishti Vora,M,1990-08-02,539103717,ypillay@example.net,Tadepalligudem,Himachal Pradesh,2025-03-05,Retail,0
CUST00205,Daksha Brahmbhatt,M,2005-12-22,1386338392,parmartara@example.net,Vasai-Virar,Goa,2025-12-10,Merchant-linked,0
CUST00206,Yamini Nazareth,F,1992-03-12,5585566593,xkumar@example.com,Sikar,Andhra Pradesh,2025-10-01,Premium,0
CUST00207,Amol Vasa,F,1967-02-13,433504888,baradtriveni@example.com,Durgapur,Himachal Pradesh,2024-09-13,Retail,1
CUST00208,Viraj Kunda,F,1999-07-26,9693157279,rajfarhan@example.org,Karnal,Uttarakhand,2024-11-24,Retail,0
CUST00209,Utkarsh Apte,M,1991-01-23,480589258,wsehgal@example.net,Korba,Maharashtra,2024-06-23,Retail,3
CUST00210,Manbir Deo,F,1976-10-08,9086416862,vinayarana@example.net,Kishanganj,Punjab,2026-07-16,Retail,2
CUST00211,Xavier Bora,M,1973-06-01,5911665535,omkaar59@example.com,Gandhidham,Arunachal Pradesh,2026-04-30,Retail,0
CUST00212,Ryan Prakash,M,1968-02-14,1039240514,shaurya83@example.org,Motihari,Meghalaya,2025-06-13,Retail,1
CUST00213,Andrew Puri,F,1988-08-14,4204394070,hritik04@example.net,Ahmednagar,Madhya Pradesh,2025-02-11,Retail,0
CUST00214,Diya Sundaram,M,2002-03-29,2387800384,andrewpalan@example.net,Raichur,Rajasthan,2024-07-06,Retail,0
CUST00215,David Kurian,F,2002-10-23,8432562168,michaelsandhu@example.com,Sultan Pur Majra,Nagaland,2024-01-07,Retail,1
CUST00216,Samaksh Devi,F,1975-06-20,6292518812,odika64@example.com,Saharanpur,Tripura,2024-03-07,Retail,2
CUST00217,Qasim Bal,F,1997-03-26,9993933051,lprakash@example.com,Bhalswa Jahangir Pur,Chhattisgarh,2024-02-10,Retail,2
CUST00218,Bachittar Rege,F,1997-05-01,4633312797,xravel@example.org,Satara,Madhya Pradesh,2025-06-01,Merchant-linked,2
CUST00219,Ikbal Seth,F,1982-07-26,3886086803,bhavika72@example.com,Pudukkottai,Arunachal Pradesh,2025-08-23,Premium,2
CUST00220,Ubika Seth,F,1964-12-22,2982665702,qchana@example.com,Amravati,Assam,2023-12-19,Premium,0
CUST00221,Janani Chada,M,1985-10-11,8926860259,charansaini@example.com,Amroha,Jharkhand,2025-06-17,Retail,0
CUST00222,Karan Jain,M,1960-10-20,777809733,fsathe@example.net,Sambalpur,Nagaland,2024-06-11,Retail,1
CUST00223,Chandran Goyal,F,1967-10-02,209945101,peter79@example.com,Tiruchirappalli,Tripura,2024-07-03,Retail,0
CUST00224,Ladli Bir,M,1997-01-15,4721458683,wadhwagagan@example.com,Purnia,Punjab,2026-02-07,Retail,3
CUST00225,Irya Dayal,M,1990-02-13,8772934301,oeshisachdev@example.org,Etawah,Nagaland,2025-12-25,Premium,1
CUST00226,Advay Jaggi,M,1993-10-03,1448850155,gillrishi@example.com,Nangloi Jat,Meghalaya,2025-12-16,Retail,2
CUST00227,Vasatika Dugal,F,1990-09-28,7608495880,dominic24@example.org,Gandhinagar,Rajasthan,2025-03-11,Retail,4
CUST00228,Lopa Grover,M,1989-03-15,5046173574,isaacprasad@example.org,Tiruchirappalli,Manipur,2025-02-08,Retail,2
CUST00229,Xiti Dube,M,1969-10-06,8452182307,mukhopadhyaychaitanya@example.net,Thoothukudi,Manipur,2026-03-23,Premium,0
CUST00230,Devika Bajaj,F,1988-05-10,3533448571,ishwar09@example.net,Tiruppur,Nagaland,2024-08-27,Retail,0
CUST00231,Anika Dhaliwal,M,2005-11-29,9321495870,cherianleela@example.org,Purnia,Madhya Pradesh,2024-02-26,Retail,1
CUST00232,Ishani Muni,M,1976-08-02,8179217174,maanaskuruvilla@example.com,South Dumdum,Tamil Nadu,2026-04-22,Retail,2
CUST00233,Ekta Setty,M,1984-01-13,7157724599,uchhabra@example.net,Barasat,Nagaland,2024-12-22,Retail,1
CUST00234,William Kohli,M,1986-12-08,6153966958,lcontractor@example.net,Anantapur,Nagaland,2023-12-02,Premium,0
CUST00235,Patrick Morar,M,2006-07-08,9196570132,snehawali@example.com,Tadepalligudem,Odisha,2024-12-08,Retail,1
CUST00236,Edhitha Mistry,M,1988-01-04,6519098624,acharyajagrati@example.org,Ludhiana,Haryana,2024-11-21,Retail,0
CUST00237,Eesha Raja,M,1980-02-15,8327238656,advaybora@example.net,Asansol,Telangana,2026-03-19,Retail,4
CUST00238,Laban Chad,F,1967-03-22,7969278687,paniniamble@example.net,Patiala,Tamil Nadu,2025-02-04,Retail,3
CUST00239,Jeevika Bandi,M,2007-08-04,5197128478,korpalurmi@example.net,Panvel,Uttar Pradesh,2025-04-28,Premium,0
CUST00240,Hemal Warrior,M,1998-01-02,7879565442,darsh79@example.org,Jalna,Uttar Pradesh,2025-10-13,Retail,2
CUST00241,Bhavini Sundaram,M,1964-08-05,4429444019,zpingle@example.org,Noida,Meghalaya,2024-02-28,Retail,0
CUST00242,Hemal Chad,M,2007-01-25,7663723950,ucchalrastogi@example.com,Fatehpur,Telangana,2026-05-25,Premium,1
CUST00243,Ladli Ramakrishnan,F,1983-06-01,8604765801,gautami44@example.org,Bhimavaram,Madhya Pradesh,2024-12-23,Retail,0
CUST00244,Robert Venkatesh,F,1976-10-30,5800106181,zayan30@example.org,Howrah,Punjab,2025-07-19,Retail,1
CUST00245,Jairaj Dar,F,1964-10-12,6921244717,neel14@example.org,Munger,Karnataka,2026-07-15,Premium,1
CUST00246,Alka Gokhale,M,1981-10-13,3962712863,harshil01@example.org,Amroha,Andhra Pradesh,2026-03-31,Retail,2
CUST00247,Aadi Barad,F,1992-07-14,2569087766,rajagopalanvasatika@example.org,Thoothukudi,Sikkim,2024-07-07,Retail,2
CUST00248,Gautam Pau,M,1986-04-19,1743280634,ochad@example.com,Kolhapur,Arunachal Pradesh,2024-03-12,Premium,1
CUST00249,Vrinda Ramachandran,F,1963-08-29,7870050506,jyadav@example.net,Madurai,Arunachal Pradesh,2025-10-11,Retail,0
CUST00250,Anirudh Sinha,F,2004-03-06,3202041792,tankthomas@example.org,Purnia,Karnataka,2025-12-31,Retail,2
CUST00251,Ekta Dara,M,2007-06-23,5309251142,revakohli@example.net,Guntur,Bihar,2025-12-09,Retail,0
CUST00252,Nakul Babu,F,2002-11-09,21946723,psabharwal@example.org,Kavali,Goa,2025-09-21,Retail,1
CUST00253,Charvi Pall,F,1980-09-26,3181958837,isaiahdixit@example.net,Mehsana,Goa,2024-02-06,Premium,1
CUST00254,Chatura Patla,F,1974-04-26,4597010822,bobalwahab@example.net,Guntakal,Odisha,2024-08-01,Retail,0
CUST00255,Eshana Karpe,M,1998-01-09,3136363179,taraksha@example.org,Dindigul,Chhattisgarh,2024-12-19,Premium,3
CUST00256,Jagrati Madan,M,1970-05-05,904217762,onkarkarpe@example.org,Nagaon,Meghalaya,2026-02-23,Premium,1
CUST00257,Urvashi Shere,F,1974-01-13,3356939290,cthaman@example.com,Nangloi Jat,Uttar Pradesh,2025-12-16,Retail,1
CUST00258,Sneha Tandon,M,1972-03-06,6325431074,shaubika@example.org,Udaipur,Uttar Pradesh,2026-03-05,Retail,2
CUST00259,Aarav Bobal,M,1979-02-09,8046498931,charan16@example.com,Tadipatri,Arunachal Pradesh,2024-09-12,Retail,0
CUST00260,Ekalinga Jayaraman,M,1967-04-12,3817933554,bhatnagarkashish@example.com,Shivpuri,Mizoram,2025-03-02,Merchant-linked,1
CUST00261,Upma Wali,F,1993-03-12,7951371162,anyachoudhury@example.net,Mehsana,Chhattisgarh,2026-03-08,Retail,1
CUST00262,Chaaya Saha,M,2007-03-05,7567043103,eta79@example.net,Berhampore,Jharkhand,2025-04-15,Premium,2
CUST00263,Onveer Lad,F,1971-07-09,4025472928,neelkhanna@example.org,Ratlam,Odisha,2024-01-01,Retail,3
CUST00264,Kala Gour,M,1970-06-25,5525782841,taranagarajan@example.org,Bongaigaon,Mizoram,2024-08-06,Retail,1
CUST00265,Urvi Mann,M,2007-03-06,9751702814,sanayaparikh@example.org,Pimpri-Chinchwad,Punjab,2025-07-02,Retail,4
CUST00266,Arunima Hayre,F,1961-09-19,1863759980,ypingle@example.com,Anantapuram,Kerala,2024-08-28,Retail,3
CUST00267,Gagan Kale,F,1995-07-28,6742662991,vvohra@example.org,Hubli–Dharwad,Andhra Pradesh,2024-10-29,Premium,0
CUST00268,Oeshi Gill,M,1987-04-25,3264870494,aviagate@example.org,Dewas,Rajasthan,2026-01-24,Retail,0
CUST00269,Jeet Mani,F,1980-08-28,3014719597,xdar@example.net,Rampur,Goa,2025-04-30,Retail,1
CUST00270,Ekaja Shenoy,F,2002-10-17,5204565044,qadimchandra@example.net,Tinsukia,Karnataka,2026-03-06,Retail,1
CUST00271,Anika Patil,M,1965-03-27,2028457652,raghavvora@example.net,Erode,Manipur,2026-04-21,Retail,0
CUST00272,Karan Badal,F,1983-08-26,5279852401,damyantidass@example.org,Vijayawada,Maharashtra,2025-08-24,Retail,1
CUST00273,Faras Bahl,M,1997-10-26,310890714,charjatin@example.net,Dharmavaram,Gujarat,2024-03-03,Retail,1
CUST00274,Ayush Chana,M,1967-08-15,9552893891,rehaanmanda@example.org,Navi Mumbai,Gujarat,2026-04-26,Retail,0
CUST00275,Jeevika Goyal,F,1981-09-27,2566383615,warhipatel@example.net,Proddatur,Telangana,2023-10-02,Retail,1
CUST00276,Wakeeta D’Alia,M,1979-02-07,9473864631,swamyhenry@example.com,Nagaon,Sikkim,2025-08-09,Retail,1
CUST00277,Luke Rana,M,1979-11-12,2153539613,mugdha57@example.net,Shivpuri,Mizoram,2024-06-12,Retail,1
CUST00278,Hritik Das,M,1972-09-01,3201017026,gopal18@example.com,Panihati,Jharkhand,2025-07-25,Retail,0
CUST00279,Yamini Lal,F,1986-09-03,616756770,nitesh76@example.org,Pali,Meghalaya,2025-11-10,Merchant-linked,0
CUST00280,Upma Soni,F,1987-08-16,8064796954,davejeevika@example.com,Mau,Madhya Pradesh,2023-12-01,Premium,4
CUST00281,Ishanvi Sabharwal,M,1977-06-30,3349114152,sharmapahal@example.net,Shimoga,Andhra Pradesh,2025-08-30,Premium,3
CUST00282,Edhitha Purohit,F,1988-01-05,9171357852,fjaggi@example.net,Jorhat,Gujarat,2024-06-21,Retail,1
CUST00283,Chameli Ratti,M,1999-04-04,9195419876,yamini46@example.net,Kollam,Maharashtra,2024-10-21,Retail,1
CUST00284,Pranit Bahl,F,1990-10-09,9737489690,pdivan@example.org,Raebareli,Maharashtra,2024-07-24,Retail,2
CUST00285,Samar Sachar,F,1973-06-12,2493631230,bsarin@example.net,Panihati,Goa,2024-06-05,Premium,0
CUST00286,Aarna Mall,F,1992-04-01,700159416,warinderchoudhury@example.net,Nagaon,Sikkim,2026-01-18,Premium,3
CUST00287,Watika Chana,M,1972-01-23,5596363212,lkumar@example.org,Deoghar,Kerala,2025-09-03,Retail,0
CUST00288,Edhitha Sampath,M,1983-06-06,4257540900,omore@example.net,Bhilai,Nagaland,2026-02-28,Retail,1
CUST00289,Lipika Anand,F,2004-04-21,4413432756,vsinha@example.com,Bhusawal,Uttarakhand,2023-12-04,Retail,2
CUST00290,Advika Toor,F,1963-10-27,9857002720,fitan12@example.org,Hindupur,Sikkim,2024-10-29,Retail,1
CUST00291,Siya Sridhar,M,2002-07-25,4295431652,anshbajaj@example.net,Hubli–Dharwad,Manipur,2024-03-18,Retail,0
CUST00292,Chandran Rattan,M,1990-04-19,2152910867,rayaanlata@example.com,Eluru,Chhattisgarh,2024-11-21,Retail,0
CUST00293,Tanveer Mandal,F,1995-07-08,6262044397,achada@example.com,North Dumdum,Tamil Nadu,2024-10-16,Retail,1
CUST00294,Leela Sampath,M,1995-12-20,1180053759,yamini96@example.com,Uluberia,Chhattisgarh,2026-06-15,Retail,1
CUST00295,Praneel Lad,F,1968-10-15,5721586241,vmand@example.com,Ichalkaranji,Himachal Pradesh,2025-06-02,Retail,0
CUST00296,Zansi Munshi,M,1981-07-21,5728703203,nihal76@example.org,Thane,Manipur,2024-09-02,Retail,1
CUST00297,Tanvi Tailor,F,1966-01-13,1513422849,vorapranit@example.com,Shahjahanpur,Tripura,2025-01-31,Retail,0
CUST00298,Falguni Bal,F,1974-04-13,6591520177,narayancaleb@example.net,Anantapur,Telangana,2026-07-19,Premium,2
CUST00299,Siddharth Bava,M,1999-02-09,5018961642,joshinicholas@example.com,Anantapuram,Rajasthan,2025-10-29,Merchant-linked,1
CUST00300,Jai Misra,M,1984-03-12,4925158377,wchana@example.com,Srikakulam,Goa,2024-11-24,Retail,3
CUST00301,Girik Baria,M,1985-04-10,3278814761,charitakothari@example.net,Sagar,Odisha,2023-10-09,Retail,0
CUST00302,Chakradev Varghese,M,1965-10-20,6179454918,qabilramaswamy@example.org,Erode,Tamil Nadu,2024-07-01,Merchant-linked,0
CUST00303,Shivani Lanka,M,1977-01-07,3219416800,vanshasharma@example.net,Madanapalle,Telangana,2025-01-19,Merchant-linked,1
CUST00304,Megha Mittal,F,1964-11-03,310303723,mitraubika@example.org,Bhusawal,Andhra Pradesh,2023-12-22,Premium,1
CUST00305,Sai Sundaram,M,1983-04-08,9334960501,balhaar76@example.com,Ahmednagar,Tamil Nadu,2023-10-23,Retail,4
CUST00306,Pahal Mutti,F,1987-03-11,6717957602,raksha38@example.org,Madanapalle,West Bengal,2026-02-02,Retail,0
CUST00307,Karan Memon,M,1995-05-04,6572934172,ychaudhuri@example.com,Avadi,Haryana,2024-03-30,Retail,1
CUST00308,Andrew Parmer,M,2002-12-02,2280156193,vkuruvilla@example.com,Proddatur,Himachal Pradesh,2026-03-31,Retail,2
CUST00309,Chandresh Sarma,F,1998-12-26,1991808121,riya87@example.net,Jamnagar,Rajasthan,2024-09-10,Premium,3
CUST00310,Jason Jaggi,F,1981-09-17,375482145,oviyakari@example.org,Haridwar,Maharashtra,2026-04-02,Retail,0
CUST00311,Ayushman Savant,M,1967-08-16,8115562606,venkateshchakrika@example.com,Begusarai,West Bengal,2024-07-09,Retail,3
CUST00312,Hemangini Anand,F,2000-05-01,6738997563,madhavi28@example.net,Kakinada,Assam,2025-02-14,Premium,1
CUST00313,Harini Dutta,M,1961-10-04,3468105485,kmisra@example.net,Malda,Karnataka,2026-07-01,Retail,1
CUST00314,Inaya Mistry,M,1974-04-17,6831589357,fbumb@example.org,Bikaner,Meghalaya,2024-04-04,Retail,0
CUST00315,Kala Vora,M,1979-12-20,4976776228,yochanawadhwa@example.org,Sirsa,Meghalaya,2023-09-23,Retail,2
CUST00316,Kala Dani,F,1989-07-06,1159408215,vedika02@example.org,Nashik,Jharkhand,2026-03-23,Retail,0
CUST00317,Qadim Suresh,F,1960-09-25,1067949756,yaminisharma@example.com,Jalgaon,West Bengal,2025-10-03,Retail,1
CUST00318,Nimrat Ram,M,1971-10-23,5807412094,hanschatresh@example.net,Fatehpur,Mizoram,2026-04-01,Retail,1
CUST00319,Pranit Bahl,M,1973-10-31,3971895690,agole@example.org,Eluru,Himachal Pradesh,2023-11-24,Retail,3
CUST00320,Om Mangal,M,1967-07-20,1246209520,nagarajanlucky@example.com,Rampur,Madhya Pradesh,2026-05-18,Merchant-linked,0
CUST00321,Charles Jain,M,1972-02-20,7886140578,reddyvivaan@example.org,Begusarai,Odisha,2025-08-07,Premium,1
CUST00322,Jeremiah Modi,F,1987-11-29,1832582386,shettybimala@example.net,Mumbai,Arunachal Pradesh,2026-05-10,Retail,2
CUST00323,Anjali Krishna,M,2000-12-05,5398402891,deyati@example.com,Phagwara,Mizoram,2026-06-04,Retail,1
CUST00324,Hema Lal,M,2007-08-29,4355379502,andraoscar@example.com,Singrauli,Nagaland,2023-11-14,Retail,1
CUST00325,Azaan Saxena,F,1992-11-25,6956201753,mandishita@example.org,Srikakulam,Rajasthan,2024-07-07,Premium,0
CUST00326,Vivaan Tak,F,2007-01-24,4793036149,parthbhattacharyya@example.net,Amritsar,Chhattisgarh,2024-05-22,Retail,1
CUST00327,Anusha Handa,M,2001-04-28,8948706056,xtandon@example.net,Rajahmundry,Arunachal Pradesh,2024-06-10,Retail,2
CUST00328,Saumya Mutti,F,1960-11-18,5190361332,balavarsha@example.com,Guntakal,Uttar Pradesh,2025-06-17,Merchant-linked,2
CUST00329,Zashil Kota,M,1965-10-23,5058319971,bhatbahadurjit@example.com,Amritsar,Uttar Pradesh,2024-01-02,Premium,2
CUST00330,Christopher Mitra,M,1989-12-13,1108046619,settyleena@example.com,Udupi,Punjab,2023-12-05,Retail,1
CUST00331,Sudiksha Varughese,F,1976-05-21,1109193928,lsaxena@example.org,Varanasi,Arunachal Pradesh,2024-01-02,Retail,2
CUST00332,Yochana Parmar,M,1975-07-28,2749545089,samihemangini@example.org,Panihati,Uttar Pradesh,2023-10-31,Retail,1
CUST00333,Vamakshi Sibal,F,1989-06-04,9959465217,kapoorvictor@example.com,Mathura,Meghalaya,2025-10-10,Retail,2
CUST00334,Keya Jha,M,1979-11-07,5015081247,balanrushil@example.org,Akola,Haryana,2026-03-19,Premium,0
CUST00335,Harinakshi Korpal,M,1969-03-16,2410261534,onveer89@example.com,Kochi,Chhattisgarh,2026-03-17,Retail,4
CUST00336,Ranveer Handa,F,1986-03-13,5963099384,mammenjonathan@example.net,Bhagalpur,Telangana,2023-11-14,Retail,1
CUST00337,Dhruv Ganesh,F,1985-01-18,7872558777,johaltheodore@example.org,Noida,Madhya Pradesh,2024-04-08,Retail,1
CUST00338,Krishna Dugar,F,2005-07-16,4812147853,pooja77@example.com,Arrah,Uttar Pradesh,2025-01-30,Retail,3
CUST00339,Lavanya Bakshi,M,1969-04-03,4151488814,parsabalvan@example.net,Thoothukudi,Gujarat,2025-08-07,Retail,1
CUST00340,Chasmum Maharaj,M,1969-10-14,8404456690,okari@example.net,Bhalswa Jahangir Pur,Haryana,2025-02-19,Premium,1
CUST00341,Triya Oak,M,1998-08-24,3663778052,tataisha@example.com,Gurgaon,Maharashtra,2025-08-19,Premium,1
CUST00342,Chandani Nanda,M,1988-10-22,2259999663,eguha@example.org,Jehanabad,Manipur,2025-06-30,Premium,3
CUST00343,Girik Garg,F,1965-08-22,970231643,shadakshesh@example.com,Tirunelveli,Karnataka,2026-02-20,Retail,1
CUST00344,Mahika Dugar,F,2008-02-19,8671632346,samaksh87@example.com,Chennai,Chhattisgarh,2024-12-06,Merchant-linked,4
CUST00345,Yatin Vora,F,1976-06-03,7790147546,praneelsankaran@example.com,South Dumdum,Tamil Nadu,2025-04-16,Retail,1
CUST00346,Caleb Khatri,M,2003-02-21,4841376815,nimrat72@example.com,Guna,Arunachal Pradesh,2024-12-24,Merchant-linked,0
CUST00347,Triya Raj,F,1977-02-17,3600412577,rakshadey@example.com,Nanded,Goa,2026-01-28,Premium,0
CUST00348,Peter Menon,F,1966-08-05,2104275230,virkharshil@example.com,Raiganj,Arunachal Pradesh,2025-05-18,Retail,0
CUST00349,Krishna Jaggi,F,2005-03-21,3310600531,chaitanyasagar@example.net,Khammam,Karnataka,2025-04-09,Merchant-linked,1
CUST00350,Sarthak Rana,F,2005-09-14,3315520650,dominicmallick@example.net,Varanasi,Assam,2026-03-20,Premium,1
CUST00351,Charvi Tata,M,2007-10-28,8924195625,nayakandrew@example.net,Eluru,Mizoram,2025-07-02,Merchant-linked,0
CUST00352,Yahvi Arya,M,1971-10-20,4363910257,pjayaraman@example.org,Khora ,Manipur,2025-10-15,Premium,0
CUST00353,Krish Mall,F,1975-11-17,8640355338,uverma@example.org,Chennai,Assam,2026-03-03,Retail,1
CUST00354,Reyansh Ben,M,1991-01-31,3212983381,rudrakonda@example.com,Medininagar,Haryana,2024-07-07,Merchant-linked,1
CUST00355,Saksham Magar,F,2002-01-12,1566277689,rajprisha@example.org,Hindupur,Nagaland,2024-01-29,Retail,1
CUST00356,Aarini Rai,M,1982-11-21,4689715273,tellakavya@example.com,Vijayanagaram,Madhya Pradesh,2026-06-18,Retail,2
CUST00357,Leena Suri,M,1975-05-30,6016923645,rajanpanini@example.net,Latur,Meghalaya,2023-09-25,Retail,1
CUST00358,Ayaan Divan,F,1973-03-06,2439920116,pallavigandhi@example.com,Barasat,Mizoram,2026-06-15,Retail,2
CUST00359,Darika Sabharwal,F,1996-10-02,1952436402,sahniomaja@example.net,Chinsurah,Goa,2024-02-23,Retail,1
CUST00360,Krish Hora,F,1983-12-26,7932302346,fariqmemon@example.org,Amravati,Himachal Pradesh,2023-10-27,Premium,1
CUST00361,Wahab Sridhar,F,1983-12-04,40901380,vedika75@example.net,Naihati,Kerala,2025-08-15,Retail,4
CUST00362,Divya Khatri,M,2005-10-20,6905510762,yuvraj57@example.net,Kottayam,Maharashtra,2025-07-23,Merchant-linked,0
CUST00363,Ekanta Badal,F,1991-01-21,5739769156,robert28@example.net,Warangal,Meghalaya,2025-12-15,Retail,1
CUST00364,Unni Ganguly,M,2003-08-30,7833321160,thomas47@example.net,Bhavnagar,Nagaland,2025-06-24,Retail,0
CUST00365,Gautam Natarajan,F,2002-06-27,5668633414,raghav19@example.com,Satara,Madhya Pradesh,2025-04-25,Merchant-linked,5
CUST00366,Deepa Bhatia,M,1988-12-15,6655289931,jmutti@example.com,Panchkula,Sikkim,2024-12-17,Retail,1
CUST00367,Madhav Banerjee,F,1989-05-19,8149737460,charlesgola@example.com,Dewas,Uttarakhand,2025-07-22,Retail,1
CUST00368,Anthony Ramanathan,M,1976-10-30,5661844386,moditanvi@example.net,Gangtok,Chhattisgarh,2024-12-02,Premium,1
CUST00369,Bishakha Dhillon,M,1970-09-14,591266201,dalalyutika@example.net,Guntakal,Maharashtra,2026-06-17,Retail,2
CUST00370,Yash Bandi,F,1966-05-03,7492617647,butalajairaj@example.com,Lucknow,Odisha,2025-04-21,Retail,1
CUST00371,Anusha Chandra,F,1998-10-06,6764921518,yyadav@example.net,Rajkot,Mizoram,2026-01-27,Retail,0
CUST00372,Sarthak Dalal,M,1969-04-22,875102932,chadjeet@example.net,Bharatpur,Nagaland,2024-02-18,Premium,1
CUST00373,Yuvraj Mital,F,1962-11-07,8729758598,khalsabalhaar@example.org,Dewas,West Bengal,2026-01-22,Retail,0
CUST00374,Tarak Parmer,F,1973-12-13,1844626714,ekavirluthra@example.net,Serampore,Odisha,2025-07-20,Retail,2
CUST00375,Oni Dube,M,1975-10-27,6093141818,patilgauri@example.com,Kamarhati,Himachal Pradesh,2023-08-30,Retail,0
CUST00376,Tristan Radhakrishnan,F,2006-04-27,2849718594,bavaonkar@example.com,Bokaro,Kerala,2025-12-25,Premium,0
CUST00377,Vansha Datta,F,1973-01-25,2269405396,upadhriti84@example.com,Saharsa,Tamil Nadu,2026-03-15,Premium,1
CUST00378,Dalaja Chahal,F,2006-02-10,5111312901,samrayashoda@example.net,Nangloi Jat,Meghalaya,2025-02-18,Retail,2
CUST00379,Nidra Atwal,F,1990-03-20,6853890972,perikiaan@example.net,Faridabad,Maharashtra,2025-01-28,Retail,1
CUST00380,Kashvi Chowdhury,F,1976-11-09,8144744309,shethvinaya@example.org,Chennai,Punjab,2024-12-22,Retail,1
CUST00381,Irya Chhabra,F,1960-11-18,6501673188,jamble@example.net,Kamarhati,Meghalaya,2024-10-14,Retail,2
CUST00382,Janya Sangha,M,2003-06-17,1772256053,deolmegha@example.com,Patna,Goa,2025-07-29,Retail,0
CUST00383,Amaira Dani,M,1980-11-05,2568621102,khalsacharles@example.net,Haldia,Punjab,2025-10-13,Retail,3
CUST00384,Varsha Mann,F,1974-03-07,6392823414,schauhan@example.net,Maheshtala,West Bengal,2025-05-10,Retail,1
CUST00385,Veer Dara,F,1966-12-26,4326093106,tristannayar@example.com,Ghaziabad,Mizoram,2024-11-16,Retail,2
CUST00386,Daksha Choudhary,M,1973-07-23,5635020005,harrison62@example.com,Bharatpur,Karnataka,2024-07-09,Retail,2
CUST00387,Agastya De,F,1976-07-13,9895343961,barmanrayaan@example.org,Navi Mumbai,Assam,2026-05-19,Retail,3
CUST00388,Charvi Som,F,2008-02-20,8202368485,ebir@example.com,Rourkela,Punjab,2024-06-06,Premium,2
CUST00389,Bimala Bath,M,2006-07-07,3678812786,samuel20@example.org,Guntakal,Tamil Nadu,2023-08-29,Retail,0
CUST00390,Yahvi Vohra,F,1973-01-21,4481230834,anamikabehl@example.net,Bhagalpur,Nagaland,2023-12-21,Retail,1
CUST00391,Jyoti Nair,F,1964-08-18,2694500534,rajaaarini@example.net,Mango,Haryana,2024-07-30,Premium,2
CUST00392,Megha Dugal,M,1982-01-17,5271727223,ansh42@example.org,Narasaraopet,Gujarat,2023-11-01,Retail,1
CUST00393,Pooja Korpal,F,1982-06-23,1820916601,fiyazloyal@example.org,Bangalore,Uttar Pradesh,2023-12-11,Premium,1
CUST00394,Frederick Jain,F,1967-04-26,2457230848,minhasharshil@example.net,Ajmer,Andhra Pradesh,2026-04-17,Retail,0
CUST00395,Utkarsh Sane,F,1979-02-18,4361721314,jagat51@example.org,Mangalore,Maharashtra,2025-03-06,Merchant-linked,2
CUST00396,Pavani Doctor,F,2003-07-04,9451475410,madhavisekhon@example.net,Jabalpur,Bihar,2025-04-26,Premium,0
CUST00398,Fiyaz Sama,M,1985-12-05,1350305872,liam47@example.org,Latur,Gujarat,2026-01-17,Retail,2
CUST00399,Lakshit Dalal,F,2006-10-24,6065019179,lohit13@example.org,Jehanabad,Uttarakhand,2026-01-02,Retail,2
CUST00400,Qabil Singhal,M,1996-04-29,7657041200,advayrandhawa@example.com,Begusarai,Tamil Nadu,2026-01-19,Retail,1
CUST00401,Utkarsh Sampath,M,2005-05-06,1862369036,sidhuvansha@example.com,Nadiad,Goa,2023-10-17,Retail,1
CUST00402,Panini Hayer,F,1973-08-04,1595034281,moreraghav@example.net,Patna,Haryana,2024-06-01,Premium,3
CUST00403,Veda Bath,F,1962-12-10,4054683565,gthakur@example.net,Nagpur,Odisha,2025-12-14,Premium,1
CUST00404,Baljiwan Mannan,M,1968-05-16,1133228898,bina59@example.com,Munger,Haryana,2024-03-29,Premium,0
CUST00405,Michael Tank,M,1965-04-23,2481717524,ira11@example.org,Rampur,Meghalaya,2026-06-27,Retail,0
CUST00406,Logan Dasgupta,F,2007-04-11,546692758,sachdevyashawini@example.com,Kalyan-Dombivli,Punjab,2026-06-25,Premium,1
CUST00407,Yash Anand,M,1968-01-20,4629613671,fchopra@example.org,Sikar,Tripura,2024-11-23,Retail,0
CUST00408,Falguni Bhattacharyya,M,1975-11-12,3714708272,raidavid@example.com,Bhalswa Jahangir Pur,Gujarat,2023-10-16,Retail,1
CUST00409,Pallavi Madan,M,1972-09-25,1214614768,chandapriya@example.com,Dehradun,Gujarat,2024-08-25,Retail,0
CUST00410,Vasatika Soman,M,1986-05-04,6596089319,akshay27@example.org,Ratlam,Bihar,2025-12-10,Retail,0
CUST00411,Adya Verma,M,1995-04-22,2791033682,shaurya39@example.org,Bharatpur,Andhra Pradesh,2024-07-06,Merchant-linked,4
CUST00412,Yadavi Dash,M,1994-03-15,6655868512,nicholassarin@example.com,Junagadh,Rajasthan,2024-06-16,Retail,1
CUST00413,Gagan Chawla,F,1964-12-08,9617981789,udantsha@example.net,Raipur,Gujarat,2026-02-17,Retail,1
CUST00414,Indali Shetty,M,1980-06-15,538444463,balmitesh@example.com,Thanjavur,Goa,2026-06-06,Retail,0
CUST00415,Wyatt Raman,F,1969-11-18,962626582,yaminidani@example.net,Bhilwara,Uttarakhand,2025-03-30,Retail,0
CUST00416,Samar Chander,F,1965-02-10,920981960,wriddhishkapadia@example.com,Jorhat,Uttarakhand,2024-05-07,Retail,2
CUST00417,Abha Behl,M,1973-10-31,911791124,talwarjanaki@example.org,Salem,Meghalaya,2025-12-14,Retail,0
CUST00418,Ethan Sur,F,2006-09-04,3665722402,ozaidika@example.com,Kozhikode,Mizoram,2025-10-17,Premium,1
CUST00419,Reyansh Balan,F,1986-05-12,3513052312,georgepall@example.net,Bhind,Telangana,2025-12-28,Retail,2
CUST00420,Yauvani Ratta,F,2004-11-27,2346199423,umagar@example.net,Medininagar,Madhya Pradesh,2024-11-19,Retail,1
CUST00421,Kashvi Bhatt,M,1982-03-16,8496498560,wgrewal@example.org,Thrissur,Sikkim,2024-09-18,Retail,2
CUST00422,Dipta Das,M,1961-02-04,5379538164,harshilmall@example.net,Chapra,Rajasthan,2024-11-11,Retail,3
CUST00423,Eesha Nagarajan,M,1970-02-22,7704611729,anshmane@example.org,Surendranagar Dudhrej,Jharkhand,2024-01-06,Retail,1
CUST00424,Balhaar Walla,M,2004-09-12,5017164455,wakeeta90@example.com,Malda,Meghalaya,2026-02-08,Retail,0
CUST00425,Kashvi Chauhan,F,1962-01-15,215632135,caleb10@example.com,Bilaspur,Karnataka,2025-08-21,Merchant-linked,1
CUST00426,Anamika Garde,M,2005-01-10,1252967188,umand@example.net,Kamarhati,Assam,2024-05-26,Retail,3
CUST00427,Fitan Pandit,M,1987-06-11,3117030376,sathvik98@example.net,Bijapur,Tamil Nadu,2024-12-15,Premium,1
CUST00428,Yamini Cherian,F,2004-07-06,5679836314,dintriya@example.org,New Delhi,Andhra Pradesh,2026-03-29,Retail,1
CUST00429,Amara Balakrishnan,M,1983-06-30,5418156326,chatresh74@example.com,Dhanbad,Rajasthan,2024-09-30,Retail,1
CUST00430,Rishi Menon,M,1969-09-23,9489786103,banikamaira@example.org,Katihar,Bihar,2024-06-08,Retail,3
CUST00431,Manya Ramaswamy,M,1965-07-01,7323549401,smody@example.org,Satna,Sikkim,2023-11-01,Retail,4
CUST00432,Gaurangi Shah,F,1967-06-11,7650241209,sureshyug@example.com,Ranchi,Uttarakhand,2023-09-07,Retail,2
CUST00433,Vedant Vohra,M,1984-10-14,1145775847,panditcharvi@example.net,Kadapa,Tripura,2025-07-27,Retail,1
CUST00434,Isaiah Madan,F,1993-07-21,2632570396,krishnachokshi@example.com,Hajipur,Goa,2024-05-28,Premium,0
CUST00435,Garima Raman,F,1988-11-29,4309859167,anandwishi@example.net,Kirari Suleman Nagar,Sikkim,2024-01-26,Retail,0
CUST00436,Nicholas Mitter,F,1984-01-02,4070349107,aadi04@example.org,Anantapuram,Uttar Pradesh,2026-02-19,Retail,1
CUST00437,Gabriel Madan,F,1967-06-25,6914307536,chasmum94@example.org,North Dumdum,Uttar Pradesh,2025-04-26,Premium,1
CUST00438,Zashil Deshmukh,F,1980-08-13,4414978266,gmunshi@example.net,Bhind,Kerala,2024-11-17,Merchant-linked,2
CUST00439,Nirja Shenoy,M,1961-12-18,6129439852,chatresh62@example.com,Surendranagar Dudhrej,Uttar Pradesh,2025-11-09,Premium,1
CUST00440,Chatura Chad,F,1963-04-05,5914975019,warhideshpande@example.org,Barasat,Rajasthan,2024-07-16,Retail,1
CUST00441,Vedhika Iyer,F,1966-02-21,2918133170,daracharita@example.com,Udaipur,Uttarakhand,2024-04-26,Retail,1
CUST00442,Reva Dasgupta,F,1981-05-22,2232883774,qpillai@example.com,Kharagpur,Tamil Nadu,2025-12-18,Retail,1
CUST00443,Omaja Sandal,M,1967-09-30,7196094097,rshanker@example.org,Secunderabad,Mizoram,2026-02-16,Retail,1
CUST00444,Ikshita Vohra,F,1979-05-21,2259572446,kgole@example.net,Bikaner,Tamil Nadu,2024-07-30,Retail,1
CUST00445,Netra Bir,F,1962-10-16,3117753312,krishnaishwar@example.org,Mango,Tripura,2024-09-21,Premium,2
CUST00446,Owen Nagi,M,1965-10-20,6298334774,zwadhwa@example.org,Ballia,Andhra Pradesh,2025-06-20,Retail,3
CUST00447,Samar Bandi,F,1999-07-08,5698152873,ishanvi98@example.org,Bahraich,Maharashtra,2025-06-16,Retail,1
CUST00448,Farhan Datta,F,1998-03-10,1173098503,ekansh24@example.org,Kadapa,Punjab,2025-02-02,Retail,1
CUST00449,Dakshesh Choudhry,M,1988-08-10,56435023,wakeetabora@example.net,Sri Ganganagar,Assam,2026-05-27,Premium,0
CUST00450,Varenya Dayal,F,1973-08-14,1078356743,ladlibadami@example.net,Faridabad,Madhya Pradesh,2025-11-12,Retail,0
CUST00451,Qushi Sane,M,1987-01-05,7195535603,karannitara@example.net,Kanpur,West Bengal,2025-09-24,Retail,1
CUST00452,Faraj Bhandari,F,1966-09-19,4055934296,krishnasamesh@example.com,Muzaffarnagar,Manipur,2025-09-17,Retail,2
CUST00453,Brinda Konda,F,1985-12-03,5881056974,dalajakade@example.org,Ajmer,Arunachal Pradesh,2026-06-26,Retail,0
CUST00454,Sudiksha Comar,F,1961-08-28,4496410496,csawhney@example.org,Nadiad,Goa,2025-07-22,Retail,2
CUST00455,Dalaja Balay,M,1986-08-18,954930596,imani@example.com,Chapra,Telangana,2025-04-16,Retail,1
CUST00456,Nicholas Raj,M,1983-01-25,2044138459,janaki44@example.net,Amravati,Jharkhand,2025-04-16,Retail,0
CUST00457,Aishani Gola,M,1981-12-08,7070578360,devansh72@example.com,Rampur,West Bengal,2025-01-28,Premium,3
CUST00458,Owen Din,M,2002-06-15,3102879508,amol58@example.net,Ghaziabad,Haryana,2024-08-26,Retail,2
CUST00459,Yashica Sawhney,F,1966-01-25,3359561642,gautami65@example.com,Ludhiana,Goa,2024-09-15,Retail,3
CUST00460,Mason Bal,M,1965-09-25,5889536902,yahvisahota@example.net,Dehri,Uttar Pradesh,2023-10-13,Retail,3
CUST00461,Zinal Sastry,M,1975-11-06,9435353751,fariq58@example.net,Mirzapur,Rajasthan,2025-01-16,Retail,0
CUST00462,Saumya Sahota,M,1971-08-31,8369294455,jtiwari@example.net,Davanagere,Goa,2026-03-10,Retail,0
CUST00463,Ojas Dara,F,1980-09-23,1206021288,neelimakhurana@example.net,Kochi,Karnataka,2026-04-01,Retail,2
CUST00465,Vincent Mishra,F,1984-04-24,9889864565,qushivenkataraman@example.com,Navi Mumbai,Kerala,2024-06-18,Retail,4
CUST00466,Bhavna Mahal,F,1983-12-29,2449134213,baralrobert@example.org,Indore,Kerala,2024-03-23,Retail,0
CUST00467,Sai Verma,F,1966-09-10,4117674124,falannarain@example.org,Bally,Manipur,2025-06-21,Retail,0
CUST00468,Divya Barad,M,1981-06-08,3800329633,ugrover@example.com,Mira-Bhayandar,Gujarat,2025-06-26,Retail,1
CUST00469,Zaitra Kala,M,1960-10-15,7893206496,qwali@example.org,Ahmednagar,Jharkhand,2025-07-31,Premium,1
CUST00470,Manya Parikh,F,1986-09-20,1314675361,palanmitali@example.net,Karawal Nagar,Uttarakhand,2025-12-24,Premium,0
CUST00471,Nisha Keer,F,1962-01-09,8360854566,chatura47@example.net,Sonipat,Rajasthan,2026-01-07,Retail,1
CUST00472,Sara Rout,M,1971-04-05,8319952980,ira81@example.net,Kadapa,Gujarat,2024-09-08,Retail,2
CUST00473,Naksh Wason,F,1979-08-15,4255638300,csundaram@example.org,Barasat,Andhra Pradesh,2024-04-20,Premium,2
CUST00474,Bahadurjit Magar,F,1996-08-18,6241118600,ramanrishi@example.net,North Dumdum,Maharashtra,2025-02-15,Premium,0
CUST00475,Chasmum Mahal,M,1982-08-30,4976461368,lavanyabadal@example.com,Serampore,Tripura,2025-03-24,Merchant-linked,2
CUST00476,Sneha Kapur,F,1988-05-16,6375791452,sarthaksuri@example.net,Gwalior,Chhattisgarh,2024-10-22,Premium,1
CUST00477,Viraj Bhargava,F,1997-06-21,6452059960,utata@example.net,Pondicherry,Manipur,2025-09-12,Retail,1
CUST00478,Henry Sandal,F,1994-03-14,2028123710,vdey@example.net,Silchar,Andhra Pradesh,2024-07-01,Retail,0
CUST00479,Chaitaly Madan,F,1985-09-18,9224839589,gangadeshmukh@example.org,Hyderabad,Karnataka,2024-11-05,Retail,0
CUST00480,Upma Bhavsar,M,2008-04-24,4331875109,pallaupkaar@example.com,Nellore,Himachal Pradesh,2024-06-17,Retail,2
CUST00481,Damini Pillai,F,1990-08-11,4883192134,dateleela@example.com,Tadepalligudem,Sikkim,2026-04-14,Retail,1
CUST00482,Om Agate,M,1998-03-27,1922270510,usodhi@example.com,New Delhi,Nagaland,2024-10-11,Merchant-linked,1
CUST00483,Urvi Pant,F,1975-08-07,8193242687,lpall@example.org,Kirari Suleman Nagar,Tripura,2025-08-02,Retail,2
CUST00484,Tanay Halder,F,1978-12-29,375830945,mahajanbahadurjit@example.net,Nangloi Jat,Madhya Pradesh,2023-10-05,Retail,1
CUST00485,Anusha Bhandari,F,2007-04-02,7977278105,karanbutala@example.com,Pimpri-Chinchwad,Manipur,2025-06-28,Retail,2
CUST00486,Dipta Chatterjee,M,2001-10-24,3905529580,hansyachana@example.org,Gwalior,Goa,2024-12-04,Premium,1
CUST00488,Advaith Kalla,F,1991-04-04,1343240642,odika33@example.com,Belgaum,Jharkhand,2024-05-22,Retail,2
CUST00489,Aishani Chanda,F,1984-02-24,5872096289,sarthak58@example.net,Mysore,Mizoram,2025-11-20,Retail,1
CUST00490,Tejas Sibal,M,1973-02-26,8272795596,parmerabhiram@example.org,Fatehpur,Karnataka,2024-08-12,Retail,1
CUST00491,Rachit Parmar,F,1975-05-03,8207979966,geetika76@example.com,Muzaffarpur,Tripura,2026-05-11,Retail,0
CUST00492,Oviya Sandhu,M,1997-10-16,9028249839,chanadayamai@example.org,Berhampore,Madhya Pradesh,2024-02-12,Retail,3
CUST00493,Manbir Iyer,M,2003-01-06,4123361328,hemanginichaudhry@example.com,Rajpur Sonarpur,Meghalaya,2025-07-31,Premium,1
CUST00494,Xavier Char,F,1979-03-28,2654696815,pranavkeer@example.com,Mau,Mizoram,2026-01-12,Retail,2
CUST00495,Faras Karpe,M,1967-04-06,346156262,qbanerjee@example.com,Ujjain,Madhya Pradesh,2025-08-15,Retail,2
CUST00496,Udyati Butala,M,1977-04-04,6025298670,mitterpavani@example.com,Mahbubnagar,Uttar Pradesh,2025-12-21,Retail,3
CUST00497,Yadavi Pradhan,F,1998-02-14,8512686120,yutikasha@example.com,Madhyamgram,Jharkhand,2023-10-01,Retail,1
CUST00498,Triveni Peri,M,1963-01-14,4654084245,chameli09@example.org,Vadodara,Nagaland,2025-10-14,Retail,3
CUST00499,Parth Chad,F,1986-04-25,2764579389,kashish02@example.net,Eluru,Mizoram,2026-06-28,Retail,0
CUST00500,Geetika Mittal,M,1980-11-30,2416139449,prasadurvashi@example.org,Panipat,Telangana,2025-08-22,Premium,0
CUST00501,Aradhana Thaker,M,1992-11-11,2440630624,gunbir33@example.org,Korba,Assam,2025-06-01,Retail,2
CUST00502,Osha Narasimhan,F,1986-08-16,8055557277,zkumer@example.org,Morbi,Nagaland,2026-07-03,Retail,2
CUST00503,Sarthak Wagle,F,1978-05-10,5770299295,mandervritti@example.org,Siwan,Chhattisgarh,2024-09-26,Premium,0
CUST00505,Bhavini Sengupta,M,1968-03-02,6408572169,ayushkapur@example.org,Khora ,Odisha,2025-10-07,Premium,2
CUST00506,Ekta Krish,F,1968-08-16,1509688327,uiyengar@example.org,Amritsar,Andhra Pradesh,2024-03-27,Retail,1
CUST00507,Tripti Konda,F,1993-06-14,3278195237,evenkatesh@example.com,Erode,Himachal Pradesh,2026-03-17,Merchant-linked,2
CUST00508,Arjun Sarna,F,1983-09-18,4605687611,garajeevika@example.com,Ajmer,Haryana,2025-12-14,Retail,1
CUST00509,Aishani Chatterjee,F,1976-06-23,7734547574,deymanbir@example.net,Indore,Haryana,2026-03-14,Retail,1
CUST00510,Bishakha Mohanty,F,2005-12-26,9477422294,kakarchavvi@example.org,Rampur,Kerala,2025-09-26,Premium,1
CUST00511,Vansha Garde,F,2007-04-24,9858567287,bhattacharyyahema@example.org,Tiruppur,Haryana,2024-01-26,Retail,2
CUST00512,Ronith Parikh,F,1984-07-29,8335061581,bhallasanya@example.net,Sambalpur,Himachal Pradesh,2025-12-16,Premium,1
CUST00513,Yash Kari,M,1993-09-26,2094841312,vedantkohli@example.net,Madhyamgram,Bihar,2025-03-13,Premium,0
CUST00514,Eiravati Bora,F,1970-01-23,7173189397,uchoudhury@example.com,Giridih,Uttar Pradesh,2025-06-26,Premium,1
CUST00515,Aadi Krishnamurthy,M,1996-11-07,7258784448,ria12@example.com,Imphal,Mizoram,2025-01-02,Retail,1
CUST00516,Praneel Bhatti,M,1997-02-18,1758231334,rchauhan@example.com,Aurangabad,Sikkim,2024-01-31,Retail,3
CUST00517,Rehaan Randhawa,F,1998-05-09,9258796434,damininath@example.net,Satna,Manipur,2024-07-13,Retail,1
CUST00518,Omisha Ahluwalia,M,1997-03-22,652740334,prisha65@example.net,Thrissur,Punjab,2025-02-05,Retail,1
CUST00519,Hredhaan Borde,M,1972-04-21,7970673499,oommenanya@example.net,Bahraich,Jharkhand,2023-12-16,Retail,0
CUST00520,Ethan Nair,M,2007-07-16,2294938173,bishakha02@example.org,Karimnagar,Tripura,2024-12-06,Retail,0
CUST00521,Qarin Nagi,M,1983-02-11,5534490216,wadhwadarpan@example.net,Pune,Odisha,2024-11-27,Merchant-linked,2
CUST00522,Yamini Narain,M,1998-07-24,4951191818,whalder@example.org,Bally,Manipur,2024-12-12,Premium,3
CUST00523,Ganga Bora,M,1969-05-10,7860694096,prisha24@example.org,Katihar,Manipur,2025-07-16,Retail,1
CUST00524,Isha Dua,M,1969-09-12,3421089028,victor33@example.com,Khandwa,Himachal Pradesh,2024-04-24,Retail,2
CUST00525,Isha Bala,M,1967-03-24,1607360776,chanderparth@example.net,Ujjain,Tripura,2024-03-30,Premium,1
CUST00526,Ishita Nadig,M,1980-07-24,1857481700,pantjalsa@example.com,Raebareli,West Bengal,2025-07-14,Retail,0
CUST00527,Frado Ramakrishnan,M,2002-09-06,4502329028,bhatshaurya@example.net,Serampore,Punjab,2024-11-03,Retail,1
CUST00528,Oni Gera,F,1969-01-06,2512073465,balgarima@example.org,Visakhapatnam,Telangana,2026-03-05,Retail,1
CUST00529,Chakradhar Zacharia,M,1978-09-25,2105316117,mdesai@example.net,Bijapur,Meghalaya,2025-01-01,Premium,2
CUST00530,Kabir Naidu,M,1992-02-21,9177932382,ravalbarkha@example.net,Kulti,Haryana,2024-05-12,Retail,1
CUST00531,Falguni Shere,F,1992-09-18,2565290603,khannaneel@example.com,Hyderabad,Odisha,2025-01-13,Retail,1
CUST00532,Raghav Ravi,F,1982-05-03,7948714855,qshan@example.org,Kadapa,Himachal Pradesh,2023-10-26,Retail,2
CUST00533,Pooja Bal,F,2006-12-11,1371184254,thamanqabil@example.com,Ajmer,Uttarakhand,2025-08-13,Retail,0
CUST00534,Rushil Pandya,M,1985-11-11,9880858382,upkaardoshi@example.net,Panihati,Himachal Pradesh,2023-10-11,Retail,1
CUST00535,Chaman Ramakrishnan,M,2003-11-18,7752401484,bhargavanirja@example.org,Ongole,Uttarakhand,2024-02-06,Retail,1
CUST00536,Mahika Dutta,M,1991-08-25,9335134261,rdhar@example.com,Hyderabad,Rajasthan,2023-12-22,Premium,3
CUST00537,Harshil Sinha,F,1971-10-12,4189721540,lsandhu@example.org,Jalna,Haryana,2025-02-26,Retail,1
CUST00538,Janani Khurana,M,2002-05-13,6601444856,chaudhurivedika@example.org,Korba,Odisha,2024-11-23,Retail,2
CUST00539,Hemang Sura,M,1987-07-19,9860919191,tramesh@example.net,Sri Ganganagar,Rajasthan,2025-12-06,Merchant-linked,1
CUST00540,Baljiwan Rastogi,F,1999-09-01,392051460,indira34@example.com,Anantapur,Manipur,2025-09-02,Retail,1
CUST00541,Naveen Kadakia,F,1987-06-11,6527155983,ravidhriti@example.net,Gaya,Tripura,2024-09-30,Retail,1
CUST00542,Vedika Panchal,F,1976-10-23,5225013948,mitaliborra@example.org,Mysore,Tamil Nadu,2025-05-17,Merchant-linked,0
CUST00543,Adya Dhingra,M,1994-12-30,6261499153,anushabal@example.com,Muzaffarnagar,Haryana,2026-03-09,Premium,4
CUST00544,Tarak Dhillon,M,1961-03-25,977688936,vram@example.com,Firozabad,Maharashtra,2024-09-17,Premium,1
CUST00545,Ekaja Zachariah,M,1977-10-10,5389218785,udarsh74@example.net,Jaunpur,Punjab,2024-11-28,Merchant-linked,1
CUST00546,Dhruv Garg,M,1961-09-11,8057215149,tsankar@example.org,Thrissur,Sikkim,2024-12-13,Retail,2
CUST00547,Ganga Kaul,F,1987-12-27,2895090591,uedwin@example.org,Ghaziabad,Tripura,2025-11-05,Retail,2
CUST00548,Pratyush Balan,M,1991-10-22,1511696667,mukhopadhyayisha@example.org,Nizamabad,Meghalaya,2023-11-24,Retail,0
CUST00549,Neelima Iyer,M,1971-07-07,5718409080,wadhwaadvik@example.org,Yamunanagar,Jharkhand,2023-09-18,Retail,1
CUST00550,Ekaraj Gera,F,1969-09-06,2835129592,saibalasubramanian@example.net,Siwan,Uttar Pradesh,2026-05-17,Retail,1
CUST00551,Bishakha Chokshi,F,1977-05-22,9821739295,qdada@example.net,Sonipat,Haryana,2024-09-12,Premium,3
CUST00552,Vritti Guha,F,1998-10-01,5079181589,siyer@example.com,Sultan Pur Majra,Tripura,2024-03-17,Retail,0
CUST00553,Netra Saran,M,1978-09-25,715879647,guhagaurav@example.com,Satara,Telangana,2023-10-10,Merchant-linked,2
CUST00554,Champak Mitter,F,1979-02-10,8068828503,ekajabora@example.net,Shimla,Gujarat,2025-04-19,Premium,0
CUST00555,Chakradev Raj,M,1970-07-11,4035263560,aarnasami@example.net,Kurnool,Rajasthan,2025-10-12,Retail,1
CUST00556,Nimrat Anne,F,1980-08-06,6437490607,dalianathan@example.com,South Dumdum,Nagaland,2024-08-02,Retail,1
CUST00557,Mitali Mane,F,1986-05-17,9411631873,gsrinivas@example.org,Agra,Uttarakhand,2024-10-06,Retail,1
CUST00558,Ekansh Khurana,M,1981-07-24,7279083350,zashil25@example.com,Pimpri-Chinchwad,Madhya Pradesh,2024-09-27,Retail,2
CUST00559,Yashasvi Bhatt,F,1971-06-12,5707139848,dakshesh11@example.com,Tadipatri,Telangana,2024-02-16,Retail,2
CUST00560,Kamala Barad,F,1967-07-10,3060906913,bahrivamakshi@example.net,Ichalkaranji,Sikkim,2025-06-06,Retail,3
CUST00561,Wazir Swaminathan,F,1990-01-15,7727853242,ansh64@example.org,Jaunpur,Maharashtra,2025-09-14,Premium,2
CUST00562,Neelima Dass,M,2000-12-17,3666777675,sameshkorpal@example.org,Jehanabad,Gujarat,2026-05-25,Retail,2
CUST00563,Ubika Rege,F,1978-08-17,3627187496,naksh68@example.com,Mango,Andhra Pradesh,2025-08-28,Merchant-linked,1
CUST00564,Orinder Mahajan,M,2007-11-07,6932657327,chatterjeedhruv@example.org,Bangalore,West Bengal,2026-03-02,Premium,1
CUST00565,Gautam Munshi,F,2005-05-08,3234159597,chavvi18@example.org,Ujjain,Maharashtra,2023-12-24,Premium,0
CUST00566,Nathan Singh,F,1994-03-24,3127102676,ridhi99@example.org,Jaipur,Meghalaya,2026-05-24,Premium,2
CUST00567,Harinakshi Chada,F,2003-03-09,2294621354,nbabu@example.net,Gulbarga,Kerala,2026-02-11,Retail,0
CUST00568,Yochana Mammen,F,2007-10-10,7520344765,natarajanazad@example.org,Chapra,Andhra Pradesh,2024-07-07,Retail,2
CUST00569,Upma Rai,F,1979-04-12,6558665254,amara17@example.net,Imphal,West Bengal,2025-02-11,Retail,3
CUST00570,Arin Dave,F,1999-05-02,3125129311,dugaltriveni@example.net,Aligarh,Punjab,2023-12-27,Premium,1
CUST00571,Ryan Bumb,M,1969-07-17,633016583,upasnamani@example.net,Mango,Goa,2025-02-10,Retail,1
CUST00572,Patrick Hora,M,1973-04-09,1132532694,tejas64@example.com,Bettiah,Andhra Pradesh,2025-07-17,Premium,1
CUST00573,Baghyawati Edwin,F,1963-09-27,7509617015,lalaeiravati@example.com,Nangloi Jat,Kerala,2025-02-02,Retail,0
CUST00574,Dhriti Gupta,F,1971-08-02,567756777,ibakshi@example.com,Jalgaon,Madhya Pradesh,2024-09-12,Merchant-linked,1
CUST00575,Orinder Dora,M,1989-02-04,3106724530,arunima33@example.com,Bhiwani,Maharashtra,2026-05-24,Retail,1
CUST00576,Vinaya Bhasin,F,1977-08-06,1579423873,nathan54@example.net,Pudukkottai,Bihar,2025-05-19,Retail,1
CUST00577,Harita Prakash,F,1999-05-18,5971075633,jmand@example.com,Jammu,Chhattisgarh,2026-06-13,Retail,0
CUST00578,Warjas Krish,F,1984-02-01,581629518,ekalinga76@example.org,Asansol,Kerala,2026-02-07,Retail,0
CUST00579,Urvi Koshy,M,1971-05-10,5597824575,jaimerchant@example.net,Jammu,Mizoram,2025-12-17,Retail,1
CUST00580,Yuvraj Puri,F,1980-12-08,4432400615,mdugar@example.com,Moradabad,Himachal Pradesh,2024-12-17,Retail,2
CUST00581,Sudiksha Mane,F,1968-06-14,5010587525,znaik@example.org,Pudukkottai,Uttarakhand,2025-11-06,Retail,2
CUST00583,Meghana Dubey,F,1986-12-11,3721433080,basaktheodore@example.org,Durgapur,Mizoram,2024-07-25,Retail,0
CUST00584,Meghana Bahl,M,1985-02-15,7068103903,pallafaris@example.net,Danapur,Uttarakhand,2024-02-10,Retail,2
CUST00585,Max Yadav,F,1960-12-26,4858623945,pdar@example.com,Bhopal,Manipur,2025-05-23,Retail,2
CUST00586,Samarth Goyal,F,1966-01-16,1339439457,teerth80@example.com,Thrissur,Uttarakhand,2024-02-28,Premium,1
CUST00587,Samuel Tata,F,2006-01-30,5769277894,acharyaazaan@example.net,Hyderabad,Himachal Pradesh,2026-05-06,Retail,3
CUST00588,Sai Raj,F,1995-08-13,1053365146,mittallucky@example.com,Kurnool,Bihar,2026-04-25,Retail,0
CUST00589,Vamakshi Ghosh,F,1961-04-28,3798440971,bpurohit@example.org,Bhiwani,Uttarakhand,2024-12-27,Retail,1
CUST00590,Agastya Basu,M,1992-02-25,4734043370,tkata@example.net,Baranagar,Kerala,2023-11-22,Retail,1
CUST00591,Tanmayi Sodhi,M,1986-10-10,5882556296,manbir78@example.com,Bhiwani,Assam,2025-05-22,Retail,3
CUST00592,Gaurangi Parmer,M,1991-08-14,8205829582,abumb@example.org,Saharsa,Bihar,2025-04-23,Retail,1
CUST00593,Nitesh Karan,M,1993-06-20,7155868639,sudikshadugal@example.net,Mumbai,Uttar Pradesh,2026-06-17,Retail,1
CUST00594,Warhi Dhawan,F,2004-08-05,3643813000,ekbalbhavsar@example.com,Kochi,Maharashtra,2026-05-22,Premium,3
CUST00595,Advaith Mital,F,1977-02-08,3469979907,azaan47@example.com,Bhusawal,Tamil Nadu,2025-05-06,Premium,1
CUST00596,Vritti Bala,M,1978-11-15,1748113176,ubanerjee@example.com,Thrissur,Punjab,2024-10-30,Merchant-linked,6
CUST00598,Imaran Dubey,F,2007-02-15,3773062604,tkarnik@example.com,Salem,Goa,2024-01-15,Merchant-linked,1
CUST00599,Raksha Taneja,F,1978-03-27,858167046,chahaladya@example.net,Fatehpur,Madhya Pradesh,2025-02-10,Retail,1
CUST00600,Laksh Dara,M,1961-10-16,9237858471,baralvincent@example.org,Dewas,Chhattisgarh,2025-10-23,Merchant-linked,3
CUST00601,Advay Prabhu,M,1963-07-07,1849804253,esridhar@example.org,Malegaon,Madhya Pradesh,2025-03-30,Premium,3
CUST00602,Madhav Datta,F,2001-10-23,1781923653,ubasak@example.com,Nellore,Sikkim,2025-10-01,Retail,0
CUST00603,Mahika Sengupta,M,1989-09-29,2798623984,sahnidominic@example.net,Ulhasnagar,Tripura,2025-07-03,Premium,2
CUST00604,Arunima Ramaswamy,F,1974-02-11,4895478769,upasnanazareth@example.org,Tiruvottiyur,Nagaland,2025-02-20,Retail,3
CUST00605,Zayan Loyal,M,2005-06-22,9835539354,qmallick@example.net,Maheshtala,Tripura,2025-06-02,Retail,2
CUST00606,Chakrika Gupta,F,1993-08-13,8853798214,qadim75@example.org,Karawal Nagar,Tamil Nadu,2024-06-03,Retail,1
CUST00607,Harita Dhingra,F,1972-11-10,4168601347,yasti96@example.org,Faridabad,Maharashtra,2025-06-18,Retail,0
CUST00608,Hritik Soni,F,1981-08-14,1221500141,gopalsampath@example.org,Tezpur,Arunachal Pradesh,2023-08-30,Retail,6
CUST00609,Aradhana Mane,F,1981-04-07,3999485320,onveerrajagopal@example.org,Nanded,Assam,2025-04-19,Retail,0
CUST00610,Vedika Dash,F,1965-03-24,3379223410,nsehgal@example.org,Jodhpur,Maharashtra,2025-09-16,Retail,2
CUST00611,Mason Rajagopalan,F,2001-06-18,843768550,msathe@example.org,Asansol,Tamil Nadu,2023-11-10,Merchant-linked,1
CUST00612,Om Raval,F,1970-07-30,5643436970,ybains@example.net,Karimnagar,Madhya Pradesh,2023-09-10,Retail,1
CUST00613,Sanaya Samra,F,1964-12-05,5345472239,balhaarraj@example.com,Berhampur,Assam,2025-09-11,Retail,1
CUST00614,George Bedi,F,1972-08-26,7242642364,georgeben@example.net,Tumkur,Nagaland,2025-01-01,Merchant-linked,0
CUST00615,Oliver Keer,F,1961-06-17,9111428178,yatananand@example.com,Darbhanga,Mizoram,2026-01-02,Retail,1
CUST00616,Meera Deshmukh,F,1968-08-25,2239594737,brijeshbhavsar@example.com,Mumbai,Jharkhand,2024-12-22,Retail,1
CUST00617,Megha Raval,M,2003-04-19,8599648628,ethanpillai@example.com,Mahbubnagar,Maharashtra,2024-09-30,Retail,0
CUST00618,Kashvi Bajwa,M,1975-09-25,362792463,fkrishnan@example.com,Kirari Suleman Nagar,Kerala,2026-03-16,Retail,0
CUST00619,Kalpit Sagar,M,2006-09-12,2145057661,ebaria@example.org,Bathinda,Gujarat,2024-07-15,Retail,0
CUST00620,Advay Chaudhuri,F,1967-08-22,83850765,bhavani50@example.net,Bahraich,Tripura,2025-01-20,Retail,4
CUST00621,Yashawini Bhavsar,M,2008-07-27,6574223196,basuchavvi@example.org,Jammu,Maharashtra,2025-04-17,Premium,2
CUST00622,Max Sane,M,1986-11-22,3012047137,sharafhema@example.net,Nandyal,Himachal Pradesh,2025-04-25,Retail,4
CUST00623,Eta Vyas,M,1968-02-07,9330674584,aarini12@example.net,Muzaffarnagar,Haryana,2024-12-26,Retail,2
CUST00624,Guneet Tiwari,M,1978-01-21,6954132971,jsankaran@example.com,Ludhiana,Karnataka,2026-05-14,Retail,1
CUST00625,Darika Keer,F,1983-12-27,6936634392,krisha11@example.org,Bangalore,Chhattisgarh,2025-03-17,Retail,1
CUST00626,George Doshi,F,2008-03-29,7202455910,baradfitan@example.org,Nellore,Uttar Pradesh,2024-02-16,Premium,0
CUST00627,Vritti Chokshi,F,1973-06-19,9819421794,skapur@example.com,Singrauli,West Bengal,2024-08-14,Retail,1
CUST00628,Urvashi Sethi,M,1977-11-08,4663453372,dalalmanbir@example.org,Cuttack,Chhattisgarh,2025-09-27,Retail,2
CUST00629,Gaurangi Nagarajan,M,1988-06-09,6618943705,dominic00@example.com,Gaya,Uttarakhand,2025-01-30,Retail,1
CUST00630,Ekiya Sengupta,F,1967-01-06,6592024617,wriddhishvarghese@example.net,Alwar,Gujarat,2025-09-25,Merchant-linked,2
CUST00631,Balvan Andra,M,1990-12-13,9550178332,lwadhwa@example.net,Raebareli,Tripura,2026-05-27,Retail,2
CUST00632,Suhani Mannan,F,1986-07-01,450691767,udant74@example.com,Berhampur,Sikkim,2026-04-09,Premium,0
CUST00633,Megha Lanka,M,1960-11-03,373606014,thakerdamini@example.net,Mehsana,Odisha,2024-04-03,Premium,3
CUST00634,Jack Keer,F,2005-01-24,8528306153,aarnagara@example.net,Bardhaman,Maharashtra,2024-02-08,Retail,2
CUST00635,Samar Gade,M,1977-12-25,4881121031,hnazareth@example.net,Sasaram,Bihar,2025-01-13,Retail,3
CUST00636,Fiyaz Parekh,M,1998-07-04,2638409112,varenyapanchal@example.org,Pali,Uttar Pradesh,2025-11-02,Premium,1
CUST00637,Yauvani Rau,F,1970-10-30,9791378765,sethiraghav@example.org,Pune,Sikkim,2026-05-10,Retail,2
CUST00638,Ojasvi Amble,M,2007-03-05,1219881927,jagdish90@example.net,Sambalpur,Jharkhand,2025-03-13,Retail,1
CUST00639,Chaaya Barad,M,2001-11-06,4246245618,charita60@example.org,Khammam,Goa,2025-09-16,Retail,1
CUST00640,Harish Patil,F,1966-01-28,5512939130,mishrachameli@example.org,Thane,Jharkhand,2026-04-24,Retail,1
CUST00641,Girik Nath,M,1973-07-19,2119017075,nathan98@example.org,Thanjavur,Goa,2024-03-04,Premium,2
CUST00642,Anay Singhal,F,1971-02-13,2836084937,nkakar@example.net,Nellore,Uttarakhand,2025-03-04,Premium,0
CUST00643,Laban Ravel,M,2007-05-17,9443916497,zehaandave@example.net,Amaravati,Bihar,2026-06-15,Premium,1
CUST00644,Kevin Baria,M,1971-09-19,162341903,omsamuel@example.com,Siliguri,Telangana,2025-07-10,Retail,0
CUST00645,Jyoti Nair,F,2007-07-18,8473236533,qbawa@example.org,Madhyamgram,Goa,2023-10-24,Retail,4
CUST00646,Tara Viswanathan,F,1974-07-06,1424426078,chavvi37@example.org,Morena,Madhya Pradesh,2024-06-02,Premium,1
CUST00647,Thomas Sarma,F,2004-01-25,3763882145,zaitra46@example.org,Tezpur,Bihar,2024-05-02,Premium,0
CUST00648,Zayyan Konda,F,1997-01-02,7802058695,ikbalmohan@example.net,Chandrapur,Tamil Nadu,2025-12-23,Merchant-linked,2
CUST00649,Neelima Parikh,F,1965-03-31,9335055738,sbabu@example.org,Buxar,Chhattisgarh,2024-04-22,Retail,1
CUST00650,Samarth Sibal,M,1980-06-05,1872333510,rdara@example.net,Bhagalpur,Assam,2024-08-16,Premium,2
CUST00651,Jagat Chander,M,1999-04-18,748207365,arunimaacharya@example.com,Raurkela Industrial Township,Tripura,2024-12-13,Retail,2
CUST00652,Avi Chatterjee,F,2007-09-16,4322302333,senguptaupkaar@example.net,Patna,Bihar,2025-09-30,Merchant-linked,0
CUST00653,Jeevika Mistry,F,2000-09-13,2127602508,dugarsiddharth@example.org,Vijayanagaram,Bihar,2024-11-24,Retail,3
CUST00654,Amaira Venkatesh,M,1994-11-22,7298937629,tanish03@example.com,Gandhinagar,Tripura,2025-03-12,Retail,0
CUST00655,Jack Date,M,2003-11-16,8187692082,chandreshtrivedi@example.net,New Delhi,Nagaland,2025-03-30,Premium,1
CUST00656,Girik Lad,F,1973-03-03,2067323182,vbuch@example.com,Dehradun,Sikkim,2024-06-09,Retail,2
CUST00657,Ayushman Bali,F,1997-05-18,15291137,dakshesh90@example.net,Nagercoil,Karnataka,2024-09-26,Premium,1
CUST00658,Yamini Mann,M,1996-10-03,2182998747,bhavyathaker@example.net,Satara,Madhya Pradesh,2024-12-31,Retail,1
CUST00659,Unni Bal,M,1962-10-02,436551584,pdas@example.com,Agartala,Mizoram,2024-04-18,Retail,1
CUST00660,Kala Bawa,M,1978-03-19,9608070633,ypant@example.org,Cuttack,Assam,2023-10-23,Retail,1
CUST00661,Jason Ramanathan,M,1972-10-08,8804428773,devanshratta@example.com,Bhatpara,Sikkim,2023-10-28,Merchant-linked,0
CUST00662,Chakrika Garde,F,1985-09-04,6420362586,fitan70@example.com,Pali,Goa,2024-08-31,Premium,1
CUST00663,Bina Basak,M,1969-08-04,5582430176,yochana98@example.net,Kamarhati,Telangana,2023-12-14,Premium,1
CUST00664,Xiti Venkataraman,M,1969-03-14,5279050404,ishahari@example.net,Dharmavaram,Karnataka,2026-03-17,Retail,1
CUST00665,Megha Kapadia,M,1999-05-11,1197871809,horawaida@example.org,Machilipatnam,Rajasthan,2024-07-29,Retail,0
CUST00666,Balveer Ray,F,2001-08-31,1987561786,goyalsathvik@example.org,Dharmavaram,Bihar,2024-08-10,Retail,2
CUST00667,Isaac Datta,M,2000-11-02,3657744916,npillai@example.com,Howrah,Assam,2024-07-16,Premium,2
CUST00668,Jatin Vora,F,1991-04-28,1843368750,onkardugar@example.org,Srinagar,Haryana,2024-12-12,Retail,1
CUST00669,Geetika Sahota,F,1964-04-26,428860505,ysaran@example.net,Kadapa,Tamil Nadu,2023-11-30,Retail,2
CUST00670,Pooja Badami,F,2005-09-12,835669106,simon12@example.org,Mau,Kerala,2023-10-14,Retail,1
CUST00671,Yashodhara Goswami,F,1981-07-29,7768293844,abdul87@example.org,Bihar Sharif,Haryana,2025-01-08,Retail,3
CUST00672,Nikita Batra,F,1970-10-23,9101570908,mannbhavika@example.net,Pune,Tamil Nadu,2026-07-15,Retail,0
CUST00673,Noah Rau,F,1996-12-07,9964899718,leena93@example.org,Buxar,Bihar,2024-06-28,Retail,5
CUST00674,Robert Gill,M,2003-05-19,2342669806,zdubey@example.net,Berhampore,Tripura,2024-11-06,Premium,1
CUST00675,Riya Ghosh,M,1996-08-07,8389359538,aarush56@example.net,Ajmer,Tamil Nadu,2025-04-14,Retail,2
CUST00676,Harita Balan,M,1986-12-31,6958264186,nbora@example.org,Purnia,Bihar,2025-08-04,Retail,0
CUST00677,Ranveer Wadhwa,M,1975-09-10,1434682394,galavanya@example.org,Chennai,Sikkim,2026-02-12,Merchant-linked,0
CUST00678,Mahika Ramachandran,F,1963-08-22,1683113950,mallickfaris@example.com,Pondicherry,Arunachal Pradesh,2024-12-14,Retail,1
CUST00679,Rohan Savant,M,1991-06-15,534407779,senlogan@example.net,Bulandshahr,Sikkim,2024-01-05,Retail,0
CUST00680,Hemangini Bahl,M,1987-04-19,7760299140,ekalinga33@example.org,Ahmednagar,Assam,2026-05-14,Premium,2
CUST00681,Ishita Garg,M,1970-05-12,1781703211,ochowdhury@example.com,Anand,Sikkim,2024-07-23,Retail,2
CUST00682,Warhi Pai,M,1978-09-06,3718444902,meghanamenon@example.net,Bareilly,Maharashtra,2024-06-08,Retail,1
CUST00683,Warjas Seth,M,1970-06-21,1678127782,georgeswamy@example.net,Kota,Rajasthan,2024-03-12,Retail,0
CUST00685,Neha Dani,M,1982-05-29,6736820506,pranitkapur@example.net,Khammam,Sikkim,2024-02-05,Merchant-linked,4
CUST00686,Jasmit Aurora,F,1997-12-11,1469218219,wshan@example.net,Proddatur,Odisha,2025-03-10,Retail,1
CUST00687,Wahab Sani,F,1990-07-24,8022050938,kalpit49@example.com,Guwahati,Jharkhand,2024-08-23,Retail,0
CUST00688,Balendra Sastry,F,1965-01-13,3867673820,nbrahmbhatt@example.org,Shimla,Punjab,2025-03-08,Retail,1
CUST00689,Mason Sarin,F,1984-11-29,2589370858,jyotiben@example.net,Ludhiana,Sikkim,2026-03-29,Retail,0
CUST00690,Madhavi Raj,M,1995-07-25,7900124825,mayasharma@example.net,Thiruvananthapuram,Chhattisgarh,2024-08-29,Retail,0
CUST00691,Quincy Koshy,M,1991-01-24,8946338915,narangrachit@example.net,Karawal Nagar,Goa,2026-04-19,Merchant-linked,4
CUST00692,Lopa Ganesh,F,2007-02-16,6933589513,xpingle@example.org,Kadapa,Himachal Pradesh,2026-06-03,Retail,1
CUST00693,Amol Nagi,F,1996-12-02,4303491891,dgala@example.org,Amaravati,Haryana,2024-06-01,Merchant-linked,2
CUST00694,Gabriel Patla,F,1970-09-21,1547155313,onisoni@example.net,Patiala,Uttar Pradesh,2024-11-15,Retail,1
CUST00695,Chakradev Babu,M,2006-09-15,2141052769,mbhasin@example.net,Morena,Andhra Pradesh,2024-06-04,Premium,1
CUST00696,Wahab Varkey,M,1985-12-02,6225866059,tmammen@example.org,Kumbakonam,Tamil Nadu,2024-08-13,Premium,1
CUST00697,Ati Nori,F,1995-10-24,5594282491,deshpandeabeer@example.org,Bhatpara,Uttar Pradesh,2024-07-11,Retail,0
CUST00698,Vincent Bora,M,2006-08-22,1551305570,harishmander@example.com,Saharsa,Mizoram,2025-06-07,Retail,1
CUST00699,Vritti Dhawan,F,1984-08-12,6774620258,ekarajvora@example.org,Tinsukia,Uttar Pradesh,2026-01-05,Retail,1
CUST00700,Ranveer Bhatnagar,M,1966-09-12,491060183,samarsheth@example.com,Katihar,Goa,2025-11-13,Retail,0
CUST00701,Zilmil Chahal,M,1992-07-24,2577545847,nandalucky@example.net,Sasaram,Uttarakhand,2025-11-22,Merchant-linked,1
CUST00702,Lavanya Khosla,M,1995-08-27,827172173,ayushnanda@example.org,Bhatpara,Odisha,2026-06-02,Retail,1
CUST00703,Nisha Garg,F,2006-06-29,5914388232,ekajamorar@example.com,Bhilai,Meghalaya,2025-09-29,Premium,2
CUST00704,Waida Kanda,M,1968-05-22,4309544979,lagate@example.net,Gandhidham,Assam,2024-02-08,Premium,0
CUST00705,Yatin Sidhu,M,1997-02-06,1375298832,janyaranganathan@example.net,Motihari,Gujarat,2024-02-20,Retail,3
CUST00706,Alka Suresh,M,1989-10-01,8889753585,zbhat@example.org,Pune,Himachal Pradesh,2026-06-26,Retail,0
CUST00707,Lipika Bumb,M,1999-09-27,1715239102,arjun14@example.org,Bally,Rajasthan,2026-03-01,Merchant-linked,0
CUST00708,Dakshesh Hegde,F,2004-05-24,7139719126,johalnakul@example.org,Alappuzha,Manipur,2025-10-29,Premium,4
CUST00709,Chatresh Contractor,F,1989-09-18,1166122019,raksha33@example.net,Vadodara,Jharkhand,2025-04-20,Premium,1
CUST00710,Lajita Nazareth,F,1970-08-21,2748124211,ivohra@example.com,Gangtok,Sikkim,2024-08-01,Retail,1
CUST00711,Mason Mangat,M,1978-08-30,9355610399,xbadal@example.org,Malda,Bihar,2024-01-18,Retail,1
CUST00712,Panini Parmer,F,1987-01-08,6423041202,pathakneel@example.com,Proddatur,Meghalaya,2024-06-10,Retail,3
CUST00713,Darsh Savant,F,1995-02-20,6690632248,nathan03@example.net,Patna,Haryana,2023-10-21,Retail,1
CUST00714,Janani Ravi,F,2006-07-20,5649157955,zayansrinivasan@example.org,Chandrapur,Manipur,2024-11-24,Retail,0
CUST00715,Chaitanya Bhargava,F,1997-07-21,306831764,cvarty@example.net,Hazaribagh,Bihar,2026-01-01,Retail,0
CUST00716,Sara Chhabra,F,1967-09-30,1507138067,vkarnik@example.org,Tumkur,Kerala,2026-06-18,Retail,2
CUST00717,Vyanjana Mital,F,1970-03-18,2130096258,msanghvi@example.com,Ludhiana,Gujarat,2023-12-26,Retail,1
CUST00718,Gauri Issac,M,2008-08-15,9627466621,lakshitsoman@example.org,Howrah,Himachal Pradesh,2024-10-22,Retail,0
CUST00719,Harish Mukhopadhyay,M,2006-12-16,1107977140,ekanshmadan@example.net,Satna,Haryana,2025-07-31,Retail,4
CUST00720,Edhitha Gera,F,1962-08-31,9497698731,adara@example.com,Kota,Maharashtra,2026-04-13,Premium,3
CUST00721,Manthan Kalita,F,1983-11-30,7794332562,ishaan97@example.org,Bilaspur,Goa,2026-03-17,Premium,3
CUST00722,Atharv Kala,F,1983-01-24,8211602041,yochana98@example.net,Siliguri,Bihar,2023-11-16,Retail,1
CUST00723,Anthony Yogi,M,1984-10-22,8018644822,riatripathi@example.com,Hyderabad,Nagaland,2024-02-19,Retail,3
CUST00724,Aashi Zachariah,M,1962-11-18,5712369149,yastitata@example.net,Dehradun,Punjab,2025-08-02,Merchant-linked,0
CUST00725,Ubika Ramanathan,M,1988-05-28,409531419,fbasu@example.net,Belgaum,Meghalaya,2024-06-17,Retail,4
CUST00726,Gauri Purohit,M,1977-08-18,9624096496,pushti04@example.com,Saharanpur,Assam,2024-12-04,Premium,0
CUST00727,Hamsini Chaudry,F,1979-02-28,5936488208,swalia@example.net,Srikakulam,Arunachal Pradesh,2026-03-14,Retail,1
CUST00728,Aarna Rana,M,1983-08-27,9916091141,ishitagade@example.org,Moradabad,Haryana,2024-04-03,Retail,2
CUST00729,Aadi Om,M,1969-08-04,458816502,qdhillon@example.org,Haldia,Karnataka,2025-07-12,Retail,1
CUST00730,Bimala Mahal,F,1961-12-28,6177182498,rattantriya@example.net,Jalandhar,Himachal Pradesh,2023-11-12,Premium,0
CUST00731,Odika Varughese,F,2001-04-30,3592664869,tsarraf@example.net,Tezpur,Jharkhand,2025-08-22,Premium,1
CUST00732,Falak Oak,F,1988-11-15,119292075,ishaan17@example.org,Ghaziabad,Haryana,2026-01-22,Retail,0
CUST00733,Sarthak Sama,M,1975-09-22,2189455906,mitralaban@example.com,Mangalore,Arunachal Pradesh,2024-06-27,Retail,0
CUST00734,Keya Mahal,F,1998-05-04,6760564204,vsavant@example.net,Aurangabad,Manipur,2025-11-30,Retail,1
CUST00735,Eiravati Kant,F,1969-11-12,6235466226,ranganathangaurika@example.net,Berhampur,Arunachal Pradesh,2023-08-29,Retail,0
CUST00736,Naveen Grover,M,1966-04-27,4276774625,chawlafarhan@example.org,Salem,Assam,2024-09-19,Retail,2
CUST00737,Zansi Rama,F,2008-04-25,8017986778,ishitasawhney@example.org,Amroha,Chhattisgarh,2026-07-13,Premium,1
CUST00738,Adya Gala,F,1991-04-15,1212038437,libni80@example.com,Gulbarga,Kerala,2026-07-02,Retail,1
CUST00739,Dayita Datta,F,1966-07-23,8545400644,madhav31@example.org,Jammu,Chhattisgarh,2026-05-11,Premium,1
CUST00740,Bhavika Yogi,F,1990-02-22,9177633427,egara@example.com,Ahmedabad,Rajasthan,2025-03-20,Retail,2
CUST00741,Lila Koshy,F,2000-04-25,5306935882,victor40@example.org,Kottayam,Assam,2025-09-19,Retail,2
CUST00742,Ridhi Som,M,1984-11-18,6524445446,dominic79@example.net,Hospet,Tamil Nadu,2025-12-02,Premium,1
CUST00743,Alexander Nagi,M,1972-03-13,2878848699,darshmohan@example.com,Adoni,Tamil Nadu,2024-01-08,Retail,2
CUST00744,Henry Mahal,F,2000-12-10,4630198642,shivanigaba@example.net,Patiala,Odisha,2025-12-10,Retail,0
CUST00745,Isaiah Tata,F,1962-01-29,9328809832,auroraqasim@example.org,Delhi,Andhra Pradesh,2023-10-26,Premium,2
CUST00746,Triya Saraf,F,1978-11-05,898761081,schander@example.org,Begusarai,Jharkhand,2026-05-04,Retail,3
CUST00747,Frederick Uppal,F,1996-11-17,4682354695,anayshankar@example.com,Delhi,Kerala,2026-01-06,Retail,2
CUST00748,Forum Raghavan,F,1981-08-20,5006666411,gabriel13@example.com,Amroha,Nagaland,2024-07-29,Retail,1
CUST00749,Amruta Singh,M,1962-08-25,5836683482,ydutta@example.net,Kanpur,Mizoram,2024-04-25,Retail,3
CUST00750,Zinal Dani,F,1983-04-25,9150596257,sbajaj@example.net,Cuttack,Andhra Pradesh,2026-05-20,Retail,2
CUST00751,Raagini Parmer,M,1982-06-15,6041809521,jacob77@example.com,Mysore,Sikkim,2025-10-24,Retail,4
CUST00752,Chaman Rajan,F,1989-07-15,1882419962,lohitsood@example.com,Hospet,Arunachal Pradesh,2025-12-30,Retail,2
CUST00753,Jeevika Lata,F,2004-08-12,8545705682,jeevikataneja@example.org,Dhanbad,Assam,2025-06-23,Premium,3
CUST00754,Hema Rout,F,1973-11-03,7232472828,bhardwajgaurav@example.com,Nanded,Tamil Nadu,2024-05-24,Retail,0
CUST00755,Wridesh Chana,M,1967-03-05,1685071058,aarav92@example.com,Chandigarh,Karnataka,2024-03-05,Retail,0
CUST00756,Caleb Patil,F,1971-07-21,923007169,skunda@example.net,Dibrugarh,Odisha,2025-12-03,Merchant-linked,3
CUST00757,Chaaya Karan,M,1999-07-20,9876989365,urmi16@example.net,Kottayam,Chhattisgarh,2026-06-25,Premium,2
CUST00758,Deepa Yohannan,F,1964-08-07,450258963,tanay57@example.com,Naihati,West Bengal,2026-04-24,Retail,4
CUST00759,Darpan Ravi,F,2002-01-05,673983448,peter53@example.com,Machilipatnam,Chhattisgarh,2025-03-17,Merchant-linked,3
CUST00760,Gaurika Bera,M,1982-01-07,4065795515,adityabandi@example.net,Anantapur,Bihar,2023-10-04,Retail,2
CUST00761,Ayaan Chaudry,M,2003-05-01,1178619025,goelom@example.net,Machilipatnam,Tamil Nadu,2025-06-11,Premium,1
CUST00762,Divya Loyal,F,1994-03-03,2012275950,brarekaja@example.org,Kakinada,West Bengal,2025-09-24,Retail,0
CUST00763,Idika Lad,F,1981-10-05,740717327,jasmit03@example.net,Nashik,Andhra Pradesh,2026-07-01,Premium,1
CUST00764,Tarak Modi,F,1997-09-24,3910452036,devansh18@example.com,Korba,Rajasthan,2024-08-12,Merchant-linked,0
CUST00765,Jagrati Pal,M,1997-02-10,5952056100,bahlmitali@example.net,Motihari,Arunachal Pradesh,2023-11-06,Premium,0
CUST00766,Reva Sood,M,1973-03-31,7842339449,ramaswamyvritti@example.com,Sangli-Miraj & Kupwad,Karnataka,2024-08-03,Retail,2
CUST00767,Naveen Pall,F,2000-05-26,7365426241,darshgrover@example.net,Muzaffarnagar,Uttar Pradesh,2024-04-11,Premium,2
CUST00768,Girish Boase,M,1961-05-14,9060530886,doshijackson@example.org,Singrauli,Manipur,2024-04-10,Premium,0
CUST00769,Abeer Manda,F,2003-08-30,7598875921,kmuni@example.com,Ahmednagar,Uttarakhand,2024-05-01,Retail,0
CUST00770,Abhiram Dhaliwal,F,1982-08-07,8214770920,neel38@example.org,Maheshtala,Maharashtra,2025-09-03,Retail,2
CUST00771,Hardik Garg,F,1963-11-16,8970591611,gaurangi88@example.org,Jehanabad,Telangana,2024-12-25,Retail,2
CUST00772,Oliver Chandra,M,1978-12-16,537893186,zgera@example.net,Bathinda,Jharkhand,2026-02-27,Retail,1
CUST00773,Yoshita Devi,M,1968-09-14,2002839482,krishnangaurang@example.com,Morbi,Himachal Pradesh,2025-07-17,Merchant-linked,2
CUST00774,Imaran Bhatti,M,1980-11-12,9930202030,kalpitsarna@example.com,Warangal,Tamil Nadu,2026-03-09,Premium,0
CUST00775,Kashish Hari,M,1962-08-16,8165064630,riashan@example.com,Sikar,Odisha,2023-11-30,Merchant-linked,2
CUST00776,Kevin Bobal,F,1993-06-16,9161746902,balakrishnanadya@example.org,Jabalpur,Punjab,2024-10-05,Retail,1
CUST00777,Matthew Bumb,M,1999-02-08,1670805685,rajagopalvivaan@example.net,Jamnagar,Assam,2025-04-18,Retail,0
CUST00778,Janaki Pathak,F,1963-07-15,4407663493,abhiram49@example.com,Malda,Gujarat,2024-01-04,Retail,0
CUST00779,Lekha Desai,M,1981-06-17,1424362585,wallawaida@example.net,Vellore,Chhattisgarh,2025-07-01,Retail,0
CUST00780,Frado Rai,M,1973-04-16,8532472505,abhajain@example.org,Solapur,Assam,2025-09-10,Premium,1
CUST00781,Xalak Ravi,M,1961-12-23,5769475769,wriddhish65@example.net,Gopalpur,Madhya Pradesh,2024-10-04,Retail,0
CUST00782,Devansh Sankar,F,1970-08-25,2125450809,omqasim@example.com,North Dumdum,Uttar Pradesh,2026-05-17,Retail,1
CUST00783,Mekhala Mittal,M,2001-02-27,1307423591,mangalcharles@example.net,Tinsukia,Odisha,2024-03-15,Premium,0
CUST00784,Ojasvi Dada,M,1975-01-31,4307963731,tandonishani@example.org,Jamshedpur,Assam,2024-09-15,Retail,2
CUST00785,George Mand,F,1975-12-01,5426874470,aryanwadhwa@example.com,Siliguri,Haryana,2026-04-09,Retail,0
CUST00786,Sneha Deo,F,1988-05-06,5633701400,bakshijhalak@example.com,Vadodara,Andhra Pradesh,2026-04-26,Retail,2
CUST00787,Pranav Dave,F,1963-10-16,5731609439,talwarnitesh@example.org,Bhilai,Gujarat,2024-09-25,Premium,0
CUST00788,Indali Dube,F,1985-07-03,2092973525,manbirgara@example.org,Ambattur,Tamil Nadu,2025-06-05,Retail,1
CUST00789,Aarav Mani,F,1978-02-01,3532366185,bawatripti@example.org,Pali,Punjab,2025-01-31,Retail,0
CUST00790,Yashasvi Dutt,F,2000-06-18,6010712615,gauravtailor@example.net,Firozabad,Nagaland,2026-02-20,Retail,1
CUST00791,Vanya Iyer,M,1976-03-14,2233222801,hiraldube@example.net,Mangalore,Telangana,2026-06-05,Premium,2
CUST00792,Dakshesh Purohit,F,1969-06-03,3506373118,gmajumdar@example.org,Shivpuri,Sikkim,2024-07-20,Merchant-linked,1
CUST00793,Jairaj Naik,M,1967-10-06,3626084639,murthyaradhana@example.com,Mirzapur,Karnataka,2024-05-13,Retail,1
CUST00794,Owen Bhavsar,F,1978-04-24,4119556409,ekaniseshadri@example.net,Secunderabad,Uttar Pradesh,2024-03-03,Retail,0
CUST00795,Aadi Devan,M,1961-07-04,6201971212,qushiraval@example.com,Machilipatnam,Arunachal Pradesh,2025-04-14,Retail,4
CUST00796,Tanveer Borah,M,1968-07-21,7319227607,wsalvi@example.org,Aurangabad,Tamil Nadu,2025-08-27,Premium,3
CUST00797,Jack Chand,M,1990-11-15,5430895231,biswasindira@example.org,Shivpuri,Uttar Pradesh,2024-09-25,Retail,1
CUST00798,Tanmayi Mander,F,1983-09-03,268764486,tsengupta@example.org,Panihati,Madhya Pradesh,2026-03-25,Premium,1
CUST00799,Bahadurjit Kurian,F,2001-10-24,635537309,dgrewal@example.com,Bhubaneswar,Rajasthan,2025-04-13,Retail,0
CUST00800,Laksh Rai,F,1971-04-30,597025512,bjhaveri@example.com,Vijayawada,West Bengal,2024-07-19,Merchant-linked,1
CUST00801,Gautami Ramaswamy,F,1977-05-16,6634544344,randhawayash@example.net,Rampur,Himachal Pradesh,2025-04-26,Retail,0
CUST00802,Upkaar Madan,M,2002-09-25,882230958,kkamdar@example.net,Salem,Haryana,2024-02-03,Retail,0
CUST00803,Sanaya Dayal,F,1963-07-29,1707548534,xdeo@example.org,Sambalpur,Andhra Pradesh,2023-10-04,Retail,2
CUST00804,Rachita Modi,F,1978-12-12,2939002512,maya58@example.net,Jhansi,Karnataka,2025-05-01,Retail,0
CUST00805,Aarnav Sani,F,2007-03-27,9931458434,fradobora@example.org,Nashik,Gujarat,2024-06-30,Retail,1
CUST00806,Rayaan Reddy,M,1968-03-13,334742463,shravyasagar@example.net,Panvel,Uttarakhand,2023-09-18,Retail,3
CUST00807,Lohit Mand,F,1978-12-11,2177417430,dubeyvedant@example.net,Nashik,Goa,2024-02-08,Retail,1
CUST00808,Pahal Raman,F,1976-11-15,5233282930,nandini91@example.org,Hyderabad,Haryana,2023-09-12,Premium,0
CUST00809,Zehaan Rege,F,1983-02-13,1675076279,daksheshghose@example.com,Bhagalpur,Arunachal Pradesh,2023-11-11,Retail,1
CUST00810,Vihaan Kuruvilla,F,1999-10-22,3034202847,shanicholas@example.org,Jalna,Arunachal Pradesh,2026-03-15,Retail,2
CUST00811,Reva Sachdev,F,2004-08-13,8717754619,rajujagvi@example.net,Jorhat,West Bengal,2026-04-26,Retail,0
CUST00812,Upasna Divan,F,1976-12-05,2259095668,yugsunder@example.org,Bidhannagar,Odisha,2025-11-16,Retail,2
CUST00813,Quincy Chaudhry,F,1966-11-15,187803586,fbawa@example.com,Kamarhati,Punjab,2024-01-27,Retail,1
CUST00814,Zayan Pant,M,1969-03-10,1712227643,nihalbail@example.com,Jalgaon,Chhattisgarh,2023-12-18,Retail,0
CUST00815,Krisha Nagi,M,1993-07-09,9633083344,yadavi87@example.net,Ahmedabad,Himachal Pradesh,2024-12-26,Retail,0
CUST00816,Advaith Prasad,F,1990-02-06,8519537749,nathanielnadig@example.com,Agartala,Goa,2024-12-13,Retail,1
CUST00817,Urvi Nagar,M,1998-10-14,5920616581,pillaynakul@example.org,Bhiwandi,Assam,2024-07-28,Retail,2
CUST00818,Tejas Basak,F,1967-11-30,5963637262,sankarkrishna@example.org,Rampur,Punjab,2025-02-17,Retail,0
CUST00819,Gunbir Hayer,M,1970-06-18,3800498321,ghosefaraj@example.com,Sasaram,Sikkim,2026-04-16,Premium,0
CUST00820,Kashish Yohannan,F,1968-01-04,8687640191,ramachandrandayamai@example.com,Mumbai,Arunachal Pradesh,2025-12-13,Premium,2
CUST00821,Yadavi Tank,F,1981-11-11,3585664641,chamangole@example.org,Junagadh,Uttar Pradesh,2024-01-21,Retail,2
CUST00822,Reyansh Goswami,F,1961-06-15,429483147,sinhasanya@example.org,Giridih,Punjab,2025-05-13,Premium,0
CUST00823,Gopal Dyal,F,1985-04-16,1800366602,ronith28@example.com,Tinsukia,Madhya Pradesh,2024-03-07,Retail,0
CUST00824,Aarush Nagy,M,1990-12-17,2438380582,bhasinshravya@example.com,Ujjain,Uttarakhand,2024-12-19,Retail,0
CUST00825,Yagnesh Karan,F,1969-02-22,8963376185,mitalisha@example.org,Raebareli,Nagaland,2024-07-09,Retail,0
CUST00826,Aadi Borde,M,1969-09-30,3392188352,tnanda@example.net,Machilipatnam,Meghalaya,2025-01-26,Retail,1
CUST00827,Caleb Sami,M,1996-11-24,9208814319,hrout@example.com,Nagercoil,Odisha,2024-11-08,Premium,2
CUST00828,Chandani Palla,F,1992-05-08,266568629,ekiyasem@example.org,Tadepalligudem,Mizoram,2025-05-12,Retail,1
CUST00829,Hemal Nanda,M,1971-05-13,6074299074,lsampath@example.com,Bahraich,Odisha,2025-06-08,Retail,1
CUST00830,Anthony Aggarwal,F,1987-03-11,4748599464,isaiah67@example.org,Berhampore,Mizoram,2026-05-21,Retail,2
CUST00831,Samuel Rastogi,M,1995-10-28,6498044509,narainonveer@example.org,Ujjain,Madhya Pradesh,2024-01-15,Retail,2
CUST00832,Balveer Ranganathan,F,1979-11-05,824845813,benjaminnarayan@example.com,Panvel,Nagaland,2024-04-28,Premium,1
CUST00833,Adweta Cherian,M,1987-03-13,3027500030,parekhsamar@example.org,Munger,Jharkhand,2023-12-01,Premium,0
CUST00834,Rehaan Sarma,M,2007-08-13,6790870187,chowdhurysamar@example.com,Bhilai,Arunachal Pradesh,2024-04-21,Retail,2
CUST00835,Chavvi Krishnan,F,1966-12-12,6745686524,jacksonnaik@example.com,Morena,Chhattisgarh,2024-07-20,Retail,1
CUST00836,Pranav Gour,M,2005-09-14,1905334704,imitter@example.com,Serampore,Punjab,2024-04-13,Merchant-linked,0
CUST00837,Eta Garde,M,1965-04-05,8350712455,aggarwalzaid@example.com,Udaipur,Assam,2026-05-07,Premium,0
CUST00838,Urmi Khalsa,F,2004-12-11,7726488395,onveer29@example.net,Tirunelveli,Sikkim,2026-02-01,Retail,1
CUST00839,Dhriti Chaudhuri,F,1980-02-16,7591710508,kuruvillasara@example.com,Agartala,Meghalaya,2024-04-21,Premium,2
CUST00840,Tanish Parikh,F,1997-09-16,7841715949,samar05@example.org,Sasaram,Nagaland,2023-09-21,Retail,0
CUST00841,Jeet Wagle,F,1971-02-02,1338926087,panditowen@example.com,Thiruvananthapuram,Andhra Pradesh,2024-06-18,Premium,1
CUST00842,Qarin Mutti,M,1993-06-24,2174653537,parekhpavani@example.net,Maheshtala,Jharkhand,2024-06-12,Merchant-linked,1
CUST00843,Watika Chahal,F,1995-12-04,6296914336,krisha64@example.com,Phagwara,Odisha,2025-04-23,Retail,0
CUST00844,Balhaar Choudhury,F,1962-12-13,7390835211,bhavna24@example.com,Kottayam,Tripura,2025-02-20,Premium,0
CUST00845,Kamala Sarma,F,1968-10-29,7595828190,ushere@example.net,Durgapur,Jharkhand,2025-03-05,Retail,1
CUST00846,Siya Bumb,F,1982-10-25,9844514367,butalaqabil@example.net,Ludhiana,Gujarat,2025-03-04,Retail,0
CUST00847,Radha Yadav,M,1966-02-09,9397814590,henrysaxena@example.com,Uluberia,Karnataka,2024-01-24,Retail,2
CUST00848,Pallavi Johal,M,1971-03-30,1588070532,khoslafariq@example.org,Katihar,Chhattisgarh,2026-02-13,Retail,2
CUST00849,Damyanti Desai,M,1991-08-29,5136090858,manderfalak@example.org,Dewas,Gujarat,2025-09-19,Retail,0
CUST00850,Nandini Boase,F,2004-02-11,3662713589,irakhurana@example.net,Chennai,Rajasthan,2024-08-09,Retail,1
CUST00851,Qushi Chana,M,1978-03-28,7315663979,chaudhuriladli@example.com,Singrauli,Sikkim,2025-06-03,Premium,0
CUST00852,Yashoda Khatri,M,1983-04-08,7028966605,purohitaadhya@example.com,Haridwar,Assam,2023-09-26,Retail,2
CUST00853,Triya Naik,F,1991-02-04,5846405103,vrittikala@example.org,Asansol,Meghalaya,2024-11-08,Retail,1
CUST00854,Krish Upadhyay,M,2002-07-05,4471893953,sahotawarhi@example.com,Medininagar,Rajasthan,2026-06-12,Merchant-linked,2
CUST00855,Oscar Ghose,M,1984-11-27,9874551358,settyamaira@example.org,Khandwa,Uttar Pradesh,2025-03-30,Premium,0
CUST00856,Hitesh Rajagopal,F,2000-11-29,343988187,gparmer@example.org,Kakinada,Madhya Pradesh,2024-06-17,Premium,2
CUST00857,Shivani Atwal,M,2000-06-12,3090915386,meghanadeol@example.com,Rourkela,Arunachal Pradesh,2026-04-29,Retail,0
CUST00858,Onkar Kaul,F,2003-07-27,5772044100,kalenathaniel@example.com,Mathura,Uttarakhand,2025-03-28,Retail,0
CUST00859,Daniel Subramanian,M,1994-12-08,1224870987,ljayaraman@example.org,Vijayawada,Meghalaya,2026-02-01,Retail,0
CUST00860,Qasim Mann,M,1961-04-22,2611890034,rajtanveer@example.org,Ahmedabad,Chhattisgarh,2025-03-23,Retail,3
CUST00861,Omkaar Bhalla,F,2005-06-24,95366219,anneharinakshi@example.com,Mahbubnagar,Karnataka,2023-09-20,Retail,0
CUST00862,Warda Kohli,M,1967-03-11,739713072,lajitabarman@example.net,Aurangabad,Rajasthan,2024-10-08,Retail,1
CUST00863,Quincy Dar,F,1961-10-31,5461719281,damini36@example.org,Kamarhati,Tripura,2024-07-06,Retail,1
CUST00864,Qarin Patel,F,1967-07-23,252394120,lsom@example.com,Dhule,Sikkim,2024-03-01,Retail,0
CUST00865,Diya Chandra,F,1971-06-02,7617948024,isaac60@example.org,Aligarh,Odisha,2025-07-30,Retail,0
CUST00866,Gavin Garde,F,1999-04-18,4986478686,abhargava@example.net,Bijapur,Manipur,2024-05-21,Retail,0
CUST00867,Raksha Chakrabarti,M,2007-07-08,9074992164,mayadatta@example.org,Berhampur,Himachal Pradesh,2025-03-17,Retail,1
CUST00868,Anamika Sen,M,2005-12-21,8213986546,dominicganesan@example.org,Siliguri,West Bengal,2023-09-04,Retail,3
CUST00869,Aarav Joshi,F,1997-03-07,8863467,aggarwalzaitra@example.net,Bhilai,Himachal Pradesh,2023-12-24,Retail,1
CUST00870,Arin Chanda,M,1979-02-02,3273798979,charita81@example.net,Nangloi Jat,Himachal Pradesh,2024-10-06,Premium,1
CUST00871,Chandresh Bajaj,M,2004-11-10,3361137118,aashi58@example.org,Jalgaon,Andhra Pradesh,2024-03-08,Retail,3
CUST00872,Advik Biswas,M,1978-01-22,3466075699,nidhi67@example.org,Bareilly,Arunachal Pradesh,2025-03-28,Retail,1
CUST00873,Amol Dewan,M,1994-07-16,8223879402,xiti17@example.com,Bhavnagar,Manipur,2024-04-18,Premium,2
CUST00874,Reyansh Sabharwal,F,1975-08-04,5700412918,daliaomya@example.org,Khammam,Kerala,2025-04-12,Retail,2
CUST00875,Mitali Contractor,M,2003-01-14,7923046600,lukeshanker@example.org,Hubli–Dharwad,Telangana,2026-03-13,Retail,1
CUST00876,Sai Datta,F,1987-11-21,1512048507,aarnamuni@example.com,Farrukhabad,Rajasthan,2024-02-25,Retail,0
CUST00877,Ria Saini,M,2008-01-15,6019153057,aashikeer@example.com,Gwalior,Meghalaya,2026-07-19,Retail,1
CUST00878,Nihal Nadkarni,M,1996-12-18,7267086665,faraj97@example.com,Sasaram,West Bengal,2026-02-04,Premium,1
CUST00879,Urvashi Sibal,F,2000-06-20,9035006184,madhav23@example.com,Bhagalpur,Jharkhand,2023-10-16,Retail,2
CUST00880,Kritika Dua,F,2006-02-11,1564952549,barkha11@example.org,Thiruvananthapuram,Nagaland,2025-03-28,Premium,1
CUST00881,Ubika Krish,F,1960-10-03,3435948821,byadav@example.com,Rampur,West Bengal,2025-11-21,Retail,3
CUST00882,Guneet Chaudhuri,F,2008-04-18,1254341230,panini03@example.com,Salem,Tamil Nadu,2025-10-05,Retail,3
CUST00883,Chatresh Bhardwaj,M,1970-05-12,3197899901,kadakiachameli@example.com,New Delhi,Bihar,2025-10-26,Premium,2
CUST00884,Hardik Shukla,F,1997-03-17,162590841,janya01@example.org,Bahraich,Karnataka,2024-04-13,Retail,3
CUST00885,Jagdish Bajaj,F,1983-04-26,8878072790,bcherian@example.org,Tadepalligudem,Meghalaya,2026-06-24,Retail,0
CUST00886,Kai Jain,M,1993-02-14,4771837530,ambleqabil@example.com,Jamalpur,Kerala,2025-12-02,Premium,4
CUST00887,Xiti Balay,M,1961-05-05,4323622169,dpandey@example.com,Chittoor,Andhra Pradesh,2024-10-07,Retail,0
CUST00888,Ishanvi Bhatti,F,1981-08-10,3952150164,srinivasanaditya@example.org,Bharatpur,Arunachal Pradesh,2026-06-27,Merchant-linked,0
CUST00889,Naksh Manda,F,2001-05-13,9839248481,hredhaan69@example.org,Satna,West Bengal,2024-04-19,Retail,1
CUST00890,Harrison Pillay,F,2004-05-23,7586463395,chanderaarush@example.com,Kochi,Tripura,2024-06-09,Retail,2
CUST00891,Osha Lad,F,1997-07-13,7896157385,senwaida@example.com,Guntur,Haryana,2025-05-11,Retail,0
CUST00892,Yashawini Chaudhari,F,1977-01-07,2609723602,ati67@example.com,Vadodara,Kerala,2023-10-27,Merchant-linked,0
CUST00893,Avi Sharma,F,1970-05-29,1564783703,vedant80@example.org,Sagar,Uttarakhand,2023-11-05,Retail,2
CUST00894,Yahvi Nair,F,1994-07-04,6029254686,chakradev76@example.com,Bhavnagar,Andhra Pradesh,2024-12-06,Merchant-linked,2
CUST00895,Samuel Dhawan,M,1983-08-04,3538676259,ethaman@example.net,Vellore,Sikkim,2025-08-28,Retail,1
CUST00896,Zansi Virk,F,2008-04-30,2055340508,omyachacko@example.com,Haldia,Himachal Pradesh,2025-11-23,Retail,0
CUST00897,Rehaan Nagy,F,1980-05-21,7897755426,aashidin@example.org,Bhagalpur,West Bengal,2024-10-21,Retail,3
CUST00898,Tamanna Jhaveri,M,1969-04-15,2271117576,sampathnitesh@example.org,Sangli-Miraj & Kupwad,Punjab,2026-03-17,Retail,0
CUST00899,Ishaan Mani,M,1973-07-05,9830521690,ayushmangole@example.net,Jehanabad,Uttar Pradesh,2025-03-27,Retail,2
CUST00900,Amaira Gour,F,1993-03-17,7106801770,sanayabaral@example.com,Patna,Jharkhand,2025-05-02,Retail,1
CUST00901,Qasim Sachdev,F,2000-09-20,4469317294,zachariatristan@example.net,Sikar,Tripura,2026-05-06,Premium,1
CUST00902,Darsh Dugar,F,2002-12-03,1939327272,ramtristan@example.com,Bihar Sharif,Tripura,2025-04-10,Retail,2
CUST00903,Daniel Dass,F,2000-06-30,7652728453,arin70@example.net,Barasat,Uttarakhand,2023-08-22,Retail,1
CUST00904,Januja Sachar,M,2001-04-07,2080192902,wazir90@example.com,Hosur,Odisha,2026-04-19,Retail,2
CUST00905,Oscar Dugar,F,1977-05-12,3320235102,comarupkaar@example.com,Ozhukarai,Uttar Pradesh,2025-09-22,Retail,1
CUST00906,Upkaar Ravel,F,1988-07-08,3933324362,yogiavi@example.com,Bhilai,Chhattisgarh,2026-01-21,Retail,0
CUST00907,Anamika Chana,M,1968-05-24,7596599920,mratti@example.org,Jaunpur,Jharkhand,2025-05-07,Retail,1
CUST00908,Nathaniel Bhatti,M,2004-02-22,2941937591,esekhon@example.net,Salem,Meghalaya,2024-09-19,Retail,1
CUST00909,Kabir Sampath,F,2001-09-03,7528646120,bkarnik@example.org,Katihar,Himachal Pradesh,2024-07-20,Retail,1
CUST00910,Anamika Bhat,F,1969-10-21,1535505143,mistrywazir@example.net,Hazaribagh,West Bengal,2024-12-02,Retail,3
CUST00911,Logan Lal,M,1983-01-04,5422188345,abhimanyumittal@example.net,Kumbakonam,Arunachal Pradesh,2024-11-21,Premium,1
CUST00912,Rushil Joshi,F,2002-11-27,9986515902,rachita40@example.net,Ambala,Uttar Pradesh,2025-12-02,Premium,2
CUST00913,Onveer Nagi,M,1994-03-18,2620846729,eiravatiprakash@example.org,Gulbarga,Nagaland,2024-02-05,Premium,1
CUST00914,Inaya Anand,M,1996-11-15,5624728639,garanicholas@example.org,Chandigarh,Jharkhand,2025-04-17,Retail,2
CUST00915,Advay Arya,F,1989-09-12,6270266045,lhari@example.org,Anantapuram,Rajasthan,2023-09-30,Retail,1
CUST00916,Falan Bedi,M,1996-01-10,9335389222,kapadialavanya@example.org,Gurgaon,Andhra Pradesh,2026-05-08,Premium,0
CUST00917,Triya Sunder,M,1992-04-08,6461607626,advaith09@example.com,Madhyamgram,Goa,2024-03-19,Retail,1
CUST00918,Gautam Saxena,M,2000-04-16,3133610944,ryanchaudhary@example.com,Bally,Uttarakhand,2024-06-21,Retail,3
CUST00919,Tripti Gokhale,F,1982-11-26,8576063494,priya17@example.com,Salem,Mizoram,2025-03-28,Merchant-linked,1
CUST00920,Gabriel Talwar,F,1990-05-19,2420248374,oganguly@example.com,Haldia,Tripura,2024-08-11,Retail,1
CUST00921,Yachana Ramachandran,M,1988-02-13,9025485362,mandunni@example.org,Hazaribagh,Maharashtra,2025-10-09,Retail,3
CUST00922,Dev Arora,F,2007-08-22,9538557421,amol09@example.org,Deoghar,Assam,2024-05-24,Retail,0
CUST00923,Chandresh Mody,M,1984-02-04,1437884437,sethindali@example.com,Vijayanagaram,West Bengal,2024-12-29,Merchant-linked,1
CUST00924,Vivaan Raval,M,1987-03-15,5418589900,imaranapte@example.net,Thanjavur,Arunachal Pradesh,2025-08-31,Retail,1
CUST00925,Anmol Mannan,F,2007-07-01,6605033746,avirandhawa@example.com,Rajpur Sonarpur,Andhra Pradesh,2026-01-06,Retail,0
CUST00926,Jai Deshmukh,F,1969-06-02,6679419087,tejas85@example.net,Munger,Meghalaya,2025-10-28,Premium,1
CUST00927,Samarth Modi,F,1993-04-06,8987605504,shahdaniel@example.com,Solapur,Nagaland,2026-02-25,Retail,1
CUST00928,Ayushman Ray,M,1979-05-23,162907399,yadavnathaniel@example.com,Kishanganj,Chhattisgarh,2024-11-07,Retail,1
CUST00929,Samar Kaul,M,1982-11-21,864942694,gagankhanna@example.com,Ghaziabad,Tamil Nadu,2023-09-09,Premium,2
CUST00930,Jagrati Sahota,M,1982-03-21,9219587305,anitakata@example.net,Sambalpur,Uttar Pradesh,2023-10-16,Premium,2
CUST00931,Faqid Shukla,F,1995-06-03,6780664315,raghavanzayyan@example.net,Sasaram,Assam,2024-08-03,Retail,1
CUST00932,Saumya Batra,F,1966-02-16,9264070308,shanathaniel@example.com,Dehri,Goa,2025-05-20,Retail,1
CUST00933,Owen Minhas,M,2000-08-12,72889592,sainiaarnav@example.com,Ghaziabad,Madhya Pradesh,2026-02-19,Premium,1
CUST00934,Urmi Ravi,F,1979-06-13,8082039170,avni43@example.com,Udaipur,Rajasthan,2024-05-15,Retail,2
CUST00935,Abeer Bumb,F,1969-03-17,2425369091,yuvraj02@example.net,Jehanabad,Manipur,2024-10-24,Retail,1
CUST00936,Zaid Puri,F,1991-10-15,243652405,yachana18@example.com,Alwar,Sikkim,2023-09-06,Retail,1
CUST00937,Mugdha Magar,F,2000-12-21,1597738546,vihaansangha@example.org,Sambhal,Uttar Pradesh,2024-12-25,Retail,2
CUST00938,Bhanumati Borah,M,1966-11-04,9722042986,advayrajagopalan@example.com,Srinagar,Manipur,2026-05-26,Retail,1
CUST00939,Peter Gulati,F,2003-06-24,9992998335,ctandon@example.net,Serampore,Tripura,2024-11-24,Retail,0
CUST00940,Jairaj Koshy,M,1972-11-12,849315398,jonathanrau@example.org,Kolkata,Assam,2024-06-23,Retail,1
CUST00941,Unnati Rastogi,M,1967-09-06,4304913410,jnagy@example.net,Mira-Bhayandar,Arunachal Pradesh,2025-05-10,Retail,0
CUST00942,Falak Rajagopal,M,1974-11-24,4059208235,bsandhu@example.net,Bhilwara,Nagaland,2026-04-10,Premium,1
CUST00943,Jeremiah Bandi,F,1991-10-15,6820175307,voraqushi@example.net,Nangloi Jat,Chhattisgarh,2025-11-03,Premium,1
CUST00944,Abeer Mukherjee,F,1972-07-14,7412531379,benwatika@example.com,Thiruvananthapuram,Rajasthan,2024-02-16,Retail,1
CUST00945,Inaya Bhatia,M,1971-06-21,9202599919,shivanshsharaf@example.org,Bihar Sharif,Telangana,2024-03-02,Retail,4
CUST00946,Dayita Maharaj,F,2001-04-10,8904760786,ahluwaliaupma@example.com,Solapur,Tripura,2025-11-03,Retail,1
CUST00947,Urishilla Bandi,M,2007-07-21,1732895145,borahirya@example.net,Hapur,Kerala,2025-03-22,Premium,1
CUST00948,Girish Nagi,F,2003-08-09,4496539160,maneadvay@example.net,Ahmedabad,Tamil Nadu,2024-07-16,Retail,1
CUST00949,Jacob Zacharia,M,1973-11-23,3982218039,khareyoshita@example.com,Alwar,Rajasthan,2026-06-20,Retail,1
CUST00950,Sai Walla,F,1986-07-30,6529516469,omisha23@example.org,Mahbubnagar,Manipur,2024-07-04,Retail,0
CUST00951,Yahvi Tripathi,F,2003-11-01,7089870920,zachariahbaghyawati@example.org,Tiruchirappalli,Gujarat,2025-08-13,Premium,1
CUST00953,Abhimanyu Soni,F,1983-07-20,5447082317,noriyagnesh@example.net,Bidar,Uttar Pradesh,2025-01-18,Premium,0
CUST00954,Nikita Deo,F,2002-07-12,3596053026,dayalkashvi@example.com,Chennai,Gujarat,2026-04-11,Retail,1
CUST00955,Chanakya Narayanan,M,2005-03-08,6306636050,alata@example.net,Hyderabad,West Bengal,2024-04-06,Premium,0
CUST00956,Jagat Gala,M,1963-06-15,252094523,operi@example.org,Katni,Arunachal Pradesh,2023-10-11,Merchant-linked,1
CUST00957,Caleb Deol,F,2002-01-22,5745449205,bhavika53@example.net,Amravati,Nagaland,2023-09-06,Retail,3
CUST00958,Lopa Pall,M,1990-11-03,4456622952,uben@example.net,Nadiad,Andhra Pradesh,2024-04-25,Retail,1
CUST00959,Harshil Salvi,F,2000-12-21,8607047266,dev58@example.com,Madurai,Kerala,2026-06-01,Premium,1
CUST00960,Ekansh Sastry,M,1971-09-11,6715605879,aadhyamittal@example.org,Sambalpur,Odisha,2024-08-01,Premium,0
CUST00961,Alka Bhalla,M,1994-09-12,5315790571,vsaran@example.com,Amaravati,Gujarat,2024-11-19,Retail,2
CUST00962,Jatin Keer,F,1969-12-26,9748768057,zsom@example.net,Hosur,Himachal Pradesh,2024-05-06,Retail,2
CUST00963,Harish Grewal,F,1968-07-03,6733329732,aashi02@example.net,Pondicherry,Haryana,2025-11-09,Retail,0
CUST00964,Triveni Puri,F,1990-04-07,4277392385,qabilbains@example.net,Chandrapur,Tamil Nadu,2026-07-11,Retail,3
CUST00965,Pallavi Gulati,M,1971-07-30,8442347199,subramaniangarima@example.com,Ozhukarai,Uttarakhand,2024-06-01,Retail,1
CUST00966,Jonathan Ramachandran,M,1963-05-26,5699913831,yatan32@example.org,Saharanpur,Chhattisgarh,2025-01-25,Retail,2
CUST00967,Unni Kamdar,M,1970-06-01,6806647070,khannakritika@example.org,Srikakulam,Karnataka,2024-02-16,Premium,0
CUST00968,Krishna Mani,M,1964-09-14,7402740675,isalvi@example.com,Chinsurah,Uttarakhand,2024-02-06,Merchant-linked,1
CUST00969,Yash Ravel,F,1969-10-19,6461497459,virkteerth@example.net,Ramgarh,Uttarakhand,2025-03-18,Retail,2
CUST00970,Faras Kurian,F,1989-05-17,995504932,joshuadeep@example.net,Gudivada,Himachal Pradesh,2026-03-28,Retail,0
CUST00971,Kalpit Chaudhuri,M,1968-03-02,1594853400,igade@example.org,Mehsana,Jharkhand,2024-02-19,Retail,0
CUST00972,Harita Rao,M,1994-12-17,1888223788,ekansh68@example.org,Solapur,Telangana,2024-03-19,Premium,0
CUST00973,Kala Rattan,M,1975-04-27,6058679496,saxenamitesh@example.org,Jamshedpur,Arunachal Pradesh,2026-01-29,Retail,2
CUST00974,Lohit Sahni,M,1964-08-25,2016555786,unaidu@example.com,Nagercoil,Bihar,2026-07-10,Merchant-linked,0
CUST00975,Aachal Singhal,F,1981-04-27,68758682,sachdevalavanya@example.com,Anantapur,Bihar,2024-01-30,Premium,2
CUST00976,Chasmum Lad,F,1963-12-07,4023386860,ubarman@example.org,Jaipur,Haryana,2024-10-27,Retail,3
CUST00977,Chanchal Loyal,F,1968-01-08,8602050898,ekapad34@example.net,Ballia,Tripura,2024-11-23,Merchant-linked,0
CUST00978,Vamakshi Sundaram,F,2002-04-19,2452841356,misraeesha@example.org,Kurnool,Kerala,2025-10-30,Premium,1
CUST00979,Vyanjana Mistry,M,2008-01-20,9573940598,gangulyzashil@example.com,Varanasi,Uttar Pradesh,2024-04-24,Retail,2
CUST00980,Irya Wali,F,1989-06-16,5849073420,esharaf@example.com,Jaunpur,Kerala,2025-05-30,Retail,2
CUST00981,Dayamai Bhavsar,M,1985-04-13,4823088295,hitesh96@example.org,Muzaffarnagar,Goa,2026-06-19,Retail,0
CUST00982,Azaan Patel,F,1995-04-27,9427674831,lrau@example.net,Chandigarh,Kerala,2023-11-26,Retail,1
CUST00983,Upadhriti Zachariah,F,1984-08-31,2655946989,kiaansharma@example.net,Muzaffarnagar,Rajasthan,2025-01-05,Retail,1
CUST00984,Yadavi Bala,F,2007-09-16,3790065487,lsekhon@example.com,Madurai,Rajasthan,2025-12-09,Premium,2
CUST00985,Watika Murthy,M,1975-09-13,8890737815,jbhardwaj@example.net,Uluberia,Mizoram,2026-07-06,Retail,0
CUST00986,Oliver Ravel,F,2000-04-27,8488763802,dorawazir@example.net,Moradabad,Goa,2023-12-19,Retail,1
CUST00987,Gauri Chakrabarti,M,1986-11-25,2988618207,danichampak@example.com,Muzaffarnagar,Meghalaya,2025-11-26,Retail,2
CUST00988,Lila Kashyap,F,1971-05-20,4970350675,yvenkataraman@example.net,Jhansi,Karnataka,2024-08-31,Retail,1
CUST00989,Agastya Sur,F,1981-11-11,2315550570,hkapadia@example.com,Firozabad,Arunachal Pradesh,2024-07-16,Retail,2
CUST00990,Henry Bose,M,1975-07-31,7012350368,mwalla@example.org,Ballia,Rajasthan,2024-11-28,Retail,1
CUST00991,Sanya Yogi,F,1963-03-14,3445684467,pallavisane@example.com,Amritsar,Maharashtra,2024-04-08,Retail,2
CUST00992,Eiravati Srinivasan,M,1971-02-17,8315975729,upadhyaymaya@example.net,Agra,Chhattisgarh,2025-04-12,Retail,1
CUST00993,Garima Pillay,F,2004-11-17,2332416518,rachitaramachandran@example.org,Dhule,Jharkhand,2024-06-25,Premium,1
CUST00994,Urishilla Kumar,F,1979-04-19,5958417491,nayaragastya@example.org,Solapur,Mizoram,2025-07-27,Retail,1
CUST00995,Ekbal Mangat,M,2003-06-01,3447609483,davejeremiah@example.net,Tumkur,Sikkim,2025-06-28,Retail,1
CUST00996,Saksham Balakrishnan,F,1999-08-10,5099621836,purohitojasvi@example.com,Solapur,Andhra Pradesh,2024-01-15,Premium,0
CUST00997,Meera Khosla,F,1973-12-21,2223499801,oviyasura@example.com,Bareilly,Meghalaya,2026-02-25,Retail,1
CUST00998,Falak Doctor,M,1991-02-23,6144092335,bpatel@example.com,Gandhinagar,Uttarakhand,2023-10-14,Retail,1
CUST00999,Yatin Suri,M,1996-09-17,3199569559,qprashad@example.org,Narasaraopet,Arunachal Pradesh,2023-09-17,Retail,1
CUST01000,Aarnav Gola,F,1996-04-18,5134448672,aadimital@example.com,Muzaffarpur,Assam,2024-05-15,Retail,0
CUST01001,Anya Radhakrishnan,M,1995-09-25,5749325114,nnadig@example.org,Bangalore,Jharkhand,2023-09-03,Retail,2
CUST01002,Bhavika Kohli,M,1981-10-17,6183085800,frederickmuni@example.org,Anantapur,Assam,2026-05-15,Retail,1
CUST01003,Veer Sant,M,1983-09-28,2107818710,pallavi42@example.com,Meerut,Maharashtra,2025-07-04,Premium,3
CUST01004,Luke Sangha,M,2000-02-02,3154230600,yadavisankaran@example.com,Surat,Sikkim,2024-08-01,Retail,2
CUST01005,Om Mani,F,1996-03-13,4206670151,anirudhchandran@example.com,Kulti,Gujarat,2026-02-08,Retail,0
CUST01006,Kabir Deshmukh,M,2001-07-28,53922205,batrafaqid@example.org,Bardhaman,Nagaland,2024-07-11,Retail,2
CUST01007,Harrison Hans,M,1971-07-28,5286132394,jonathan34@example.org,Bihar Sharif,Tripura,2025-12-23,Retail,1
CUST01008,Priya Ahluwalia,M,1968-12-13,6342095367,peter97@example.org,Machilipatnam,Uttarakhand,2025-11-21,Retail,0
CUST01009,Peter Rajagopal,M,2007-10-06,5591476253,tsaha@example.org,Bhalswa Jahangir Pur,Uttar Pradesh,2026-07-12,Retail,0
CUST01010,Zaid Ravel,M,2001-05-21,2474665353,harinakshikrish@example.org,Panihati,Tamil Nadu,2025-11-01,Retail,0
CUST01011,Wakeeta Dora,M,1974-12-06,7127638354,xiti63@example.net,Haridwar,Uttar Pradesh,2023-12-05,Retail,1
CUST01012,Chaman Singhal,M,1988-12-19,9981615381,triyachakrabarti@example.org,Lucknow,Meghalaya,2025-12-25,Premium,1
CUST01013,Kalpit Raghavan,F,1963-06-19,148967808,jacobdeep@example.org,Sikar,Uttar Pradesh,2024-03-16,Premium,1
CUST01014,Riya Ranganathan,M,1969-06-18,2926456339,advay36@example.net,Dibrugarh,West Bengal,2025-07-28,Retail,1
CUST01015,Pratyush Sachdev,M,1994-05-10,4971967068,indrajitbali@example.org,Moradabad,Goa,2024-08-26,Retail,0
CUST01016,Ishaan Rattan,F,1997-11-20,9949013334,qsubramaniam@example.org,Deoghar,Uttar Pradesh,2023-12-04,Retail,2
CUST01017,Alka Chakrabarti,M,1995-08-06,6793014811,bakshichampak@example.com,Agra,Chhattisgarh,2025-03-06,Retail,0
CUST01018,Omisha Dani,M,1980-01-14,1990342134,nachiket03@example.com,Aurangabad,Maharashtra,2023-10-24,Retail,3
CUST01019,Gopal Sunder,F,2000-10-29,3860157117,moreamol@example.org,Madhyamgram,Sikkim,2026-02-28,Retail,1
CUST01020,Gaurang Mann,M,1965-01-19,8745271936,srai@example.com,Mahbubnagar,Assam,2024-04-30,Retail,3
CUST01021,Baljiwan Tata,M,1975-02-11,6194232154,nayaktejas@example.com,Bulandshahr,Punjab,2025-07-26,Retail,0
CUST01022,Lipika Bhavsar,M,1980-02-24,5525274102,shuklaanya@example.net,Purnia,Madhya Pradesh,2025-05-24,Retail,0
CUST01023,Dalbir Balasubramanian,M,1978-05-11,6756355842,ydugal@example.com,Mirzapur,Madhya Pradesh,2024-09-13,Retail,1
CUST01024,Lavanya Anand,M,1983-07-03,1441306862,achauhan@example.org,Alappuzha,Nagaland,2025-05-19,Retail,0
CUST01025,Harish Sunder,F,1967-02-21,762381152,pratyushgill@example.net,Anantapuram,Andhra Pradesh,2025-03-12,Premium,1
CUST01026,Eta Dugal,M,1985-11-18,9994004108,karikashish@example.org,Shahjahanpur,Kerala,2025-07-30,Retail,0
CUST01027,Rishi Nagar,F,2007-01-22,2289206415,pviswanathan@example.org,Panvel,Andhra Pradesh,2026-02-11,Retail,0
CUST01028,Charita Chaudry,M,1990-06-29,3419528144,umani@example.net,Jamalpur,Arunachal Pradesh,2024-02-22,Premium,1
CUST01029,Arin Rajan,M,1971-04-17,7803789121,wriddhish69@example.net,Imphal,Uttarakhand,2024-08-07,Retail,0
CUST01030,Hemangini Tailor,F,1998-04-12,842906969,zinalsanghvi@example.org,Jabalpur,Telangana,2023-10-10,Retail,0
CUST01031,Osha Sharaf,M,1972-03-08,4570165276,mistrydalbir@example.org,Muzaffarnagar,Rajasthan,2023-09-10,Retail,2
CUST01032,Robert Srinivas,M,1995-05-02,9644477250,lohitkrishna@example.org,Barasat,Mizoram,2023-08-25,Premium,4
CUST01033,Anusha Buch,F,1982-06-12,4155369158,ayush62@example.com,Kanpur,Goa,2024-06-10,Premium,2
CUST01034,Sneha Bhat,M,1972-02-11,3295945231,ckara@example.com,Kolhapur,Punjab,2024-11-25,Merchant-linked,3
CUST01035,Gautam Savant,M,1968-03-19,4292204167,wridesh92@example.com,Mahbubnagar,Gujarat,2025-01-06,Retail,1
CUST01036,Meghana Kant,F,2007-12-22,313928048,chakradevsahota@example.org,Aligarh,Odisha,2024-04-30,Retail,0
CUST01037,Siddharth Prakash,F,1990-05-07,9719000029,ldhingra@example.com,Parbhani,Tamil Nadu,2025-01-25,Retail,2
CUST01038,Irya More,F,1960-10-02,9923045323,xwarrior@example.org,Bathinda,Madhya Pradesh,2024-06-23,Premium,1
CUST01039,Yash Sawhney,M,1961-04-02,9453911776,padmanabhanpeter@example.net,Gurgaon,Assam,2023-12-31,Merchant-linked,2
CUST01040,Gabriel Nagi,F,1983-07-10,6190223116,rajuvanya@example.net,Kurnool,Karnataka,2024-05-08,Retail,1
CUST01041,Rushil Sunder,M,1966-07-18,9212684856,mangalmax@example.net,Nellore,Andhra Pradesh,2023-10-01,Retail,2
CUST01043,Harshil Swaminathan,F,1992-04-09,7659153820,ramaira@example.org,Singrauli,Jharkhand,2024-03-02,Premium,0
CUST01045,Nitesh Mallick,M,1999-09-18,5104625069,leela85@example.org,Meerut,West Bengal,2024-11-11,Retail,1
CUST01046,Sara Sahni,M,1994-10-05,9350979344,mitrarajeshri@example.net,Kolkata,Goa,2024-01-23,Retail,2
CUST01047,Brinda Tak,F,1982-10-14,4579725184,victorwagle@example.org,Jalna,Manipur,2025-04-02,Merchant-linked,2
CUST01048,Xavier Hans,F,1981-12-24,945167670,loganvenkatesh@example.com,Kolkata,Bihar,2023-10-30,Retail,3
CUST01049,Max Bala,F,2000-01-29,8484264833,ybajaj@example.net,Panvel,Punjab,2024-10-24,Retail,1
CUST01050,Samuel Raj,M,1961-01-20,4946920856,guhamadhav@example.com,Tiruchirappalli,Odisha,2026-05-07,Retail,1
CUST01051,Chandresh Acharya,F,1964-05-08,4617580803,mangalaadhya@example.net,Ghaziabad,Jharkhand,2023-10-24,Merchant-linked,1
CUST01052,Devansh Pall,F,1980-02-09,1353814837,yashasvi03@example.org,Kota,Madhya Pradesh,2025-02-19,Premium,2
CUST01053,Lakshmi Manda,M,1982-02-09,7840190271,vedachauhan@example.com,Aligarh,Kerala,2025-02-19,Retail,0
CUST01054,Panini Varughese,M,2007-07-27,1997675983,sonibenjamin@example.net,Bhopal,Karnataka,2026-06-17,Premium,0
CUST01055,Kavya Gupta,F,1972-11-25,9565728535,barkhadutta@example.com,Ajmer,Bihar,2024-12-30,Retail,2
CUST01056,Gautami Bassi,M,1963-10-30,8466879303,samarth27@example.org,Yamunanagar,Maharashtra,2025-05-12,Retail,2
CUST01057,Aadhya Nadig,M,1963-12-23,252854613,abhimanyuwason@example.net,Cuttack,Telangana,2026-02-02,Premium,0
CUST01058,Udarsh Ganesan,M,2006-03-29,7711842527,bhatabhiram@example.com,Ulhasnagar,Assam,2023-10-10,Retail,1
CUST01059,Arya Dhaliwal,F,1969-12-02,7305777196,ychokshi@example.com,Etawah,Tripura,2024-10-17,Retail,0
CUST01060,Niharika Minhas,F,1962-08-03,8334400952,mpatla@example.com,South Dumdum,Chhattisgarh,2026-01-28,Retail,0
CUST01061,Aarna Kohli,F,2007-11-14,7054736015,narasimhanbaljiwan@example.net,Varanasi,Assam,2024-10-15,Retail,2
CUST01062,Oni Andra,F,1962-02-09,2658934759,eiravatimani@example.net,Secunderabad,Meghalaya,2026-03-29,Retail,1
CUST01063,Hritik Mander,F,1988-01-07,9146386643,talwarliam@example.net,Bhusawal,Kerala,2024-01-22,Retail,2
CUST01064,Dayita Ramaswamy,F,1986-06-29,9272400020,modikrishna@example.org,Chandigarh,Odisha,2023-09-14,Retail,1
CUST01065,Ati Joshi,M,2000-03-07,1630335636,bhardwajdakshesh@example.net,Giridih,Arunachal Pradesh,2025-03-02,Retail,2
CUST01066,Dominic Sawhney,M,1985-08-23,4802835415,karpechandran@example.com,Raiganj,Maharashtra,2024-11-14,Retail,0
CUST01067,Omisha Ramesh,M,1968-10-24,8122681594,palanthomas@example.org,Vadodara,Kerala,2025-08-14,Retail,1
CUST01068,Yash Anand,F,2002-01-04,7397984218,pahalkaul@example.com,Raurkela Industrial Township,Rajasthan,2023-09-19,Retail,0
CUST01069,Nidra Sunder,F,1981-02-19,8776288363,aryan16@example.net,Jaunpur,Madhya Pradesh,2024-02-19,Retail,1
CUST01070,Qarin Sandal,M,1981-05-20,8809376165,shethbishakha@example.net,Ratlam,Odisha,2025-03-12,Retail,0
CUST01071,Ekiya Om,F,1990-07-07,7265976408,nadigayushman@example.org,Amravati,Tripura,2024-12-01,Premium,0
CUST01072,Forum Subramanian,F,1987-02-07,9129565188,priya00@example.net,Varanasi,Andhra Pradesh,2025-09-23,Retail,1
CUST01073,Adweta Madan,F,1989-03-01,8787570302,chaudrymason@example.com,Rajkot,Rajasthan,2025-02-10,Retail,0
CUST01074,Wakeeta Maharaj,F,1968-11-02,6952223369,rajagopalanom@example.org,Panchkula,Rajasthan,2024-03-15,Premium,0
CUST01075,Advika Gera,F,2004-01-23,2497537405,mahika95@example.com,Rohtak,Arunachal Pradesh,2025-09-25,Premium,2
CUST01076,Sathvik Pathak,M,1991-08-22,5345146688,amritatoor@example.org,Kishanganj,Telangana,2026-02-16,Retail,1
CUST01077,Pushti Dutta,F,2001-08-29,3664853207,gagrawal@example.net,Latur,Goa,2025-11-20,Premium,2
CUST01078,Tejas Krishnamurthy,F,1975-01-27,9580504505,nandini72@example.net,Faridabad,Manipur,2024-03-16,Retail,3
CUST01079,Rohan Bath,F,1994-02-01,3729545038,gautamipanchal@example.org,Agra,Sikkim,2024-01-08,Premium,2
CUST01080,Charita Oza,F,1961-09-30,8143531279,mnarayanan@example.org,Gorakhpur,Chhattisgarh,2024-04-30,Retail,2
CUST01081,Ayush Maharaj,F,2008-05-02,6527428662,warhi38@example.org,Karnal,Jharkhand,2024-08-18,Retail,0
CUST01082,Aashi Sankar,M,2007-07-10,9351174555,edeshmukh@example.org,Vijayanagaram,Manipur,2024-03-19,Retail,3
CUST01083,Zashil Rajan,F,1965-03-20,1575626412,jagat87@example.com,Kanpur,Odisha,2025-06-11,Retail,1
CUST01084,Panini Kaur,M,1964-08-28,3039951670,luke26@example.com,Salem,Goa,2026-05-30,Retail,0
CUST01085,Avni Karnik,M,2000-05-14,4851420259,chakradhar28@example.org,Aligarh,Haryana,2024-05-17,Premium,1
CUST01087,Naksh Sule,M,1983-11-07,5062917926,neelupadhyay@example.org,Ajmer,Sikkim,2025-06-04,Retail,0
CUST01088,Yahvi Suresh,F,1971-08-10,2198369157,xcomar@example.org,Durgapur,Odisha,2025-02-17,Merchant-linked,0
CUST01089,Vinaya Agarwal,M,1981-11-08,5991530445,deepkrishna@example.net,Karaikudi,Meghalaya,2025-04-02,Retail,1
CUST01090,Tanay Mukherjee,F,1991-04-04,2958676030,anjalireddy@example.net,Karnal,Jharkhand,2025-06-16,Retail,0
CUST01091,Wriddhish Samra,M,1986-08-21,138272105,keya01@example.net,Kozhikode,Chhattisgarh,2023-08-23,Premium,3
CUST01092,Omkaar Pathak,M,1998-11-06,831681636,srinivasyatan@example.net,Ghaziabad,Andhra Pradesh,2024-12-28,Retail,0
CUST01093,Vedika Sangha,F,1983-10-11,52141070,amrutapatla@example.org,Vasai-Virar,Goa,2024-04-06,Retail,0
CUST01094,Kamya Buch,M,1997-05-05,9445456972,lopa19@example.org,Haldia,Meghalaya,2023-11-11,Retail,2
CUST01095,Sanaya Dada,F,1993-08-30,2639561266,pradhanjanuja@example.com,Berhampore,Bihar,2024-03-15,Retail,2
CUST01096,Bhavini Batra,F,1968-08-06,3461446627,minhasindrajit@example.org,Erode,Tripura,2023-12-01,Retail,1
CUST01097,Owen Chaudry,F,1978-08-13,8319686364,ymunshi@example.net,Guntakal,Mizoram,2026-04-07,Retail,2
CUST01098,Tarak Purohit,M,1987-02-03,48379363,maanavcomar@example.net,Karawal Nagar,Arunachal Pradesh,2024-10-01,Merchant-linked,1
CUST01099,Ati Bhatt,F,1962-09-24,629118722,hdash@example.org,Chandigarh,Nagaland,2023-12-19,Retail,0
CUST01100,Chatresh Srinivasan,F,1976-09-12,8984974997,neel21@example.com,Bhubaneswar,Himachal Pradesh,2025-03-23,Retail,1
CUST01101,Gautami Sahni,F,1977-09-20,8981061735,giyengar@example.org,Ambarnath,Uttarakhand,2024-08-29,Retail,1
CUST01102,Oeshi Chauhan,M,1980-09-22,9637881193,ramanathanojas@example.net,Raipur,Tripura,2024-03-27,Premium,1
CUST01103,Xalak Bose,M,1981-01-30,5321633613,amrita90@example.org,Madanapalle,Uttarakhand,2023-10-18,Premium,2
CUST01104,Nihal Parikh,M,1996-08-15,8583563998,tejas92@example.org,Tiruvottiyur,Bihar,2024-11-28,Retail,1
CUST01105,Ekaraj Gour,F,1976-02-15,4762123601,ishita41@example.org,Ratlam,Haryana,2023-11-27,Merchant-linked,0
CUST01106,Teerth Ben,M,1989-08-01,7968590964,odeshmukh@example.com,Kishanganj,Telangana,2025-06-01,Retail,1
CUST01107,Hritik Sharma,M,1983-11-03,5166811339,ebalakrishnan@example.net,Jamshedpur,Meghalaya,2025-07-19,Retail,6
CUST01108,Advay Gole,F,1975-04-22,2419830632,akshay18@example.org,Ramagundam,Himachal Pradesh,2024-02-15,Retail,2
CUST01109,Nachiket Balasubramanian,F,1968-03-09,3509476511,omaja40@example.net,Kota,Jharkhand,2025-01-28,Retail,1
CUST01110,Dhruv Hans,M,1983-01-27,4245190826,eesharajagopal@example.com,Bokaro,Telangana,2025-04-26,Merchant-linked,0
CUST01111,Balendra Ghosh,F,1972-03-30,6696922953,krishnagirik@example.org,Narasaraopet,Sikkim,2023-09-06,Retail,1
CUST01112,Dalaja Date,M,1974-02-04,4066283463,wazirkurian@example.org,Uluberia,Bihar,2026-05-16,Retail,0
CUST01113,Rajata Kumar,F,1995-10-03,5424382692,senguptaamruta@example.org,Lucknow,Odisha,2026-02-22,Retail,0
CUST01114,Kashvi Magar,M,2002-11-01,396964535,cnarasimhan@example.com,Amravati,Uttar Pradesh,2025-03-27,Retail,2
CUST01115,Aayush Barad,F,1997-03-18,4288734496,lsengupta@example.net,Sirsa,Andhra Pradesh,2024-10-28,Retail,5
CUST01116,Tanvi Bains,M,2002-07-02,9014971103,nayarmanya@example.com,Gurgaon,Maharashtra,2025-10-03,Retail,0
CUST01117,Hamsini Bose,M,1986-09-09,167449234,uvarughese@example.org,North Dumdum,Tripura,2026-04-14,Retail,1
CUST01118,Nilima Rege,F,2001-10-06,7540242861,garimasehgal@example.org,Visakhapatnam,West Bengal,2024-01-05,Retail,0
CUST01119,Wridesh Yohannan,F,1976-03-04,6264816384,rajanrohan@example.com,Korba,Andhra Pradesh,2025-09-24,Premium,2
CUST01120,Anthony Buch,F,2001-06-10,7896951930,vrishtisharaf@example.com,Fatehpur,Arunachal Pradesh,2026-03-26,Merchant-linked,1
CUST01121,Falak Sachdeva,F,1967-09-04,6344439468,henryyogi@example.org,Thiruvananthapuram,Haryana,2024-09-17,Premium,0
CUST01122,Gaurang Sood,M,1994-11-28,7317445776,zkonda@example.com,Kalyan-Dombivli,Mizoram,2025-06-04,Premium,1
CUST01123,Warhi Lanka,M,1998-03-31,9443485295,ayaan37@example.com,Gurgaon,Nagaland,2025-01-07,Retail,1
CUST01124,Alka Doctor,M,1961-09-18,6751497534,pjohal@example.org,Giridih,Arunachal Pradesh,2025-12-07,Premium,2
CUST01125,Arunima Bandi,F,1998-11-09,6582344538,hemagole@example.org,Bulandshahr,Maharashtra,2026-07-02,Retail,0
CUST01126,Balhaar Lad,M,1983-01-09,1034956119,fmurthy@example.org,Ratlam,Mizoram,2024-04-05,Retail,2
CUST01127,Aradhana Ratti,M,1981-02-06,4776186870,qratta@example.net,Motihari,Chhattisgarh,2025-09-12,Retail,2
CUST01128,Kashish Deol,M,1978-05-04,9950891423,watikasami@example.com,Satna,Himachal Pradesh,2026-01-28,Retail,0
CUST01129,Pahal Ghosh,M,2004-07-15,4051318660,nkohli@example.net,Nizamabad,Manipur,2025-10-08,Merchant-linked,0
CUST01130,Oliver Lal,M,1982-06-26,2035944102,ishanvibutala@example.net,Haridwar,Jharkhand,2026-05-01,Retail,3
CUST01131,Varenya Mittal,F,1965-03-21,3518302585,farhan53@example.net,Rourkela,Tamil Nadu,2023-12-24,Retail,0
CUST01132,Hemal Bhardwaj,F,1999-06-17,1286558167,sameshchatterjee@example.net,Bijapur,Nagaland,2025-11-08,Retail,0
CUST01133,Benjamin Bhakta,F,2008-04-14,4634292421,wkhurana@example.org,Malegaon,Assam,2025-02-18,Premium,2
CUST01134,Urmi Hans,F,1974-10-21,4613315553,balvangupta@example.org,Sagar,Andhra Pradesh,2024-12-11,Retail,1
CUST01135,Harish Batta,M,1990-03-26,5984557663,gourguneet@example.org,Srikakulam,West Bengal,2026-04-09,Retail,1
CUST01136,Harita Dua,F,1963-04-12,1910616691,nathanielkrishna@example.org,Machilipatnam,Nagaland,2024-01-17,Retail,0
CUST01137,Max Chacko,F,1991-01-04,5626996208,aggarwaladvay@example.com,Kolhapur,Sikkim,2025-12-18,Retail,0
CUST01138,Waida Dayal,F,1997-02-12,322007485,rayaan87@example.org,Phagwara,Kerala,2023-11-22,Retail,1
CUST01139,Quincy Basu,M,1976-07-13,2860604802,tparmer@example.com,Hospet,Uttar Pradesh,2024-10-18,Premium,1
CUST01140,Benjamin Bajaj,M,1972-12-23,8985664301,odesai@example.net,Bettiah,Mizoram,2026-05-02,Retail,2
CUST01141,Lakshmi Palan,M,1981-01-23,1360622901,randra@example.com,Amroha,Assam,2025-10-30,Retail,0
CUST01142,Tanish Upadhyay,M,1961-06-08,1489538294,ladtripti@example.net,Mirzapur,Haryana,2024-07-12,Retail,2
CUST01143,Wriddhish Parmer,M,2003-01-02,7309532670,vwadhwa@example.com,Nadiad,Tamil Nadu,2025-07-23,Retail,1
CUST01144,Jhalak Warrior,M,1992-06-26,8280183235,prisha84@example.net,Shivpuri,Maharashtra,2025-06-30,Retail,1
CUST01145,Mohini Mallick,F,1976-03-08,7449597521,sridharekantika@example.com,Ghaziabad,Rajasthan,2024-02-04,Retail,2
CUST01146,Anvi Yogi,F,1994-08-24,1148626751,qsamra@example.com,Agartala,Punjab,2024-10-25,Retail,0
CUST01148,Vaishnavi Dubey,F,1968-12-01,2284834927,venkateshaachal@example.com,Gwalior,Uttar Pradesh,2025-06-24,Retail,2
CUST01149,Anvi Anand,F,1998-09-23,4801537358,paleta@example.com,Erode,Andhra Pradesh,2024-08-21,Retail,0
CUST01150,Maya Baria,F,1990-02-27,7462720536,chhabramichael@example.net,Alappuzha,Manipur,2025-10-14,Merchant-linked,1
CUST01151,Yachana Patla,F,1996-01-20,1553830775,duttlibni@example.org,Bhilwara,Gujarat,2026-05-19,Retail,3
CUST01152,Mitali Sridhar,M,1991-06-03,4607890751,shanvasudha@example.com,Coimbatore,Chhattisgarh,2025-04-20,Premium,1
CUST01153,Chandani Char,M,1998-09-21,5316498283,cmagar@example.com,Etawah,Madhya Pradesh,2025-11-27,Retail,1
CUST01154,Vasana Bahl,F,1977-12-29,9434368771,lohitagate@example.net,Pudukkottai,West Bengal,2026-04-01,Retail,3
CUST01155,Nidhi Khosla,F,1974-12-17,5359771001,osha@example.com,New Delhi,Sikkim,2023-11-04,Retail,1
CUST01156,Veda Deol,M,1968-12-08,7856413547,kavya73@example.net,Saharanpur,Haryana,2026-02-21,Retail,2
CUST01157,Kashish Palla,F,1987-03-01,7947581660,harinirja@example.org,Kakinada,Telangana,2025-10-11,Premium,4
CUST01158,Sachi Agarwal,F,1975-01-23,1469714797,ekaja95@example.org,Panchkula,Jharkhand,2024-09-20,Retail,0
CUST01160,Pranav Wadhwa,M,1975-08-22,6215938967,priyasur@example.org,Raurkela Industrial Township,Tamil Nadu,2025-03-03,Retail,1
CUST01161,Chakradev Suresh,M,1963-05-30,2883413351,magarranveer@example.org,Tirupati,Goa,2025-01-25,Retail,1
CUST01162,Utkarsh Sankaran,F,1980-01-31,5796714803,janujasarkar@example.com,Pali,Uttarakhand,2023-09-15,Retail,1
CUST01163,Hema Golla,M,2006-03-02,3794128866,kabirhayre@example.org,Bilaspur,Rajasthan,2025-07-20,Retail,0
CUST01164,Nathan Purohit,M,1964-08-07,9789259465,spradhan@example.org,Dindigul,Sikkim,2026-01-08,Retail,0
CUST01165,Bhavini Bose,M,1965-11-19,8513673805,kalitasai@example.net,Anand,Jharkhand,2025-11-28,Merchant-linked,1
CUST01166,Watika Buch,F,1973-02-14,2014833354,saanvigara@example.net,Pali,Andhra Pradesh,2024-03-15,Premium,1
CUST01167,Megha Manne,M,1983-02-18,906761837,aarnav76@example.net,Amritsar,Rajasthan,2024-11-05,Premium,0
CUST01168,Wishi Din,M,1962-08-22,8041869303,nandini49@example.com,Bihar Sharif,Bihar,2025-05-08,Retail,1
CUST01169,Nandini Bansal,F,1976-02-19,9064909703,seshadrichatresh@example.org,Dindigul,Nagaland,2025-04-22,Retail,0
CUST01170,Mekhala Dhar,F,1988-06-15,742153193,neelimaaggarwal@example.org,Gorakhpur,Maharashtra,2025-04-19,Retail,5
CUST01171,Yashvi Shah,F,1978-03-30,8029335838,agrawalnilima@example.com,Mathura,Uttar Pradesh,2024-08-01,Retail,2
CUST01172,Varsha Mukhopadhyay,M,1976-11-11,6935102140,ranbirchadha@example.net,Arrah,Mizoram,2026-05-29,Merchant-linked,1
CUST01173,Advik Kannan,M,1976-11-25,1771703056,ethan24@example.net,Kolkata,Karnataka,2023-11-27,Retail,1
CUST01174,Zehaan Zachariah,F,1999-06-23,3376841876,andralipika@example.com,Tirupati,Karnataka,2026-05-18,Retail,1
CUST01175,Viraj Buch,F,1991-04-23,3033249675,acharyachasmum@example.net,Deoghar,West Bengal,2023-10-04,Premium,2
CUST01176,Reva Kalla,M,2001-02-17,5605427079,vansha61@example.org,Faridabad,Meghalaya,2026-05-31,Merchant-linked,0
CUST01177,Manya Mohanty,M,2002-12-05,4565728972,chamantripathi@example.com,Nagpur,Tripura,2024-03-23,Retail,4
CUST01178,Yashica Kuruvilla,F,2006-07-21,8560669926,nimratsoni@example.org,Gandhidham,Manipur,2024-11-29,Premium,0
CUST01179,Upadhriti Baria,M,1996-12-18,9962637792,sarmawilliam@example.com,Bikaner,Nagaland,2025-05-16,Retail,0
CUST01180,Rachit Bali,F,1980-03-01,4323330239,ladli06@example.net,Burhanpur,Odisha,2026-07-03,Merchant-linked,1
CUST01181,Utkarsh Agate,M,1979-10-12,2357865294,xavier70@example.org,Bilaspur,Himachal Pradesh,2025-03-07,Retail,1
CUST01182,Bhavna Wali,F,1983-08-15,3119804255,naikyug@example.com,Barasat,Chhattisgarh,2024-09-11,Retail,1
CUST01183,Varsha Samra,M,1987-01-24,8602039221,chandereshana@example.net,Vijayanagaram,Gujarat,2026-05-29,Retail,1
CUST01184,Urmi Vohra,F,1997-12-01,8731424956,tramanathan@example.com,Purnia,Andhra Pradesh,2024-04-25,Retail,3
CUST01185,Yashawini Ahuja,M,1983-03-30,5102874512,butalavrinda@example.com,Ambarnath,Himachal Pradesh,2023-10-30,Retail,0
CUST01186,Wishi Devan,F,1992-03-30,466275015,rkrishnan@example.org,Berhampur,West Bengal,2025-09-26,Retail,2
CUST01187,Vasana Warrior,M,2004-03-30,4833095872,twarrior@example.net,Purnia,Arunachal Pradesh,2025-12-14,Premium,0
CUST01188,Gautami Sehgal,F,2007-07-28,3267148581,patlachaitanya@example.net,Buxar,Maharashtra,2025-01-29,Retail,2
CUST01189,Kevin Bala,F,1990-04-09,1920182852,raggarwal@example.net,Morena,Odisha,2024-08-16,Retail,1
CUST01190,Harshil Oza,F,1986-05-04,5116397149,tripti41@example.com,Dewas,Nagaland,2025-12-30,Premium,2
CUST01191,Nisha Dutt,F,1979-02-20,9188312497,ksrinivasan@example.com,Jhansi,Rajasthan,2024-07-10,Retail,0
CUST01192,Daksha Shere,F,1985-07-17,9657156438,karaanamika@example.net,Sagar,Chhattisgarh,2024-06-27,Retail,0
CUST01193,Chandresh Balasubramanian,M,1995-03-30,916573762,idevi@example.com,Hindupur,Chhattisgarh,2026-04-28,Premium,3
CUST01194,Nitara Kashyap,F,1963-03-08,4015273117,dominic47@example.com,Aurangabad,Uttar Pradesh,2023-09-02,Retail,0
CUST01195,Dominic Vig,M,1973-05-25,3598474229,ssagar@example.com,Gwalior,Kerala,2024-05-11,Premium,1
CUST01196,Om Ganesan,F,1981-05-03,4736500329,bhaktarachana@example.com,Vellore,Assam,2026-02-25,Merchant-linked,4
CUST01197,Charvi Dhingra,M,1982-04-24,3554042316,darshsant@example.com,Agartala,Odisha,2024-04-15,Premium,1
CUST01198,Damini Kashyap,F,1993-06-18,9045392528,tanmayi33@example.net,Korba,Haryana,2023-09-09,Retail,3
CUST01199,Viraj Malhotra,F,1976-12-21,236412247,rayaan72@example.org,Berhampur,Kerala,2023-10-06,Premium,1
CUST01200,Mugdha Bava,M,1966-08-29,5107155587,mahajanmax@example.org,Mau,Madhya Pradesh,2024-07-10,Retail,1
CUST01201,Naksh Prabhu,F,1999-08-29,2538078191,udant49@example.com,Tadepalligudem,Tamil Nadu,2026-03-08,Retail,2
CUST01202,Gauri Tank,M,2001-11-01,5716632824,vdara@example.com,Aurangabad,Sikkim,2025-08-02,Merchant-linked,1
CUST01203,Rachana Khanna,M,1975-10-20,761504205,osha97@example.com,Farrukhabad,Gujarat,2025-08-19,Merchant-linked,0
CUST01204,Arjun Tiwari,F,1962-08-26,1014610392,yogisarthak@example.org,Katni,Sikkim,2023-12-20,Retail,3
CUST01205,Ishaan Reddy,F,2007-01-17,8518569050,wyadav@example.org,Nangloi Jat,Goa,2025-02-28,Retail,0
CUST01206,Varenya Dugal,M,1994-12-07,814723735,ovarty@example.net,Deoghar,Haryana,2023-10-11,Retail,1
CUST01207,Sachi Venkatesh,F,1997-02-15,1454983671,balendra66@example.net,Hospet,Kerala,2023-10-31,Retail,2
CUST01208,Vyanjana Chaudhuri,F,1964-08-31,5605956343,lkadakia@example.org,Patna,Chhattisgarh,2024-08-26,Retail,0
CUST01209,Priya Narula,F,1997-01-14,3777303167,ojasvichokshi@example.com,Motihari,Meghalaya,2025-08-06,Merchant-linked,0
CUST01210,Harshil Dhawan,M,1973-03-29,2545500549,warhiratti@example.net,Patiala,Mizoram,2025-02-13,Retail,2
CUST01211,Dayita Purohit,F,1965-04-23,343830009,nakul94@example.net,Surat,Meghalaya,2025-08-25,Retail,2
CUST01212,Hitesh Sarma,M,2008-03-25,5466289735,jdugar@example.com,Bidhannagar,Tripura,2024-08-02,Retail,0
CUST01213,Daksh Agrawal,M,1968-08-07,234056771,zilmil90@example.com,Hazaribagh,West Bengal,2025-06-19,Retail,1
CUST01214,Gayathri Boase,M,1980-06-13,812392788,rajrishi@example.com,Khammam,Chhattisgarh,2025-01-05,Merchant-linked,1
CUST01215,Baghyawati Mitter,M,1975-03-05,2248248863,turvibose@example.com,Kalyan-Dombivli,Haryana,2026-05-20,Retail,1
CUST01216,Azad Dua,F,1978-11-20,9141939606,gchanda@example.net,Kota,Uttarakhand,2025-04-28,Retail,4
CUST01217,Divya Radhakrishnan,F,2006-07-17,4768834103,horaekaraj@example.net,Bhubaneswar,West Bengal,2026-07-19,Retail,2
CUST01218,Devika Andra,M,2006-03-05,1325179044,oeshi09@example.net,Nashik,Uttar Pradesh,2026-07-19,Retail,1
CUST01219,Sudiksha Chaudhry,M,1974-11-02,8310314564,tanvinarang@example.net,Ghaziabad,Himachal Pradesh,2025-12-08,Retail,0
CUST01220,Amrita Bala,M,1971-04-25,4499987093,mayamani@example.org,Machilipatnam,Jharkhand,2023-11-03,Retail,3
CUST01221,Anay Kapur,M,1968-09-09,5318057631,snatarajan@example.com,Dehradun,Karnataka,2024-04-16,Retail,3
CUST01222,Lipika Mani,F,1961-08-28,7486794869,zansi17@example.org,Machilipatnam,Uttar Pradesh,2023-12-11,Retail,3
CUST01223,Tamanna Sidhu,M,1960-10-27,7737594933,choudhryethan@example.com,Chapra,Tamil Nadu,2025-11-05,Merchant-linked,0
CUST01224,Balhaar Mall,M,1990-03-17,1444155967,zilmilmitter@example.net,Tiruvottiyur,Kerala,2026-05-17,Retail,0
CUST01225,Ikbal Srinivasan,M,1997-11-21,3353004999,tanish61@example.net,Sirsa,Haryana,2023-12-08,Merchant-linked,1
CUST01226,Tarak Mitter,M,1997-04-11,4872385865,jrama@example.com,Bhilwara,Tamil Nadu,2023-11-11,Retail,1
CUST01227,Anusha Iyer,M,1998-08-09,9670605581,hdass@example.net,Munger,Chhattisgarh,2024-08-15,Retail,2
CUST01228,Raghav Prabhakar,F,1996-08-22,4639897014,kashyapwazir@example.com,Fatehpur,Tamil Nadu,2026-01-30,Retail,3
CUST01229,Megha Rao,F,2006-06-01,5529050926,choudhrychristopher@example.org,Khandwa,Assam,2024-11-04,Retail,3
CUST01230,Reyansh Kuruvilla,F,1998-06-13,2130088238,ravelvanya@example.org,Bellary,Assam,2023-10-24,Retail,2
CUST01231,Jeet Tak,F,1993-02-04,3655619221,anshroy@example.org,Hajipur,Telangana,2026-07-03,Retail,1
CUST01232,Jairaj Srivastava,F,1979-02-01,236416936,sachdevturvi@example.com,Kanpur,Uttarakhand,2024-05-05,Premium,1
CUST01233,Ekansh Kari,M,1992-03-31,2826712693,noah25@example.org,Bardhaman,Himachal Pradesh,2024-07-05,Premium,2
CUST01234,Yuvraj Sanghvi,F,1997-06-09,8111433064,nagixalak@example.com,Thoothukudi,Karnataka,2025-09-06,Retail,1
CUST01235,Lipika Ganesan,M,1998-01-27,9025912046,sacharpranav@example.net,Tenali,Telangana,2023-09-12,Retail,2
CUST01236,Ranveer Naik,F,1985-01-19,8029559997,jagratisuresh@example.net,Sri Ganganagar,Assam,2025-04-12,Premium,3
CUST01237,Aachal Seth,F,1973-07-26,1173670386,gsankar@example.org,Bharatpur,Nagaland,2024-06-25,Retail,1
CUST01238,Samesh Johal,F,1962-02-07,8056308292,kkapoor@example.org,Chittoor,Sikkim,2025-09-20,Retail,2
CUST01239,Fiyaz Garg,F,1991-03-13,6548522072,jbajaj@example.com,Tinsukia,Meghalaya,2024-05-15,Retail,0
CUST01240,Rajeshri Dyal,M,1984-02-27,3651295551,baliyochana@example.org,Siwan,Tripura,2024-05-18,Retail,1
CUST01241,Kabir Sanghvi,F,2002-09-26,36072235,aarnavgupta@example.net,Ajmer,Uttarakhand,2025-07-01,Retail,2
CUST01242,Tanmayi Narayanan,M,1999-05-14,6928091663,usinha@example.net,Bangalore,Haryana,2024-03-26,Retail,2
CUST01243,Aachal Prakash,F,1973-12-31,1061664970,garima80@example.org,Bareilly,Meghalaya,2024-10-26,Retail,1
CUST01244,Nitara Garde,F,1985-05-22,4115050969,jasonnarayan@example.org,Serampore,Goa,2025-09-01,Retail,0
CUST01245,Kiaan Bava,F,1976-03-15,7743540476,chakradhar11@example.org,Kozhikode,Uttarakhand,2024-07-30,Merchant-linked,1
CUST01246,Pratyush Sheth,M,1982-01-04,6031748903,sinhajacob@example.net,Jabalpur,Uttar Pradesh,2026-03-23,Retail,2
CUST01247,Karan Gokhale,M,1989-11-15,5545920559,mtandon@example.net,Aligarh,Sikkim,2024-03-07,Retail,1
CUST01248,Udant Badami,F,1994-08-25,7627451160,zbarad@example.org,Rourkela,Goa,2023-12-21,Retail,1
CUST01249,Saksham Raghavan,F,1994-09-06,83476128,abhimanyutandon@example.com,Aligarh,Telangana,2023-12-22,Retail,1
CUST01250,Varenya Date,M,1983-01-11,6033878852,pvala@example.org,Noida,Odisha,2024-12-29,Retail,0
CUST01251,Charan Anand,M,1991-08-07,3794999445,imaran07@example.com,Purnia,Chhattisgarh,2024-10-03,Premium,1
CUST01252,Bhavani Kata,F,1974-12-04,5916043598,chatura79@example.net,Bharatpur,Mizoram,2026-02-15,Retail,2
CUST01253,Yashica Kapoor,F,2004-11-20,5681678434,savantguneet@example.net,Kirari Suleman Nagar,Madhya Pradesh,2023-11-28,Retail,2
CUST01254,Diya Bal,M,1991-06-13,7883692233,keerranbir@example.com,Bikaner,Nagaland,2024-08-08,Merchant-linked,0
CUST01255,Rachit Kapur,F,1964-10-23,6532735514,chatresh32@example.org,Agartala,Meghalaya,2025-01-19,Merchant-linked,0
CUST01256,Panini Narayan,M,2003-03-05,5555702006,hayeromya@example.com,Karimnagar,Odisha,2024-06-06,Premium,0
CUST01257,Manya Choudhry,F,1997-05-27,8939127065,dubeom@example.org,Indore,Kerala,2024-10-04,Retail,2
CUST01258,Oni Pandit,F,1972-07-21,4555595026,tatawishi@example.com,Thrissur,Haryana,2025-07-08,Retail,1
CUST01259,Nimrat Handa,M,1988-04-23,4600823696,gourqarin@example.org,Phusro,Manipur,2024-09-21,Retail,0
CUST01260,Arin Rattan,M,1965-08-20,6701512003,bachittar76@example.net,Ujjain,Bihar,2024-09-30,Merchant-linked,1
CUST01261,Rishi Khanna,F,1996-11-14,9192969210,kchada@example.org,Kalyan-Dombivli,West Bengal,2023-10-18,Premium,2
CUST01262,Maanav Vaidya,M,1971-10-29,7427054985,jganesan@example.org,Silchar,Gujarat,2024-01-27,Retail,2
CUST01263,Fariq Ganesh,F,1980-11-10,4466589524,pbahl@example.com,Gandhidham,Chhattisgarh,2025-08-28,Merchant-linked,3
CUST01264,Hema Goel,M,1977-12-31,7874778840,omaja57@example.com,Meerut,Maharashtra,2023-11-20,Retail,1
CUST01265,Michael Mohan,M,1968-01-29,9282616417,waidaborde@example.net,Visakhapatnam,Karnataka,2024-10-05,Retail,1
CUST01266,Yutika Anne,M,1998-10-16,6647951279,adwetadeol@example.net,Patiala,Kerala,2025-08-04,Retail,1
CUST01267,Fiyaz Rastogi,M,1998-08-22,9919848087,varkeymugdha@example.com,Ambarnath,Goa,2023-09-30,Retail,3
CUST01268,Harshil Bhakta,F,1983-04-04,433689579,nitara10@example.com,Mysore,Arunachal Pradesh,2026-05-02,Retail,1
CUST01269,Charan Singh,F,1963-01-31,7850205025,victorgill@example.org,Ahmedabad,Sikkim,2024-02-19,Retail,2
CUST01270,Janya Solanki,M,1973-07-19,5396597442,noah04@example.org,Anantapuram,Bihar,2024-08-25,Retail,2
CUST01271,Ridhi Manne,F,1962-07-10,1337937669,puriaayush@example.net,Tiruvottiyur,Meghalaya,2025-11-13,Retail,3
CUST01272,Charvi Batra,F,1999-01-12,9688144990,yahvi62@example.com,Raurkela Industrial Township,Manipur,2024-05-18,Retail,2
CUST01273,Avi Sarkar,F,1970-09-02,5352791111,warriorzashil@example.com,Sasaram,Punjab,2025-03-31,Retail,0
CUST01274,Tristan Gandhi,F,1964-04-19,9618307348,omyalanka@example.org,Tadepalligudem,Meghalaya,2025-07-25,Retail,3
CUST01275,Abhiram Natt,F,2001-07-05,8298781921,sanya46@example.org,Akola,Odisha,2024-05-10,Premium,2
CUST01276,Hemang Subramaniam,F,1995-03-31,7214617275,maanas92@example.com,Haldia,Punjab,2026-04-25,Retail,3
CUST01277,Triya Singhal,M,1976-07-03,5847413401,ojasviaggarwal@example.net,Madanapalle,Maharashtra,2024-02-29,Retail,3
CUST01278,Gaurangi Bhatt,F,2008-01-20,4638901248,pahalpalla@example.com,Coimbatore,Kerala,2024-10-29,Premium,1
CUST01279,Laban Deo,M,1994-04-17,706594805,deepkalpit@example.com,New Delhi,Haryana,2023-10-15,Merchant-linked,1
CUST01280,Patrick Swamy,F,1963-11-14,2447563112,swamyquincy@example.net,Panvel,Tripura,2025-12-16,Premium,2
CUST01281,Omaja Brahmbhatt,M,1975-12-11,5985866356,gandhipatrick@example.com,Aurangabad,Goa,2026-04-20,Retail,0
CUST01282,Rachita Barman,F,2004-05-18,9469984288,vbanik@example.org,Latur,Assam,2025-08-02,Retail,1
CUST01283,Triveni Chand,F,1998-09-07,3203668642,bdeshpande@example.net,Gaya,Meghalaya,2024-01-20,Retail,2
CUST01284,Kritika Balakrishnan,F,1995-04-23,877834710,tristanlata@example.net,Arrah,Meghalaya,2024-05-04,Retail,1
CUST01285,Oscar Hans,M,2006-06-06,7700453585,dassturvi@example.org,Tirunelveli,Nagaland,2024-08-20,Retail,1
CUST01286,Arin Muni,F,1994-09-04,255546893,memonhemang@example.org,Morena,Nagaland,2025-03-14,Retail,1
CUST01287,Jagvi Sama,M,1991-03-29,6738656904,vtata@example.org,Gaya,Tamil Nadu,2024-02-25,Premium,0
CUST01288,Nicholas Mander,M,1986-10-06,5877006239,nathaniel64@example.org,Haridwar,Andhra Pradesh,2025-06-27,Premium,1
CUST01289,Samuel Bhargava,F,1964-09-20,3398013871,yugparekh@example.com,Pondicherry,Nagaland,2025-11-22,Retail,2
CUST01290,Balvan Zachariah,F,1992-12-20,5337435670,yastisharma@example.org,Eluru,Kerala,2025-05-28,Retail,2
CUST01291,Turvi Merchant,F,1977-08-07,5959955055,savantishwar@example.com,Baranagar,Assam,2025-04-06,Retail,1
CUST01292,Naveen Munshi,M,1966-12-03,2078821651,mistrykavya@example.com,Sagar,Karnataka,2024-01-25,Retail,3
CUST01293,Banjeet Deshmukh,M,1983-05-14,9473088240,gavinganguly@example.net,Baranagar,Andhra Pradesh,2025-10-12,Retail,1
CUST01294,Sai Sarin,F,1971-11-05,9412180525,balabarkha@example.com,Hubli–Dharwad,Chhattisgarh,2025-12-19,Retail,0
CUST01295,Mitesh Nair,F,1975-02-26,1891134348,tanishsankaran@example.net,Surendranagar Dudhrej,Maharashtra,2025-03-24,Retail,2
CUST01296,Quincy Tak,F,1972-02-12,1120291381,dalaja80@example.org,Miryalaguda,Nagaland,2025-07-06,Merchant-linked,2
CUST01297,Ladli Sachar,M,1975-02-17,2319199082,manya83@example.org,Saharanpur,Haryana,2025-11-06,Retail,0
CUST01298,Vrinda Bhagat,M,2008-03-27,7103891918,ayushman13@example.net,Kozhikode,Andhra Pradesh,2025-11-10,Retail,3
CUST01299,Anita Lall,F,1989-01-26,714876507,tripti23@example.org,Dhule,Bihar,2024-10-13,Premium,3
CUST01300,Widisha Thakur,F,1995-08-01,570399630,aryahemani@example.net,Sambhal,Punjab,2026-02-23,Retail,2
CUST01301,Mekhala Korpal,M,2001-12-23,3370071580,mahalchanakya@example.net,Davanagere,Haryana,2024-03-01,Retail,0
CUST01302,Tanveer Balasubramanian,F,1998-12-28,5874488839,abdul97@example.org,Loni,West Bengal,2026-03-24,Merchant-linked,1
CUST01303,Kashvi Nazareth,F,1996-04-13,5139196034,itandon@example.net,Motihari,Tamil Nadu,2025-01-21,Retail,0
CUST01304,Reyansh Dhillon,M,2006-05-16,436475846,tsrinivasan@example.com,Singrauli,Haryana,2025-01-24,Premium,0
CUST01305,Kalpit Barad,M,1979-11-07,7552977601,aayush81@example.org,Nizamabad,Uttar Pradesh,2023-11-12,Retail,2
CUST01306,Pranav Chowdhury,F,1994-07-23,6116861146,chakrabortyzaitra@example.net,Silchar,Telangana,2025-10-24,Merchant-linked,1
CUST01307,Harita Nori,F,1994-09-06,6542683684,lokeavi@example.org,Darbhanga,Rajasthan,2025-08-19,Retail,1
CUST01308,Hamsini Pandya,M,1993-01-05,30119622,rsinha@example.net,Navi Mumbai,Rajasthan,2026-02-17,Retail,4
CUST01309,Sarthak Ramakrishnan,M,1998-12-06,8509570934,rayjalsa@example.org,Coimbatore,Gujarat,2024-10-31,Retail,2
CUST01310,Anirudh Khosla,M,1973-11-02,8437700627,jeet42@example.net,Rohtak,Jharkhand,2025-06-02,Premium,1
CUST01311,Priya Narayan,M,1974-09-24,7562752800,rjayaraman@example.com,Adoni,Sikkim,2025-12-01,Merchant-linked,1
CUST01312,Qarin Kaur,M,1975-08-30,6383264897,saxenaagastya@example.com,Cuttack,Sikkim,2025-09-16,Merchant-linked,0
CUST01313,Geetika Sen,F,1980-01-29,3049484142,sakshamkala@example.com,Deoghar,Uttar Pradesh,2025-01-03,Premium,2
CUST01314,Nidra Swamy,M,1988-03-05,3026564771,dhruvvohra@example.com,Nagaon,Uttar Pradesh,2025-05-14,Retail,2
CUST01315,Aarnav Sura,M,1995-07-26,1611464461,darpanshankar@example.com,Malegaon,Telangana,2025-11-14,Retail,0
CUST01316,Simon Varty,F,2004-08-30,2377487700,dinharini@example.org,Thanjavur,Bihar,2024-02-03,Retail,1
CUST01317,Nihal Gandhi,M,1980-02-18,9666028653,tripti16@example.com,Bettiah,Chhattisgarh,2026-06-23,Retail,1
CUST01318,Akshay Gulati,F,1993-05-30,907037808,niteshbansal@example.com,Aurangabad,Mizoram,2024-04-25,Retail,1
CUST01319,Mohammed Saran,M,1984-03-27,8762965074,riya26@example.com,Karimnagar,Sikkim,2024-06-09,Retail,2
CUST01320,Yadavi Chauhan,M,1982-01-29,7795003452,zgola@example.net,Howrah,Gujarat,2023-12-31,Retail,1
CUST01321,Aadhya Pai,M,1968-11-18,7330907406,vvarma@example.org,Darbhanga,Manipur,2024-10-18,Retail,1
CUST01322,Jhalak Das,M,1966-08-23,7990053669,osaraf@example.org,Bikaner,Chhattisgarh,2025-03-09,Retail,0
CUST01323,Mugdha Dutta,F,1997-10-03,7237225931,abera@example.net,Ajmer,Rajasthan,2024-03-28,Retail,1
CUST01324,Samarth Sehgal,M,1961-03-03,3331883845,vidhi80@example.com,Muzaffarnagar,Manipur,2023-12-05,Merchant-linked,1
CUST01325,Ishaan Sood,F,2006-03-18,8064554421,ubikadugar@example.com,Ludhiana,Karnataka,2024-03-26,Retail,2
CUST01326,Shravya Hora,F,1991-09-22,8859342883,rsidhu@example.net,Rajpur Sonarpur,Assam,2025-08-27,Premium,0
CUST01327,Wazir Gala,M,1965-03-05,9655102506,zbansal@example.net,Rajahmundry,Jharkhand,2025-01-27,Retail,0
CUST01328,Girik Mishra,F,2000-06-02,3289591038,upasnaraj@example.org,Kota,Karnataka,2024-08-29,Retail,0
CUST01329,Wyatt Sathe,F,1974-10-17,3994959403,bhavika65@example.com,Davanagere,Assam,2025-01-01,Retail,0
CUST01330,Teerth Balay,F,1963-03-17,273663256,samarthmane@example.net,Agartala,Odisha,2024-04-03,Merchant-linked,1
CUST01331,Pooja Raman,M,1960-11-17,9109048866,odikamore@example.com,Proddatur,Odisha,2025-06-18,Retail,0
CUST01332,Upasna Varkey,M,1977-10-16,4176090937,hritik04@example.com,Shahjahanpur,Tamil Nadu,2024-06-04,Retail,1
CUST01333,Charita Kumer,F,2004-07-07,3878052890,gagan83@example.com,Hospet,Manipur,2023-11-24,Premium,3
CUST01334,Sai Mahal,F,1972-06-02,5096859380,doctorwriddhish@example.org,Parbhani,Madhya Pradesh,2025-12-21,Premium,4
CUST01335,Alka Kapadia,M,1974-12-12,5486952121,yaminiseth@example.org,Saharsa,Nagaland,2023-10-06,Merchant-linked,1
CUST01336,Dayita Saini,F,1990-06-27,6049037647,bumbpooja@example.org,Belgaum,Bihar,2026-01-01,Retail,1
CUST01337,Wazir Ravel,F,1994-03-05,8681900415,tarakpradhan@example.org,Rewa,Andhra Pradesh,2023-12-04,Premium,0
CUST01338,Yutika Murthy,F,1975-10-15,295738010,udyati18@example.org,Karaikudi,Arunachal Pradesh,2024-10-02,Premium,0
CUST01339,Chakrika D’Alia,F,1969-09-27,5055191939,thakerrachita@example.net,Solapur,Meghalaya,2023-08-28,Retail,0
CUST01340,Deepa Divan,F,1989-04-24,2850719612,falanhayer@example.com,Ujjain,Chhattisgarh,2023-10-03,Premium,2
CUST01341,Benjamin Ben,F,2005-12-06,7177588562,ramamugdha@example.org,Bokaro,Maharashtra,2025-12-07,Retail,4
CUST01342,Bachittar Karpe,M,2004-08-23,9516571211,bumbjairaj@example.net,Berhampur,West Bengal,2025-08-12,Retail,1
CUST01343,Rohan Bhargava,M,1969-05-17,9879206231,stiwari@example.net,Jaipur,Odisha,2025-09-07,Retail,3
CUST01344,Nidhi Bava,M,2007-01-17,521120360,harshil80@example.com,Vellore,Uttarakhand,2023-10-04,Premium,1
CUST01345,Xalak Chaudry,F,1972-12-14,4695449506,sachdevkaran@example.net,Firozabad,Karnataka,2024-10-17,Premium,1
CUST01346,Ijaya Baria,M,1984-01-07,9414290495,diyahalder@example.net,Malda,Madhya Pradesh,2025-10-29,Retail,1
CUST01347,Hemani Hayer,F,1962-10-16,4728617468,liladayal@example.net,Munger,Assam,2023-12-26,Retail,2
CUST01348,Lila Devan,F,1997-07-14,6034982468,dashmeghana@example.com,Sangli-Miraj & Kupwad,Uttarakhand,2025-01-30,Retail,0
CUST01349,Chakrika Basu,M,1968-03-23,7231252423,abandi@example.net,Nagaon,Uttarakhand,2025-06-09,Retail,2
CUST01350,Dev Sethi,M,1969-04-06,520535313,odika05@example.net,Tumkur,Sikkim,2024-01-26,Retail,0
CUST01351,Jonathan Dasgupta,F,1960-12-14,2944314140,alkahegde@example.net,Ongole,Odisha,2025-11-08,Retail,0
CUST01352,Daksha Bath,M,1996-12-08,1682313799,aurorabrijesh@example.net,Saharanpur,West Bengal,2024-07-15,Retail,0
CUST01353,Hemangini Sheth,M,1985-07-24,3558774526,rohantak@example.net,Satna,Jharkhand,2024-06-29,Retail,2
CUST01354,Kabir Nagy,F,1970-05-11,1788280503,rachitvaidya@example.com,Chennai,Himachal Pradesh,2024-12-02,Retail,1
CUST01355,Radhika Raghavan,F,2004-07-23,8288745871,sarthak13@example.net,Miryalaguda,Kerala,2025-05-24,Premium,2
CUST01356,Kamya Deshpande,M,1979-08-25,741443010,ishani29@example.net,Farrukhabad,Kerala,2025-09-11,Retail,3
CUST01357,Anika Jayaraman,F,1970-11-19,1153334972,fbalakrishnan@example.org,Tiruppur,Uttar Pradesh,2025-06-24,Retail,2
CUST01358,Chaitaly Mitra,M,1989-06-03,5858618881,dejack@example.com,Panchkula,Punjab,2024-05-17,Retail,3
CUST01359,Rajeshri Kanda,M,1985-05-09,4903312223,sarnaakshay@example.com,Tiruppur,Sikkim,2023-12-23,Merchant-linked,2
CUST01360,Tejas Randhawa,F,1987-04-21,7774070366,aggarwalshivani@example.com,Nanded,West Bengal,2026-07-11,Retail,3
CUST01361,Jai Golla,F,1998-06-07,1938682784,tanveer93@example.org,Dewas,Telangana,2025-11-26,Retail,1
CUST01362,Ojas Bansal,M,2003-11-04,6048531234,gavin18@example.net,Bhiwani,Kerala,2023-12-02,Retail,0
CUST01363,Pratyush Dani,F,1962-01-11,3781704836,royhamsini@example.net,Mirzapur,Telangana,2026-07-03,Premium,2
CUST01364,Aarna Ganesan,M,1964-02-25,7931363659,bshenoy@example.net,Fatehpur,Meghalaya,2024-09-12,Retail,0
CUST01366,Nidra Contractor,F,1978-01-27,111391548,rushilsachar@example.com,Tadipatri,Goa,2025-11-04,Retail,2
CUST01367,Agastya Chahal,M,1960-10-03,1647904991,rajsuhani@example.net,Surendranagar Dudhrej,Sikkim,2024-04-22,Retail,2
CUST01368,Pratyush Bansal,F,1988-09-01,1023726432,ksarna@example.com,Udupi,Meghalaya,2023-12-08,Retail,2
CUST01369,Janaki Sawhney,M,1990-04-20,7701154917,lagrawal@example.com,Vellore,Mizoram,2025-03-29,Retail,0
CUST01370,Dev Banerjee,F,2005-03-04,9735867943,watika02@example.com,Jalgaon,Meghalaya,2024-10-14,Merchant-linked,1
CUST01371,Panini Panchal,M,1989-03-04,5876694947,anvisavant@example.com,Vadodara,Tamil Nadu,2025-06-30,Retail,2
CUST01372,Arjun Patla,M,1972-03-21,2908489653,khalsaridhi@example.com,Begusarai,West Bengal,2026-05-19,Retail,1
CUST01373,Abhimanyu Prasad,F,1971-08-27,3856932913,brijesh40@example.com,Berhampore,Gujarat,2023-10-17,Retail,1
CUST01374,Gagan Pandey,M,1960-09-11,3240510265,nsankaran@example.org,Tenali,Manipur,2024-06-14,Merchant-linked,1
CUST01375,Amaira Ramesh,F,2002-02-04,3327399741,manderekaraj@example.org,Jaipur,Goa,2025-06-19,Retail,2
CUST01376,Chaitanya Subramanian,M,1999-03-28,9516484977,warinderbains@example.com,Firozabad,Himachal Pradesh,2024-04-04,Retail,1
CUST01377,Sanya Prabhu,M,1973-07-29,8935052602,bnatt@example.com,Ongole,Assam,2025-06-27,Premium,2
CUST01378,Nathaniel Gopal,M,1972-02-11,1391237745,harsh33@example.com,Orai,Manipur,2023-08-29,Retail,2
CUST01379,Vrishti Bhatti,F,1997-01-15,5106407078,uwali@example.com,Hyderabad,Haryana,2024-05-16,Retail,1
CUST01380,Turvi Kala,F,1981-05-30,4044927280,sethyashawini@example.org,Bardhaman,Haryana,2025-10-15,Retail,0
CUST01381,Priya Tailor,M,1996-05-10,9844408895,quincybandi@example.com,Junagadh,Andhra Pradesh,2026-02-04,Premium,2
CUST01382,Mohammed Sampath,F,1990-05-12,1523029996,gandhiyatan@example.com,Nagercoil,Himachal Pradesh,2026-06-17,Retail,2
CUST01383,Ayushman Sarraf,F,1989-04-20,5402732012,narainaayush@example.org,Warangal,Gujarat,2023-11-11,Retail,1
CUST01384,Balvan Rajagopalan,M,2005-06-07,481093054,zaitraparmer@example.com,Ghaziabad,Manipur,2026-03-19,Retail,1
CUST01385,Anika Narayan,M,1991-04-06,3815182723,karan95@example.org,Udaipur,West Bengal,2024-09-08,Retail,1
CUST01386,Omya Wable,M,1998-03-29,5590308196,yachana76@example.org,Kanpur,Uttarakhand,2025-09-12,Retail,3
CUST01387,Yauvani Manda,F,1988-09-21,5089244640,msachar@example.com,Nagercoil,Punjab,2025-09-01,Premium,1
CUST01389,Bhavya Kothari,M,1983-10-18,9007045594,qshenoy@example.net,Junagadh,Maharashtra,2024-01-08,Premium,0
CUST01390,Oviya Suresh,F,1966-04-09,5935027674,jatin22@example.com,Karawal Nagar,Madhya Pradesh,2024-09-06,Retail,4
CUST01391,Barkha Pillai,M,2006-02-27,4170054558,gayathri56@example.org,Khandwa,Nagaland,2026-06-03,Retail,3
CUST01392,Samar Pradhan,F,1998-10-06,6680895049,sbehl@example.org,Bhalswa Jahangir Pur,Assam,2024-09-17,Merchant-linked,0
CUST01393,Urishilla Nagi,M,1997-05-26,9793368609,viswanathanzarna@example.net,Nagpur,Assam,2023-09-24,Premium,0
CUST01394,Ronith Brar,F,1965-02-02,3202640093,fkibe@example.net,Udaipur,Andhra Pradesh,2025-07-28,Retail,1
CUST01395,Sara Venkataraman,M,1968-10-09,8893844781,vkothari@example.com,Bangalore,Nagaland,2024-04-23,Retail,2
CUST01396,Quincy Menon,M,1969-07-31,6474264404,wardasaraf@example.com,Mango,Punjab,2025-12-02,Retail,2
CUST01397,Zarna Chander,M,1993-06-04,7449924687,ykalla@example.net,Kulti,Assam,2025-12-30,Retail,0
CUST01398,Rajeshri Raval,F,1975-07-24,3940269089,aramakrishnan@example.net,Bhilai,Sikkim,2026-07-05,Premium,1
CUST01399,Liam Dhingra,F,1972-04-19,4687220373,chatresh61@example.org,Pallavaram,Jharkhand,2025-09-10,Premium,0
CUST01400,Warhi Thaker,M,1972-05-17,5596576578,panditgeetika@example.org,Tenali,Rajasthan,2025-10-25,Retail,0
CUST01401,Advika Kumer,M,2005-10-14,3632705614,zehaan20@example.org,Saharanpur,Assam,2026-06-29,Retail,1
CUST01402,Saanvi Krishna,F,1982-07-09,5203519198,oprasad@example.org,Rajahmundry,Karnataka,2026-03-13,Merchant-linked,3
CUST01403,Chandran Chahal,M,1990-09-05,2298766327,sarthakjayaraman@example.net,Mumbai,Madhya Pradesh,2023-10-02,Premium,2
CUST01404,Vritti Bassi,M,1962-06-20,2918457496,nathkevin@example.com,Bokaro,Kerala,2025-06-06,Retail,0
CUST01405,Girish Chowdhury,M,1999-02-13,5830407751,aptemichael@example.org,Rewa,Nagaland,2025-05-06,Premium,2
CUST01407,Timothy Jaggi,F,1979-12-01,5580624755,ddewan@example.net,Machilipatnam,Rajasthan,2026-03-26,Merchant-linked,0
CUST01408,Maanas Sha,M,1995-05-22,56870690,gokhalefiyaz@example.net,Yamunanagar,Manipur,2026-03-03,Retail,1
CUST01409,Pranit Khosla,F,1978-02-25,9330548495,cbhalla@example.net,Maheshtala,Chhattisgarh,2026-02-21,Retail,2
CUST01410,Azad Divan,M,1973-08-30,4685519020,dalaja88@example.org,Navi Mumbai,Arunachal Pradesh,2025-05-27,Retail,0
CUST01411,Bhavani Raman,F,1997-10-26,3633057543,jagdish64@example.org,Sultan Pur Majra,Arunachal Pradesh,2025-07-01,Retail,2
CUST01412,Gopal Shere,M,1961-02-24,7012592833,xzacharia@example.com,Malda,Madhya Pradesh,2025-05-25,Premium,1
CUST01413,Balhaar Pant,M,1989-08-22,3930105591,yugborah@example.com,Gandhinagar,Jharkhand,2025-07-05,Retail,4
CUST01414,Zilmil Kurian,F,1995-04-29,6545259357,abeer94@example.com,Ahmedabad,Meghalaya,2025-03-14,Premium,0
CUST01415,Pavani Din,M,1991-12-16,7192602611,dalalavi@example.net,Junagadh,Uttarakhand,2023-08-23,Premium,1
CUST01416,Arya Aggarwal,M,1999-09-26,7003276280,fswaminathan@example.org,Alwar,Sikkim,2025-05-07,Retail,1
CUST01417,Lekha Toor,F,1966-11-06,1956964607,madhavi91@example.net,Jalgaon,Arunachal Pradesh,2024-08-31,Retail,0
CUST01418,Samarth Pillay,F,1979-11-24,4892500751,msolanki@example.com,Suryapet,Chhattisgarh,2025-10-06,Retail,3
CUST01419,Watika Lala,M,1985-02-04,7793599584,libni99@example.net,Amravati,Goa,2024-08-27,Premium,2
CUST01420,Faris Iyengar,F,1963-08-04,4691267191,shivanshpingle@example.org,Rajpur Sonarpur,Rajasthan,2023-11-09,Retail,2
CUST01421,Tarak Baral,F,1976-01-15,8287533552,aradhanaswaminathan@example.com,Dibrugarh,Bihar,2023-12-19,Retail,0
CUST01422,Neha Hegde,F,1974-07-28,1739222931,anayak@example.org,Bahraich,Kerala,2026-01-26,Retail,0
CUST01423,Diya Nanda,M,2006-12-23,7917431243,yug81@example.org,Shimla,Kerala,2023-09-22,Retail,1
CUST01424,Tripti Dugar,F,1963-01-16,8036957562,harishray@example.net,Jaunpur,Andhra Pradesh,2025-12-26,Retail,1
CUST01425,Ekta Babu,M,1979-10-28,3944101042,reyansh54@example.net,Raipur,Andhra Pradesh,2023-12-11,Retail,0
CUST01426,Yashasvi Sagar,F,1989-12-23,3293575384,nairxalak@example.org,Dewas,Manipur,2024-09-16,Merchant-linked,2
CUST01427,George Sabharwal,M,1974-05-18,6245546202,lopa92@example.org,Jehanabad,Jharkhand,2023-08-24,Retail,1
CUST01428,Sai Koshy,M,1992-08-15,4660954700,behlriya@example.net,Moradabad,Madhya Pradesh,2024-03-09,Retail,2
CUST01429,Falan Lad,F,1990-12-28,2022417561,rajata41@example.net,Gopalpur,Bihar,2024-03-11,Premium,1
CUST01430,Radhika Ramanathan,M,1977-11-24,2859156581,urvashi82@example.net,Ozhukarai,Goa,2025-10-13,Retail,1
CUST01431,Pranav Garde,M,1964-09-29,1429994814,kalitayochana@example.com,Gangtok,Odisha,2024-03-08,Retail,0
CUST01432,Bhavani Ganguly,F,1980-06-02,120174020,rajata98@example.net,Sambhal,Kerala,2025-06-14,Retail,1
CUST01433,Manan Sheth,F,1969-08-04,3675916449,ishaanbal@example.org,Jhansi,Arunachal Pradesh,2025-02-21,Retail,0
CUST01434,Teerth Chaudry,M,1977-11-18,3428402246,kibenakul@example.org,Satara,Haryana,2026-05-14,Retail,1
CUST01435,Nathan Khurana,F,1986-05-28,776042939,tsinghal@example.org,Morbi,West Bengal,2024-01-09,Premium,3
CUST01436,Saumya Nigam,F,1969-03-15,33051097,hemanginimalhotra@example.org,Sri Ganganagar,Jharkhand,2026-03-19,Retail,1
CUST01437,Sarthak Gokhale,M,1983-12-07,3985238182,qhanda@example.net,Jaunpur,Nagaland,2025-07-13,Premium,0
CUST01438,Vanya Baral,M,1973-10-18,5731899593,farishalder@example.com,Bijapur,Tamil Nadu,2024-12-29,Retail,2
CUST01439,Hiral Amble,M,1999-10-05,7750884949,hiralshan@example.com,Vijayanagaram,Chhattisgarh,2025-11-15,Premium,0
CUST01440,Advay Nanda,F,2004-05-29,1948454225,hayreranbir@example.net,Khammam,Punjab,2023-10-30,Premium,0
CUST01441,Gopal Sachdev,M,1970-08-17,1109674513,advaith50@example.com,Pallavaram,Haryana,2025-01-29,Premium,2
CUST01442,Lohit Khalsa,F,1973-02-25,7870323812,voravictor@example.com,Mango,Telangana,2025-08-15,Retail,0
CUST01443,Liam Dar,M,1964-01-09,7596373114,babuyahvi@example.com,New Delhi,Arunachal Pradesh,2026-01-05,Premium,1
CUST01444,Aashi Bal,M,1961-12-01,8036485100,dakshaborra@example.net,Nagpur,Nagaland,2023-11-20,Retail,0
CUST01445,Krish Vasa,M,1973-03-14,1687873214,napte@example.net,Jaipur,Himachal Pradesh,2024-03-06,Retail,0
CUST01446,Warhi Kumer,M,1970-11-11,4421065100,arorabrinda@example.org,Bhilai,Haryana,2024-08-12,Retail,0
CUST01447,Tamanna Mitter,F,1967-01-10,2239567217,fsetty@example.com,Bahraich,Kerala,2026-02-25,Premium,1
CUST01448,Xiti Srinivasan,F,1982-12-10,2398189397,ckar@example.com,Bhiwandi,Odisha,2024-05-15,Premium,0
CUST01449,Yachana Rout,F,2005-03-31,7341880796,pallvedhika@example.com,Udupi,Gujarat,2026-04-12,Retail,2
CUST01450,Eshana Khare,F,1992-05-24,544933927,azaan63@example.net,Bidar,Manipur,2023-08-28,Premium,0
CUST01451,Upadhriti Borde,F,1997-06-26,7842055553,senguptazaitra@example.net,Sirsa,Manipur,2025-09-01,Premium,1
CUST01452,Krishna Cherian,M,1997-03-23,720409471,scherian@example.com,Pallavaram,Nagaland,2025-08-26,Retail,0
CUST01453,Girish Bajaj,M,2006-05-11,8667186442,widisha04@example.net,Nandyal,Assam,2023-12-20,Retail,0
CUST01454,Jacob Thakkar,F,1982-11-13,3325704430,krisha68@example.net,Bardhaman,Punjab,2025-12-31,Retail,2
CUST01455,Tanay Bhandari,F,1973-02-25,8177998992,bhanumatisibal@example.org,Dehri,Bihar,2023-12-10,Retail,1
CUST01456,Daniel Chander,M,1985-03-12,3231456518,faris70@example.org,Gopalpur,Haryana,2026-04-08,Premium,1
CUST01457,Anika Hora,F,1995-08-14,5674053625,boragayathri@example.com,Jabalpur,Bihar,2025-05-11,Merchant-linked,1
CUST01458,Laksh Bala,F,1978-11-01,1369300522,paninisarma@example.net,Ambarnath,Uttarakhand,2024-03-20,Merchant-linked,1
CUST01459,Laban Mutti,M,1997-10-31,1615999442,forum53@example.com,Jorhat,Chhattisgarh,2024-10-20,Retail,1
CUST01460,Jyoti Bhasin,F,1986-04-05,9940232358,yasti03@example.net,Tirunelveli,Mizoram,2025-02-21,Retail,0
CUST01461,Ayaan Tandon,F,1975-10-23,8197354425,esuresh@example.com,Panipat,Odisha,2024-10-08,Retail,0
CUST01462,Bahadurjit Mohan,F,1981-02-19,606988264,zpatla@example.com,Mehsana,Manipur,2025-05-13,Retail,2
CUST01463,Bina Raghavan,F,1961-08-17,2104072545,chandaradha@example.org,Ajmer,Uttarakhand,2025-06-23,Premium,0
CUST01464,Upadhriti Balasubramanian,F,1981-10-09,6251743160,kashyapchameli@example.org,Shimoga,Chhattisgarh,2024-12-21,Retail,3
CUST01465,Nachiket Kibe,F,1981-02-23,9496454959,ghosesaumya@example.net,Moradabad,Meghalaya,2025-09-13,Retail,1
CUST01466,Maanas Sarna,M,1995-08-23,2240239362,rrege@example.net,Bally,Arunachal Pradesh,2024-06-11,Retail,2
CUST01467,Gayathri Peri,F,1965-05-26,8638110502,baljiwansood@example.net,Sonipat,Odisha,2024-09-02,Retail,1
CUST01468,Riya Salvi,F,1984-03-04,2393543373,omyagrover@example.org,Jamshedpur,Arunachal Pradesh,2023-09-01,Retail,3
CUST01469,Aarav Suri,F,1981-10-21,1434869653,vamakshi31@example.org,Bokaro,Andhra Pradesh,2025-04-07,Retail,4
CUST01470,Dominic Setty,F,1971-04-16,793377312,frederick48@example.com,Kozhikode,Sikkim,2025-08-24,Retail,0
CUST01471,Avi Vora,M,1967-10-21,907220871,idika23@example.net,Jehanabad,Maharashtra,2025-11-19,Premium,0
CUST01472,Wahab Kadakia,F,1964-04-02,9987517579,akshayvora@example.net,Raebareli,West Bengal,2023-08-23,Retail,1
CUST01473,Ekalinga Shroff,M,1976-10-09,4130078867,harini85@example.org,Ramgarh,Tripura,2023-12-01,Retail,0
CUST01474,Caleb Minhas,F,1990-04-30,2366946272,zachariahjeet@example.com,Thane,Jharkhand,2025-12-11,Retail,1
CUST01475,Anamika Naik,M,2004-06-22,6217643493,cpurohit@example.com,Mango,Nagaland,2026-03-29,Merchant-linked,1
CUST01476,Yasti Parsa,F,1986-03-19,4911066726,pkeer@example.net,Siwan,Punjab,2026-03-27,Premium,1
CUST01477,Suhani Solanki,F,1963-02-24,4931645982,madanria@example.org,Thane,Meghalaya,2025-06-19,Retail,2
CUST01478,Lopa Padmanabhan,M,1963-11-29,5692692032,jdalal@example.com,Karawal Nagar,Goa,2026-07-08,Premium,0
CUST01479,Zaid Agrawal,M,1961-12-03,7895915324,abahri@example.net,Thoothukudi,Meghalaya,2025-12-30,Merchant-linked,0
CUST01480,Nikita Batra,F,1994-02-16,341365329,sachi70@example.net,Varanasi,Maharashtra,2023-10-05,Retail,1
CUST01481,Anita Purohit,F,1965-05-27,3370049174,qbutala@example.net,Mathura,Mizoram,2026-04-15,Retail,1
CUST01482,Rajeshri Grewal,F,2002-08-20,7740545866,xalak41@example.com,Unnao,Mizoram,2024-09-08,Merchant-linked,0
CUST01483,Devansh Krishna,F,1965-11-09,2634921223,jasonmurthy@example.net,Kanpur,Manipur,2025-09-02,Retail,2
CUST01484,Siddharth Devi,F,1992-05-26,4484567715,aramakrishnan@example.com,Erode,Nagaland,2025-05-08,Merchant-linked,1
CUST01485,Frado Chaudhary,M,1979-12-04,5767765766,jbatra@example.com,Bangalore,Mizoram,2025-08-03,Premium,0
CUST01486,Logan Sarin,F,1975-07-22,2175049988,ddhawan@example.com,Bally,Chhattisgarh,2024-02-13,Retail,1
CUST01487,Faraj Pathak,F,1993-11-13,9298738640,dalajasachdeva@example.com,Bhimavaram,Arunachal Pradesh,2024-05-07,Retail,2
CUST01488,Aarini Kota,F,1963-04-21,8393301118,zayan88@example.com,Nagaon,Meghalaya,2024-07-25,Retail,1
CUST01489,Bimala Parekh,M,1968-01-01,1514369745,elijah79@example.net,Orai,Manipur,2025-09-16,Retail,1
CUST01490,Wyatt Narasimhan,F,1977-05-23,6963389586,etaram@example.org,Ghaziabad,Punjab,2025-10-26,Retail,2
CUST01491,Rachana Dayal,F,1973-04-17,9476293684,jackson79@example.com,Raebareli,Meghalaya,2025-04-12,Premium,0
CUST01492,Gautam Agrawal,F,1966-12-05,1909520387,paufaqid@example.net,Panipat,Kerala,2025-10-06,Retail,1
CUST01493,Onveer Mody,M,1999-10-12,6220165663,balhaar82@example.com,Mira-Bhayandar,Madhya Pradesh,2024-01-03,Retail,3
CUST01494,Gavin Malhotra,M,1961-05-01,7559841420,ranveer50@example.com,Arrah,Andhra Pradesh,2025-11-06,Retail,2
CUST01495,Yatin Gour,F,1985-05-18,244043109,ghoshwarinder@example.net,New Delhi,Chhattisgarh,2025-11-02,Retail,1
CUST01496,Vaishnavi Kannan,F,1984-02-18,5476172757,hredhaan47@example.org,Pali,Maharashtra,2024-11-17,Retail,0
CUST01497,Yatin Kalla,M,1998-12-20,9427021501,chandreshsarkar@example.org,Tadipatri,West Bengal,2025-10-17,Premium,1
CUST01498,Yamini Golla,M,2003-06-08,7339129903,divanriya@example.com,Tezpur,Tamil Nadu,2025-12-05,Retail,4
CUST01499,Turvi Chahal,M,2006-03-08,1162206591,ranveer64@example.org,Shimoga,Jharkhand,2024-05-13,Premium,1
CUST01500,Omya Chander,F,1972-10-09,72276835,tripathisanaya@example.net,Ongole,Bihar,2023-10-19,Premium,1
CUST01501,Raghav Zachariah,M,1996-08-30,9006325,snarayanan@example.com,Suryapet,Maharashtra,2023-12-26,Premium,3
CUST01502,Dayamai Shere,M,1992-01-14,4463324656,chaman63@example.com,Kirari Suleman Nagar,Karnataka,2025-01-28,Retail,0
CUST01503,Ekansh Varma,M,1978-03-23,6965959656,saramurty@example.org,Jehanabad,Uttarakhand,2024-10-13,Retail,0
CUST01504,Zaitra Kunda,M,1991-03-26,922251455,sudikshade@example.org,Sikar,Maharashtra,2023-10-07,Retail,1
CUST01505,Bhavani Dhawan,F,2005-07-19,3029708137,jairajbabu@example.net,Mirzapur,Rajasthan,2025-11-03,Retail,1
CUST01506,Ranveer Dua,F,1968-08-11,149628407,chaturasidhu@example.net,Durg,Tripura,2025-02-01,Merchant-linked,2
CUST01507,Arjun Bedi,F,2006-04-11,8244666694,moreshivansh@example.net,Dibrugarh,Goa,2026-03-12,Retail,2
CUST01508,Amol Wagle,M,1976-04-30,5629726692,fdutt@example.org,Haridwar,Nagaland,2026-01-09,Retail,1
CUST01509,Urvashi Bhakta,M,1995-07-25,7233446661,libni18@example.org,Anand,Madhya Pradesh,2024-02-15,Retail,3
CUST01510,Zinal Vig,F,2006-07-05,4494039518,ochadha@example.net,Darbhanga,Arunachal Pradesh,2026-02-10,Premium,0
CUST01511,Wahab Chaudhuri,F,1986-10-08,1693476912,aarnavchand@example.net,Kozhikode,Uttar Pradesh,2023-09-18,Retail,1
CUST01512,Tanveer Char,F,1984-09-09,2002391523,rkalla@example.org,Kolkata,Odisha,2025-03-31,Retail,1
CUST01513,Oliver Sundaram,F,1962-10-26,1896720129,guneetshan@example.com,Silchar,Odisha,2025-08-31,Premium,2
CUST01514,Abhimanyu Ahluwalia,M,1993-10-07,7653244834,pradhanelijah@example.com,Kumbakonam,Jharkhand,2024-11-25,Premium,1
CUST01515,Ishaan Shroff,M,2007-07-02,8702728204,zinalandra@example.net,Ichalkaranji,Rajasthan,2025-09-17,Retail,4
CUST01516,Praneel Jayaraman,F,1968-09-07,59324183,krajagopalan@example.com,Kalyan-Dombivli,Goa,2023-11-21,Retail,0
CUST01517,Hardik Sarkar,F,1983-01-25,4283267011,chowdhuryrachita@example.com,Bhavnagar,Punjab,2023-08-27,Retail,0
CUST01518,Gopal Nath,F,1969-09-12,4267302209,nnigam@example.net,Ichalkaranji,Sikkim,2023-09-01,Retail,0
CUST01519,Faras Vig,F,1974-02-14,507550848,nitara77@example.org,Mehsana,Mizoram,2024-05-12,Retail,1
CUST01520,Vyanjana Bawa,M,1995-11-10,764405835,cgade@example.org,Hindupur,Manipur,2024-05-04,Retail,1
CUST01521,Rachit Bal,M,1966-04-16,2051121340,borabalveer@example.com,Mangalore,Jharkhand,2023-10-03,Retail,1
CUST01522,Devansh Bhatti,M,1993-01-02,7117064857,ohayer@example.net,Ujjain,Uttar Pradesh,2025-12-11,Merchant-linked,2
CUST01523,Sara Bakshi,M,1975-06-01,8138819011,dratti@example.com,Madurai,Odisha,2026-02-21,Premium,3
CUST01524,Amrita Rastogi,F,1996-01-18,7092176451,michaeljha@example.net,Chandrapur,Tamil Nadu,2026-07-04,Retail,2
CUST01525,Dalaja Seth,F,1984-11-12,7725320959,xkeer@example.net,Akola,Manipur,2026-06-04,Retail,0
CUST01526,Tanveer Nori,M,1994-04-06,2409398663,imangat@example.com,Bhavnagar,Sikkim,2024-12-16,Retail,2
CUST01527,Eiravati Ramaswamy,F,1998-11-05,2391886762,upkaar34@example.org,Sangli-Miraj & Kupwad,Arunachal Pradesh,2026-02-12,Retail,2
CUST01528,Panini Hayer,F,1972-06-08,1421563452,onigopal@example.org,Bharatpur,Manipur,2023-09-23,Retail,2
CUST01529,Amaira Patla,F,1978-01-23,4344211175,gaurangi74@example.org,Begusarai,Nagaland,2025-09-23,Premium,1
CUST01530,Charita Radhakrishnan,M,1972-01-16,5129116479,pranav99@example.net,Malegaon,Himachal Pradesh,2024-12-01,Retail,1
CUST01531,Ekantika Kala,F,1991-12-03,5915300751,arunimasrinivasan@example.net,Noida,Arunachal Pradesh,2024-08-15,Merchant-linked,1
CUST01532,Onveer Lad,F,1976-03-14,1081246437,samesh01@example.com,Ahmedabad,Maharashtra,2024-11-10,Retail,2
CUST01533,Ishaan Bala,M,1978-10-05,3749121879,samrafaras@example.com,Gwalior,Kerala,2025-04-30,Retail,0
CUST01534,Hritik Gala,M,1975-12-02,3160040272,ovaidya@example.net,Gorakhpur,Goa,2023-10-22,Premium,2
CUST01535,Fariq Lalla,M,1996-07-07,2507966997,bhatiaekansh@example.com,Alwar,Uttarakhand,2024-06-02,Retail,3
CUST01536,Manya Atwal,M,1991-06-08,7238615952,tanmayi57@example.net,Kakinada,Tripura,2026-04-02,Retail,2
CUST01537,Victor Balakrishnan,F,1976-12-15,7979836760,pillaytejas@example.net,Jorhat,Bihar,2024-07-22,Premium,2
CUST01538,Victor Bhalla,M,2007-06-12,6028586966,ishanvimohanty@example.net,Singrauli,Andhra Pradesh,2026-04-11,Retail,3
CUST01539,Finn Garg,F,1964-10-24,8426226441,hemani94@example.org,Medininagar,Rajasthan,2024-04-25,Premium,0
CUST01540,Kashvi Khosla,M,1976-10-12,3779507655,ira25@example.org,Tirunelveli,Karnataka,2026-05-15,Retail,2
CUST01541,Oni Shankar,F,1998-09-14,1752279294,shauryaranganathan@example.com,Bhimavaram,Odisha,2025-06-06,Retail,1
CUST01542,Darpan Kapur,F,1992-07-17,4070084159,oeshinagarajan@example.com,Korba,Uttarakhand,2025-08-28,Retail,0
CUST01543,Ekapad Jaggi,M,1993-01-25,6352946142,daniel85@example.org,Sikar,Uttar Pradesh,2024-05-08,Merchant-linked,0
CUST01544,Nikita Bose,F,1963-12-11,8737282659,mangatharsh@example.net,Ongole,Assam,2025-12-23,Retail,1
CUST01545,Chanakya Korpal,F,1970-05-07,854418436,issacgagan@example.org,Begusarai,Nagaland,2023-10-10,Retail,0
CUST01546,Ekalinga Balay,M,1988-06-28,7677773657,chanchal59@example.org,Chandrapur,Mizoram,2023-12-16,Merchant-linked,1
CUST01547,Zashil Jaggi,M,1977-10-30,1026939553,rehaankrish@example.org,Tiruppur,Kerala,2025-08-11,Retail,0
CUST01548,Deepa Venkatesh,F,1975-10-01,7026406260,nagarajanjatin@example.net,Farrukhabad,Uttarakhand,2025-02-10,Merchant-linked,1
CUST01549,Naksh Chhabra,M,2005-05-25,4834279730,sarkarfalak@example.com,Hapur,Goa,2025-07-30,Premium,2
CUST01550,Veer Patel,M,1984-12-25,7712582848,ishita16@example.net,Ballia,Assam,2025-10-25,Retail,0
CUST01551,Dipta Ramesh,M,1992-02-29,4645239004,nachiket86@example.com,Bathinda,Himachal Pradesh,2025-01-26,Retail,1
CUST01552,Ekapad Thakkar,M,1988-11-08,9501467093,chaitanya28@example.net,Howrah,Uttar Pradesh,2025-08-25,Retail,0
CUST01553,Triya Sule,M,2003-11-07,7346031613,gaganrajan@example.com,Ongole,Karnataka,2026-02-02,Retail,2
CUST01554,Hemani Mani,F,1991-09-20,2867851506,palanjagrati@example.net,Bhubaneswar,Tamil Nadu,2024-07-31,Premium,1
CUST01555,Omaja Buch,M,2001-11-23,8940936364,dipta16@example.org,Muzaffarnagar,Gujarat,2025-05-06,Retail,1
CUST01556,Raghav Grover,F,1966-12-15,1825696192,jmuni@example.net,Adoni,Meghalaya,2025-03-31,Retail,1
CUST01557,Yashica Rege,F,1996-02-18,9630527043,idikabrar@example.com,Guntur,Haryana,2023-08-24,Premium,0
CUST01558,Krish Subramanian,F,1974-02-24,1763191986,hiral36@example.org,Jalgaon,Goa,2024-03-12,Premium,0
CUST01559,Ranbir Pall,M,1980-08-28,5775694298,abhiram03@example.net,Nandyal,Gujarat,2023-09-08,Premium,0
CUST01560,Darika Viswanathan,M,1968-12-28,4635235611,kibeaarush@example.net,Ballia,Karnataka,2025-02-08,Retail,1
CUST01561,Liam Bhavsar,M,1987-08-15,1112817790,oramaswamy@example.com,Nangloi Jat,Goa,2025-02-10,Retail,2
CUST01562,Nathan Sachdeva,F,2006-04-25,9845033790,karvritti@example.com,Hapur,Rajasthan,2025-08-22,Retail,1
CUST01563,Sai Dugal,F,1994-09-27,2756719503,dbhatia@example.org,Sikar,Karnataka,2024-01-28,Premium,1
CUST01564,Ekbal Tella,F,1977-09-13,8820151497,gaurav36@example.net,Alappuzha,West Bengal,2024-08-28,Retail,2
CUST01565,Hiral Devan,F,1985-01-09,2619549029,ranveer45@example.com,Alappuzha,West Bengal,2024-10-13,Retail,3
CUST01566,Rajeshri Oza,F,1990-08-26,915956783,raghav60@example.org,Chandigarh,Chhattisgarh,2025-06-28,Retail,0
CUST01567,Ojasvi Rajagopal,M,1965-09-22,3608780720,harishbhavsar@example.org,Gangtok,Punjab,2024-11-16,Retail,2
CUST01568,Priya Kannan,M,1981-11-22,3734483656,agateidika@example.com,Pallavaram,Uttar Pradesh,2024-06-20,Merchant-linked,0
CUST01569,Nikita Suresh,F,1983-08-05,4673931649,pavani88@example.com,Dhanbad,Tripura,2024-08-30,Premium,1
CUST01570,Jeet Bhardwaj,M,2001-06-05,3129266254,narangzaitra@example.org,Kanpur,West Bengal,2023-11-24,Retail,1
CUST01571,Libni Das,F,2000-07-27,1900738,wsastry@example.net,Tirupati,Telangana,2025-01-29,Premium,3
CUST01572,Neelima Kata,F,2000-01-04,8941319859,lukechopra@example.org,Etawah,Jharkhand,2024-01-01,Retail,2
CUST01573,Parth Parmer,F,1990-11-20,1903594094,golladipta@example.net,Giridih,Arunachal Pradesh,2025-10-04,Retail,3
CUST01574,Liam Koshy,M,1987-05-30,6766062895,kalaupma@example.net,Deoghar,Manipur,2024-06-20,Retail,0
CUST01575,Ansh Wable,M,1965-06-06,6329397026,aayushsodhi@example.org,Tirupati,Nagaland,2023-11-13,Retail,0
CUST01576,Jacob Kapadia,M,1971-05-09,1786057767,krishnabandi@example.org,Bhatpara,Mizoram,2026-06-18,Retail,3
CUST01577,Ekaja Sarma,F,1973-08-02,8923036067,garaamaira@example.net,Akola,Madhya Pradesh,2024-07-29,Retail,0
CUST01578,Devansh Gulati,M,2004-12-16,9674514537,zmital@example.com,North Dumdum,Chhattisgarh,2025-09-25,Retail,0
CUST01579,Isaiah Verma,M,1978-03-03,1156733851,osha70@example.net,Allahabad,Sikkim,2024-11-02,Retail,1
CUST01580,Samaksh Thaman,M,1995-12-05,9346502758,hemangini63@example.net,Tiruppur,Tripura,2025-03-17,Premium,0
CUST01581,Yash Mital,F,1990-07-28,2457051557,abhimanyujain@example.org,Ulhasnagar,Manipur,2023-11-22,Retail,2
CUST01582,Madhavi Dyal,M,1994-12-19,9747623703,wsawhney@example.net,Haridwar,Mizoram,2023-11-30,Retail,1
CUST01583,Jason Dubey,M,1969-03-21,1232806253,anvi55@example.com,Panvel,Punjab,2024-02-10,Retail,3
CUST01584,Frederick Lal,F,1997-05-24,3563032826,aditya47@example.net,Karimnagar,Manipur,2023-12-04,Retail,0
CUST01585,Liam Chanda,M,1969-12-24,862868564,rbedi@example.net,Bhagalpur,Andhra Pradesh,2025-04-25,Premium,2
CUST01586,Reva Goel,F,1985-08-17,6736316330,chauhanupasna@example.org,Saharanpur,Mizoram,2025-11-16,Retail,3
CUST01587,Sarthak Ravel,F,1975-08-04,8474911634,bhatguneet@example.com,Noida,Tripura,2024-09-22,Premium,2
CUST01588,Maanas Viswanathan,M,1973-10-16,4140857962,chawlaaarav@example.net,Hajipur,Maharashtra,2023-11-12,Retail,1
CUST01589,Oeshi Bassi,F,1996-02-22,2604690174,raghavankrish@example.com,Srinagar,Andhra Pradesh,2024-11-05,Premium,1
CUST01590,Bhavna Nagarajan,M,2007-12-31,2165024238,aachal07@example.org,Kanpur,Sikkim,2024-12-26,Retail,2
CUST01591,Zaitra Prasad,F,1961-10-14,506671485,tatafaris@example.com,Ramgarh,Tripura,2024-07-22,Retail,2
CUST01592,Dominic Garde,M,1987-08-27,4922028815,liam17@example.com,Jamshedpur,Uttarakhand,2024-02-04,Retail,1
CUST01593,Ojas Natt,F,2006-12-12,732491394,jasmitbath@example.net,Morbi,Himachal Pradesh,2025-05-20,Retail,0
CUST01594,Wriddhish Karpe,M,1984-11-30,4037654399,anirudh33@example.org,Rohtak,Uttarakhand,2023-11-30,Retail,1
CUST01595,Yatan Dave,M,1988-12-28,8505048715,dasssiddharth@example.com,Tirunelveli,Bihar,2023-10-22,Retail,2
CUST01596,Vasudha Kulkarni,M,1974-07-03,9391171740,meera88@example.net,Bettiah,Madhya Pradesh,2024-08-04,Retail,2
CUST01597,Sathvik Srinivas,M,1974-09-26,9666072366,hemang20@example.net,Tinsukia,Andhra Pradesh,2024-03-12,Retail,1
CUST01598,Yachana Dube,F,1977-09-14,8940439351,enarasimhan@example.com,Mira-Bhayandar,Tamil Nadu,2026-04-23,Retail,1
CUST01599,Bimala Behl,M,1971-01-19,6367817524,yagnesh76@example.com,Phagwara,Uttarakhand,2026-03-13,Retail,1
CUST01600,Thomas Apte,M,1970-09-04,3952608853,skhalsa@example.net,Tiruchirappalli,Assam,2024-05-16,Premium,2
CUST01601,Daksha Shah,M,2007-08-05,7377049909,mukherjeejanya@example.com,Ramgarh,Meghalaya,2026-05-23,Premium,2
CUST01602,Lekha Chandra,M,1998-01-24,3405736891,imaran75@example.com,Kakinada,Arunachal Pradesh,2025-01-05,Retail,1
CUST01603,Hemang Thakkar,F,1992-04-29,7169916587,darikaboase@example.org,Bilaspur,Nagaland,2026-02-19,Merchant-linked,1
CUST01604,Oni Sengupta,M,2005-06-03,2657281829,nitesh49@example.net,Machilipatnam,Andhra Pradesh,2025-06-29,Retail,4
CUST01605,Harish Pall,F,1993-02-23,5373043763,netra70@example.com,Raebareli,Tripura,2025-06-12,Retail,1
CUST01606,Aadhya Chandran,M,1973-08-22,4075602,xmuni@example.org,Medininagar,Meghalaya,2024-02-05,Retail,1
CUST01607,Neel Goda,F,1995-10-26,4273449799,zhayer@example.com,Pondicherry,Himachal Pradesh,2024-12-06,Retail,1
CUST01608,Yashoda Shenoy,F,2000-10-11,7105392590,naikrobert@example.net,Delhi,Tripura,2025-06-26,Retail,0
CUST01609,Bimala Kapur,F,1994-04-07,256004131,jpandey@example.com,Bahraich,Bihar,2026-07-10,Merchant-linked,2
CUST01610,Upadhriti Chauhan,F,1981-09-16,5064272990,surniharika@example.com,Bhavnagar,West Bengal,2024-02-14,Retail,3
CUST01611,Bakhshi Dhawan,M,1996-01-26,3163915846,omya04@example.com,Anand,Goa,2026-06-29,Retail,0
CUST01612,Samarth Sarin,F,1990-05-31,1550261340,deshmukhmohammed@example.net,Bhiwani,Madhya Pradesh,2024-11-29,Retail,0
CUST01613,Ekantika Mangat,F,1992-02-14,3242169435,dborah@example.net,Ambarnath,Nagaland,2026-03-24,Retail,0
CUST01614,Zilmil Balay,F,2006-05-29,3213678864,nilimachoudhary@example.com,Ludhiana,Manipur,2023-08-31,Retail,2
CUST01615,Jasmit Tank,M,1961-01-14,9508687441,ughose@example.net,Kavali,Chhattisgarh,2026-03-08,Retail,3
CUST01616,Dipta Sankar,M,1961-10-31,2551517975,qverma@example.net,Bellary,Assam,2026-01-25,Retail,1
CUST01617,Suhani Hora,M,1973-06-16,5801976213,rmalhotra@example.com,Imphal,Chhattisgarh,2026-05-15,Retail,0
CUST01618,Gautami Kothari,F,1967-11-22,2470810148,nbora@example.net,Varanasi,Tripura,2026-01-30,Merchant-linked,1
CUST01619,Yatin Sem,F,1997-07-02,8126817930,yutika89@example.net,Ozhukarai,West Bengal,2025-07-16,Premium,1
CUST01620,Jai Loyal,F,1961-05-28,4050810563,gourhitesh@example.org,Jalandhar,Maharashtra,2025-09-05,Retail,0
CUST01621,Omya Bains,F,2003-05-05,2467642812,mekhaladutt@example.org,Shimoga,Punjab,2025-02-12,Premium,1
CUST01622,Ekani Borde,M,2001-04-20,920331465,sainimahika@example.com,Anand,Rajasthan,2023-11-30,Retail,0
CUST01623,Bhavika Pai,F,2001-05-28,3896416450,ranveer22@example.org,Chittoor,Chhattisgarh,2026-07-12,Retail,0
CUST01624,Lekha Kumar,M,1965-02-23,6139557458,naiduyamini@example.org,Bijapur,Arunachal Pradesh,2025-02-21,Retail,1
CUST01625,Anika Mallick,F,2000-12-21,8859881920,lakshmi93@example.org,Khora ,Maharashtra,2025-12-29,Merchant-linked,1
CUST01626,Rajata Gade,F,1967-04-20,8312753418,harinakshi78@example.net,Nanded,Uttar Pradesh,2026-05-04,Retail,0
CUST01627,Yoshita Badami,F,1964-11-08,7106294502,suhani35@example.net,Alwar,Bihar,2026-07-13,Retail,0
CUST01628,Yatin Bora,F,1962-02-08,2318667906,psubramaniam@example.net,Faridabad,Tamil Nadu,2026-05-02,Retail,0
CUST01629,Darsh Merchant,M,1960-09-15,8437826018,tristan34@example.org,Anantapur,Gujarat,2025-05-10,Retail,1
CUST01630,Krish Lalla,F,1966-10-14,7727745750,rachit11@example.com,Bhiwani,Arunachal Pradesh,2024-04-18,Merchant-linked,1
CUST01631,Ranveer Wali,M,1971-09-09,8788420475,yahvi94@example.com,Pimpri-Chinchwad,Madhya Pradesh,2025-04-24,Retail,0
CUST01632,Peter Vora,F,1976-12-20,254616794,venkateshzansi@example.com,Vijayanagaram,Telangana,2026-04-25,Premium,2
CUST01633,Eshana Mannan,M,1998-02-01,9211857235,triveni37@example.com,Durgapur,Madhya Pradesh,2025-08-07,Merchant-linked,0
CUST01634,Ira Master,F,1997-05-23,7917822008,kumerpranav@example.net,Erode,Punjab,2023-10-20,Retail,3
CUST01635,Ekaja Chada,M,1976-01-30,9514909671,lankaira@example.net,South Dumdum,Himachal Pradesh,2024-02-02,Merchant-linked,2
CUST01636,Veda Memon,F,2002-09-17,6529483051,vdugal@example.com,Bokaro,Rajasthan,2024-04-07,Premium,0
CUST01637,Samesh Keer,F,1976-05-10,7577773426,chanakya31@example.org,Gudivada,Manipur,2025-05-19,Retail,1
CUST01638,Aarav Singhal,M,2004-06-07,2806199074,emahajan@example.org,Jaunpur,Bihar,2025-10-27,Retail,1
CUST01639,Bimala Karpe,M,1978-04-24,8303253695,fraghavan@example.org,Hyderabad,Meghalaya,2026-06-17,Merchant-linked,0
CUST01640,Christopher Tata,M,1969-01-28,9476461261,nidhikhalsa@example.org,Belgaum,West Bengal,2026-06-09,Merchant-linked,1
CUST01641,Gauri Ramesh,M,1994-02-20,3909519566,yiyer@example.org,Meerut,Kerala,2025-08-11,Premium,0
CUST01642,Aashi Bhalla,F,1982-01-04,481135373,vasudhagade@example.net,Amaravati,Telangana,2025-03-21,Premium,1
CUST01643,Triveni Singh,F,1994-02-02,5489907129,nandabrinda@example.net,Morena,Andhra Pradesh,2023-10-11,Premium,1
CUST01644,Yug Kalla,F,1997-11-17,3268937460,swason@example.org,Panchkula,Meghalaya,2023-11-17,Retail,3
CUST01645,Ekansh Vora,M,1973-05-25,1956176558,jyotipathak@example.org,Miryalaguda,Meghalaya,2025-07-31,Retail,2
CUST01646,Robert Ahluwalia,M,1998-04-05,2829335287,prasadrishi@example.com,Dewas,Meghalaya,2026-05-20,Retail,3
CUST01647,Dayita Tara,F,1973-05-28,5507283101,zachariavarsha@example.com,Tirupati,Uttarakhand,2026-05-12,Merchant-linked,0
CUST01648,Atharv Nigam,F,1986-09-11,5801088679,fsaran@example.net,Amroha,Nagaland,2025-12-31,Retail,1
CUST01649,Krisha Hari,M,2000-06-23,6533347749,jdivan@example.net,Tirunelveli,Mizoram,2023-12-19,Premium,1
CUST01650,Hemani Acharya,M,1969-05-03,4387345052,nagarajanaarush@example.com,Bikaner,Tripura,2024-11-05,Retail,0
CUST01651,Prisha Gade,F,1989-03-15,5977366098,sarnachanchal@example.com,Pali,Maharashtra,2024-09-11,Retail,0
CUST01652,Inaya Viswanathan,F,1982-04-03,8955713198,bbhattacharyya@example.org,Bokaro,Karnataka,2025-01-11,Premium,3
CUST01653,Vansha Subramanian,F,1973-12-18,2123848775,venkataramanupasna@example.com,Kumbakonam,Odisha,2026-03-04,Retail,1
CUST01654,Jonathan Grover,F,1999-09-15,59054517,bhavani05@example.net,Aurangabad,Haryana,2024-06-10,Retail,1
CUST01655,Bina Rege,F,1966-09-01,1239330653,urmi59@example.net,Aurangabad,Madhya Pradesh,2026-07-17,Retail,0
CUST01656,Yahvi Grewal,M,1995-09-08,9608787578,udyatisandal@example.org,Giridih,Meghalaya,2024-12-17,Retail,2
CUST01657,Rajeshri Rajan,M,1980-05-28,9785500445,ndugar@example.net,Jodhpur,Andhra Pradesh,2026-05-05,Premium,2
CUST01658,Qabil Divan,F,1980-01-24,7825463059,htata@example.org,Mango,Karnataka,2024-03-23,Retail,1
CUST01659,Nitesh Mall,F,1999-02-09,8198708840,aarnavpatla@example.org,Sonipat,Punjab,2025-06-17,Retail,0
CUST01660,Rajeshri Vig,M,1971-01-18,705130696,hredhaannadkarni@example.com,Begusarai,Manipur,2025-11-29,Retail,1
CUST01661,Veda Verma,M,2005-08-09,7982149241,akhurana@example.com,Buxar,Arunachal Pradesh,2026-01-18,Merchant-linked,1
CUST01662,Tanveer Bandi,F,1980-03-21,8368167238,zbatra@example.com,Serampore,Kerala,2025-04-11,Retail,1
CUST01663,Yagnesh Narain,M,1974-08-01,5772504025,balekaja@example.com,Saharanpur,Gujarat,2024-08-18,Retail,1
CUST01664,Jagvi Sodhi,M,1990-11-03,8024104150,jacksonravi@example.com,Nagaon,Sikkim,2023-12-24,Merchant-linked,0
CUST01665,Gabriel Oza,F,1991-02-15,6134047500,bahadurjit89@example.org,Morena,Andhra Pradesh,2024-10-25,Merchant-linked,0
CUST01666,Leena Mukherjee,F,1989-10-08,9356580363,vidhi22@example.com,Anantapur,Tripura,2025-02-13,Retail,0
CUST01667,Vedhika Barad,F,1985-10-14,3514244966,banerjeeabha@example.com,Gudivada,Tamil Nadu,2025-03-26,Retail,1
CUST01668,Omisha Tandon,F,1990-12-20,1409617099,tankakshay@example.net,Sikar,Maharashtra,2026-06-06,Premium,1
CUST01669,Udant Badami,M,1971-09-01,6912815016,jrajan@example.com,Ahmednagar,Bihar,2024-01-31,Retail,0
CUST01670,Theodore Sama,M,1965-10-26,6987622957,januja08@example.org,Jamshedpur,Manipur,2026-04-08,Retail,1
CUST01671,Gaurav Nayar,F,1997-10-14,6042614471,adweta15@example.org,Bhilwara,Jharkhand,2026-06-16,Retail,1
CUST01672,Oeshi Mangal,M,1995-08-07,4191378049,anshgulati@example.net,Raiganj,Haryana,2025-05-13,Retail,0
CUST01673,Nitesh Muni,F,2003-10-14,6074146440,indirahalder@example.com,Anantapur,Kerala,2024-08-17,Premium,5
CUST01674,Rudra Dhar,F,1999-11-12,2138415510,janakidhaliwal@example.com,Chennai,Kerala,2024-10-21,Retail,2
CUST01675,Yashvi Mahal,F,1991-09-14,727126334,vrindawagle@example.org,Saharanpur,Maharashtra,2025-01-01,Premium,0
CUST01676,Yug Kohli,F,1968-01-22,2776746958,lekha87@example.net,Durg,Odisha,2025-08-19,Retail,4
CUST01677,Amrita Hari,M,1998-06-06,6757266849,csami@example.net,Gaya,Arunachal Pradesh,2024-03-10,Premium,1
CUST01678,Jatin Jhaveri,F,2002-08-08,7905340388,nagargopal@example.net,Vasai-Virar,Madhya Pradesh,2024-10-21,Retail,2
CUST01679,Nakul Krish,M,1980-12-15,1938895311,xchandra@example.com,Bhilwara,Uttar Pradesh,2023-11-20,Premium,1
CUST01680,Frado Bains,M,1992-12-22,862365046,lukemukhopadhyay@example.com,Ulhasnagar,Karnataka,2023-12-09,Retail,0
CUST01681,Pooja Chaudhary,F,2005-11-20,5062108401,zbadami@example.org,Agra,Odisha,2026-07-18,Retail,2
CUST01682,Irya Gour,F,2002-04-06,8665083681,mannanbenjamin@example.com,Chittoor,Gujarat,2023-10-16,Retail,2
CUST01683,Fitan Mand,M,1996-11-05,3909200562,goelbhavani@example.com,Anand,Uttarakhand,2024-08-01,Retail,0
CUST01684,Onveer Bhatnagar,F,1971-09-22,3815229322,aahana01@example.com,Jamalpur,Sikkim,2026-05-28,Retail,5
CUST01685,Vrishti Pillai,F,1974-08-20,8864594780,anamikasangha@example.org,Bulandshahr,Punjab,2026-01-26,Retail,0
CUST01686,Vanya Palla,F,1977-11-21,458387500,guhajack@example.com,Bareilly,Rajasthan,2026-03-12,Retail,2
CUST01687,Janani Tella,M,1960-09-30,3315696401,fbalasubramanian@example.net,Dhule,Karnataka,2024-03-04,Premium,1
CUST01688,Ojas Ghosh,M,1999-06-28,931642663,mastercharles@example.net,Jhansi,Bihar,2023-08-28,Premium,1
CUST01689,Frederick Sen,M,1966-06-12,5740519950,ahluwaliagaurangi@example.com,Muzaffarpur,Rajasthan,2024-09-04,Merchant-linked,0
CUST01690,Upkaar Patla,F,1989-05-05,7635241302,dchaudhari@example.com,Khammam,Telangana,2024-11-12,Retail,2
CUST01691,Chaitaly Ganesh,F,2007-01-17,7774149057,matthewdave@example.net,Tadipatri,West Bengal,2026-01-26,Premium,0
CUST01692,Nihal Ramesh,F,2007-12-01,8789891683,ishaan11@example.com,Firozabad,Bihar,2024-02-03,Retail,2
CUST01693,Janya Mody,F,2007-01-04,3137174190,dayita50@example.net,Fatehpur,Telangana,2026-01-03,Retail,1
CUST01694,Aachal Amble,M,2003-06-28,7617061301,timothychana@example.net,Malda,Goa,2023-09-20,Premium,0
CUST01695,Eesha Singhal,M,1988-10-25,6400191542,binaborde@example.org,Parbhani,Gujarat,2024-06-03,Retail,4
CUST01696,Chavvi Boase,F,2000-10-09,7546624822,jonathan11@example.com,Silchar,Arunachal Pradesh,2024-04-14,Merchant-linked,3
CUST01697,Guneet Nigam,M,1990-01-28,4665217464,santanamika@example.net,Bangalore,Maharashtra,2023-09-24,Retail,1
CUST01698,Bhavna Chauhan,M,1965-04-01,7134631078,cnagi@example.net,Meerut,Bihar,2025-04-04,Premium,2
CUST01699,Akshay Mahal,M,1965-09-29,4474733435,csridhar@example.org,Ambala,Tripura,2024-09-06,Retail,0
CUST01700,Wyatt Bose,M,1992-08-04,5040937011,rsem@example.net,Udupi,Kerala,2024-02-16,Premium,4
CUST01701,Falak Pandya,F,1962-03-12,7928184726,vjha@example.net,Tumkur,Assam,2024-11-15,Retail,0
CUST01702,Gautam Pal,F,2002-01-01,6278908806,doctorjacob@example.com,Madanapalle,Chhattisgarh,2026-03-12,Premium,1
CUST01703,Naveen Kadakia,F,1972-03-22,2567725038,sgill@example.com,Bhilwara,Assam,2024-03-08,Retail,3
CUST01704,Watika Talwar,M,1969-09-09,5737421420,sarnawilliam@example.com,Gorakhpur,Kerala,2025-07-11,Retail,2
CUST01705,Dominic Mani,M,1967-07-10,5925309558,meghamerchant@example.net,Unnao,Gujarat,2024-12-22,Retail,0
CUST01706,Sudiksha Dixit,F,1971-04-26,6129213511,chhabraayushman@example.com,Maheshtala,Kerala,2026-05-22,Retail,0
CUST01707,Pranav Lad,F,1980-01-28,8412322232,ekantasom@example.org,Dhule,Odisha,2026-01-20,Retail,0
CUST01708,Yuvraj Srinivasan,M,1961-03-17,8783792131,keyabhagat@example.net,Tadipatri,Uttar Pradesh,2025-05-15,Merchant-linked,0
CUST01709,Ekansh Pradhan,F,1965-10-03,1784498838,raksha38@example.org,Rajahmundry,Uttar Pradesh,2024-03-29,Retail,2
CUST01710,Zashil Lata,F,1979-08-18,5540770053,samarthlalla@example.net,Amravati,Tripura,2025-02-14,Retail,0
CUST01711,Vincent Varughese,F,2008-04-09,2847798258,xboase@example.com,Salem,Karnataka,2026-03-18,Retail,2
CUST01712,Tarak Bandi,F,1982-01-20,6667063311,chawlagaurangi@example.com,Indore,Punjab,2024-05-06,Retail,5
CUST01713,Ishaan Gupta,F,1972-11-26,3779170379,yohannanlaksh@example.org,Baranagar,Kerala,2025-02-20,Retail,2
CUST01714,Vansha Dhawan,F,1999-05-06,2474246847,darsh65@example.org,Thanjavur,Tamil Nadu,2026-03-26,Retail,2
CUST01715,Ridhi Dar,M,1966-11-05,2095789035,sachdevaadya@example.com,Raebareli,Karnataka,2026-05-29,Premium,1
CUST01716,Fariq Sekhon,F,1973-04-14,540515567,chanakyadada@example.net,Panchkula,Uttar Pradesh,2024-07-21,Premium,3
CUST01717,Balendra Bajwa,F,1964-01-26,1405806709,tparmer@example.net,Kolkata,Arunachal Pradesh,2023-09-03,Premium,0
CUST01718,Baljiwan Bajaj,M,1974-09-10,4549768348,niharika04@example.net,Ichalkaranji,Madhya Pradesh,2024-11-14,Retail,0
CUST01719,Sachi Sami,F,1963-07-17,8079511812,kashishbhasin@example.net,Arrah,Odisha,2024-08-05,Premium,2
CUST01720,Darika Khosla,F,1965-11-10,7174164776,nakshkota@example.org,Rewa,Meghalaya,2023-10-20,Retail,0
CUST01721,Damyanti Prashad,M,1965-06-01,4469645892,qasimtrivedi@example.org,New Delhi,West Bengal,2024-12-04,Premium,1
CUST01722,Anita Mallick,F,1997-06-21,9759144894,leena58@example.com,Noida,Uttar Pradesh,2025-04-28,Retail,2
CUST01723,Yahvi Talwar,F,1987-07-10,3767649737,anushadivan@example.com,Phusro,Bihar,2026-02-15,Retail,2
CUST01724,Jason Sampath,M,1966-09-20,4767666091,janyagade@example.com,Cuttack,Karnataka,2025-04-25,Retail,1
CUST01725,Isaiah Sen,M,1981-07-11,856759105,csundaram@example.net,Alwar,Uttar Pradesh,2024-12-06,Retail,0
CUST01726,Indrajit Magar,F,1962-04-08,7025015544,tara52@example.com,Thrissur,Meghalaya,2024-05-21,Retail,0
CUST01727,Amruta Parikh,M,1976-10-16,7663354205,advaithsengupta@example.org,Nandyal,Chhattisgarh,2025-03-04,Retail,2
CUST01728,Vaishnavi Ramachandran,F,1988-01-30,894266036,groverucchal@example.com,Bilaspur,Nagaland,2024-02-19,Premium,1
CUST01729,Ronith Patel,M,1962-11-07,9616537778,acherian@example.com,Dharmavaram,Bihar,2024-10-07,Premium,2
CUST01730,Gauri Bains,M,2001-08-26,2592501691,dwagle@example.com,Dhule,Arunachal Pradesh,2025-01-10,Retail,3
CUST01731,Ansh Viswanathan,M,1963-09-03,4902374326,guneet80@example.org,Gangtok,Rajasthan,2024-08-29,Retail,0
CUST01732,Jacob Ghosh,M,1988-02-09,6403118287,lparikh@example.com,Gwalior,Rajasthan,2024-01-21,Retail,0
CUST01733,Vihaan Bhargava,M,2008-04-15,6694239438,nathan88@example.com,Latur,Meghalaya,2025-09-24,Retail,1
CUST01734,Damini Nair,M,1963-03-19,277217931,narayanindira@example.org,Khandwa,Manipur,2025-06-07,Retail,1
CUST01735,Arunima Mody,F,1993-01-23,7268779388,gargrajata@example.com,Guna,Meghalaya,2025-01-12,Retail,1
CUST01736,Leela Chacko,F,1963-02-17,7629696524,falanvarkey@example.org,Surat,Jharkhand,2023-09-10,Premium,0
CUST01737,Abhiram Sharma,F,1999-04-23,2943370265,meghana35@example.com,Vijayawada,Odisha,2024-03-30,Retail,1
CUST01738,Dev Buch,M,1962-02-03,5845673137,kmaharaj@example.org,Hospet,Kerala,2024-11-03,Retail,1
CUST01739,Xalak Kaul,F,1960-12-17,7373397010,odikadugar@example.org,Kozhikode,Telangana,2025-08-10,Retail,1
CUST01740,Alexander Acharya,M,1980-08-07,8654966025,benjamin47@example.org,Proddatur,Tamil Nadu,2026-02-13,Retail,0
CUST01741,Chavvi Nori,F,1963-02-28,3119596027,warda79@example.com,Dhanbad,West Bengal,2024-08-02,Retail,4
CUST01742,Krisha Doctor,F,1975-11-04,422464069,swamygeetika@example.com,Kadapa,Goa,2025-02-01,Retail,0
CUST01743,Ikbal D’Alia,M,1975-01-15,6058019755,neelimaswamy@example.net,Anantapur,Arunachal Pradesh,2024-05-25,Retail,1
CUST01744,Gavin Mistry,M,2004-02-17,2942670880,jatin37@example.net,Belgaum,Maharashtra,2025-02-12,Retail,0
CUST01745,Caleb Memon,M,1967-07-01,6981420768,sanghvifaras@example.com,Purnia,Kerala,2025-04-25,Merchant-linked,0
CUST01746,Upkaar Sibal,F,1979-06-04,541715007,wpall@example.org,Kolkata,Manipur,2026-04-17,Merchant-linked,1
CUST01747,Praneel Tripathi,F,1974-04-07,5761867706,duttapeter@example.net,Dewas,Odisha,2026-02-25,Premium,0
CUST01748,Samesh Anne,F,2006-04-08,1527259783,chatura89@example.org,Ranchi,Kerala,2025-05-12,Retail,4
CUST01749,Bhavini Shroff,F,1990-10-12,9880122562,vchar@example.org,Jalgaon,Kerala,2025-01-23,Premium,0
CUST01750,Ekaraj Raval,M,2002-08-20,637035595,ramanraksha@example.com,Junagadh,Tamil Nadu,2024-11-02,Retail,2
CUST01751,Idika Ranganathan,F,2004-12-21,6025368732,etamajumdar@example.com,Jamalpur,Andhra Pradesh,2024-10-05,Merchant-linked,0
CUST01752,Andrew Sarna,F,1987-06-23,3871834100,brinda84@example.org,Indore,Tripura,2023-08-26,Retail,2
CUST01753,David Kar,F,1994-04-23,6089706493,manebarkha@example.com,Satna,Telangana,2025-04-01,Retail,1
CUST01754,Dalbir Lall,F,1983-03-11,7890276451,chandresh19@example.net,Pallavaram,Karnataka,2024-07-03,Merchant-linked,0
CUST01755,Yashoda Acharya,F,1986-08-25,7406282850,udarsh20@example.com,Jorhat,Kerala,2023-11-05,Retail,0
CUST01756,Daksh Dada,M,1969-09-07,4711788750,waliamara@example.org,Secunderabad,Telangana,2023-11-26,Retail,1
CUST01757,Harsh Datta,M,1961-09-10,7404515699,sray@example.net,Eluru,Nagaland,2025-04-19,Retail,0
CUST01758,Sara Kara,F,1985-02-27,925239060,cbath@example.org,Barasat,Uttarakhand,2026-01-01,Retail,1
CUST01759,Samar Sood,F,1970-06-26,9125819366,nmishra@example.com,Jammu,Assam,2025-07-20,Retail,1
CUST01760,Ati Pradhan,M,2006-05-07,5089514631,xroy@example.org,Ranchi,Chhattisgarh,2024-03-18,Retail,1
CUST01761,Nachiket Kade,F,1972-03-09,8831960250,kuruvillaabdul@example.org,Sambalpur,Tripura,2026-01-25,Retail,1
CUST01762,Ladli Sanghvi,F,1985-05-11,726027578,odikathakur@example.org,Tiruppur,Meghalaya,2024-03-13,Retail,1
CUST01763,Manan Jaggi,M,1969-10-01,9701998247,hardik86@example.org,Delhi,Odisha,2025-02-09,Premium,1
CUST01764,Raghav Raval,F,1982-09-25,8168960066,vidhibatta@example.com,Uluberia,Goa,2025-03-21,Retail,2
CUST01765,Krishna Naidu,F,1984-10-21,6817922419,nanand@example.org,Proddatur,Arunachal Pradesh,2025-03-07,Retail,0
CUST01766,Aayush Pal,F,2003-02-12,4878904833,vshankar@example.net,Munger,Arunachal Pradesh,2024-03-01,Merchant-linked,4
CUST01767,Ekaraj Thaman,F,1993-08-24,6640599743,kakarsai@example.net,Thanjavur,Tamil Nadu,2026-04-27,Premium,2
CUST01768,Reva Chhabra,F,1966-09-19,415578137,jagdishsridhar@example.net,Munger,Chhattisgarh,2024-06-02,Retail,3
CUST01769,Zayyan Koshy,F,1970-01-23,7827305976,akshay78@example.com,Nizamabad,Andhra Pradesh,2025-11-10,Retail,0
CUST01770,Riya Sen,M,1974-10-05,2199785652,adyanatt@example.net,Rewa,Manipur,2024-02-21,Retail,3
CUST01771,Christopher Sheth,F,1968-05-30,7940601541,jkaul@example.com,Patiala,Punjab,2024-01-10,Retail,2
CUST01772,Madhavi Devi,F,1968-01-30,6862966103,pluthra@example.net,Karaikudi,Jharkhand,2024-03-20,Retail,0
CUST01773,Dalaja Dyal,F,1980-05-02,3506001266,sborra@example.net,Tezpur,West Bengal,2023-11-17,Retail,1
CUST01774,Hitesh Sani,M,1979-06-18,4543001784,naksh05@example.org,Mau,Sikkim,2025-08-07,Retail,2
CUST01775,Rudra Bhalla,F,1984-08-03,2166569107,dalalwarda@example.org,Nizamabad,Andhra Pradesh,2025-06-30,Retail,1
CUST01776,Bahadurjit Bains,M,1980-03-06,2764349465,nagarajanreyansh@example.com,Pallavaram,Sikkim,2026-02-10,Retail,0
CUST01777,Finn Sabharwal,F,1961-05-07,9538875598,daniellad@example.net,Hapur,Karnataka,2024-02-10,Premium,0
CUST01778,Vedant Bawa,M,1999-04-25,6430329774,maanavmore@example.com,Loni,Maharashtra,2026-05-26,Retail,2
CUST01779,Barkha Bhagat,F,1974-10-16,7246497283,routshravya@example.net,Lucknow,Arunachal Pradesh,2025-05-16,Retail,2
CUST01780,Bishakha Manne,F,2007-11-18,9931642128,upma02@example.com,Mumbai,Karnataka,2025-07-05,Premium,1
CUST01781,Gaurang Pathak,F,1997-06-14,3456512343,gbala@example.org,Thrissur,Assam,2026-05-17,Retail,0
CUST01782,Falguni Master,F,1972-02-03,8459073128,gopalmaya@example.com,Bareilly,Sikkim,2025-02-14,Retail,3
CUST01783,Aahana Lala,M,1997-07-04,7707050709,lekhakalla@example.org,Machilipatnam,Goa,2026-05-08,Retail,1
CUST01784,Kalpit Sane,M,1976-09-13,798047078,qtalwar@example.com,Jhansi,Punjab,2025-05-08,Retail,0
CUST01785,Robert Ramachandran,F,1987-10-16,8454419838,noahratta@example.org,Salem,Maharashtra,2025-12-22,Merchant-linked,1
CUST01786,Henry Mutti,F,1989-08-04,2747871553,ekari@example.net,Bihar Sharif,Uttarakhand,2025-01-28,Retail,2
CUST01787,Devansh Sampath,M,1996-08-10,6502100027,ucchal00@example.com,Cuttack,Karnataka,2024-04-18,Retail,1
CUST01788,Oviya Hans,M,1965-03-22,5376932879,lgrover@example.com,Ratlam,Gujarat,2023-11-22,Retail,2
CUST01789,Nihal Lad,M,1997-02-05,8720757931,ishwar99@example.com,Satna,Sikkim,2025-04-23,Retail,0
CUST01790,Patrick Lall,M,1992-10-02,927715736,ubhargava@example.net,Hosur,Chhattisgarh,2024-08-26,Retail,1
CUST01791,Azaan Handa,M,1964-12-08,7207591445,urau@example.com,Bangalore,Assam,2025-09-24,Retail,1
CUST01792,Anamika Keer,M,1973-09-11,1026557647,tanvi32@example.net,Nangloi Jat,Jharkhand,2023-11-17,Premium,1
CUST01793,Geetika Agate,M,1981-06-06,9023309462,sahotaguneet@example.com,Muzaffarnagar,West Bengal,2026-01-27,Merchant-linked,3
CUST01794,Thomas Arora,M,1976-02-02,2890781629,wchoudhury@example.org,Gorakhpur,West Bengal,2026-02-01,Retail,0
CUST01795,Mitali Dara,M,1979-09-15,3670590411,rsankar@example.org,Hindupur,Odisha,2026-06-27,Retail,3
CUST01796,Saanvi Bali,F,1987-11-20,874961229,tvarughese@example.net,Bidhannagar,West Bengal,2025-04-10,Retail,3
CUST01797,Aahana Kalita,F,1982-06-27,8686274823,ubhattacharyya@example.com,Thoothukudi,Odisha,2026-07-07,Premium,1
CUST01798,Jack Hayer,F,2001-07-13,6721156781,qabilmemon@example.com,Narasaraopet,Rajasthan,2026-01-19,Retail,1
CUST01799,Wriddhish Sengupta,M,1964-06-17,942315963,jacobbhatnagar@example.com,Anand,Telangana,2023-11-07,Premium,0
CUST01800,Lakshmi Bajaj,M,1961-11-24,9046449405,kapooraadhya@example.org,Karaikudi,Odisha,2026-03-21,Premium,1
CUST01801,Naveen Saraf,M,1998-07-15,986068144,gchar@example.com,Saharanpur,Uttarakhand,2025-05-29,Merchant-linked,1
CUST01802,Aarnav Rout,M,2003-04-15,805858240,snaidu@example.com,Anantapuram,Andhra Pradesh,2023-09-24,Premium,2
CUST01803,Rudra Chacko,F,1978-03-06,1759896224,plalla@example.org,Giridih,Uttarakhand,2024-08-22,Retail,1
CUST01804,Pratyush Patil,F,1964-03-31,1026334922,walifalak@example.net,Dehradun,Maharashtra,2025-02-09,Retail,0
CUST01805,Jalsa Prabhakar,F,1973-04-21,4821380115,harish51@example.org,Arrah,Uttar Pradesh,2026-06-24,Retail,3
CUST01806,Samarth Singhal,M,1977-12-28,9731752523,maanav13@example.net,Karawal Nagar,Uttar Pradesh,2025-04-24,Retail,2
CUST01807,Eshana Sarkar,F,1968-08-04,7335006455,brindabarman@example.com,Kadapa,Madhya Pradesh,2024-03-06,Merchant-linked,0
CUST01808,Ridhi Gole,F,1988-04-22,625873608,labansahota@example.org,Gwalior,Maharashtra,2026-07-13,Premium,3
CUST01809,Anmol Bhatt,F,1964-09-06,2703414775,vkakar@example.com,Patiala,Manipur,2026-07-06,Retail,2
CUST01810,Abhiram Vohra,M,1962-02-14,3828981223,mpatla@example.net,Pali,Himachal Pradesh,2025-12-25,Premium,2
CUST01811,Ishaan Dutt,M,1990-09-11,2220834644,ndara@example.net,Sultan Pur Majra,Assam,2025-04-06,Retail,1
CUST01812,Chaitanya Sankaran,M,1988-01-04,9945106838,rajmadhav@example.net,Kanpur,Jharkhand,2025-08-28,Retail,2
CUST01813,Yashica Prakash,M,1994-04-15,363056956,emital@example.org,Imphal,Goa,2025-03-24,Retail,0
CUST01814,Yoshita Venkataraman,M,2005-07-24,8110714923,bvaidya@example.net,Proddatur,Sikkim,2025-02-08,Premium,0
CUST01815,Anita Kadakia,F,1999-02-21,2132677638,thamanchristopher@example.com,Anand,Jharkhand,2025-09-01,Retail,0
CUST01816,Upasna Sura,M,1976-06-12,8421818018,gavinkari@example.org,Kozhikode,Madhya Pradesh,2024-09-02,Retail,0
CUST01817,Dayamai Ram,M,1960-12-27,2312178170,wakeetamurty@example.net,Vijayawada,Nagaland,2024-07-23,Retail,3
CUST01818,Arjun Sachdeva,F,1971-02-17,1652726189,umang10@example.org,Jaunpur,Punjab,2025-07-21,Retail,3
CUST01819,Ekiya Bhatt,F,1971-06-17,2380137020,abdul14@example.com,Gwalior,West Bengal,2025-09-08,Retail,2
CUST01820,Balendra Shroff,M,1984-05-30,2045098063,jananibala@example.org,Gaya,Maharashtra,2024-01-07,Retail,0
CUST01821,Balendra Muni,F,2001-02-06,6173051513,msavant@example.org,Durg,Andhra Pradesh,2025-01-09,Retail,0
CUST01822,Saksham Nigam,M,1987-11-08,6533903638,timothychaudhuri@example.net,Dibrugarh,Andhra Pradesh,2025-09-06,Retail,2
CUST01823,Chanchal Chaudry,M,1979-06-11,7501468314,karaadhya@example.net,Karimnagar,Mizoram,2025-09-21,Premium,1
CUST01824,Lipika Mani,F,1991-06-29,1819023201,raviamol@example.net,Morbi,Tripura,2024-08-25,Premium,0
CUST01825,Hemal Dar,M,2004-10-02,6775046162,raaginipal@example.com,Dehradun,Andhra Pradesh,2024-01-18,Retail,2
CUST01826,Aarini Sunder,F,1964-06-28,3653476414,sarmachakrika@example.com,Rajkot,West Bengal,2024-06-30,Retail,1
CUST01827,Isha Aurora,F,2006-07-31,290695473,saumyadewan@example.net,Kurnool,Maharashtra,2025-06-20,Premium,0
CUST01828,Aryan Verma,F,2005-10-10,5081464702,hmerchant@example.com,Haldia,Andhra Pradesh,2024-02-14,Premium,0
CUST01829,Omkaar Nayak,F,1976-02-20,1341762280,swamykala@example.com,Jalandhar,Madhya Pradesh,2024-05-09,Premium,1
CUST01830,Balhaar Panchal,M,1997-08-29,8281739339,gadepallavi@example.net,Raebareli,Bihar,2024-01-12,Retail,3
CUST01831,Lavanya Mane,F,1979-03-09,7647856250,brahmbhattdamini@example.org,Raurkela Industrial Township,Manipur,2026-03-17,Merchant-linked,0
CUST01832,Yoshita Sankaran,F,1966-05-21,8551438255,nimratnazareth@example.net,Jorhat,Tripura,2026-06-12,Merchant-linked,4
CUST01833,Ikshita Grewal,M,1986-01-29,9053067308,anirudh16@example.net,Madhyamgram,Uttar Pradesh,2024-10-20,Retail,1
CUST01834,Dhruv Das,M,1995-11-21,719709574,sarinjackson@example.com,Sasaram,Manipur,2025-12-17,Premium,2
CUST01835,Sarthak Mody,F,1972-06-05,5676959792,kkaran@example.net,Bellary,Goa,2026-06-10,Retail,3
CUST01836,Vrinda Basak,M,1969-10-14,9056651413,hranganathan@example.net,Jalgaon,Odisha,2025-11-27,Retail,0
CUST01837,Leena Chada,F,1991-05-26,519170242,ukrishna@example.net,Surendranagar Dudhrej,Haryana,2025-03-10,Premium,2
CUST01838,Tejas Borra,F,1985-11-10,3413571682,mangattriya@example.com,Nagpur,Manipur,2024-03-25,Retail,4
CUST01839,Vasatika Karnik,M,1995-10-26,1455647311,patrick66@example.org,Surat,Andhra Pradesh,2025-03-22,Retail,0
CUST01840,Udant Hayer,M,1962-10-24,8578165608,trivedibaljiwan@example.net,Ichalkaranji,Jharkhand,2026-05-25,Premium,0
CUST01841,Onkar Sankaran,F,1963-10-14,4608736314,guptasiya@example.org,Giridih,Telangana,2024-03-21,Premium,1
CUST01842,Dalaja Nori,F,1960-12-16,834911647,vanshahora@example.net,Miryalaguda,Uttar Pradesh,2023-11-29,Premium,1
CUST01843,Vaishnavi Deep,M,2003-04-06,7818155392,bahadurjitgill@example.org,Sikar,Meghalaya,2023-10-26,Premium,1
CUST01844,William Konda,M,1984-10-23,7876028749,hkrishna@example.net,Delhi,Karnataka,2025-08-28,Retail,4
CUST01845,Gaurang Sahni,F,1983-09-17,2883793985,qarinsem@example.net,Panipat,Maharashtra,2025-04-20,Retail,2
CUST01846,Edhitha Konda,F,2000-05-10,9823207248,rachana23@example.org,Panchkula,Nagaland,2023-09-20,Retail,2
CUST01847,Lekha Swamy,F,1962-06-06,4128044712,sdave@example.net,Aizawl,Mizoram,2024-08-05,Retail,3
CUST01848,Tanish Sen,M,1986-10-09,1732776063,nikitabawa@example.com,Bhalswa Jahangir Pur,Jharkhand,2023-11-07,Retail,0
CUST01849,Zayan Kanda,F,2006-08-15,6337561845,tsubramaniam@example.com,Phusro,Chhattisgarh,2025-08-21,Premium,0
CUST01850,Harinakshi Tiwari,M,1971-11-08,8837448923,kalpit44@example.com,South Dumdum,Kerala,2026-01-22,Retail,0
CUST01851,Watika Bhatia,M,1968-02-04,8295988161,wjoshi@example.org,Delhi,Haryana,2026-01-24,Merchant-linked,4
CUST01852,Daksha Kala,M,1984-03-12,2698086551,shereaarush@example.com,Tiruppur,Sikkim,2023-11-13,Merchant-linked,1
CUST01853,Daksha Bali,F,1968-08-16,5942501657,hmitra@example.com,Jalgaon,Nagaland,2023-11-03,Premium,3
CUST01854,Warhi Aggarwal,F,1998-04-11,557384109,hraghavan@example.com,Tiruvottiyur,Gujarat,2026-07-02,Premium,2
CUST01855,Kritika Ravi,M,1961-08-20,4456979181,vseth@example.com,Mirzapur,Himachal Pradesh,2024-10-11,Retail,2
CUST01856,Leena Halder,M,1973-07-07,6053388249,upurohit@example.org,Kottayam,Manipur,2025-11-04,Retail,1
CUST01857,Bhavya Chokshi,F,1974-07-06,3634874512,shivanibhalla@example.org,Medininagar,Gujarat,2026-03-13,Retail,2
CUST01858,Chaitaly Kale,F,2005-12-07,2134557999,hemarattan@example.com,Mira-Bhayandar,Haryana,2023-10-20,Merchant-linked,0
CUST01859,Oni Pall,M,1982-01-29,7151041367,zpatel@example.net,Warangal,Telangana,2026-05-30,Retail,1
CUST01860,Leela Srinivas,F,1971-02-08,9675579120,arjun28@example.net,Bihar Sharif,Gujarat,2025-04-07,Retail,1
CUST01861,Krishna Sekhon,F,1980-01-05,1366748868,venkataramanvarenya@example.net,Ahmednagar,Odisha,2026-04-18,Retail,4
CUST01862,Jason Zacharia,F,1993-11-19,9094904447,sethilakshit@example.com,Darbhanga,Karnataka,2025-10-01,Premium,1
CUST01863,Nisha Bhatt,F,1963-07-23,4728740751,krishnanlakshmi@example.org,Sultan Pur Majra,Nagaland,2024-02-15,Retail,1
CUST01864,Vedant Murthy,M,1980-07-02,858777075,oscarnaidu@example.com,Pudukkottai,Meghalaya,2025-08-25,Retail,3
CUST01865,Meera Konda,F,1965-01-18,7186266786,manyajohal@example.net,New Delhi,Andhra Pradesh,2026-05-15,Retail,0
CUST01866,Nimrat Dayal,F,1975-03-08,4094665497,meeramishra@example.com,Bardhaman,Odisha,2025-07-12,Retail,1
CUST01867,Harshil Deo,M,1965-11-11,6208012893,bajwanicholas@example.org,Shahjahanpur,West Bengal,2024-10-03,Retail,2
CUST01868,Bhavya Pant,M,1979-10-22,9690019233,akshay41@example.com,Khammam,Mizoram,2025-08-23,Retail,0
CUST01869,Turvi Sampath,M,1985-06-18,2779333356,chanderamrita@example.com,Sultan Pur Majra,Madhya Pradesh,2026-06-10,Retail,2
CUST01870,Oeshi Gill,F,2003-01-29,641031841,ipillay@example.org,Haldia,Kerala,2025-09-04,Retail,3
CUST01871,Baghyawati Sanghvi,F,1996-07-11,384672644,yashvicontractor@example.com,Thoothukudi,Gujarat,2024-08-15,Retail,2
CUST01872,Pranit Oza,M,1990-11-08,2860781384,aarinibassi@example.com,Tadipatri,Assam,2025-02-05,Retail,2
CUST01873,Andrew Prasad,F,1994-03-06,4055465120,gchopra@example.net,Guntakal,Manipur,2024-04-08,Retail,1
CUST01874,Nachiket Narasimhan,F,1972-01-29,3158464394,nagiaachal@example.net,Ghaziabad,Odisha,2026-07-09,Retail,1
CUST01875,Hritik Pant,M,2005-06-21,7873053900,nathanrama@example.org,Bathinda,Sikkim,2024-09-10,Retail,1
CUST01876,Hiral Raja,F,1999-12-11,9756578339,sarthak10@example.net,Vijayawada,Nagaland,2025-02-07,Retail,0
CUST01877,Sai Sarraf,F,1986-02-10,8095728397,sankaranjanaki@example.net,Sambhal,Tripura,2025-12-12,Retail,1
CUST01878,Shravya Master,M,1977-01-09,2567032718,dnarasimhan@example.net,Mira-Bhayandar,Arunachal Pradesh,2025-01-18,Retail,1
CUST01879,Chakradev Krishnan,M,1979-11-08,7439064847,benjamindixit@example.com,Agartala,Andhra Pradesh,2025-08-15,Premium,1
CUST01880,Harrison Sule,M,1964-07-04,1120367291,rachitabutala@example.net,Vijayanagaram,Sikkim,2024-11-09,Retail,1
CUST01881,Dominic Balakrishnan,F,1984-02-04,5275652083,borralibni@example.org,Mangalore,Assam,2024-08-06,Premium,0
CUST01882,Daniel Tailor,M,1974-10-21,6430860428,ndey@example.org,Eluru,Uttarakhand,2025-10-15,Retail,1
CUST01883,Urvi D’Alia,F,1962-06-19,6067377889,dalalbalveer@example.org,Nanded,Uttar Pradesh,2025-05-28,Retail,0
CUST01884,Urishilla Walia,F,1995-03-12,1705647658,obail@example.net,Silchar,Rajasthan,2024-12-23,Retail,0
CUST01885,Ati Suresh,F,2005-05-09,999937848,calebyogi@example.org,Satna,Uttarakhand,2024-04-03,Retail,1
CUST01886,Simon Bakshi,F,1973-04-17,700026755,radhamannan@example.net,Khandwa,Gujarat,2025-03-05,Premium,2
CUST01887,Faris Chawla,M,1983-04-01,3035821726,kuruvillaagastya@example.net,Vijayawada,Bihar,2024-02-13,Retail,1
CUST01888,Yadavi Bail,M,1975-02-27,657721127,acharyagirish@example.net,Vijayanagaram,Maharashtra,2026-06-22,Retail,1
CUST01889,Kabir Chada,M,1976-08-28,7371107068,oni41@example.com,Noida,Kerala,2026-03-08,Retail,0
CUST01890,Prisha Nayak,F,1969-10-28,4252577689,kashvichakrabarti@example.com,Visakhapatnam,Haryana,2025-09-30,Retail,0
CUST01891,Varsha Balan,F,1965-06-05,9507151996,mohantyvinaya@example.com,Naihati,Tamil Nadu,2025-05-10,Retail,1
CUST01892,Gavin Pathak,M,1991-04-16,3384162906,naginilima@example.com,Nellore,Andhra Pradesh,2026-06-18,Merchant-linked,2
CUST01893,Indali Chacko,M,1991-04-21,4349363568,skothari@example.com,Durg,Tamil Nadu,2024-05-23,Retail,4
CUST01894,Ubika Ram,M,1967-07-23,4309647429,chasmumvirk@example.com,Mahbubnagar,Telangana,2026-05-27,Merchant-linked,0
CUST01895,Gautami Chawla,M,1980-10-28,8908454826,udantchaudry@example.org,Saharsa,Bihar,2024-01-06,Retail,2
CUST01896,Maya Rau,M,1971-05-03,4197447652,zvarty@example.com,Haridwar,Odisha,2024-02-25,Retail,0
CUST01897,Kamala Bora,M,1982-10-12,5284547050,gaurangi80@example.com,Gurgaon,Jharkhand,2025-03-11,Retail,1
CUST01898,Ishwar Kara,F,1986-10-28,1276078335,joshuakunda@example.com,Baranagar,Uttarakhand,2026-05-31,Retail,0
CUST01899,Lila Aurora,F,1992-06-23,3417654614,baliharish@example.com,Korba,Odisha,2025-07-02,Retail,0
CUST01900,Omkaar Toor,M,1999-12-18,5844801277,ucheema@example.com,Jammu,Uttarakhand,2026-01-23,Premium,1
CUST01901,Gopal Seshadri,M,1974-02-28,9408030892,glal@example.net,Anantapur,Nagaland,2025-10-25,Retail,0
CUST01902,Mohammed Konda,F,1982-12-08,5265872802,oni26@example.org,Begusarai,Andhra Pradesh,2024-09-11,Retail,3
CUST01903,Jai Vora,M,1997-07-08,300537828,mohammedbehl@example.org,Malda,Assam,2023-10-24,Retail,3
CUST01904,Panini Garde,F,2005-09-24,9766215415,sehgalaarnav@example.net,Malda,Telangana,2024-01-09,Retail,1
CUST01905,Darika Dubey,M,1992-06-02,3583492638,ekiya59@example.org,Phagwara,Chhattisgarh,2025-11-18,Retail,0
CUST01906,Wriddhish Parsa,F,1978-01-26,7283463891,pallaekani@example.net,Ambarnath,Gujarat,2023-09-08,Premium,2
CUST01907,Nimrat Chadha,M,1973-09-07,9416795202,maharajfalguni@example.com,Madurai,Nagaland,2026-05-30,Premium,2
CUST01908,Urvashi Edwin,F,1985-04-10,8487494009,vpal@example.net,Kumbakonam,Sikkim,2024-03-04,Premium,0
CUST01909,Daksh Bajaj,F,1977-09-12,1974357529,oviya80@example.net,Khandwa,Uttarakhand,2025-05-19,Retail,0
CUST01910,Aarav Chawla,M,1976-12-05,2362424947,jack90@example.com,Kolhapur,Jharkhand,2025-08-28,Retail,3
CUST01911,Chandresh Parsa,F,1999-06-17,7248774763,ria28@example.net,Tadipatri,Bihar,2026-02-19,Premium,4
CUST01912,Balhaar Sahni,F,1972-08-17,4180420223,dpadmanabhan@example.org,Bhiwani,Nagaland,2025-11-21,Premium,2
CUST01913,Yachana Srinivasan,M,1978-10-14,5552586856,rrajagopalan@example.net,Loni,Goa,2025-07-20,Retail,1
CUST01914,Yashvi Solanki,F,1965-12-27,25546453,laban94@example.net,Tumkur,Manipur,2023-08-26,Retail,1
CUST01915,Deepa Prabhu,F,1962-04-29,3370695118,horaridhi@example.com,Anantapur,Odisha,2024-06-12,Premium,1
CUST01916,Harshil Halder,M,1972-06-13,4199771180,mmenon@example.com,Bilaspur,Nagaland,2025-06-14,Retail,2
CUST01917,Zinal Narula,M,1989-08-10,1436947493,yashasvisahni@example.org,Mysore,Tamil Nadu,2026-04-28,Retail,1
CUST01918,Tripti Rajagopal,M,1975-05-18,8084319652,balaekani@example.org,Guntur,Maharashtra,2023-09-10,Retail,4
CUST01919,Vrishti Mistry,M,1963-08-14,5958769559,karanbakhshi@example.com,Hospet,West Bengal,2024-03-30,Merchant-linked,2
CUST01920,Ijaya Mohanty,F,1965-11-14,4592325802,gbrahmbhatt@example.com,Kirari Suleman Nagar,Himachal Pradesh,2025-11-18,Premium,1
CUST01921,Harshil Mandal,F,1989-04-15,3270231740,raiaarnav@example.net,Munger,Haryana,2026-01-20,Retail,0
CUST01922,Sarthak Johal,M,1974-01-25,263356416,zbarad@example.org,Saharanpur,Bihar,2024-09-06,Premium,4
CUST01923,Amruta Kari,M,2006-02-04,7236850448,dharyatan@example.com,Nandyal,Chhattisgarh,2026-03-11,Retail,1
CUST01924,Balendra Nagarajan,M,2005-02-27,3061139004,urvashipatla@example.net,Thiruvananthapuram,Himachal Pradesh,2023-10-13,Retail,1
CUST01925,Balendra Prasad,F,1980-09-26,3555638598,shaurya99@example.com,Bettiah,Uttar Pradesh,2024-10-07,Retail,0
CUST01926,Caleb Pai,M,1995-01-11,3380792660,zayan75@example.org,Malda,Uttar Pradesh,2024-07-20,Retail,2
CUST01927,Nitara Ramanathan,F,1977-04-16,8990658697,bimalagopal@example.org,Mathura,Andhra Pradesh,2023-10-24,Retail,0
CUST01928,Devansh Cheema,F,2002-04-09,9713635911,mitalichopra@example.org,Thrissur,Goa,2025-03-31,Retail,2
CUST01929,Anamika Agate,M,1994-12-28,4542249224,karanbhalla@example.org,Jalandhar,Gujarat,2024-01-04,Retail,0
CUST01930,Naveen Lanka,M,1992-06-04,979135329,lroy@example.net,Kadapa,Himachal Pradesh,2024-10-27,Merchant-linked,0
CUST01931,Keya Mangal,F,1963-04-28,7953614083,ramanathanyatan@example.org,Pimpri-Chinchwad,Chhattisgarh,2025-01-17,Retail,2
CUST01932,Jairaj Natt,F,1980-12-10,6173629245,dseshadri@example.org,Dewas,Gujarat,2026-05-23,Retail,1
CUST01933,Devansh Mammen,F,1981-05-18,2228338138,geetikabala@example.com,Shivpuri,Sikkim,2023-09-18,Retail,0
CUST01934,Brijesh Char,F,2008-07-27,1245229245,utkarshpall@example.org,Vijayanagaram,Goa,2025-08-28,Retail,1
CUST01935,Ronith Sharaf,F,1973-12-29,3583387895,oakxavier@example.org,Mau,Nagaland,2025-01-14,Retail,2
CUST01936,Daniel Trivedi,F,1994-03-15,5723230070,gmitter@example.com,Sirsa,Jharkhand,2024-12-28,Premium,1
CUST01937,Om Chaudhari,M,1973-07-16,5650869227,jyotilalla@example.net,Bhubaneswar,Telangana,2025-07-31,Premium,2
CUST01938,Isha Roy,M,1969-03-05,1266768094,emittal@example.org,Kollam,Maharashtra,2026-01-10,Retail,0
CUST01939,Bhavya Nair,F,1997-02-06,654326143,wbobal@example.org,Jhansi,Uttar Pradesh,2023-12-25,Retail,0
CUST01940,Gautami Sabharwal,M,1986-03-30,9531225264,dsheth@example.com,Eluru,Jharkhand,2024-06-15,Premium,2
CUST01941,Viraj Bansal,M,1983-01-13,7810101244,imishra@example.org,Danapur,Meghalaya,2024-07-12,Retail,0
CUST01942,Atharv Mammen,F,1972-12-06,72314920,amolsachdeva@example.com,Bilaspur,Assam,2024-01-05,Retail,0
CUST01943,Tara Baria,M,1992-11-08,3105503158,balvan66@example.org,Raiganj,Uttar Pradesh,2024-09-03,Retail,3
CUST01944,Amara D’Alia,M,1973-05-07,5156095142,dhruvoommen@example.org,Raipur,Bihar,2026-06-12,Retail,3
CUST01945,Jacob Buch,M,2004-03-07,2714359341,ananda@example.net,Panchkula,Goa,2026-05-24,Retail,2
CUST01946,Tanveer Dara,M,2001-05-27,7371220725,peter40@example.net,Visakhapatnam,Telangana,2025-05-30,Premium,3
CUST01947,Eesha Karpe,F,1999-08-21,109993191,galasiya@example.net,Dharmavaram,Chhattisgarh,2025-07-24,Retail,0
CUST01948,Zaitra Verma,F,1982-02-10,1594925434,qsandhu@example.net,Nangloi Jat,Haryana,2025-03-09,Merchant-linked,0
CUST01949,Meera Sarkar,F,2003-07-23,1051292724,fsinha@example.net,Kharagpur,Manipur,2024-12-20,Merchant-linked,3
CUST01950,Advay Tak,F,1960-10-12,4089351331,christophergole@example.net,Bhiwani,Madhya Pradesh,2023-11-17,Retail,1
CUST01951,Nihal Babu,M,1964-08-02,9512660869,madanaarav@example.net,Indore,Telangana,2025-04-15,Retail,1
CUST01953,Balhaar Nori,F,2000-07-18,9083069250,kamala64@example.com,Bhimavaram,Odisha,2025-10-25,Retail,0
CUST01954,Jonathan Lal,F,1970-10-09,6050299907,thamanimaran@example.net,Phagwara,Nagaland,2024-03-31,Retail,2
CUST01955,Adya Atwal,M,1972-01-05,7749117675,raghav75@example.net,Vasai-Virar,Karnataka,2026-01-07,Retail,0
CUST01956,Kevin Goel,F,1990-06-07,8386039036,xsathe@example.com,Arrah,West Bengal,2024-03-23,Premium,3
CUST01957,Falan Mutti,M,1972-07-21,4392708120,johalwaida@example.net,Delhi,Bihar,2023-08-23,Retail,3
CUST01958,Abdul Thakkar,M,1967-12-10,4160990975,ishaan66@example.org,Panchkula,Madhya Pradesh,2024-05-23,Retail,1
CUST01959,Chanakya Mand,M,1971-05-11,6162227726,baljiwan26@example.org,Nagaon,Rajasthan,2024-07-06,Premium,2
CUST01960,Ishani Narula,F,1988-09-13,8956886499,wmaharaj@example.org,Katihar,Arunachal Pradesh,2024-02-23,Premium,3
CUST01961,Ridhi Roy,M,1964-09-05,4433736090,udant79@example.com,Katni,Tripura,2024-04-06,Premium,2
CUST01962,Aadhya Gole,M,1994-09-27,249278523,ekaraj21@example.com,Sambhal,Telangana,2023-08-24,Premium,0
CUST01963,Chaitanya Chakrabarti,M,1961-07-31,5897824256,forumkrishna@example.net,Dewas,Telangana,2024-06-28,Retail,2
CUST01964,Andrew Kaul,M,2002-12-08,3834669081,ibassi@example.net,Bathinda,Haryana,2024-03-02,Merchant-linked,1
CUST01965,Faraj Padmanabhan,M,1992-06-13,707919048,borrajagrati@example.org,Mathura,Himachal Pradesh,2025-12-28,Premium,3
CUST01966,Praneel Wable,M,1967-10-14,5418337881,inayabajwa@example.com,Korba,Mizoram,2026-02-04,Retail,0
CUST01967,Ryan Parekh,F,2000-04-14,786775500,trajagopal@example.org,Katni,West Bengal,2024-12-13,Retail,2
CUST01968,Lopa Bir,M,1973-07-21,7415163295,yashoda24@example.net,Erode,Jharkhand,2025-03-23,Merchant-linked,2
CUST01969,Sachi Wable,M,1968-05-29,5773061460,purohitdamini@example.org,Ghaziabad,Uttarakhand,2025-10-03,Retail,2
CUST01970,Falak Sachar,M,1993-02-10,5962783877,aadi23@example.com,Bhilai,Jharkhand,2024-08-20,Premium,2
CUST01971,Siya Mahajan,F,1992-04-02,2826565293,dgola@example.com,Mau,Sikkim,2026-01-14,Retail,1
CUST01972,Vivaan Mody,F,1988-09-03,9759553642,raksha05@example.com,Shimla,West Bengal,2024-10-16,Retail,3
CUST01973,Advay Bir,M,2005-12-27,6927043885,panditzarna@example.org,Shimoga,Haryana,2023-09-15,Premium,1
CUST01974,Wriddhish Nadkarni,M,1975-07-20,4029480468,zachariasiya@example.com,Rohtak,Sikkim,2024-02-21,Retail,0
CUST01975,Damyanti Sarna,M,1999-04-15,1578737815,dhruvsuresh@example.org,Bhalswa Jahangir Pur,West Bengal,2023-11-19,Retail,1
CUST01976,Rudra Bhatnagar,M,1974-08-22,1916661624,zsrinivasan@example.org,Ambala,Chhattisgarh,2024-02-27,Retail,0
CUST01977,Pratyush Dass,F,1972-12-31,8670716714,vdhaliwal@example.com,Malegaon,Gujarat,2026-06-03,Retail,5
CUST01978,Yadavi Bhakta,M,2007-09-23,9341373454,bhattihiral@example.com,Bokaro,Assam,2025-04-04,Retail,3
CUST01979,Frado Saxena,F,1965-01-20,7067769313,yagnesh83@example.org,Sagar,Goa,2024-08-25,Retail,1
CUST01980,Udant Patel,F,1972-05-21,1012546759,saumya70@example.org,Nangloi Jat,Andhra Pradesh,2024-09-06,Merchant-linked,1
CUST01981,Kala Hayre,M,1969-08-04,4354563679,btella@example.org,Dewas,Sikkim,2024-07-17,Retail,1
CUST01982,Yashica Dada,F,1962-02-03,3267392060,manan99@example.org,Hubli–Dharwad,Punjab,2026-01-19,Retail,0
CUST01983,Sanya Lala,M,2006-07-28,697820993,chandralakshit@example.org,Sasaram,Chhattisgarh,2025-09-28,Retail,0
CUST01984,Banjeet Cheema,M,1978-05-08,5954761680,balvanmukherjee@example.net,Chennai,West Bengal,2026-06-20,Merchant-linked,0
CUST01985,Osha Verma,F,1961-06-13,1433605743,padmanabhanamaira@example.net,Udupi,Rajasthan,2025-10-15,Retail,1
CUST01986,Finn Som,F,1989-03-16,9690913641,andrewpillay@example.net,Hosur,Rajasthan,2024-03-24,Retail,1
CUST01987,Aryan Bala,F,2003-05-07,6801153609,januja34@example.net,Dhule,Chhattisgarh,2023-10-21,Retail,0
CUST01988,Bahadurjit Dada,M,1978-06-22,3053256248,mitalwarhi@example.org,Bulandshahr,Himachal Pradesh,2025-03-29,Retail,0
CUST01989,Ekantika Parekh,M,2007-10-02,6932405741,rushil91@example.net,Noida,Mizoram,2025-07-05,Retail,3
CUST01990,Meghana Ratta,F,1984-07-09,9521858680,maanas90@example.org,Khammam,Tripura,2026-04-16,Retail,1
CUST01991,Veda Varkey,F,1998-08-04,3703773120,hmohan@example.com,Ghaziabad,Manipur,2024-05-14,Retail,0
CUST01992,Faras Gulati,M,1972-12-09,9514050181,abandi@example.org,Kottayam,Uttarakhand,2024-09-04,Merchant-linked,3
CUST01993,Krishna Handa,F,1992-07-29,945255396,rbrar@example.com,Bhatpara,Sikkim,2026-06-08,Merchant-linked,2
CUST01994,Darsh Bhatnagar,F,2004-05-19,9321529417,moraryutika@example.org,Chandrapur,Tripura,2025-09-07,Retail,0
CUST01995,Hemal Deshmukh,F,2005-05-05,1216694810,sarthakkanda@example.net,Bhilai,Maharashtra,2024-12-16,Premium,3
CUST01996,Geetika Pillay,F,1990-08-31,7323836841,maya22@example.net,Morbi,Himachal Pradesh,2025-07-25,Retail,0
CUST01997,Dipta Iyengar,F,1985-03-26,5950942816,garimasehgal@example.com,Guwahati,Andhra Pradesh,2025-09-03,Retail,3
CUST01998,Qasim Sibal,M,1974-05-25,591579815,ishanvi52@example.net,Bardhaman,Haryana,2025-06-17,Retail,1
CUST01999,Lakshit Char,F,1983-11-11,8424872980,shankerorinder@example.com,Aligarh,Rajasthan,2025-07-09,Premium,2
CUST02000,Madhav Bali,F,1975-08-18,7813145625,deviavni@example.org,Pune,Andhra Pradesh,2023-12-21,Retail,2
