wallet_txn_id,transaction_id,customer_id,merchant_id,wallet_provider,txn_type,amount,wallet_balance_after,timestamp,status
WLT0000001,TXN0000003,CUST01846,MER0063,Mobikwik,LOAD,469.1,10899.61,2025-04-22 01:31:43,Success
WLT0000002,TXN0000004,CUST01068,,Mobikwik,P2P_TRANSFER,694.04,1092.27,2025-03-15 22:20:23,Success
WLT0000003,TXN0000009,CUST00614,MER0020,Mobikwik,LOAD,1839.15,8670.45,2025-03-12 02:57:50,SUCCESS
WLT0000004,TXN0000010,CUST00516,MER0127,Paytm Wallet,SPEND,410.87,9858.51,2025-04-26 07:20:18,pending
WLT0000005,TXN0000021,CUST01506,MER0126,Mobikwik,LOAD,663.26,857.43,2025-04-22 19:47:31,success
WLT0000006,TXN0000026,CUST01213,MER0047,PhonePe Wallet,LOAD,163.68,14180.0,2025-05-13 09:00:40,Success
WLT0000007,TXN0000029,CUST00430,MER0075,Amazon Pay Balance,LOAD,890.61,6450.35,2025-06-11 10:03:14,success
WLT0000008,TXN0000031,CUST01737,MER0105,PhonePe Wallet,SPEND,74.0,11249.44,2025-05-11 16:18:11,SUCCESS
WLT0000009,TXN0000039,CUST00076,MER0093,PhonePe Wallet,SPEND,92.89,3543.06,2025-05-17 05:51:09,success
WLT0000010,TXN0000046,CUST00680,MER0111,Mobikwik,SPEND,528.85,16854.82,2025-01-21 13:44:14,Success
WLT0000011,TXN0000052,CUST00949,MER0129,Mobikwik,SPEND,1139.27,16169.43,2025-01-30 06:31:20,SUCCESS
WLT0000012,TXN0000055,CUST01886,MER0030,PhonePe Wallet,LOAD,334.37,5148.35,2025-06-11 10:13:17,SUCCESS
WLT0000013,TXN0000071,CUST01347,MER0008,Amazon Pay Balance,SPEND,1520.08,4806.68,2025-05-24 04:28:43,SUCCESS
WLT0000014,TXN0000075,CUST00571,MER0017,Amazon Pay Balance,LOAD,348.32,5627.87,2025-04-23 02:38:10,success
WLT0000015,TXN0000076,CUST00209,MER0138,PhonePe Wallet,LOAD,91.87,15805.35,2025-02-06 07:17:45,Success
WLT0000016,TXN0000077,CUST00750,MER0118,PhonePe Wallet,SPEND,1039.31,17711.89,2025-01-23 03:04:07,SUCCESS
WLT0000017,TXN0000082,CUST01732,MER0045,PhonePe Wallet,SPEND,221.33,4310.33,2025-06-08 00:17:42,Success
WLT0000018,TXN0000087,CUST00375,MER0037,Amazon Pay Balance,SPEND,1936.47,4808.18,2025-04-10 04:36:59,success
WLT0000019,TXN0000088,CUST00796,MER0036,Amazon Pay Balance,SPEND,246.04,13654.04,2025-04-22 14:47:25,SUCCESS
WLT0000020,TXN0000092,CUST00342,MER0036,Amazon Pay Balance,SPEND,1129.15,2300.59,2025-02-06 07:56:33,SUCCESS
WLT0000021,TXN0000093,CUST00645,MER0014,Mobikwik,SPEND,829.28,18436.39,2025-06-18 01:37:33,Success
WLT0000022,TXN0000094,CUST00736,MER0125,Amazon Pay Balance,LOAD,473.66,19644.56,2025-01-27 12:17:52,SUCCESS
WLT0000023,TXN0000095,CUST00400,MER0144,Amazon Pay Balance,SPEND,182.47,17113.93,2025-04-09 03:30:42,Success
WLT0000024,TXN0000102,CUST01102,,Paytm Wallet,P2P_TRANSFER,121.71,13837.11,2025-06-01 14:30:46,Success
WLT0000025,TXN0000108,CUST01685,MER0113,Paytm Wallet,SPEND,469.84,251.23,2025-04-17 02:11:26,Success
WLT0000026,TXN0000115,CUST01663,,Paytm Wallet,P2P_TRANSFER,351.36,1750.78,2025-06-07 10:08:54,Pending
WLT0000027,TXN0000138,CUST01947,MER0149,Paytm Wallet,LOAD,539.2,1898.07,2025-01-01 11:31:31,Success
WLT0000028,TXN0000147,CUST01160,MER0088,Paytm Wallet,LOAD,893.81,9109.19,2025-06-23 15:03:45,success
WLT0000029,TXN0000157,CUST01851,MER0014,Paytm Wallet,SPEND,543.72,11565.08,2025-03-18 23:05:08,Success
WLT0000030,TXN0000158,CUST01282,MER0060,Amazon Pay Balance,SPEND,393.08,10447.38,2025-03-25 08:21:40,Success
WLT0000031,TXN0000160,CUST00195,,Amazon Pay Balance,P2P_TRANSFER,1334.22,7855.74,2025-04-03 14:04:49,Success
WLT0000032,TXN0000162,CUST00464,MER0114,PhonePe Wallet,LOAD,879.11,13490.45,2025-01-02 19:16:49,Success
WLT0000033,TXN0000163,CUST00017,MER0031,PhonePe Wallet,LOAD,210.12,8767.86,2025-06-17 01:28:34,SUCCESS
WLT0000034,TXN0000170,CUST01387,,PhonePe Wallet,P2P_TRANSFER,723.97,18528.59,2025-04-14 00:20:51,SUCCESS
WLT0000035,TXN0000171,CUST01154,,Mobikwik,P2P_TRANSFER,5191.15,3013.14,2025-05-07 05:18:49,SUCCESS
WLT0000036,TXN0000175,CUST00844,MER0114,Mobikwik,LOAD,534.9,2263.38,2025-06-16 23:42:57,success
WLT0000037,TXN0000177,CUST00206,,Mobikwik,P2P_TRANSFER,1403.61,847.24,2025-01-24 21:57:15,Success
WLT0000038,TXN0000186,CUST01532,MER0014,Paytm Wallet,LOAD,322.67,6602.81,2025-06-02 04:46:48,success
WLT0000039,TXN0000188,CUST00791,,Paytm Wallet,P2P_TRANSFER,472.67,2214.77,2025-04-08 00:13:24,success
WLT0000040,TXN0000194,CUST00354,MER0019,PhonePe Wallet,LOAD,308.44,3381.72,2025-01-04 05:46:41,SUCCESS
WLT0000041,TXN0000197,CUST01890,,PhonePe Wallet,P2P_TRANSFER,232.0,1448.66,2025-06-03 06:21:28,success
WLT0000042,TXN0000200,CUST00851,MER0103,PhonePe Wallet,SPEND,-761.6,16815.72,2025-01-17 00:08:29,SUCCESS
WLT0000043,TXN0000201,CUST01312,MER0040,PhonePe Wallet,LOAD,87.8,5728.16,2025-02-23 21:05:36,success
WLT0000044,TXN0000205,CUST00801,MER0017,Paytm Wallet,LOAD,876.87,7712.68,2025-03-02 05:29:40,SUCCESS
WLT0000045,TXN0000208,CUST00501,,PhonePe Wallet,P2P_TRANSFER,584.39,3140.41,2025-03-26 08:50:25,SUCCESS
WLT0000046,TXN0000212,CUST00026,MER0003,Paytm Wallet,LOAD,536.57,19027.99,2025-02-01 19:30:55,Success
WLT0000047,TXN0000213,CUST01017,MER0134,Paytm Wallet,LOAD,1116.2,18831.95,2025-04-11 10:25:59,Pending
WLT0000048,TXN0000215,CUST00762,,Mobikwik,P2P_TRANSFER,790.93,3930.37,2025-06-01 16:18:05,success
WLT0000049,TXN0000218,CUST01843,,Paytm Wallet,P2P_TRANSFER,627.81,3497.06,2025-06-06 17:23:42,success
WLT0000050,TXN0000219,CUST00880,,Mobikwik,P2P_TRANSFER,74.6,19183.99,2025-01-13 09:39:54,Success
WLT0000051,TXN0000221,CUST00158,MER0131,Mobikwik,LOAD,3479.56,3263.83,2025-03-11 22:17:56,Success
WLT0000052,TXN0000222,CUST00114,MER0146,Amazon Pay Balance,SPEND,141.96,13060.06,2025-02-02 09:43:25,Success
WLT0000053,TXN0000230,CUST01908,MER0010,PhonePe Wallet,LOAD,513.72,17164.07,2025-04-18 08:32:11,Success
WLT0000054,TXN0000231,CUST01645,MER0108,Paytm Wallet,LOAD,151.19,354.07,2025-02-13 14:19:01,SUCCESS
WLT0000055,TXN0000233,CUST01876,MER0070,Paytm Wallet,LOAD,2365.0,4863.08,2025-06-10 09:25:30,SUCCESS
WLT0000056,TXN0000236,CUST01848,,PhonePe Wallet,P2P_TRANSFER,423.51,2666.75,2025-02-13 08:07:03,failed
WLT0000057,TXN0000239,CUST01797,MER0073,Amazon Pay Balance,SPEND,566.33,787.85,2025-05-31 04:53:57,success
WLT0000058,TXN0000256,CUST01992,MER0072,Paytm Wallet,LOAD,7381.17,12325.02,2025-01-19 01:32:08,Success
WLT0000059,TXN0000258,CUST01732,MER0096,Amazon Pay Balance,SPEND,888.35,984.86,2025-03-31 00:34:09,success
WLT0000060,TXN0000259,CUST01996,MER0149,Mobikwik,SPEND,531.05,7035.02,2025-01-19 13:25:16,SUCCESS
WLT0000061,TXN0000261,CUST01680,MER0146,Paytm Wallet,SPEND,111.94,17713.4,2025-01-13 02:15:33,Pending
WLT0000062,TXN0000266,CUST00928,,Paytm Wallet,P2P_TRANSFER,2242.12,15573.58,2025-01-15 12:04:07,SUCCESS
WLT0000063,TXN0000267,CUST01933,,Amazon Pay Balance,P2P_TRANSFER,434.77,11977.66,2025-06-01 10:46:11,Success
WLT0000064,TXN0000268,CUST01578,MER0040,Amazon Pay Balance,SPEND,3909.53,15029.93,2025-01-21 12:24:02,SUCCESS
WLT0000065,TXN0000277,CUST01712,MER0038,Mobikwik,LOAD,53.1,16169.84,2025-01-18 17:04:58,success
WLT0000066,TXN0000278,CUST01457,,Amazon Pay Balance,P2P_TRANSFER,2159.63,4128.66,2025-03-11 01:52:53,success
WLT0000067,TXN0000279,CUST00812,MER0077,PhonePe Wallet,SPEND,370.27,6242.62,2025-02-20 12:27:54,success
WLT0000068,TXN0000280,CUST01680,MER0008,Mobikwik,SPEND,161.37,16475.72,2025-03-20 12:36:15,success
WLT0000069,TXN0000285,CUST00025,,Mobikwik,P2P_TRANSFER,155.24,16911.75,2025-06-01 15:32:14,SUCCESS
WLT0000070,TXN0000290,CUST01665,,Amazon Pay Balance,P2P_TRANSFER,1642.47,18084.65,2025-01-13 12:27:41,success
WLT0000071,TXN0000297,CUST00061,MER0110,Paytm Wallet,LOAD,251.65,7351.76,2025-02-03 13:20:23,Success
WLT0000072,TXN0000299,CUST00384,,Paytm Wallet,P2P_TRANSFER,353.48,9388.19,2025-03-28 14:33:50,Success
WLT0000073,TXN0000304,CUST00125,,Mobikwik,P2P_TRANSFER,2973.65,10640.85,2025-03-16 08:58:50,Success
WLT0000074,TXN0000305,CUST00282,MER0135,Paytm Wallet,LOAD,309.89,15654.92,2025-02-18 09:06:45,Failed
WLT0000075,TXN0000309,CUST01116,MER0089,PhonePe Wallet,LOAD,1210.81,7355.4,2025-06-27 05:22:59,success
WLT0000076,TXN0000316,CUST00733,MER0060,Mobikwik,SPEND,553.28,12455.16,2025-01-31 23:54:19,SUCCESS
WLT0000077,TXN0000322,CUST01916,MER0045,Amazon Pay Balance,SPEND,1446.16,1309.17,2025-02-04 04:41:13,failed
WLT0000078,TXN0000323,CUST00485,MER0092,Paytm Wallet,SPEND,587.23,979.23,2025-06-27 11:27:19,Success
WLT0000079,TXN0000326,CUST01155,,PhonePe Wallet,P2P_TRANSFER,752.54,15063.74,2025-02-06 13:13:56,Success
WLT0000080,TXN0000327,CUST01714,MER0127,PhonePe Wallet,SPEND,837.5,1086.84,2025-04-16 06:29:01,SUCCESS
WLT0000081,TXN0000328,CUST00633,,PhonePe Wallet,P2P_TRANSFER,330.85,19748.85,2025-01-08 08:55:25,SUCCESS
WLT0000082,TXN0000332,CUST00680,MER0052,Paytm Wallet,LOAD,1005.06,4242.39,2025-06-06 14:18:28,PENDING
WLT0000083,TXN0000338,CUST00748,MER0096,Amazon Pay Balance,LOAD,664.61,10389.68,2025-05-17 19:23:06,SUCCESS
WLT0000084,TXN0000346,CUST01822,MER0092,PhonePe Wallet,SPEND,1378.12,7469.14,2025-02-13 08:21:38,Success
WLT0000085,TXN0000347,CUST01364,MER0045,Amazon Pay Balance,SPEND,574.32,11956.79,2025-03-15 11:23:51,SUCCESS
WLT0000086,TXN0000350,CUST01943,MER0146,Paytm Wallet,LOAD,1181.06,1854.69,2025-01-07 06:54:52,SUCCESS
WLT0000087,TXN0000353,CUST01159,,Amazon Pay Balance,P2P_TRANSFER,1166.37,15467.44,2025-04-07 08:23:23,SUCCESS
WLT0000088,TXN0000356,CUST00655,,Paytm Wallet,P2P_TRANSFER,885.2,5165.33,2025-06-21 21:53:29,Success
WLT0000089,TXN0000358,CUST01452,MER0086,PhonePe Wallet,SPEND,380.03,4679.74,2025-03-28 17:26:46,SUCCESS
WLT0000090,TXN0000360,CUST00512,MER0090,Amazon Pay Balance,SPEND,986.32,18726.94,2025-02-19 20:06:45,success
WLT0000091,TXN0000362,CUST00003,,Paytm Wallet,P2P_TRANSFER,4161.56,6021.1,2025-03-27 02:15:13,SUCCESS
WLT0000092,TXN0000374,CUST00701,,Mobikwik,P2P_TRANSFER,405.33,1179.08,2025-03-14 21:45:38,Success
WLT0000093,TXN0000382,CUST01428,MER0139,Mobikwik,LOAD,520.26,4349.9,2025-02-21 12:13:24,success
WLT0000094,TXN0000383,CUST01353,,Paytm Wallet,P2P_TRANSFER,129.51,16969.14,2025-02-16 03:03:18,SUCCESS
WLT0000095,TXN0000385,CUST01171,MER0126,Mobikwik,LOAD,1173.3,17509.44,2025-01-30 19:46:51,SUCCESS
WLT0000096,TXN0000389,CUST00199,,Mobikwik,P2P_TRANSFER,2287.77,16796.88,2025-02-03 04:08:08,Failed
WLT0000097,TXN0000394,CUST01315,MER0048,Mobikwik,SPEND,1412.74,15742.09,2025-03-14 01:04:51,success
WLT0000098,TXN0000399,CUST00551,MER0039,PhonePe Wallet,LOAD,432.65,549.17,2025-05-27 01:40:11,Success
WLT0000099,TXN0000400,CUST01427,MER0022,Paytm Wallet,SPEND,1199.09,16284.22,2025-05-10 17:45:48,Success
WLT0000100,TXN0000414,CUST00088,MER0112,PhonePe Wallet,LOAD,1340.86,8282.34,2025-02-09 05:00:43,Pending
WLT0000101,TXN0000415,CUST01685,MER0067,Amazon Pay Balance,SPEND,663.03,19551.46,2025-03-04 02:08:26,Success
WLT0000102,TXN0000419,CUST00566,MER0004,PhonePe Wallet,SPEND,625.52,7684.71,2025-06-02 17:35:29,Success
WLT0000103,TXN0000420,CUST01435,MER0134,Amazon Pay Balance,LOAD,1398.09,12397.66,2025-06-01 18:55:09,success
WLT0000104,TXN0000421,CUST00860,,PhonePe Wallet,P2P_TRANSFER,2051.93,18979.53,2025-01-30 01:23:01,pending
WLT0000105,TXN0000422,CUST00304,MER0150,PhonePe Wallet,SPEND,140.83,13579.62,2025-05-28 06:17:41,success
WLT0000106,TXN0000432,CUST00811,MER0085,Mobikwik,SPEND,694.35,11027.24,2025-05-15 02:01:38,Success
WLT0000107,TXN0000433,CUST00487,,Amazon Pay Balance,P2P_TRANSFER,1562.8,6437.65,2025-04-03 06:40:38,Failed
WLT0000108,TXN0000436,CUST01675,MER0080,PhonePe Wallet,LOAD,314.88,12968.24,2025-02-24 10:30:36,Failed
WLT0000109,TXN0000439,CUST00467,,PhonePe Wallet,P2P_TRANSFER,826.74,9063.95,2025-05-25 10:00:12,success
WLT0000110,TXN0000448,CUST00638,MER0104,Amazon Pay Balance,LOAD,182.0,7532.93,2025-01-27 08:10:26,Pending
WLT0000111,TXN0000451,CUST00395,MER0052,Amazon Pay Balance,LOAD,272.7,9672.88,2025-06-12 12:35:38,success
WLT0000112,TXN0000452,CUST00119,,PhonePe Wallet,P2P_TRANSFER,489.2,9717.86,2025-03-30 15:12:17,Success
WLT0000113,TXN0000462,CUST01702,MER0073,PhonePe Wallet,SPEND,732.02,5772.65,2025-01-06 07:55:42,success
WLT0000114,TXN0000463,CUST00792,,Mobikwik,P2P_TRANSFER,432.5,5396.65,2025-06-15 19:05:44,PENDING
WLT0000115,TXN0000464,CUST01172,MER0055,Paytm Wallet,SPEND,384.97,18584.34,2025-06-16 10:25:39,success
WLT0000116,TXN0000478,CUST00210,,Amazon Pay Balance,P2P_TRANSFER,459.38,13703.46,2025-05-09 14:48:00,success
WLT0000117,TXN0000481,CUST01402,,PhonePe Wallet,P2P_TRANSFER,2824.47,9220.26,2025-01-13 09:30:08,success
WLT0000118,TXN0000482,CUST00689,MER0084,Paytm Wallet,LOAD,128.04,12622.23,2025-06-17 06:50:30,SUCCESS
WLT0000119,TXN0000484,CUST01457,MER0077,PhonePe Wallet,SPEND,589.57,17058.65,2025-02-06 13:49:17,Success
WLT0000120,TXN0000485,CUST00308,MER0062,PhonePe Wallet,LOAD,916.07,680.91,2025-06-24 16:50:43,Success
WLT0000121,TXN0000492,CUST00389,MER0057,PhonePe Wallet,SPEND,7968.37,3193.76,2025-05-14 06:28:27,Success
WLT0000122,TXN0000497,CUST00602,,Mobikwik,P2P_TRANSFER,1337.91,696.82,2025-01-25 20:15:46,SUCCESS
WLT0000123,TXN0000501,CUST01843,MER0023,Amazon Pay Balance,LOAD,132.8,13620.99,2025-02-13 03:46:35,success
WLT0000124,TXN0000505,CUST00534,MER0119,PhonePe Wallet,SPEND,1480.93,1716.81,2025-06-15 06:56:39,SUCCESS
WLT0000125,TXN0000510,CUST00246,MER0098,PhonePe Wallet,LOAD,384.67,8558.48,2025-04-13 21:13:35,SUCCESS
WLT0000126,TXN0000511,CUST00612,MER0039,PhonePe Wallet,LOAD,124.69,17114.85,2025-01-27 16:10:06,SUCCESS
WLT0000127,TXN0000521,CUST01609,MER0023,Mobikwik,SPEND,952.44,8630.45,2025-01-26 03:04:31,Success
WLT0000128,TXN0000534,CUST00134,MER0077,Paytm Wallet,SPEND,631.58,9566.97,2025-02-26 11:21:20,success
WLT0000129,TXN0000535,CUST00934,MER0135,Mobikwik,SPEND,479.67,19984.99,2025-03-07 14:25:33,Success
WLT0000130,TXN0000542,CUST00045,MER0044,Amazon Pay Balance,LOAD,85.81,10849.51,2025-01-24 21:58:35,success
WLT0000131,TXN0000544,CUST01796,MER0137,Paytm Wallet,SPEND,492.78,8108.47,2025-05-02 00:01:06,success
WLT0000132,TXN0000545,CUST00100,MER0013,PhonePe Wallet,SPEND,1274.41,18011.11,2025-05-09 13:00:12,SUCCESS
WLT0000133,TXN0000548,CUST00910,MER0141,PhonePe Wallet,SPEND,313.14,19564.67,2025-02-19 01:50:44,success
WLT0000134,TXN0000550,CUST01424,MER0003,Paytm Wallet,LOAD,634.76,4803.53,2025-02-28 11:18:15,success
WLT0000135,TXN0000553,CUST01241,MER0108,Amazon Pay Balance,LOAD,3546.56,11816.13,2025-06-11 07:07:20,SUCCESS
WLT0000136,TXN0000554,CUST01841,,PhonePe Wallet,P2P_TRANSFER,418.52,11560.33,2025-05-20 13:41:36,Success
WLT0000137,TXN0000559,CUST00734,MER0076,Paytm Wallet,SPEND,269.31,10956.28,2025-02-01 03:23:42,failed
WLT0000138,TXN0000560,CUST00081,MER0054,PhonePe Wallet,SPEND,183.02,13719.31,2025-05-14 15:15:45,success
WLT0000139,TXN0000561,CUST01912,MER0061,Mobikwik,SPEND,1578.87,5615.8,2025-01-01 12:45:36,Success
WLT0000140,TXN0000566,CUST01482,MER0066,Amazon Pay Balance,LOAD,103.9,13041.47,2025-05-06 02:49:37,SUCCESS
WLT0000141,TXN0000572,CUST01513,,Amazon Pay Balance,P2P_TRANSFER,1891.61,4462.52,2025-06-15 07:05:36,success
WLT0000142,TXN0000574,CUST01745,,Mobikwik,P2P_TRANSFER,659.82,17392.61,2025-05-06 16:09:51,SUCCESS
WLT0000143,TXN0000585,CUST00327,,Paytm Wallet,P2P_TRANSFER,94.53,293.55,2025-06-26 22:37:28,Success
WLT0000144,TXN0000592,CUST01818,MER0012,Mobikwik,SPEND,503.7,14352.71,2025-01-13 07:10:02,SUCCESS
WLT0000145,TXN0000597,CUST01789,MER0134,PhonePe Wallet,LOAD,1158.86,6898.36,2025-05-14 15:26:18,SUCCESS
WLT0000146,TXN0000610,CUST01674,,Paytm Wallet,P2P_TRANSFER,291.52,16386.38,2025-03-31 03:32:09,failed
WLT0000147,TXN0000612,CUST00181,MER0115,Amazon Pay Balance,LOAD,2367.73,1889.98,2025-03-03 08:57:12,Success
WLT0000148,TXN0000613,CUST00244,MER0005,Mobikwik,LOAD,687.2,7932.55,2025-01-20 22:21:09,success
WLT0000149,TXN0000620,CUST00745,MER0058,Mobikwik,LOAD,1379.89,1560.41,2025-06-13 22:48:16,success
WLT0000150,TXN0000625,CUST01556,MER0001,Mobikwik,LOAD,261.18,2795.9,2025-03-08 06:50:22,Success
WLT0000151,TXN0000628,CUST00218,,Paytm Wallet,P2P_TRANSFER,731.08,10335.58,2025-02-01 21:01:10,FAILED
WLT0000152,TXN0000631,CUST00521,MER0049,Paytm Wallet,LOAD,149.15,14338.3,2025-01-24 10:42:58,SUCCESS
WLT0000153,TXN0000647,CUST01806,MER0064,Mobikwik,LOAD,171.55,7309.81,2025-02-23 03:02:57,success
WLT0000154,TXN0000648,CUST00815,MER0076,Paytm Wallet,SPEND,325.52,2920.93,2025-03-29 22:24:50,success
WLT0000155,TXN0000649,CUST01649,,Amazon Pay Balance,P2P_TRANSFER,222.24,13251.8,2025-03-22 03:31:59,SUCCESS
WLT0000156,TXN0000653,CUST00446,,Amazon Pay Balance,P2P_TRANSFER,253.07,6658.93,2025-05-02 04:49:54,SUCCESS
WLT0000157,TXN0000654,CUST01464,,Amazon Pay Balance,P2P_TRANSFER,2589.63,10942.65,2025-03-09 01:11:04,Success
WLT0000158,TXN0000659,CUST00984,MER0107,PhonePe Wallet,LOAD,1783.0,16739.1,2025-05-11 22:12:08,success
WLT0000159,TXN0000660,CUST01532,MER0137,PhonePe Wallet,LOAD,868.68,4273.09,2025-02-25 12:31:15,Success
WLT0000160,TXN0000663,CUST00052,MER0014,Mobikwik,LOAD,1079.2,11264.79,2025-05-11 03:36:39,SUCCESS
WLT0000161,TXN0000684,CUST01485,MER0076,Amazon Pay Balance,SPEND,321.47,9906.37,2025-03-29 03:37:44,Success
WLT0000162,TXN0000686,CUST01972,,Amazon Pay Balance,P2P_TRANSFER,785.36,15447.34,2025-04-10 18:41:59,failed
WLT0000163,TXN0000687,CUST00245,MER0110,Paytm Wallet,SPEND,229.26,9168.86,2025-02-24 04:45:26,success
WLT0000164,TXN0000689,CUST00330,MER0066,PhonePe Wallet,SPEND,1622.49,13160.44,2025-01-02 02:18:29,SUCCESS
WLT0000165,TXN0000696,CUST01450,MER0057,Mobikwik,SPEND,1264.92,16846.88,2025-02-05 16:53:31,Success
WLT0000166,TXN0000698,CUST01035,,Amazon Pay Balance,P2P_TRANSFER,1315.3,13734.42,2025-04-16 10:56:13,SUCCESS
WLT0000167,TXN0000710,CUST00580,,Paytm Wallet,P2P_TRANSFER,515.02,8983.3,2025-04-11 08:46:43,Success
WLT0000168,TXN0000711,CUST01684,MER0132,Amazon Pay Balance,LOAD,1132.42,18435.16,2025-06-05 21:23:49,Success
WLT0000169,TXN0000712,CUST01042,MER0012,Mobikwik,LOAD,-851.47,12504.08,2025-02-27 13:28:56,Success
WLT0000170,TXN0000720,CUST01698,MER0112,PhonePe Wallet,SPEND,925.82,16721.47,2025-05-06 13:11:36,success
WLT0000171,TXN0000724,CUST00180,,Paytm Wallet,P2P_TRANSFER,627.82,2320.05,2025-02-04 13:30:12,failed
WLT0000172,TXN0000725,CUST01627,,Amazon Pay Balance,P2P_TRANSFER,535.41,10298.81,2025-01-14 16:17:02,SUCCESS
WLT0000173,TXN0000728,CUST00924,MER0111,Mobikwik,LOAD,1817.0,10261.09,2025-03-03 10:33:02,Success
WLT0000174,TXN0000733,CUST01436,MER0092,PhonePe Wallet,SPEND,2688.81,16628.5,2025-04-08 15:23:24,success
WLT0000175,TXN0000743,CUST01388,MER0096,Paytm Wallet,LOAD,464.23,9020.4,2025-01-03 03:57:49,success
WLT0000176,TXN0000750,CUST00330,,PhonePe Wallet,P2P_TRANSFER,686.55,19363.64,2025-04-30 18:53:31,SUCCESS
WLT0000177,TXN0000753,CUST01638,MER0014,PhonePe Wallet,LOAD,511.07,1276.85,2025-06-15 07:45:15,success
WLT0000178,TXN0000756,CUST00596,MER0065,Paytm Wallet,LOAD,698.99,18479.84,2025-01-20 01:39:22,SUCCESS
WLT0000179,TXN0000757,CUST00405,MER0125,Amazon Pay Balance,SPEND,2364.21,18559.2,2025-03-06 05:52:37,success
WLT0000180,TXN0000760,CUST00584,MER0050,Mobikwik,LOAD,116.41,15825.97,2025-03-03 16:59:23,Success
WLT0000181,TXN0000764,CUST01161,MER0081,Mobikwik,SPEND,727.68,3396.46,2025-03-25 04:03:25,success
WLT0000182,TXN0000766,CUST00505,MER0112,Amazon Pay Balance,SPEND,509.59,16650.26,2025-02-23 17:25:17,SUCCESS
WLT0000183,TXN0000767,CUST01721,MER0085,PhonePe Wallet,SPEND,723.17,10522.11,2025-06-20 11:14:40,SUCCESS
WLT0000184,TXN0000775,CUST00155,MER0130,Paytm Wallet,SPEND,618.75,10726.59,2025-05-03 15:35:34,SUCCESS
WLT0000185,TXN0000778,CUST00076,MER0140,Amazon Pay Balance,SPEND,437.33,13458.31,2025-06-23 14:16:35,failed
WLT0000186,TXN0000779,CUST01106,MER0039,Paytm Wallet,LOAD,2380.19,18004.64,2025-03-13 00:50:18,success
WLT0000187,TXN0000780,CUST00804,,Paytm Wallet,P2P_TRANSFER,184.73,4286.32,2025-05-30 22:27:20,SUCCESS
WLT0000188,TXN0000781,CUST01208,MER0075,Mobikwik,LOAD,232.77,18950.35,2025-01-26 23:55:54,success
WLT0000189,TXN0000787,CUST00327,,Paytm Wallet,P2P_TRANSFER,10.42,4228.14,2025-04-20 20:52:39,Success
WLT0000190,TXN0000792,CUST00542,MER0011,Paytm Wallet,SPEND,4094.39,14750.31,2025-05-10 19:50:05,SUCCESS
WLT0000191,TXN0000794,CUST01621,MER0121,Paytm Wallet,SPEND,297.49,8817.76,2025-06-28 05:43:59,FAILED
WLT0000192,TXN0000798,CUST01700,,PhonePe Wallet,P2P_TRANSFER,596.38,19030.63,2025-05-25 01:32:59,SUCCESS
WLT0000193,TXN0000799,CUST00540,MER0146,Paytm Wallet,LOAD,432.2,2707.04,2025-02-03 18:11:55,success
WLT0000194,TXN0000801,CUST01204,MER0020,PhonePe Wallet,LOAD,701.71,5564.08,2025-04-11 07:49:25,SUCCESS
WLT0000195,TXN0000803,CUST00457,MER0091,Amazon Pay Balance,SPEND,778.52,2226.56,2025-06-08 16:35:57,success
WLT0000196,TXN0000804,CUST01778,MER0124,Amazon Pay Balance,LOAD,566.22,2923.84,2025-06-22 06:31:15,success
WLT0000197,TXN0000806,CUST01807,,Paytm Wallet,P2P_TRANSFER,540.97,15030.86,2025-02-02 03:46:44,success
WLT0000198,TXN0000817,CUST01175,MER0035,PhonePe Wallet,SPEND,554.48,3229.98,2025-05-03 05:52:15,SUCCESS
WLT0000199,TXN0000829,CUST01351,MER0043,Paytm Wallet,LOAD,,19560.89,2025-05-21 14:57:18,success
WLT0000200,TXN0000839,CUST01541,,Paytm Wallet,P2P_TRANSFER,1173.86,16081.05,2025-04-04 15:24:20,Success
WLT0000201,TXN0000840,CUST01351,,PhonePe Wallet,P2P_TRANSFER,809.73,1444.24,2025-04-28 04:23:44,SUCCESS
WLT0000202,TXN0000842,CUST01921,MER0111,Amazon Pay Balance,SPEND,788.99,10371.05,2025-04-12 08:54:08,success
WLT0000203,TXN0000850,CUST01760,,Paytm Wallet,P2P_TRANSFER,1184.84,13186.42,2025-04-27 04:14:39,SUCCESS
WLT0000204,TXN0000852,CUST00528,,Mobikwik,P2P_TRANSFER,393.8,18976.61,2025-05-18 16:52:23,SUCCESS
WLT0000205,TXN0000859,CUST00536,MER0109,Paytm Wallet,LOAD,205.05,15918.67,2025-04-20 15:33:14,SUCCESS
WLT0000206,TXN0000861,CUST00814,MER0106,Paytm Wallet,LOAD,90.33,9668.44,2025-04-18 04:59:43,success
WLT0000207,TXN0000866,CUST01586,MER0036,Mobikwik,LOAD,1577.34,3740.28,2025-06-16 00:35:01,Success
WLT0000208,TXN0000873,CUST00797,MER0002,Paytm Wallet,SPEND,1347.82,8827.79,2025-06-06 04:37:58,SUCCESS
WLT0000209,TXN0000877,CUST00760,,Amazon Pay Balance,P2P_TRANSFER,471.42,19499.7,2025-01-08 07:57:09,Success
WLT0000210,TXN0000878,CUST01484,MER0103,Mobikwik,SPEND,1548.77,3717.38,2025-04-30 05:17:13,SUCCESS
WLT0000211,TXN0000882,CUST01013,MER0052,Amazon Pay Balance,LOAD,574.53,2289.72,2025-06-15 03:55:56,success
WLT0000212,TXN0000885,CUST01228,MER0060,Mobikwik,LOAD,117.22,11271.07,2025-04-30 10:59:35,success
WLT0000213,TXN0000887,CUST00490,MER0041,Amazon Pay Balance,SPEND,1243.98,14415.22,2025-01-17 20:43:00,Success
WLT0000214,TXN0000891,CUST00032,MER0018,Paytm Wallet,LOAD,329.28,16402.72,2025-06-28 11:40:38,success
WLT0000215,TXN0000895,CUST01973,MER0058,Mobikwik,SPEND,572.88,17895.89,2025-04-28 17:51:29,Success
WLT0000216,TXN0000904,CUST01625,MER0114,Paytm Wallet,LOAD,292.97,5343.07,2025-03-15 05:19:17,SUCCESS
WLT0000217,TXN0000911,CUST01437,,PhonePe Wallet,P2P_TRANSFER,963.11,3126.59,2025-03-03 07:24:42,Success
WLT0000218,TXN0000913,CUST01098,,Mobikwik,P2P_TRANSFER,3323.51,4026.75,2025-06-11 14:13:34,PENDING
WLT0000219,TXN0000915,CUST00191,MER0088,Amazon Pay Balance,SPEND,924.09,1581.81,2025-01-15 18:19:11,success
WLT0000220,TXN0000919,CUST00375,MER0049,PhonePe Wallet,LOAD,653.52,19049.59,2025-04-07 21:30:19,success
WLT0000221,TXN0000924,CUST01267,MER0028,PhonePe Wallet,SPEND,5389.99,2005.8,2025-01-24 06:40:27,Failed
WLT0000222,TXN0000929,CUST01272,MER0148,Amazon Pay Balance,SPEND,608.07,19793.77,2025-06-18 16:45:22,SUCCESS
WLT0000223,TXN0000940,CUST01412,,Paytm Wallet,P2P_TRANSFER,213.21,8781.28,2025-05-11 21:32:52,SUCCESS
WLT0000224,TXN0000942,CUST00207,MER0067,Mobikwik,SPEND,283.32,8966.9,2025-02-06 08:11:36,SUCCESS
WLT0000225,TXN0000943,CUST01124,,PhonePe Wallet,P2P_TRANSFER,1199.74,14434.11,2025-02-22 07:32:00,Success
WLT0000226,TXN0000950,CUST00269,MER0059,Mobikwik,LOAD,2195.15,9006.44,2025-06-08 02:24:12,success
WLT0000227,TXN0000951,CUST00205,MER0061,Mobikwik,LOAD,846.26,9571.91,2025-04-18 20:04:19,SUCCESS
WLT0000228,TXN0000952,CUST00886,MER0051,Mobikwik,SPEND,46.86,2972.29,2025-01-29 07:40:51,success
WLT0000229,TXN0000960,CUST00816,,PhonePe Wallet,P2P_TRANSFER,2812.76,15225.99,2025-02-01 17:13:42,PENDING
WLT0000230,TXN0000962,CUST00521,MER0025,Amazon Pay Balance,SPEND,475.06,3402.05,2025-03-29 08:28:31,success
WLT0000231,TXN0000967,CUST00720,MER0051,Amazon Pay Balance,SPEND,119.97,8930.45,2025-04-23 00:20:00,Success
WLT0000232,TXN0000969,CUST01599,,Paytm Wallet,P2P_TRANSFER,369.11,1648.2,2025-03-05 03:01:49,SUCCESS
WLT0000233,TXN0000971,CUST01587,MER0021,Amazon Pay Balance,SPEND,61.65,11040.64,2025-03-15 23:55:10,success
WLT0000234,TXN0000973,CUST01294,MER0043,PhonePe Wallet,LOAD,1502.87,19973.72,2025-05-05 09:19:19,SUCCESS
WLT0000235,TXN0000977,CUST00332,MER0081,Amazon Pay Balance,LOAD,1736.11,2947.98,2025-03-03 12:45:34,SUCCESS
WLT0000236,TXN0000980,CUST01818,MER0093,Mobikwik,SPEND,65.04,15620.0,2025-05-26 05:26:44,success
WLT0000237,TXN0000982,CUST00848,,Amazon Pay Balance,P2P_TRANSFER,272.55,19580.03,2025-06-15 20:54:56,SUCCESS
WLT0000238,TXN0000985,CUST01436,MER0054,Mobikwik,LOAD,2294.79,356.02,2025-02-02 09:51:32,SUCCESS
WLT0000239,TXN0000987,CUST00131,MER0122,Amazon Pay Balance,SPEND,485.36,2021.23,2025-04-17 11:53:11,failed
WLT0000240,TXN0000991,CUST01266,,PhonePe Wallet,P2P_TRANSFER,403.99,4349.65,2025-05-08 03:44:29,failed
WLT0000241,TXN0000992,CUST01908,MER0080,Mobikwik,LOAD,180.81,16562.69,2025-02-14 12:52:34,success
WLT0000242,TXN0000994,CUST01284,,Mobikwik,P2P_TRANSFER,984.08,15474.0,2025-04-13 06:47:49,SUCCESS
WLT0000243,TXN0001004,CUST01073,MER0137,Amazon Pay Balance,SPEND,54.28,14182.41,2025-03-02 03:07:34,success
WLT0000244,TXN0001006,CUST01106,,Amazon Pay Balance,P2P_TRANSFER,238.53,17265.56,2025-01-18 09:21:07,Success
WLT0000245,TXN0001007,CUST00905,MER0106,Paytm Wallet,LOAD,1615.06,7123.34,2025-02-20 10:47:18,pending
WLT0000246,TXN0001015,CUST00600,MER0002,Paytm Wallet,SPEND,77.3,3047.43,2025-04-17 10:51:14,failed
WLT0000247,TXN0001018,CUST00809,,Paytm Wallet,P2P_TRANSFER,102.02,10842.24,2025-05-19 19:51:08,success
WLT0000248,TXN0001021,CUST00163,MER0062,PhonePe Wallet,SPEND,691.69,19358.6,2025-04-11 07:34:38,SUCCESS
WLT0000249,TXN0001032,CUST00381,MER0073,Paytm Wallet,SPEND,90.16,5311.18,2025-02-22 06:32:24,Success
WLT0000250,TXN0001036,CUST00445,MER0080,Mobikwik,SPEND,392.2,13236.02,2025-06-02 13:44:43,Success
WLT0000251,TXN0001038,CUST00950,MER0009,PhonePe Wallet,LOAD,1039.7,5227.64,2025-03-06 03:04:12,success
WLT0000252,TXN0001042,CUST00394,MER0065,PhonePe Wallet,LOAD,1886.08,4961.23,2025-06-08 16:39:51,SUCCESS
WLT0000253,TXN0001044,CUST01996,MER0064,Mobikwik,SPEND,220.67,1058.0,2025-03-16 17:17:17,Success
WLT0000254,TXN0001046,CUST01511,MER0051,Paytm Wallet,SPEND,872.71,18249.51,2025-03-31 11:38:42,SUCCESS
WLT0000255,TXN0001054,CUST00739,MER0056,Paytm Wallet,SPEND,804.29,1947.73,2025-01-22 22:17:05,Success
WLT0000256,TXN0001057,CUST00566,MER0102,Paytm Wallet,SPEND,2809.77,13695.64,2025-06-03 05:40:35,SUCCESS
WLT0000257,TXN0001060,CUST01222,,Paytm Wallet,P2P_TRANSFER,621.05,12824.19,2025-05-30 16:10:27,SUCCESS
WLT0000258,TXN0001063,CUST01267,MER0016,PhonePe Wallet,SPEND,136.4,2504.2,2025-01-12 14:34:20,success
WLT0000259,TXN0001066,CUST01000,,PhonePe Wallet,P2P_TRANSFER,275.62,3270.31,2025-04-19 10:06:05,success
WLT0000260,TXN0001078,CUST01703,MER0142,Mobikwik,LOAD,1264.17,7426.02,2025-02-01 03:15:16,Success
WLT0000261,TXN0001081,CUST00540,MER0117,PhonePe Wallet,SPEND,1815.06,18108.53,2025-01-01 03:21:16,SUCCESS
WLT0000262,TXN0001087,CUST01981,MER0100,Mobikwik,SPEND,169.95,16257.95,2025-02-06 20:51:20,Success
WLT0000263,TXN0001092,CUST00198,MER0018,Mobikwik,LOAD,684.01,7396.46,2025-01-09 12:01:00,Success
WLT0000264,TXN0001093,CUST01711,MER0046,Amazon Pay Balance,LOAD,1290.25,19218.29,2025-06-19 14:46:17,SUCCESS
WLT0000265,TXN0001099,CUST01437,MER0013,Amazon Pay Balance,SPEND,163.27,16686.55,2025-03-13 03:20:00,success
WLT0000266,TXN0001108,CUST00623,,Mobikwik,P2P_TRANSFER,726.2,15758.32,2025-02-11 22:10:01,FAILED
WLT0000267,TXN0001109,CUST01968,MER0026,PhonePe Wallet,SPEND,1953.48,3364.51,2025-05-21 19:32:46,failed
WLT0000268,TXN0001115,CUST01529,,Amazon Pay Balance,P2P_TRANSFER,193.15,2510.15,2025-05-05 00:12:17,Success
WLT0000269,TXN0001116,CUST01181,MER0118,Paytm Wallet,LOAD,879.7,6028.89,2025-05-17 10:07:20,Success
WLT0000270,TXN0001125,CUST01566,MER0083,Mobikwik,LOAD,274.18,2019.04,2025-04-29 03:24:42,success
WLT0000271,TXN0001126,CUST00493,MER0055,Amazon Pay Balance,LOAD,173.06,18789.48,2025-03-14 19:55:14,SUCCESS
WLT0000272,TXN0001131,CUST01488,,Paytm Wallet,P2P_TRANSFER,188.91,8169.38,2025-02-25 05:46:58,SUCCESS
WLT0000273,TXN0001135,CUST01753,MER0071,Amazon Pay Balance,SPEND,571.89,17801.47,2025-06-28 11:22:21,SUCCESS
WLT0000274,TXN0001140,CUST00543,MER0150,Amazon Pay Balance,LOAD,201.66,9640.1,2025-02-18 12:25:03,SUCCESS
WLT0000275,TXN0001143,CUST00819,MER0056,Paytm Wallet,SPEND,323.68,9787.96,2025-05-23 13:55:38,Success
WLT0000276,TXN0001144,CUST00159,MER0124,Paytm Wallet,LOAD,1613.09,767.08,2025-02-03 13:47:02,Success
WLT0000277,TXN0001147,CUST01316,MER0148,PhonePe Wallet,LOAD,1020.69,6856.32,2025-03-16 02:08:01,failed
WLT0000278,TXN0001148,CUST00161,MER0086,Amazon Pay Balance,SPEND,427.45,12907.77,2025-03-09 13:28:20,Success
WLT0000279,TXN0001151,CUST01578,,Paytm Wallet,P2P_TRANSFER,1664.25,12906.25,2025-05-07 18:10:17,Success
WLT0000280,TXN0001153,CUST01593,MER0014,PhonePe Wallet,LOAD,347.66,4595.81,2025-03-01 04:23:36,Success
WLT0000281,TXN0001154,CUST01074,,PhonePe Wallet,P2P_TRANSFER,458.6,620.97,2025-04-15 20:15:17,SUCCESS
WLT0000282,TXN0001155,CUST01157,,Paytm Wallet,P2P_TRANSFER,34.05,6543.27,2025-04-08 13:21:40,success
WLT0000283,TXN0001156,CUST01430,,PhonePe Wallet,P2P_TRANSFER,166.34,15652.24,2025-01-10 19:26:21,SUCCESS
WLT0000284,TXN0001164,CUST00538,,Paytm Wallet,P2P_TRANSFER,343.23,14327.27,2025-04-08 10:39:54,Success
WLT0000285,TXN0001171,CUST01591,MER0148,Amazon Pay Balance,SPEND,1704.68,15210.68,2025-01-18 09:32:28,SUCCESS
WLT0000286,TXN0001173,CUST00749,MER0083,PhonePe Wallet,LOAD,,14245.61,2025-03-08 21:36:08,SUCCESS
WLT0000287,TXN0001175,CUST00625,,PhonePe Wallet,P2P_TRANSFER,233.36,10157.84,2025-03-09 21:47:47,SUCCESS
WLT0000288,TXN0001177,CUST00299,MER0060,PhonePe Wallet,LOAD,87.33,633.5,2025-02-08 18:36:01,success
WLT0000289,TXN0001179,CUST01552,MER0022,Paytm Wallet,SPEND,928.5,3996.88,2025-01-22 19:41:24,Success
WLT0000290,TXN0001183,CUST00704,MER0029,Amazon Pay Balance,LOAD,1036.73,12721.31,2025-03-01 05:57:11,SUCCESS
WLT0000291,TXN0001187,CUST01120,MER0067,Paytm Wallet,SPEND,322.06,7356.1,2025-04-17 13:35:37,success
WLT0000292,TXN0001190,CUST01194,MER0135,Paytm Wallet,SPEND,355.48,4342.33,2025-01-09 10:38:27,Failed
WLT0000293,TXN0001192,CUST00582,,Paytm Wallet,P2P_TRANSFER,419.18,14311.36,2025-05-16 06:02:58,SUCCESS
WLT0000294,TXN0001194,CUST00953,MER0003,Mobikwik,SPEND,275.6,15635.0,2025-01-13 22:22:05,Success
WLT0000295,TXN0001199,CUST00780,MER0026,PhonePe Wallet,LOAD,169.58,7492.66,2025-06-25 12:20:56,Success
WLT0000296,TXN0001201,CUST01223,MER0048,Amazon Pay Balance,SPEND,408.5,4326.01,2025-02-08 14:49:32,Success
WLT0000297,TXN0001206,CUST01525,,PhonePe Wallet,P2P_TRANSFER,1171.02,10926.64,2025-03-09 08:06:41,failed
WLT0000298,TXN0001207,CUST01402,MER0078,Mobikwik,SPEND,897.41,815.74,2025-02-15 20:47:38,Success
WLT0000299,TXN0001214,CUST01495,MER0059,Amazon Pay Balance,SPEND,223.56,9171.6,2025-03-23 00:54:51,Failed
WLT0000300,TXN0001215,CUST00493,MER0110,Mobikwik,LOAD,2347.3,19889.39,2025-03-02 15:48:33,Success
WLT0000301,TXN0001218,CUST01337,,Amazon Pay Balance,P2P_TRANSFER,293.29,14722.95,2025-04-16 02:53:30,Success
WLT0000302,TXN0001219,CUST01401,MER0036,PhonePe Wallet,SPEND,544.91,5903.53,2025-03-02 00:02:12,success
WLT0000303,TXN0001226,CUST00243,,Amazon Pay Balance,P2P_TRANSFER,134.2,5636.71,2025-06-13 00:27:30,SUCCESS
WLT0000304,TXN0001235,CUST01162,MER0060,PhonePe Wallet,SPEND,2812.47,14220.57,2025-02-14 20:07:46,Success
WLT0000305,TXN0001242,CUST00396,,Mobikwik,P2P_TRANSFER,1356.46,17606.56,2025-03-21 08:09:48,success
WLT0000306,TXN0001243,CUST01566,MER0070,Mobikwik,LOAD,1334.13,8641.54,2025-03-22 04:55:28,success
WLT0000307,TXN0001245,CUST00419,,Paytm Wallet,P2P_TRANSFER,323.98,5152.34,2025-03-27 07:13:02,SUCCESS
WLT0000308,TXN0001246,CUST01776,MER0084,PhonePe Wallet,SPEND,299.26,19406.62,2025-06-18 07:27:49,success
WLT0000309,TXN0001250,CUST00641,MER0147,PhonePe Wallet,LOAD,2351.36,17509.02,2025-04-26 07:20:08,SUCCESS
WLT0000310,TXN0001251,CUST01099,MER0010,Paytm Wallet,SPEND,305.47,15530.13,2025-04-12 02:24:02,SUCCESS
WLT0000311,TXN0001255,CUST00811,MER0011,Mobikwik,SPEND,72.67,15783.08,2025-04-19 07:04:29,SUCCESS
WLT0000312,TXN0001260,CUST01695,,PhonePe Wallet,P2P_TRANSFER,154.58,8139.31,2025-02-02 07:53:01,Success
WLT0000313,TXN0001262,CUST01883,,PhonePe Wallet,P2P_TRANSFER,61.83,14007.44,2025-04-11 09:15:11,success
WLT0000314,TXN0001269,CUST00924,,Amazon Pay Balance,P2P_TRANSFER,258.19,5158.65,2025-03-30 02:18:19,Failed
WLT0000315,TXN0001271,CUST00932,,Paytm Wallet,P2P_TRANSFER,406.04,8282.16,2025-03-04 22:17:52,SUCCESS
WLT0000316,TXN0001273,CUST01502,,PhonePe Wallet,P2P_TRANSFER,696.56,14005.5,2025-01-23 04:02:49,Success
WLT0000317,TXN0001281,CUST00687,MER0039,Paytm Wallet,LOAD,522.4,13049.27,2025-02-01 11:33:10,SUCCESS
WLT0000318,TXN0001282,CUST01780,,Mobikwik,P2P_TRANSFER,536.7,14905.4,2025-05-30 08:31:49,Success
WLT0000319,TXN0001283,CUST01459,,PhonePe Wallet,P2P_TRANSFER,640.15,12027.76,2025-03-01 19:40:26,success
WLT0000320,TXN0001293,CUST01232,MER0063,Paytm Wallet,LOAD,113.82,1235.68,2025-06-21 07:12:00,Success
WLT0000321,TXN0001294,CUST01121,,Mobikwik,P2P_TRANSFER,947.95,8168.25,2025-05-03 01:39:12,Success
WLT0000322,TXN0001299,CUST01184,MER0077,PhonePe Wallet,LOAD,1005.69,15805.83,2025-03-06 07:05:22,Success
WLT0000323,TXN0001300,CUST01885,,Paytm Wallet,P2P_TRANSFER,1083.15,8573.04,2025-01-22 03:27:11,success
WLT0000324,TXN0001305,CUST01535,MER0010,PhonePe Wallet,SPEND,386.87,9795.53,2025-01-19 01:59:59,success
WLT0000325,TXN0001307,CUST00755,MER0018,Mobikwik,LOAD,2756.43,8853.84,2025-05-28 06:35:45,Success
WLT0000326,TXN0001316,CUST01247,MER0067,Mobikwik,LOAD,,5047.26,2025-04-13 00:30:02,success
WLT0000327,TXN0001318,CUST01259,MER0134,Amazon Pay Balance,LOAD,1284.38,19333.49,2025-05-22 14:14:49,SUCCESS
WLT0000328,TXN0001328,CUST01148,MER0055,Paytm Wallet,SPEND,216.39,15701.87,2025-01-03 04:38:56,Success
WLT0000329,TXN0001329,CUST01312,,Amazon Pay Balance,P2P_TRANSFER,1246.16,18954.51,2025-02-24 16:28:32,success
WLT0000330,TXN0001331,CUST00615,MER0083,Paytm Wallet,SPEND,463.62,7833.87,2025-05-29 22:37:51,success
WLT0000331,TXN0001332,CUST00013,,PhonePe Wallet,P2P_TRANSFER,1598.21,13258.95,2025-03-06 17:12:39,SUCCESS
WLT0000332,TXN0001336,CUST01708,MER0123,Amazon Pay Balance,LOAD,709.03,11456.3,2025-06-27 21:37:45,SUCCESS
WLT0000333,TXN0001338,CUST00279,MER0118,Mobikwik,SPEND,604.41,11281.06,2025-06-23 05:17:35,success
WLT0000334,TXN0001344,CUST01098,,Mobikwik,P2P_TRANSFER,134.6,10324.45,2025-04-23 02:52:04,Success
WLT0000335,TXN0001345,CUST01404,MER0091,PhonePe Wallet,SPEND,239.02,15058.76,2025-01-13 20:34:30,Success
WLT0000336,TXN0001352,CUST01757,MER0009,Paytm Wallet,LOAD,837.53,12851.41,2025-02-22 17:16:10,success
WLT0000337,TXN0001354,CUST01797,,PhonePe Wallet,P2P_TRANSFER,342.19,16084.99,2025-03-29 18:02:10,success
WLT0000338,TXN0001360,CUST00052,MER0129,Paytm Wallet,LOAD,1180.97,1055.68,2025-01-30 22:03:16,success
WLT0000339,TXN0001363,CUST01589,MER0026,Amazon Pay Balance,SPEND,490.09,14112.76,2025-06-09 15:26:35,success
WLT0000340,TXN0001364,CUST01922,MER0034,Mobikwik,SPEND,1583.5,2894.91,2025-02-09 20:14:28,Success
WLT0000341,TXN0001365,CUST01484,,Amazon Pay Balance,P2P_TRANSFER,494.83,14620.4,2025-03-17 06:17:31,Success
WLT0000342,TXN0001367,CUST00009,MER0012,Amazon Pay Balance,SPEND,211.32,14655.82,2025-05-14 09:53:45,success
WLT0000343,TXN0001380,CUST00718,MER0070,Mobikwik,SPEND,200.82,9305.99,2025-01-28 11:42:09,Success
WLT0000344,TXN0001385,CUST00060,MER0013,Mobikwik,LOAD,1124.74,503.93,2025-01-21 13:39:18,SUCCESS
WLT0000345,TXN0001387,CUST00874,MER0115,Amazon Pay Balance,LOAD,335.42,18007.1,2025-04-30 16:14:15,success
WLT0000346,TXN0001399,CUST01433,MER0085,Paytm Wallet,SPEND,914.01,950.83,2025-06-03 03:58:30,success
WLT0000347,TXN0001400,CUST01763,MER0117,Amazon Pay Balance,LOAD,70.69,11856.59,2025-04-05 15:56:45,success
WLT0000348,TXN0001404,CUST01573,MER0148,PhonePe Wallet,SPEND,746.61,3466.98,2025-01-25 17:41:56,success
WLT0000349,TXN0001405,CUST01041,,Amazon Pay Balance,P2P_TRANSFER,1387.92,14320.43,2025-06-08 18:04:21,success
WLT0000350,TXN0001409,CUST00821,MER0062,Amazon Pay Balance,LOAD,1500.57,5465.5,2025-05-01 13:29:11,SUCCESS
WLT0000351,TXN0001429,CUST00301,MER0116,PhonePe Wallet,LOAD,356.03,19941.21,2025-04-14 03:49:53,success
WLT0000352,TXN0001434,CUST01932,MER0089,Mobikwik,LOAD,1152.15,2551.18,2025-01-18 08:06:34,SUCCESS
WLT0000353,TXN0001438,CUST00757,MER0014,Amazon Pay Balance,SPEND,849.74,18218.06,2025-01-01 03:55:48,success
WLT0000354,TXN0001440,CUST00736,,Paytm Wallet,P2P_TRANSFER,1507.89,13010.92,2025-02-24 19:11:25,Success
WLT0000355,TXN0001443,CUST00652,MER0104,Paytm Wallet,SPEND,140.29,2163.03,2025-03-16 02:13:19,failed
WLT0000356,TXN0001447,CUST00788,MER0093,Paytm Wallet,LOAD,,1866.44,2025-06-13 02:30:35,Success
WLT0000357,TXN0001450,CUST00024,,Paytm Wallet,P2P_TRANSFER,2006.82,783.5,2025-01-04 01:12:13,Success
WLT0000358,TXN0001452,CUST00895,MER0035,PhonePe Wallet,SPEND,638.67,17034.28,2025-01-17 10:33:36,success
WLT0000359,TXN0001454,CUST00934,MER0109,Paytm Wallet,SPEND,663.34,15327.68,2025-05-02 00:32:54,success
WLT0000360,TXN0001457,CUST00922,MER0058,Amazon Pay Balance,SPEND,1018.94,16980.96,2025-02-06 01:50:56,success
WLT0000361,TXN0001458,CUST00870,MER0148,Paytm Wallet,SPEND,704.2,10889.14,2025-04-07 17:34:46,SUCCESS
WLT0000362,TXN0001460,CUST01028,,Paytm Wallet,P2P_TRANSFER,203.11,18502.22,2025-06-29 22:06:11,Success
WLT0000363,TXN0001462,CUST00069,MER0146,Mobikwik,LOAD,1429.98,12399.11,2025-04-04 20:11:33,SUCCESS
WLT0000364,TXN0001464,CUST01189,MER0021,PhonePe Wallet,SPEND,777.36,7055.47,2025-01-28 14:10:32,success
WLT0000365,TXN0001470,CUST01298,MER0149,PhonePe Wallet,LOAD,4179.95,1129.33,2025-03-02 16:21:15,success
WLT0000366,TXN0001471,CUST01256,,Amazon Pay Balance,P2P_TRANSFER,1004.64,828.39,2025-03-08 17:02:28,Success
WLT0000367,TXN0001472,CUST01096,MER0121,Paytm Wallet,SPEND,224.16,15758.01,2025-03-30 03:57:19,success
WLT0000368,TXN0001476,CUST00344,,PhonePe Wallet,P2P_TRANSFER,355.2,5557.99,2025-06-29 04:51:37,SUCCESS
WLT0000369,TXN0001478,CUST01608,MER0016,PhonePe Wallet,LOAD,420.55,264.83,2025-05-03 04:45:02,Success
WLT0000370,TXN0001479,CUST00970,MER0147,PhonePe Wallet,SPEND,358.92,7092.88,2025-01-11 00:33:57,SUCCESS
WLT0000371,TXN0001488,CUST00358,MER0039,Mobikwik,LOAD,526.46,15205.21,2025-05-08 23:53:16,SUCCESS
WLT0000372,TXN0001495,CUST01913,MER0127,Mobikwik,LOAD,48.06,17352.47,2025-05-27 04:07:18,SUCCESS
WLT0000373,TXN0001496,CUST00846,MER0061,Amazon Pay Balance,SPEND,1064.73,18376.96,2025-05-09 06:55:57,success
WLT0000374,TXN0001497,CUST00902,MER0043,Amazon Pay Balance,SPEND,265.34,14993.54,2025-02-10 22:39:49,Failed
WLT0000375,TXN0001507,CUST00592,MER0115,Paytm Wallet,LOAD,249.13,11527.48,2025-03-16 04:16:05,Success
WLT0000376,TXN0001509,CUST01399,MER0025,PhonePe Wallet,SPEND,5148.19,19779.07,2025-06-28 04:50:54,Success
WLT0000377,TXN0001510,CUST01089,MER0111,Mobikwik,LOAD,949.93,19178.29,2025-04-29 13:04:08,Success
WLT0000378,TXN0001512,CUST00554,,Mobikwik,P2P_TRANSFER,1013.06,6714.46,2025-01-20 02:00:10,Failed
WLT0000379,TXN0001517,CUST01122,,Mobikwik,P2P_TRANSFER,174.28,5072.88,2025-01-02 15:30:06,Success
WLT0000380,TXN0001532,CUST01918,,Mobikwik,P2P_TRANSFER,492.55,17289.65,2025-03-30 01:12:03,success
WLT0000381,TXN0001533,CUST01890,MER0110,Mobikwik,LOAD,176.61,440.38,2025-05-15 09:59:09,SUCCESS
WLT0000382,TXN0001538,CUST00529,MER0068,PhonePe Wallet,SPEND,5109.33,17045.59,2025-02-04 13:12:41,Success
WLT0000383,TXN0001541,CUST00805,,Amazon Pay Balance,P2P_TRANSFER,359.05,3571.13,2025-04-06 13:09:11,success
WLT0000384,TXN0001543,CUST01575,MER0028,Mobikwik,LOAD,230.27,11240.85,2025-06-27 05:04:02,success
WLT0000385,TXN0001548,CUST01020,,Mobikwik,P2P_TRANSFER,503.32,1709.24,2025-05-05 08:10:43,Success
WLT0000386,TXN0001550,CUST00800,,Amazon Pay Balance,P2P_TRANSFER,136.63,2602.27,2025-05-16 22:29:37,success
WLT0000387,TXN0001552,CUST00008,MER0126,Paytm Wallet,LOAD,183.06,6059.04,2025-04-03 20:17:28,Success
WLT0000388,TXN0001557,CUST01162,MER0092,Paytm Wallet,SPEND,137.71,8159.0,2025-03-06 17:56:30,SUCCESS
WLT0000389,TXN0001563,CUST00416,,PhonePe Wallet,P2P_TRANSFER,773.25,2090.06,2025-01-08 15:17:47,Success
WLT0000390,TXN0001567,CUST01411,MER0022,PhonePe Wallet,SPEND,825.62,16519.83,2025-06-21 21:23:49,Success
WLT0000391,TXN0001569,CUST00389,,Mobikwik,P2P_TRANSFER,298.5,17878.28,2025-02-07 11:52:38,Failed
WLT0000392,TXN0001571,CUST00797,,Mobikwik,P2P_TRANSFER,158.36,4680.34,2025-04-15 23:09:18,success
WLT0000393,TXN0001573,CUST01094,MER0116,PhonePe Wallet,SPEND,603.41,17125.0,2025-01-04 04:30:53,failed
WLT0000394,TXN0001578,CUST01926,MER0138,Amazon Pay Balance,LOAD,185.09,19920.94,2025-01-29 22:10:27,success
WLT0000395,TXN0001579,CUST01518,MER0019,Amazon Pay Balance,LOAD,533.62,4780.01,2025-01-08 03:51:44,Failed
WLT0000396,TXN0001583,CUST01437,MER0004,PhonePe Wallet,LOAD,1745.45,12766.12,2025-02-03 10:44:18,SUCCESS
WLT0000397,TXN0001587,CUST01211,,Amazon Pay Balance,P2P_TRANSFER,1028.1,4754.79,2025-06-08 17:41:17,Failed
WLT0000398,TXN0001590,CUST01648,,Amazon Pay Balance,P2P_TRANSFER,909.71,14249.06,2025-03-07 12:07:58,Success
WLT0000399,TXN0001591,CUST01662,MER0103,Paytm Wallet,LOAD,65.38,468.15,2025-03-04 23:02:39,SUCCESS
WLT0000400,TXN0001595,CUST00094,MER0086,Paytm Wallet,SPEND,323.64,16042.95,2025-01-13 06:38:07,Success
WLT0000401,TXN0001596,CUST00248,,PhonePe Wallet,P2P_TRANSFER,1338.29,2974.01,2025-05-28 02:26:21,success
WLT0000402,TXN0001612,CUST00369,MER0023,Paytm Wallet,LOAD,158.08,4298.3,2025-05-02 18:55:29,failed
WLT0000403,TXN0001616,CUST01086,MER0093,Paytm Wallet,SPEND,505.95,19813.28,2025-06-17 12:37:05,SUCCESS
WLT0000404,TXN0001618,CUST00450,MER0054,Mobikwik,SPEND,514.81,18085.25,2025-02-23 16:14:28,Success
WLT0000405,TXN0001619,CUST00109,,Paytm Wallet,P2P_TRANSFER,1732.35,18213.44,2025-06-04 16:29:07,Success
WLT0000406,TXN0001620,CUST00306,MER0122,Mobikwik,LOAD,2815.42,93.61,2025-04-07 14:35:13,Success
WLT0000407,TXN0001623,CUST01321,MER0054,Mobikwik,LOAD,1141.8,10653.93,2025-03-26 09:43:00,Success
WLT0000408,TXN0001626,CUST00214,MER0138,Mobikwik,SPEND,652.67,15640.36,2025-02-04 03:41:44,SUCCESS
WLT0000409,TXN0001631,CUST00859,,Mobikwik,P2P_TRANSFER,175.07,11287.34,2025-05-12 10:21:41,success
WLT0000410,TXN0001633,CUST01596,,Mobikwik,P2P_TRANSFER,227.66,12698.57,2025-02-14 05:32:28,Success
WLT0000411,TXN0001634,CUST00201,,Amazon Pay Balance,P2P_TRANSFER,326.97,18111.02,2025-03-22 02:50:03,SUCCESS
WLT0000412,TXN0001644,CUST01418,MER0072,Amazon Pay Balance,SPEND,334.67,5091.72,2025-01-27 12:08:35,SUCCESS
WLT0000413,TXN0001646,CUST00857,,Amazon Pay Balance,P2P_TRANSFER,659.19,14317.1,2025-03-08 17:10:48,SUCCESS
WLT0000414,TXN0001649,CUST01987,MER0059,PhonePe Wallet,LOAD,401.95,419.6,2025-01-17 18:59:58,SUCCESS
WLT0000415,TXN0001650,CUST00844,MER0126,Amazon Pay Balance,SPEND,277.3,15352.35,2025-06-17 10:08:19,SUCCESS
WLT0000416,TXN0001657,CUST01175,MER0107,PhonePe Wallet,SPEND,1189.59,18642.77,2025-01-09 14:05:58,success
WLT0000417,TXN0001661,CUST00982,MER0026,Mobikwik,SPEND,429.05,7071.34,2025-03-29 20:31:46,SUCCESS
WLT0000418,TXN0001675,CUST01285,,Amazon Pay Balance,P2P_TRANSFER,894.89,14723.56,2025-06-23 11:42:22,PENDING
WLT0000419,TXN0001680,CUST01628,,PhonePe Wallet,P2P_TRANSFER,500.37,9496.64,2025-05-13 22:46:15,Success
WLT0000420,TXN0001683,CUST01937,MER0094,Paytm Wallet,LOAD,1188.53,559.37,2025-06-22 10:16:37,SUCCESS
WLT0000421,TXN0001689,CUST01585,,Paytm Wallet,P2P_TRANSFER,2324.24,3987.38,2025-03-07 00:53:07,SUCCESS
WLT0000422,TXN0001690,CUST00489,MER0123,PhonePe Wallet,SPEND,1063.65,2529.66,2025-05-24 04:26:24,SUCCESS
WLT0000423,TXN0001707,CUST00230,MER0128,Paytm Wallet,SPEND,494.26,10510.11,2025-01-30 05:22:18,Success
WLT0000424,TXN0001709,CUST01950,MER0076,Paytm Wallet,SPEND,1553.41,15120.8,2025-03-22 21:12:05,Pending
WLT0000425,TXN0001710,CUST01986,MER0034,Amazon Pay Balance,LOAD,2655.49,2663.07,2025-04-03 00:33:25,SUCCESS
WLT0000426,TXN0001713,CUST00388,,PhonePe Wallet,P2P_TRANSFER,108.98,4086.63,2025-06-19 06:51:11,success
WLT0000427,TXN0001718,CUST01216,MER0136,Mobikwik,SPEND,374.56,18108.29,2025-06-13 11:34:30,success
WLT0000428,TXN0001725,CUST00724,,Mobikwik,P2P_TRANSFER,278.53,19539.96,2025-02-02 07:18:29,FAILED
WLT0000429,TXN0001730,CUST00488,,Amazon Pay Balance,P2P_TRANSFER,560.6,13015.98,2025-03-03 11:35:00,SUCCESS
WLT0000430,TXN0001732,CUST00534,MER0053,PhonePe Wallet,LOAD,946.6,5130.33,2025-04-20 05:22:49,success
WLT0000431,TXN0001742,CUST00679,MER0076,Paytm Wallet,SPEND,190.92,10535.03,2025-04-03 00:35:01,success
WLT0000432,TXN0001743,CUST01835,,Amazon Pay Balance,P2P_TRANSFER,1939.19,9937.21,2025-05-27 10:38:52,SUCCESS
WLT0000433,TXN0001749,CUST00631,,Amazon Pay Balance,P2P_TRANSFER,1737.89,3228.51,2025-04-30 21:51:39,SUCCESS
WLT0000434,TXN0001767,CUST00852,MER0074,Amazon Pay Balance,LOAD,534.67,15650.07,2025-02-01 19:19:05,Success
WLT0000435,TXN0001772,CUST01777,MER0086,Mobikwik,LOAD,4082.82,7575.58,2025-01-13 20:07:18,SUCCESS
WLT0000436,TXN0001775,CUST01873,,PhonePe Wallet,P2P_TRANSFER,863.37,3609.15,2025-02-03 23:03:37,SUCCESS
WLT0000437,TXN0001777,CUST01164,MER0036,Amazon Pay Balance,LOAD,377.95,2767.57,2025-02-08 16:36:27,success
WLT0000438,TXN0001784,CUST00538,MER0121,Amazon Pay Balance,LOAD,486.95,15186.54,2025-01-25 02:42:23,Success
WLT0000439,TXN0001785,CUST01340,MER0074,Amazon Pay Balance,LOAD,287.58,16030.39,2025-03-23 00:05:29,success
WLT0000440,TXN0001787,CUST01409,MER0008,Mobikwik,LOAD,1712.69,15522.59,2025-01-24 04:13:58,Success
WLT0000441,TXN0001788,CUST01567,,Paytm Wallet,P2P_TRANSFER,1237.38,15911.9,2025-01-13 22:57:36,Success
WLT0000442,TXN0001792,CUST01405,MER0031,Mobikwik,LOAD,986.73,16453.34,2025-03-14 11:14:54,SUCCESS
WLT0000443,TXN0001794,CUST01732,,PhonePe Wallet,P2P_TRANSFER,584.49,958.34,2025-04-23 22:42:23,success
WLT0000444,TXN0001797,CUST00335,,Amazon Pay Balance,P2P_TRANSFER,1047.82,10347.11,2025-03-12 03:08:37,failed
WLT0000445,TXN0001802,CUST00194,MER0043,Amazon Pay Balance,SPEND,1240.36,13776.03,2025-04-16 13:52:59,SUCCESS
WLT0000446,TXN0001806,CUST01095,MER0037,PhonePe Wallet,SPEND,607.24,319.68,2025-01-03 12:06:26,success
WLT0000447,TXN0001807,CUST00281,MER0096,Paytm Wallet,LOAD,259.8,6866.97,2025-06-01 05:30:27,SUCCESS
WLT0000448,TXN0001811,CUST00453,MER0144,Amazon Pay Balance,SPEND,809.46,7610.05,2025-04-30 02:47:00,Success
WLT0000449,TXN0001812,CUST01413,MER0135,Paytm Wallet,LOAD,708.05,17231.5,2025-06-14 06:58:14,SUCCESS
WLT0000450,TXN0001818,CUST00639,MER0036,Mobikwik,LOAD,87.24,5320.8,2025-06-08 15:40:34,SUCCESS
WLT0000451,TXN0001819,CUST00906,MER0134,Amazon Pay Balance,LOAD,705.93,2177.29,2025-05-29 06:35:06,SUCCESS
WLT0000452,TXN0001823,CUST00264,MER0037,Mobikwik,SPEND,42.88,10006.23,2025-05-14 14:31:55,PENDING
WLT0000453,TXN0001824,CUST00465,MER0054,Amazon Pay Balance,LOAD,272.77,16354.98,2025-01-26 06:51:39,SUCCESS
WLT0000454,TXN0001825,CUST00161,MER0029,Amazon Pay Balance,SPEND,243.64,1559.09,2025-01-16 02:16:21,SUCCESS
WLT0000455,TXN0001829,CUST01352,MER0016,Paytm Wallet,SPEND,38.49,5157.01,2025-04-02 02:04:55,SUCCESS
WLT0000456,TXN0001832,CUST00022,MER0032,Amazon Pay Balance,SPEND,361.82,14615.85,2025-06-28 15:58:04,Success
WLT0000457,TXN0001833,CUST01233,,Amazon Pay Balance,P2P_TRANSFER,1147.64,6207.3,2025-06-24 23:46:45,success
WLT0000458,TXN0001834,CUST00410,,Mobikwik,P2P_TRANSFER,81.08,5494.76,2025-03-10 06:15:56,pending
WLT0000459,TXN0001836,CUST01733,MER0072,PhonePe Wallet,LOAD,260.05,19909.03,2025-04-23 13:50:13,success
WLT0000460,TXN0001844,CUST00352,MER0138,Paytm Wallet,SPEND,567.73,5247.58,2025-01-01 20:10:27,SUCCESS
WLT0000461,TXN0001850,CUST01710,MER0098,PhonePe Wallet,LOAD,143.71,8891.67,2025-03-24 08:24:40,SUCCESS
WLT0000462,TXN0001857,CUST00084,,Mobikwik,P2P_TRANSFER,410.36,1076.39,2025-04-06 20:52:06,Success
WLT0000463,TXN0001860,CUST02000,MER0058,Paytm Wallet,LOAD,186.93,6914.86,2025-04-18 13:26:06,SUCCESS
WLT0000464,TXN0001861,CUST00835,,PhonePe Wallet,P2P_TRANSFER,390.07,7634.77,2025-06-16 02:17:34,SUCCESS
WLT0000465,TXN0001862,CUST00877,,Paytm Wallet,P2P_TRANSFER,1445.45,14835.81,2025-01-14 12:24:07,SUCCESS
WLT0000466,TXN0001870,CUST01895,MER0044,Mobikwik,SPEND,440.04,18140.65,2025-01-13 13:34:20,SUCCESS
WLT0000467,TXN0001875,CUST01462,MER0070,Mobikwik,SPEND,1420.65,736.83,2025-05-27 20:37:37,success
WLT0000468,TXN0001877,CUST00975,MER0104,Amazon Pay Balance,SPEND,981.61,19940.7,2025-04-05 02:05:12,Success
WLT0000469,TXN0001880,CUST00251,,Amazon Pay Balance,P2P_TRANSFER,551.71,1936.83,2025-04-07 13:27:49,failed
WLT0000470,TXN0001881,CUST00473,MER0035,Mobikwik,SPEND,232.03,17516.68,2025-01-06 18:31:17,SUCCESS
WLT0000471,TXN0001883,CUST00140,MER0007,Paytm Wallet,LOAD,1954.48,17129.55,2025-02-04 18:38:47,Success
WLT0000472,TXN0001884,CUST00784,MER0084,Paytm Wallet,SPEND,3670.03,14472.51,2025-01-30 15:48:15,SUCCESS
WLT0000473,TXN0001889,CUST01034,,PhonePe Wallet,P2P_TRANSFER,563.62,14960.89,2025-03-08 17:21:53,Success
WLT0000474,TXN0001895,CUST00074,,Mobikwik,P2P_TRANSFER,319.46,10151.84,2025-04-19 02:15:14,Success
WLT0000475,TXN0001896,CUST01351,MER0078,PhonePe Wallet,LOAD,868.91,7156.57,2025-06-21 19:00:06,Success
WLT0000476,TXN0001897,CUST01447,,Amazon Pay Balance,P2P_TRANSFER,1255.47,585.21,2025-03-25 15:07:10,Success
WLT0000477,TXN0001900,CUST00225,MER0126,Mobikwik,SPEND,279.78,11921.81,2025-05-09 04:11:21,Success
WLT0000478,TXN0001901,CUST01135,MER0147,Amazon Pay Balance,SPEND,130.15,16363.12,2025-04-02 05:30:44,Success
WLT0000479,TXN0001903,CUST00321,MER0101,Amazon Pay Balance,SPEND,366.53,8902.28,2025-02-21 03:29:27,SUCCESS
WLT0000480,TXN0001905,CUST01386,MER0073,PhonePe Wallet,LOAD,940.19,174.71,2025-03-04 05:33:28,Success
WLT0000481,TXN0001916,CUST00625,,Paytm Wallet,P2P_TRANSFER,297.24,13254.8,2025-02-02 23:13:43,SUCCESS
WLT0000482,TXN0001918,CUST00077,MER0109,Amazon Pay Balance,LOAD,945.71,4237.31,2025-04-21 07:18:07,success
WLT0000483,TXN0001921,CUST00046,MER0097,Amazon Pay Balance,LOAD,955.61,18427.02,2025-04-21 18:02:24,success
WLT0000484,TXN0001923,CUST00201,MER0026,PhonePe Wallet,SPEND,36.58,5689.55,2025-05-15 03:39:33,SUCCESS
WLT0000485,TXN0001925,CUST01018,MER0087,PhonePe Wallet,SPEND,28.54,13002.99,2025-02-02 08:32:20,SUCCESS
WLT0000486,TXN0001927,CUST01986,MER0128,PhonePe Wallet,LOAD,1326.62,15139.55,2025-05-04 09:23:04,SUCCESS
WLT0000487,TXN0001929,CUST01742,MER0074,PhonePe Wallet,SPEND,1982.27,17909.24,2025-02-21 11:42:44,SUCCESS
WLT0000488,TXN0001931,CUST00824,MER0024,Mobikwik,LOAD,2703.08,15341.91,2025-05-20 08:45:22,Success
WLT0000489,TXN0001932,CUST01729,MER0087,Amazon Pay Balance,LOAD,1572.17,17590.42,2025-02-23 01:58:22,failed
WLT0000490,TXN0001933,CUST00138,MER0136,Paytm Wallet,LOAD,329.33,945.7,2025-04-03 06:54:40,success
WLT0000491,TXN0001934,CUST00875,,Amazon Pay Balance,P2P_TRANSFER,526.75,15289.16,2025-06-04 12:00:21,pending
WLT0000492,TXN0001935,CUST00158,MER0078,Amazon Pay Balance,SPEND,,10426.0,2025-04-08 23:47:26,SUCCESS
WLT0000493,TXN0001943,CUST00383,MER0055,Paytm Wallet,SPEND,948.71,9030.21,2025-05-09 07:34:48,Success
WLT0000494,TXN0001944,CUST01971,MER0120,Amazon Pay Balance,LOAD,121.13,5882.13,2025-02-22 00:40:19,success
WLT0000495,TXN0001945,CUST01920,MER0112,PhonePe Wallet,SPEND,402.95,1318.15,2025-04-20 22:17:37,success
WLT0000496,TXN0001953,CUST01687,,Amazon Pay Balance,P2P_TRANSFER,646.31,55.61,2025-02-01 04:22:37,pending
WLT0000497,TXN0001954,CUST00526,MER0061,Amazon Pay Balance,LOAD,1271.75,13788.0,2025-03-20 19:28:20,SUCCESS
WLT0000498,TXN0001957,CUST01633,MER0119,PhonePe Wallet,SPEND,2453.32,2665.02,2025-04-05 06:02:44,Success
WLT0000499,TXN0001959,CUST01325,MER0052,Paytm Wallet,LOAD,1677.37,14600.02,2025-01-31 22:39:51,success
WLT0000500,TXN0001960,CUST00559,,Amazon Pay Balance,P2P_TRANSFER,182.96,1272.23,2025-02-20 04:12:59,success
WLT0000501,TXN0001965,CUST01761,MER0081,Paytm Wallet,SPEND,1065.49,10637.15,2025-04-27 19:39:28,SUCCESS
WLT0000502,TXN0001966,CUST00611,MER0105,Amazon Pay Balance,LOAD,2025.1,14277.55,2025-06-24 03:15:58,Success
WLT0000503,TXN0001987,CUST00974,MER0079,PhonePe Wallet,LOAD,2819.49,6572.48,2025-01-05 02:12:46,Success
WLT0000504,TXN0001990,CUST01879,MER0062,Amazon Pay Balance,LOAD,330.36,17433.03,2025-02-19 02:59:08,SUCCESS
WLT0000505,TXN0001991,CUST01132,MER0093,Paytm Wallet,SPEND,103.45,19563.24,2025-06-25 09:01:01,success
WLT0000506,TXN0001993,CUST01776,,Amazon Pay Balance,P2P_TRANSFER,443.42,5278.41,2025-03-27 21:44:47,success
WLT0000507,TXN0001995,CUST01968,MER0066,Mobikwik,SPEND,3108.45,994.55,2025-02-28 10:14:25,Success
WLT0000508,TXN0001996,CUST00185,MER0061,Paytm Wallet,LOAD,333.37,2682.54,2025-02-27 18:05:28,success
WLT0000509,TXN0002006,CUST00136,MER0141,Amazon Pay Balance,SPEND,239.46,4063.23,2025-05-24 06:19:47,Failed
WLT0000510,TXN0002008,CUST00057,MER0048,PhonePe Wallet,SPEND,35.72,6021.03,2025-05-03 08:44:29,success
WLT0000511,TXN0002020,CUST00849,MER0101,Paytm Wallet,LOAD,527.91,19301.05,2025-06-20 04:16:24,SUCCESS
WLT0000512,TXN0002022,CUST00043,MER0143,PhonePe Wallet,LOAD,794.58,18923.25,2025-05-06 15:44:08,SUCCESS
WLT0000513,TXN0002027,CUST00533,,Paytm Wallet,P2P_TRANSFER,615.26,7086.24,2025-03-13 10:37:55,success
WLT0000514,TXN0002030,CUST01584,MER0117,PhonePe Wallet,SPEND,171.54,13860.29,2025-06-10 15:17:56,success
WLT0000515,TXN0002032,CUST00460,MER0049,Paytm Wallet,LOAD,272.51,13954.27,2025-06-17 08:54:58,SUCCESS
WLT0000516,TXN0002035,CUST00267,MER0053,Amazon Pay Balance,SPEND,195.83,330.77,2025-04-27 12:35:18,Success
WLT0000517,TXN0002042,CUST00509,MER0118,Amazon Pay Balance,LOAD,1215.26,12877.31,2025-01-17 15:34:16,SUCCESS
WLT0000518,TXN0002046,CUST00786,MER0066,Mobikwik,LOAD,1858.56,9449.72,2025-01-15 04:27:49,success
WLT0000519,TXN0002048,CUST00107,MER0061,Amazon Pay Balance,SPEND,567.8,3604.77,2025-04-02 10:42:14,Success
WLT0000520,TXN0002056,CUST00348,MER0087,Amazon Pay Balance,SPEND,133.19,2329.03,2025-06-20 11:17:43,SUCCESS
WLT0000521,TXN0002059,CUST00291,,Paytm Wallet,P2P_TRANSFER,1922.96,11220.62,2025-03-02 19:56:31,success
WLT0000522,TXN0002066,CUST00338,MER0126,PhonePe Wallet,LOAD,1108.24,19587.23,2025-05-29 06:59:07,failed
WLT0000523,TXN0002071,CUST00964,,Paytm Wallet,P2P_TRANSFER,244.82,2760.76,2025-05-18 02:01:31,SUCCESS
WLT0000524,TXN0002080,CUST01710,,Paytm Wallet,P2P_TRANSFER,566.9,8631.7,2025-04-09 18:53:23,success
WLT0000525,TXN0002088,CUST00583,MER0032,Mobikwik,SPEND,1011.49,325.42,2025-03-18 12:57:51,success
WLT0000526,TXN0002091,CUST00167,MER0123,Amazon Pay Balance,LOAD,1212.22,5967.7,2025-03-30 04:03:07,failed
WLT0000527,TXN0002096,CUST01941,MER0146,Mobikwik,SPEND,215.21,17154.46,2025-01-26 02:40:32,SUCCESS
WLT0000528,TXN0002097,CUST00433,MER0073,PhonePe Wallet,SPEND,413.61,12699.25,2025-03-04 18:05:07,Success
WLT0000529,TXN0002098,CUST01635,,Paytm Wallet,P2P_TRANSFER,535.82,6236.05,2025-01-14 17:35:53,Pending
WLT0000530,TXN0002099,CUST01121,MER0098,Paytm Wallet,SPEND,765.6,3001.16,2025-01-18 23:19:08,success
WLT0000531,TXN0002104,CUST01326,MER0040,Mobikwik,LOAD,325.84,17586.47,2025-01-24 10:02:45,success
WLT0000532,TXN0002105,CUST00612,MER0111,Amazon Pay Balance,LOAD,718.18,18383.57,2025-05-23 21:29:33,SUCCESS
WLT0000533,TXN0002115,CUST01292,MER0011,PhonePe Wallet,LOAD,360.48,8921.6,2025-04-10 16:20:40,success
WLT0000534,TXN0002118,CUST01080,MER0135,PhonePe Wallet,LOAD,725.3,15144.17,2025-01-17 07:19:44,Success
WLT0000535,TXN0002126,CUST00093,MER0131,Mobikwik,SPEND,817.24,12613.62,2025-03-24 12:14:25,success
WLT0000536,TXN0002127,CUST00846,,Mobikwik,P2P_TRANSFER,1381.63,10882.05,2025-05-09 07:48:31,success
WLT0000537,TXN0002133,CUST01611,,PhonePe Wallet,P2P_TRANSFER,224.94,9334.53,2025-03-18 07:18:50,Success
WLT0000538,TXN0002135,CUST01796,MER0081,PhonePe Wallet,LOAD,663.0,1561.19,2025-04-25 00:35:21,Success
WLT0000539,TXN0002138,CUST01655,,Mobikwik,P2P_TRANSFER,488.44,916.24,2025-06-28 06:42:42,Success
WLT0000540,TXN0002143,CUST01095,,Amazon Pay Balance,P2P_TRANSFER,571.33,5206.68,2025-03-18 16:31:30,success
WLT0000541,TXN0002153,CUST01988,,Paytm Wallet,P2P_TRANSFER,452.85,7451.87,2025-01-06 04:58:06,success
WLT0000542,TXN0002160,CUST00341,MER0114,Paytm Wallet,LOAD,361.99,8991.22,2025-04-05 04:28:55,SUCCESS
WLT0000543,TXN0002161,CUST00966,,PhonePe Wallet,P2P_TRANSFER,162.33,214.23,2025-03-29 06:53:51,Success
WLT0000544,TXN0002162,CUST01199,,PhonePe Wallet,P2P_TRANSFER,154.41,11845.32,2025-02-27 06:00:50,Success
WLT0000545,TXN0002167,CUST01186,MER0142,PhonePe Wallet,SPEND,30.72,1091.22,2025-02-26 11:06:27,SUCCESS
WLT0000546,TXN0002169,CUST00996,MER0125,PhonePe Wallet,SPEND,976.61,4987.61,2025-02-15 00:45:33,Success
WLT0000547,TXN0002171,CUST00039,MER0081,Paytm Wallet,LOAD,478.97,12640.9,2025-04-18 10:21:30,SUCCESS
WLT0000548,TXN0002178,CUST00394,MER0113,Paytm Wallet,LOAD,1939.75,15656.94,2025-02-15 01:40:44,success
WLT0000549,TXN0002179,CUST01040,,PhonePe Wallet,P2P_TRANSFER,2949.45,18089.89,2025-06-26 12:34:26,success
WLT0000550,TXN0002185,CUST00968,MER0042,PhonePe Wallet,LOAD,1925.15,5293.87,2025-05-01 17:59:43,SUCCESS
WLT0000551,TXN0002188,CUST00989,,Mobikwik,P2P_TRANSFER,1655.91,17387.13,2025-02-08 17:39:49,failed
WLT0000552,TXN0002189,CUST00321,MER0026,Paytm Wallet,SPEND,534.78,1747.83,2025-06-04 01:53:46,success
WLT0000553,TXN0002190,CUST00852,MER0127,Amazon Pay Balance,SPEND,682.64,4585.23,2025-02-28 23:07:13,Success
WLT0000554,TXN0002193,CUST01805,,Paytm Wallet,P2P_TRANSFER,2627.24,7824.31,2025-05-12 10:42:44,Success
WLT0000555,TXN0002194,CUST00325,,Mobikwik,P2P_TRANSFER,393.42,3841.65,2025-06-16 21:22:54,success
WLT0000556,TXN0002205,CUST00104,MER0113,Amazon Pay Balance,LOAD,167.61,4836.7,2025-06-05 03:32:55,success
WLT0000557,TXN0002211,CUST00741,,PhonePe Wallet,P2P_TRANSFER,100.67,1627.86,2025-02-26 17:23:30,Success
WLT0000558,TXN0002215,CUST01326,MER0036,Mobikwik,SPEND,320.75,193.63,2025-01-24 21:08:40,success
WLT0000559,TXN0002221,CUST00175,,Mobikwik,P2P_TRANSFER,590.48,14577.52,2025-05-19 21:04:20,Success
WLT0000560,TXN0002228,CUST00940,MER0133,Amazon Pay Balance,LOAD,77.07,5817.46,2025-06-04 07:08:19,SUCCESS
WLT0000561,TXN0002231,CUST00021,MER0133,Mobikwik,LOAD,178.53,4882.21,2025-01-14 12:16:18,success
WLT0000562,TXN0002235,CUST00076,MER0039,Mobikwik,SPEND,304.92,6035.17,2025-06-25 06:00:24,failed
WLT0000563,TXN0002236,CUST01177,,Paytm Wallet,P2P_TRANSFER,208.48,18800.15,2025-05-03 15:30:16,Pending
WLT0000564,TXN0002241,CUST00705,,Paytm Wallet,P2P_TRANSFER,316.46,13496.42,2025-02-24 07:52:21,Success
WLT0000565,TXN0002243,CUST01886,,Amazon Pay Balance,P2P_TRANSFER,185.44,10883.23,2025-03-20 10:29:16,SUCCESS
WLT0000566,TXN0002249,CUST00799,MER0033,Mobikwik,LOAD,454.16,15244.97,2025-04-12 01:33:52,Success
WLT0000567,TXN0002253,CUST01551,MER0006,PhonePe Wallet,SPEND,128.08,7041.44,2025-01-06 09:58:57,SUCCESS
WLT0000568,TXN0002256,CUST01586,MER0109,PhonePe Wallet,LOAD,618.78,5460.5,2025-04-09 02:45:00,FAILED
WLT0000569,TXN0002261,CUST00611,MER0002,Mobikwik,SPEND,2281.37,5793.5,2025-03-29 23:49:07,Success
WLT0000570,TXN0002262,CUST00695,MER0149,Paytm Wallet,LOAD,126.59,16085.74,2025-04-20 19:52:26,SUCCESS
WLT0000571,TXN0002265,CUST00613,,PhonePe Wallet,P2P_TRANSFER,389.74,17771.27,2025-06-02 09:22:58,success
WLT0000572,TXN0002266,CUST01670,MER0036,Amazon Pay Balance,SPEND,148.8,19682.07,2025-05-19 17:07:00,Success
WLT0000573,TXN0002267,CUST00774,MER0064,Paytm Wallet,SPEND,1005.33,14238.81,2025-01-21 10:23:34,Failed
WLT0000574,TXN0002268,CUST00672,MER0050,Paytm Wallet,SPEND,982.92,11092.41,2025-06-09 18:43:30,success
WLT0000575,TXN0002274,CUST00440,MER0095,Mobikwik,SPEND,410.99,7392.98,2025-05-12 10:13:16,success
WLT0000576,TXN0002276,CUST01145,MER0102,Paytm Wallet,LOAD,201.15,7458.69,2025-06-19 07:53:00,Success
WLT0000577,TXN0002277,CUST00541,MER0109,Amazon Pay Balance,SPEND,274.93,8366.85,2025-03-27 10:55:16,success
WLT0000578,TXN0002279,CUST01994,MER0042,Mobikwik,SPEND,908.83,290.74,2025-01-29 00:42:07,SUCCESS
WLT0000579,TXN0002291,CUST00625,MER0078,Paytm Wallet,SPEND,141.42,5938.53,2025-02-27 02:03:07,SUCCESS
WLT0000580,TXN0002302,CUST00692,MER0122,Amazon Pay Balance,SPEND,298.82,12246.5,2025-06-12 00:51:55,success
WLT0000581,TXN0002308,CUST01639,MER0105,Paytm Wallet,LOAD,117.78,6461.08,2025-03-17 04:38:47,SUCCESS
WLT0000582,TXN0002314,CUST01291,MER0080,Paytm Wallet,LOAD,166.93,18371.7,2025-04-19 22:39:22,SUCCESS
WLT0000583,TXN0002322,CUST01918,MER0005,PhonePe Wallet,SPEND,84.78,9259.19,2025-02-23 09:25:05,Success
WLT0000584,TXN0002323,CUST01612,,Mobikwik,P2P_TRANSFER,168.81,4971.26,2025-06-11 02:38:17,Success
WLT0000585,TXN0002329,CUST00896,,Amazon Pay Balance,P2P_TRANSFER,2083.17,14493.36,2025-01-05 16:06:48,SUCCESS
WLT0000586,TXN0002333,CUST00345,,PhonePe Wallet,P2P_TRANSFER,891.07,11211.73,2025-02-05 11:17:56,success
WLT0000587,TXN0002334,CUST00524,MER0040,PhonePe Wallet,LOAD,996.06,16016.42,2025-03-01 13:45:52,Success
WLT0000588,TXN0002341,CUST00664,,PhonePe Wallet,P2P_TRANSFER,151.74,4506.8,2025-06-10 17:33:16,Success
WLT0000589,TXN0002346,CUST01945,,Amazon Pay Balance,P2P_TRANSFER,529.34,13229.46,2025-01-12 18:33:55,success
WLT0000590,TXN0002347,CUST00652,MER0105,PhonePe Wallet,LOAD,630.74,5965.74,2025-01-13 17:03:26,Success
WLT0000591,TXN0002349,CUST01298,,Amazon Pay Balance,P2P_TRANSFER,1082.32,15734.06,2025-06-22 01:47:08,SUCCESS
WLT0000592,TXN0002351,CUST01974,MER0026,Mobikwik,LOAD,1540.49,10327.97,2025-02-17 19:54:58,success
WLT0000593,TXN0002353,CUST01609,,Paytm Wallet,P2P_TRANSFER,295.06,6868.62,2025-04-21 08:12:59,Success
WLT0000594,TXN0002355,CUST01734,MER0053,Amazon Pay Balance,LOAD,669.83,6311.58,2025-06-02 00:29:33,success
WLT0000595,TXN0002365,CUST01393,MER0090,Paytm Wallet,SPEND,3367.87,11839.18,2025-06-13 14:02:55,Success
WLT0000596,TXN0002368,CUST00094,,Mobikwik,P2P_TRANSFER,371.95,8271.06,2025-04-14 17:02:11,SUCCESS
WLT0000597,TXN0002370,CUST00184,MER0032,PhonePe Wallet,LOAD,771.99,5745.55,2025-06-11 06:24:06,SUCCESS
WLT0000598,TXN0002371,CUST00287,MER0072,Paytm Wallet,LOAD,380.91,8917.48,2025-06-20 13:04:41,Success
WLT0000599,TXN0002373,CUST01034,MER0082,PhonePe Wallet,LOAD,164.85,17161.41,2025-06-21 15:25:11,success
WLT0000600,TXN0002375,CUST00536,MER0116,Mobikwik,LOAD,282.09,178.88,2025-02-23 00:20:00,Failed
WLT0000601,TXN0002378,CUST00673,,Mobikwik,P2P_TRANSFER,952.85,15562.32,2025-05-15 08:13:54,SUCCESS
WLT0000602,TXN0002380,CUST00976,,Mobikwik,P2P_TRANSFER,1048.86,4988.2,2025-01-02 20:38:22,SUCCESS
WLT0000603,TXN0002386,CUST00253,MER0097,Mobikwik,SPEND,323.56,14886.3,2025-06-10 16:16:29,success
WLT0000604,TXN0002388,CUST00363,MER0003,Paytm Wallet,LOAD,527.51,17308.87,2025-01-25 05:26:30,Success
WLT0000605,TXN0002389,CUST00948,MER0050,Amazon Pay Balance,LOAD,1005.83,9116.14,2025-03-28 07:52:55,Success
WLT0000606,TXN0002390,CUST00020,,Paytm Wallet,P2P_TRANSFER,752.44,3527.7,2025-01-04 20:11:21,Success
WLT0000607,TXN0002399,CUST01782,,PhonePe Wallet,P2P_TRANSFER,322.44,8589.31,2025-04-08 03:41:11,SUCCESS
WLT0000608,TXN0002400,CUST01012,,Paytm Wallet,P2P_TRANSFER,378.61,8144.02,2025-02-07 15:02:05,success
WLT0000609,TXN0002405,CUST01912,MER0059,PhonePe Wallet,LOAD,630.25,16481.26,2025-06-21 01:46:19,success
WLT0000610,TXN0002406,CUST01072,MER0071,Paytm Wallet,SPEND,732.36,14303.12,2025-02-07 06:05:34,success
WLT0000611,TXN0002411,CUST01313,MER0014,Amazon Pay Balance,LOAD,5750.28,5514.02,2025-06-15 19:16:30,Success
WLT0000612,TXN0002423,CUST00868,MER0064,Amazon Pay Balance,SPEND,115.77,9417.36,2025-02-08 05:30:44,success
WLT0000613,TXN0002431,CUST00684,MER0061,Amazon Pay Balance,LOAD,445.47,7096.62,2025-01-15 03:47:20,pending
WLT0000614,TXN0002441,CUST00107,,Mobikwik,P2P_TRANSFER,46.94,2870.45,2025-03-16 01:42:41,success
WLT0000615,TXN0002443,CUST01541,MER0003,Amazon Pay Balance,LOAD,2993.22,8053.06,2025-03-30 01:02:58,Success
WLT0000616,TXN0002453,CUST00863,MER0114,Paytm Wallet,SPEND,382.05,14735.22,2025-02-06 02:27:57,Success
WLT0000617,TXN0002455,CUST00091,,Paytm Wallet,P2P_TRANSFER,3917.69,7294.66,2025-03-02 12:28:22,success
WLT0000618,TXN0002458,CUST01196,MER0038,Paytm Wallet,LOAD,131.92,6664.88,2025-01-29 14:58:33,Success
WLT0000619,TXN0002463,CUST00487,MER0144,Paytm Wallet,LOAD,523.04,16489.14,2025-06-16 17:50:32,Success
WLT0000620,TXN0002464,CUST00112,MER0051,Amazon Pay Balance,SPEND,80.29,1276.45,2025-02-08 21:48:02,success
WLT0000621,TXN0002465,CUST01312,MER0018,Amazon Pay Balance,LOAD,321.58,5853.92,2025-03-08 07:44:50,pending
WLT0000622,TXN0002474,CUST00457,MER0120,Amazon Pay Balance,SPEND,285.23,3480.93,2025-05-02 03:40:40,Success
WLT0000623,TXN0002478,CUST00820,,Paytm Wallet,P2P_TRANSFER,404.82,13974.76,2025-01-02 07:20:33,PENDING
WLT0000624,TXN0002480,CUST00733,,Paytm Wallet,P2P_TRANSFER,376.15,9476.62,2025-01-23 08:49:15,SUCCESS
WLT0000625,TXN0002489,CUST00402,,Mobikwik,P2P_TRANSFER,158.36,7015.15,2025-06-13 16:06:43,success
WLT0000626,TXN0002493,CUST01918,,Paytm Wallet,P2P_TRANSFER,433.52,9181.61,2025-03-30 14:03:47,SUCCESS
WLT0000627,TXN0002497,CUST01457,,Paytm Wallet,P2P_TRANSFER,594.73,5770.95,2025-01-29 01:06:10,success
WLT0000628,TXN0002502,CUST00501,MER0049,Paytm Wallet,SPEND,1024.82,15365.63,2025-06-15 21:57:27,Failed
WLT0000629,TXN0002503,CUST01097,,Amazon Pay Balance,P2P_TRANSFER,1447.24,19837.99,2025-01-29 20:22:19,SUCCESS
WLT0000630,TXN0002515,CUST00990,MER0127,PhonePe Wallet,SPEND,570.4,12518.4,2025-04-02 23:52:22,success
WLT0000631,TXN0002519,CUST01833,,PhonePe Wallet,P2P_TRANSFER,618.58,5233.97,2025-06-17 14:39:20,failed
WLT0000632,TXN0002520,CUST00481,MER0079,Amazon Pay Balance,LOAD,172.97,3657.04,2025-03-24 12:45:00,success
WLT0000633,TXN0002521,CUST01821,MER0041,PhonePe Wallet,SPEND,1766.9,13441.98,2025-06-13 14:00:56,success
WLT0000634,TXN0002531,CUST00784,,PhonePe Wallet,P2P_TRANSFER,2423.8,19163.14,2025-03-27 18:25:03,SUCCESS
WLT0000635,TXN0002535,CUST01028,MER0021,PhonePe Wallet,SPEND,1091.2,4157.26,2025-06-02 14:26:06,Success
WLT0000636,TXN0002537,CUST00243,,Mobikwik,P2P_TRANSFER,473.31,17171.23,2025-01-08 10:24:15,success
WLT0000637,TXN0002539,CUST00403,MER0065,Mobikwik,SPEND,530.4,2533.34,2025-02-28 18:45:24,Success
WLT0000638,TXN0002540,CUST01527,MER0071,Mobikwik,LOAD,224.88,10259.95,2025-02-07 00:27:29,SUCCESS
WLT0000639,TXN0002541,CUST01446,MER0036,PhonePe Wallet,SPEND,758.78,6550.81,2025-06-16 00:35:06,Success
WLT0000640,TXN0002542,CUST01541,MER0140,Paytm Wallet,SPEND,390.95,4075.76,2025-06-27 04:00:38,success
WLT0000641,TXN0002544,CUST00614,,Paytm Wallet,P2P_TRANSFER,439.82,5508.38,2025-03-09 07:25:25,SUCCESS
WLT0000642,TXN0002561,CUST00263,MER0003,Mobikwik,SPEND,664.59,8778.3,2025-04-08 01:14:16,Success
WLT0000643,TXN0002562,CUST01660,MER0091,Amazon Pay Balance,SPEND,364.49,13492.53,2025-03-07 23:41:11,Success
WLT0000644,TXN0002576,CUST00352,,PhonePe Wallet,P2P_TRANSFER,98.26,6455.77,2025-04-18 08:43:56,SUCCESS
WLT0000645,TXN0002578,CUST01412,MER0007,Mobikwik,SPEND,914.71,13361.6,2025-02-06 06:02:53,SUCCESS
WLT0000646,TXN0002580,CUST01973,MER0053,PhonePe Wallet,SPEND,481.04,12401.36,2025-02-15 06:02:32,SUCCESS
WLT0000647,TXN0002585,CUST00322,MER0034,PhonePe Wallet,SPEND,445.3,13839.92,2025-04-15 04:03:08,SUCCESS
WLT0000648,TXN0002586,CUST00857,MER0018,PhonePe Wallet,SPEND,419.36,14999.45,2025-03-17 12:50:17,SUCCESS
WLT0000649,TXN0002588,CUST01783,,Mobikwik,P2P_TRANSFER,1351.21,11617.1,2025-03-25 22:12:04,Success
WLT0000650,TXN0002590,CUST01237,MER0080,Mobikwik,SPEND,388.96,14402.81,2025-04-25 01:54:39,success
WLT0000651,TXN0002593,CUST00414,,Mobikwik,P2P_TRANSFER,167.35,3715.85,2025-01-28 16:59:34,Success
WLT0000652,TXN0002596,CUST00674,MER0126,Paytm Wallet,SPEND,783.46,2965.05,2025-03-31 08:42:31,success
WLT0000653,TXN0002601,CUST01256,MER0045,Mobikwik,LOAD,208.95,17546.33,2025-03-22 14:17:09,SUCCESS
WLT0000654,TXN0002603,CUST01266,MER0118,Amazon Pay Balance,SPEND,295.75,15655.15,2025-03-16 16:40:07,success
WLT0000655,TXN0002609,CUST01366,MER0056,Amazon Pay Balance,SPEND,1768.03,1278.4,2025-06-26 11:01:08,Success
WLT0000656,TXN0002614,CUST00924,,PhonePe Wallet,P2P_TRANSFER,1434.96,6004.34,2025-02-10 06:25:26,Success
WLT0000657,TXN0002621,CUST01453,MER0084,Paytm Wallet,LOAD,1355.93,1505.31,2025-05-11 03:48:13,failed
WLT0000658,TXN0002628,CUST00037,MER0046,PhonePe Wallet,SPEND,1367.01,9379.18,2025-02-27 02:48:48,SUCCESS
WLT0000659,TXN0002631,CUST01376,MER0070,Paytm Wallet,SPEND,523.6,10677.01,2025-01-30 19:20:43,SUCCESS
WLT0000660,TXN0002632,CUST00903,MER0056,PhonePe Wallet,SPEND,228.71,12904.88,2025-05-19 17:24:09,success
WLT0000661,TXN0002635,CUST01301,MER0027,PhonePe Wallet,LOAD,2085.87,11319.88,2025-03-17 20:24:49,SUCCESS
WLT0000662,TXN0002636,CUST01414,MER0014,Paytm Wallet,LOAD,458.58,7026.09,2025-04-27 03:50:20,success
WLT0000663,TXN0002638,CUST00773,MER0064,Mobikwik,LOAD,636.1,7787.91,2025-03-14 17:58:15,SUCCESS
WLT0000664,TXN0002640,CUST00188,,PhonePe Wallet,P2P_TRANSFER,480.39,1943.96,2025-01-06 10:13:45,success
WLT0000665,TXN0002643,CUST01964,MER0043,Amazon Pay Balance,LOAD,172.58,1918.68,2025-05-21 14:08:17,Success
WLT0000666,TXN0002644,CUST00343,,Paytm Wallet,P2P_TRANSFER,283.88,16782.8,2025-04-10 12:25:24,Success
WLT0000667,TXN0002655,CUST01278,MER0018,Mobikwik,SPEND,175.77,173.83,2025-06-21 22:32:34,SUCCESS
WLT0000668,TXN0002660,CUST00516,MER0084,Mobikwik,SPEND,1059.74,2121.58,2025-05-03 12:05:08,PENDING
WLT0000669,TXN0002664,CUST01365,MER0086,Paytm Wallet,SPEND,169.97,18320.19,2025-01-04 10:14:57,SUCCESS
WLT0000670,TXN0002665,CUST01247,MER0115,Amazon Pay Balance,LOAD,410.34,10064.55,2025-03-16 05:58:47,Success
WLT0000671,TXN0002668,CUST00044,MER0032,Mobikwik,LOAD,1423.91,19710.93,2025-03-01 23:20:20,SUCCESS
WLT0000672,TXN0002669,CUST00485,MER0063,Mobikwik,SPEND,792.55,8635.33,2025-05-01 08:19:11,Success
WLT0000673,TXN0002671,CUST00768,MER0052,Mobikwik,SPEND,99.42,12834.14,2025-01-30 10:50:10,Success
WLT0000674,TXN0002673,CUST00078,,PhonePe Wallet,P2P_TRANSFER,1295.57,9865.44,2025-05-21 20:10:56,SUCCESS
WLT0000675,TXN0002692,CUST01214,MER0053,Mobikwik,LOAD,421.36,1742.93,2025-02-15 21:17:06,SUCCESS
WLT0000676,TXN0002697,CUST00510,MER0148,Mobikwik,SPEND,551.33,9642.05,2025-03-29 01:05:42,SUCCESS
WLT0000677,TXN0002699,CUST01767,MER0021,PhonePe Wallet,LOAD,704.69,10104.35,2025-03-11 19:46:23,success
WLT0000678,TXN0002700,CUST00816,MER0121,PhonePe Wallet,LOAD,446.07,3319.01,2025-03-27 16:57:41,Success
WLT0000679,TXN0002705,CUST01750,,Mobikwik,P2P_TRANSFER,207.96,13596.28,2025-06-26 00:23:45,FAILED
WLT0000680,TXN0002711,CUST01152,MER0019,Amazon Pay Balance,LOAD,1318.65,1279.71,2025-03-06 16:59:01,success
WLT0000681,TXN0002717,CUST01988,MER0099,Amazon Pay Balance,LOAD,761.55,3508.9,2025-04-06 01:28:24,Failed
WLT0000682,TXN0002722,CUST00894,MER0090,Amazon Pay Balance,SPEND,3146.43,12515.47,2025-04-09 22:56:49,success
WLT0000683,TXN0002723,CUST01453,MER0095,Paytm Wallet,SPEND,107.3,2842.0,2025-05-16 05:43:02,success
WLT0000684,TXN0002731,CUST00302,,Amazon Pay Balance,P2P_TRANSFER,790.77,2908.79,2025-04-27 22:13:09,Failed
WLT0000685,TXN0002736,CUST01864,,Mobikwik,P2P_TRANSFER,346.21,1250.26,2025-03-24 03:03:57,SUCCESS
WLT0000686,TXN0002745,CUST00293,,Amazon Pay Balance,P2P_TRANSFER,165.47,10926.85,2025-02-10 16:27:35,SUCCESS
WLT0000687,TXN0002746,CUST01905,MER0079,Mobikwik,SPEND,2075.37,4209.45,2025-01-02 05:55:14,Success
WLT0000688,TXN0002747,CUST00345,MER0001,Amazon Pay Balance,SPEND,704.16,5742.01,2025-01-19 19:27:00,Success
WLT0000689,TXN0002750,CUST00883,,Amazon Pay Balance,P2P_TRANSFER,343.26,1736.59,2025-03-14 18:00:07,Pending
WLT0000690,TXN0002752,CUST00997,,Paytm Wallet,P2P_TRANSFER,893.38,7236.44,2025-01-22 09:44:50,success
WLT0000691,TXN0002759,CUST01304,,Mobikwik,P2P_TRANSFER,5156.53,6120.98,2025-02-26 22:03:51,SUCCESS
WLT0000692,TXN0002763,CUST00979,MER0026,PhonePe Wallet,SPEND,225.66,2317.55,2025-01-02 20:18:13,success
WLT0000693,TXN0002770,CUST00970,MER0110,Paytm Wallet,LOAD,1019.72,13216.16,2025-03-07 08:26:15,Success
WLT0000694,TXN0002784,CUST01307,MER0083,Amazon Pay Balance,SPEND,364.7,6888.72,2025-01-04 05:30:10,SUCCESS
WLT0000695,TXN0002791,CUST01756,MER0026,Mobikwik,LOAD,2790.24,5524.28,2025-05-23 13:58:56,success
WLT0000696,TXN0002793,CUST00400,MER0134,Mobikwik,SPEND,72.98,17565.64,2025-06-20 03:32:47,Success
WLT0000697,TXN0002796,CUST00179,MER0141,PhonePe Wallet,LOAD,131.67,2453.48,2025-06-19 20:47:49,Success
WLT0000698,TXN0002798,CUST00914,MER0124,Amazon Pay Balance,LOAD,754.94,12450.89,2025-05-09 16:08:09,success
WLT0000699,TXN0002801,CUST01934,MER0023,Paytm Wallet,LOAD,246.33,4259.4,2025-01-21 11:31:27,FAILED
WLT0000700,TXN0002807,CUST00279,MER0126,Paytm Wallet,SPEND,1044.02,10406.64,2025-01-18 13:29:20,Success
WLT0000701,TXN0002810,CUST01893,MER0088,PhonePe Wallet,LOAD,802.61,18700.34,2025-03-15 04:59:43,PENDING
WLT0000702,TXN0002812,CUST01316,MER0112,Amazon Pay Balance,LOAD,1075.16,5186.2,2025-06-06 23:38:18,success
WLT0000703,TXN0002813,CUST00478,,PhonePe Wallet,P2P_TRANSFER,283.43,17637.85,2025-01-23 11:09:15,success
WLT0000704,TXN0002815,CUST00183,MER0049,Paytm Wallet,SPEND,605.44,6169.26,2025-05-25 14:10:12,SUCCESS
WLT0000705,TXN0002816,CUST01930,,PhonePe Wallet,P2P_TRANSFER,2819.09,11314.07,2025-03-13 09:46:43,success
WLT0000706,TXN0002823,CUST01360,MER0057,Paytm Wallet,SPEND,5095.67,1596.41,2025-01-21 16:43:35,Success
WLT0000707,TXN0002827,CUST00449,MER0117,Amazon Pay Balance,SPEND,287.17,16010.67,2025-01-29 15:03:07,Success
WLT0000708,TXN0002832,CUST01737,MER0123,Mobikwik,LOAD,1000.13,16357.71,2025-05-03 13:01:56,SUCCESS
WLT0000709,TXN0002839,CUST01773,MER0125,Amazon Pay Balance,LOAD,871.53,15281.27,2025-05-22 05:54:30,SUCCESS
WLT0000710,TXN0002842,CUST01123,MER0109,PhonePe Wallet,LOAD,119.95,9943.61,2025-05-12 15:14:12,Success
WLT0000711,TXN0002845,CUST01082,MER0073,PhonePe Wallet,LOAD,446.25,18977.26,2025-05-16 05:20:55,Success
WLT0000712,TXN0002847,CUST01754,MER0025,Amazon Pay Balance,SPEND,1075.34,5016.16,2025-01-26 10:02:29,Success
WLT0000713,TXN0002849,CUST01649,,Mobikwik,P2P_TRANSFER,3083.51,15003.5,2025-05-18 18:55:03,Success
WLT0000714,TXN0002851,CUST00336,MER0114,Paytm Wallet,LOAD,828.41,16059.78,2025-05-16 03:23:16,success
WLT0000715,TXN0002864,CUST00889,MER0104,PhonePe Wallet,SPEND,332.7,10931.2,2025-02-17 13:47:14,Success
WLT0000716,TXN0002866,CUST00813,MER0045,Paytm Wallet,SPEND,988.28,1255.64,2025-05-07 18:15:15,SUCCESS
WLT0000717,TXN0002868,CUST01417,MER0023,Mobikwik,LOAD,260.55,13433.05,2025-06-01 00:29:17,success
WLT0000718,TXN0002875,CUST00983,,PhonePe Wallet,P2P_TRANSFER,118.51,9128.12,2025-05-25 17:37:33,Success
WLT0000719,TXN0002879,CUST00667,,Mobikwik,P2P_TRANSFER,352.36,17568.58,2025-06-26 11:41:24,success
WLT0000720,TXN0002892,CUST00264,MER0042,Paytm Wallet,SPEND,980.67,19015.24,2025-01-18 01:16:30,Success
WLT0000721,TXN0002893,CUST01152,,PhonePe Wallet,P2P_TRANSFER,1348.68,2453.61,2025-05-27 05:33:16,SUCCESS
WLT0000722,TXN0002894,CUST00072,,Paytm Wallet,P2P_TRANSFER,173.17,13753.05,2025-01-25 05:13:26,Success
WLT0000723,TXN0002902,CUST00641,MER0091,Mobikwik,LOAD,835.69,15024.07,2025-04-28 16:58:00,SUCCESS
WLT0000724,TXN0002913,CUST00935,,Amazon Pay Balance,P2P_TRANSFER,301.77,13918.13,2025-02-19 08:33:42,Success
WLT0000725,TXN0002916,CUST00145,MER0069,Mobikwik,LOAD,1373.9,673.57,2025-05-03 22:33:08,Success
WLT0000726,TXN0002917,CUST01428,MER0096,Paytm Wallet,LOAD,224.55,14914.56,2025-04-20 10:45:46,SUCCESS
WLT0000727,TXN0002922,CUST01975,MER0020,Paytm Wallet,LOAD,1158.64,2635.89,2025-02-22 10:52:29,FAILED
WLT0000728,TXN0002929,CUST00021,,Amazon Pay Balance,P2P_TRANSFER,322.26,17673.3,2025-02-13 03:38:46,Success
WLT0000729,TXN0002931,CUST01896,,PhonePe Wallet,P2P_TRANSFER,437.73,12671.86,2025-04-13 05:33:16,success
WLT0000730,TXN0002932,CUST01492,MER0126,Paytm Wallet,LOAD,2996.96,1241.38,2025-01-19 13:15:04,Success
WLT0000731,TXN0002935,CUST00556,MER0013,Mobikwik,SPEND,305.64,10064.59,2025-02-03 03:44:26,Success
WLT0000732,TXN0002937,CUST00707,MER0137,Mobikwik,LOAD,1807.01,12368.38,2025-04-18 02:58:35,Success
WLT0000733,TXN0002938,CUST01218,MER0104,Amazon Pay Balance,SPEND,2020.51,11015.17,2025-04-03 14:20:14,success
WLT0000734,TXN0002942,CUST00776,MER0069,PhonePe Wallet,LOAD,634.24,10137.24,2025-01-11 06:22:01,success
WLT0000735,TXN0002944,CUST01593,,Mobikwik,P2P_TRANSFER,844.8,2823.93,2025-04-29 04:45:41,SUCCESS
WLT0000736,TXN0002945,CUST00857,MER0047,Amazon Pay Balance,LOAD,100.09,9979.75,2025-03-27 05:42:06,Success
WLT0000737,TXN0002952,CUST01495,,Amazon Pay Balance,P2P_TRANSFER,1468.16,11191.63,2025-01-19 04:21:51,SUCCESS
WLT0000738,TXN0002953,CUST00339,MER0022,Paytm Wallet,LOAD,832.31,2051.72,2025-05-25 08:32:21,Success
WLT0000739,TXN0002956,CUST01387,MER0035,PhonePe Wallet,SPEND,420.69,4603.89,2025-04-04 03:21:31,SUCCESS
WLT0000740,TXN0002957,CUST01020,MER0137,Mobikwik,LOAD,570.94,14833.67,2025-05-16 12:21:56,Failed
WLT0000741,TXN0002966,CUST01906,MER0135,Mobikwik,LOAD,478.08,10965.87,2025-06-25 12:00:24,SUCCESS
WLT0000742,TXN0002967,CUST00461,,Amazon Pay Balance,P2P_TRANSFER,476.47,6647.67,2025-03-13 06:34:52,Success
WLT0000743,TXN0002968,CUST01720,,Amazon Pay Balance,P2P_TRANSFER,1804.02,1471.73,2025-03-10 14:27:28,Success
WLT0000744,TXN0002973,CUST01105,MER0031,Paytm Wallet,SPEND,1037.68,6372.53,2025-02-26 07:47:58,success
WLT0000745,TXN0002974,CUST00613,MER0068,Paytm Wallet,SPEND,1380.66,14863.08,2025-02-11 08:57:33,Success
WLT0000746,TXN0002979,CUST00729,,PhonePe Wallet,P2P_TRANSFER,1713.45,6149.75,2025-03-31 09:24:16,success
WLT0000747,TXN0002983,CUST00727,,Paytm Wallet,P2P_TRANSFER,707.9,18793.66,2025-03-25 15:41:28,pending
WLT0000748,TXN0002989,CUST00964,MER0077,Paytm Wallet,LOAD,2245.64,4915.73,2025-03-12 18:40:23,success
WLT0000749,TXN0002993,CUST00287,MER0112,Paytm Wallet,LOAD,482.61,3486.42,2025-01-02 03:04:39,Success
WLT0000750,TXN0003001,CUST01002,MER0033,Amazon Pay Balance,LOAD,826.36,9173.21,2025-03-05 02:05:11,Success
WLT0000751,TXN0003002,CUST01539,MER0103,Mobikwik,LOAD,1162.76,18982.73,2025-04-08 10:49:49,success
WLT0000752,TXN0003004,CUST00225,MER0006,PhonePe Wallet,LOAD,382.17,19122.49,2025-01-25 11:46:42,SUCCESS
WLT0000753,TXN0003005,CUST00319,MER0004,PhonePe Wallet,LOAD,284.81,6906.48,2025-05-30 00:16:23,success
WLT0000754,TXN0003009,CUST00984,,Amazon Pay Balance,P2P_TRANSFER,192.32,3207.06,2025-04-05 08:35:39,success
WLT0000755,TXN0003015,CUST01681,MER0122,Amazon Pay Balance,LOAD,2410.48,8110.04,2025-05-18 04:20:47,success
WLT0000756,TXN0003017,CUST01496,MER0047,PhonePe Wallet,SPEND,394.44,4702.45,2025-02-06 15:15:40,SUCCESS
WLT0000757,TXN0003020,CUST00079,,Mobikwik,P2P_TRANSFER,1889.57,19405.4,2025-02-07 07:36:41,Success
WLT0000758,TXN0003023,CUST01771,,Amazon Pay Balance,P2P_TRANSFER,588.55,19754.92,2025-03-21 02:08:32,SUCCESS
WLT0000759,TXN0003028,CUST01319,,Paytm Wallet,P2P_TRANSFER,1335.98,13730.1,2025-01-22 08:53:35,success
WLT0000760,TXN0003029,CUST00552,MER0090,Paytm Wallet,SPEND,400.02,15038.04,2025-05-19 04:13:45,SUCCESS
WLT0000761,TXN0003030,CUST00857,,PhonePe Wallet,P2P_TRANSFER,353.96,14465.85,2025-06-23 19:29:50,Success
WLT0000762,TXN0003033,CUST01526,MER0074,PhonePe Wallet,LOAD,727.02,14549.05,2025-04-02 15:57:01,Success
WLT0000763,TXN0003045,CUST00218,,PhonePe Wallet,P2P_TRANSFER,1490.14,18956.51,2025-05-25 04:42:29,success
WLT0000764,TXN0003046,CUST01233,,PhonePe Wallet,P2P_TRANSFER,999.17,13593.53,2025-04-24 21:34:28,SUCCESS
WLT0000765,TXN0003055,CUST01458,,Paytm Wallet,P2P_TRANSFER,323.19,11722.22,2025-06-20 07:28:02,success
WLT0000766,TXN0003057,CUST01833,MER0031,Mobikwik,SPEND,216.9,6076.47,2025-06-26 20:51:53,success
WLT0000767,TXN0003063,CUST00094,MER0016,Paytm Wallet,SPEND,409.32,13153.68,2025-06-04 06:07:38,SUCCESS
WLT0000768,TXN0003064,CUST01992,MER0102,Amazon Pay Balance,SPEND,1475.27,18460.88,2025-04-07 02:59:16,Success
WLT0000769,TXN0003065,CUST01403,MER0132,Amazon Pay Balance,SPEND,493.15,3570.0,2025-01-15 13:27:28,SUCCESS
WLT0000770,TXN0003070,CUST00377,,Mobikwik,P2P_TRANSFER,140.44,19846.05,2025-04-22 01:14:15,FAILED
WLT0000771,TXN0003071,CUST00447,MER0003,Amazon Pay Balance,SPEND,192.56,2690.98,2025-06-20 17:09:33,failed
WLT0000772,TXN0003072,CUST01902,MER0117,Mobikwik,SPEND,172.57,11526.2,2025-04-08 19:57:39,SUCCESS
WLT0000773,TXN0003075,CUST01451,,Amazon Pay Balance,P2P_TRANSFER,492.15,16881.03,2025-01-24 03:03:43,FAILED
WLT0000774,TXN0003081,CUST00510,MER0054,Amazon Pay Balance,LOAD,276.07,19454.8,2025-04-14 19:23:34,success
WLT0000775,TXN0003084,CUST00171,MER0141,Amazon Pay Balance,LOAD,188.74,4984.84,2025-02-21 06:30:25,success
WLT0000776,TXN0003085,CUST01479,,Amazon Pay Balance,P2P_TRANSFER,1164.59,8498.22,2025-06-24 10:32:53,success
WLT0000777,TXN0003086,CUST01253,,Amazon Pay Balance,P2P_TRANSFER,666.35,5630.56,2025-01-12 02:52:00,SUCCESS
WLT0000778,TXN0003089,CUST01977,,PhonePe Wallet,P2P_TRANSFER,343.26,1848.27,2025-02-19 16:59:12,SUCCESS
WLT0000779,TXN0003096,CUST01192,MER0102,PhonePe Wallet,SPEND,1721.84,15778.73,2025-01-31 05:20:30,success
WLT0000780,TXN0003102,CUST01167,MER0047,PhonePe Wallet,SPEND,1053.97,6773.21,2025-05-06 17:52:05,SUCCESS
WLT0000781,TXN0003107,CUST00503,MER0104,PhonePe Wallet,SPEND,370.58,12998.64,2025-01-20 11:07:24,success
WLT0000782,TXN0003109,CUST01489,MER0004,Paytm Wallet,LOAD,79.56,2333.9,2025-04-28 03:33:05,Success
WLT0000783,TXN0003110,CUST00205,MER0006,Paytm Wallet,LOAD,141.11,3385.02,2025-01-22 08:48:09,SUCCESS
WLT0000784,TXN0003111,CUST01693,,Mobikwik,P2P_TRANSFER,413.06,17242.45,2025-06-11 06:29:25,SUCCESS
WLT0000785,TXN0003113,CUST00509,MER0069,Paytm Wallet,LOAD,126.77,15157.67,2025-01-28 16:43:48,failed
WLT0000786,TXN0003117,CUST01676,MER0022,Mobikwik,LOAD,1260.28,17378.07,2025-02-09 06:53:13,success
WLT0000787,TXN0003125,CUST01116,,PhonePe Wallet,P2P_TRANSFER,195.48,16216.68,2025-04-10 07:57:37,success
WLT0000788,TXN0003126,CUST01816,MER0037,Mobikwik,LOAD,1254.29,8206.99,2025-01-01 05:38:27,success
WLT0000789,TXN0003127,CUST01869,,Amazon Pay Balance,P2P_TRANSFER,305.46,18862.03,2025-02-14 00:22:57,SUCCESS
WLT0000790,TXN0003136,CUST00089,MER0046,Amazon Pay Balance,SPEND,867.19,7953.47,2025-03-25 05:33:11,Success
WLT0000791,TXN0003137,CUST01087,MER0047,Paytm Wallet,LOAD,124.43,5804.03,2025-05-12 22:23:19,SUCCESS
WLT0000792,TXN0003138,CUST00871,,PhonePe Wallet,P2P_TRANSFER,346.5,5251.3,2025-05-10 13:43:09,Success
WLT0000793,TXN0003143,CUST00756,MER0020,Mobikwik,LOAD,87.63,12868.47,2025-06-03 04:20:09,SUCCESS
WLT0000794,TXN0003148,CUST00138,,Mobikwik,P2P_TRANSFER,571.02,10233.84,2025-03-25 00:04:33,Success
WLT0000795,TXN0003149,CUST01966,MER0038,Mobikwik,SPEND,613.74,6649.52,2025-01-18 13:30:49,Failed
WLT0000796,TXN0003151,CUST01572,MER0082,Amazon Pay Balance,SPEND,865.78,6441.86,2025-04-06 23:10:08,success
WLT0000797,TXN0003153,CUST01993,MER0086,Paytm Wallet,LOAD,397.71,5896.65,2025-01-27 20:09:28,failed
WLT0000798,TXN0003156,CUST01104,MER0137,Amazon Pay Balance,SPEND,439.55,2815.52,2025-04-15 02:55:53,SUCCESS
WLT0000799,TXN0003169,CUST01748,MER0108,PhonePe Wallet,LOAD,298.8,17751.76,2025-02-17 02:07:11,success
WLT0000800,TXN0003171,CUST01530,,Amazon Pay Balance,P2P_TRANSFER,338.73,10508.08,2025-05-16 02:34:23,Success
WLT0000801,TXN0003177,CUST01716,MER0041,PhonePe Wallet,LOAD,1825.77,18808.96,2025-01-06 20:40:32,Success
WLT0000802,TXN0003180,CUST00026,MER0107,Amazon Pay Balance,SPEND,58.82,7547.12,2025-01-30 01:43:58,success
WLT0000803,TXN0003190,CUST01706,MER0117,Mobikwik,SPEND,938.73,786.98,2025-04-18 14:33:13,success
WLT0000804,TXN0003201,CUST01419,MER0081,Mobikwik,LOAD,977.14,10452.03,2025-05-07 17:48:08,success
WLT0000805,TXN0003205,CUST00869,,Mobikwik,P2P_TRANSFER,206.4,16429.99,2025-01-22 01:11:05,SUCCESS
WLT0000806,TXN0003208,CUST00491,,Mobikwik,P2P_TRANSFER,2485.2,3807.49,2025-04-16 03:53:21,SUCCESS
WLT0000807,TXN0003210,CUST01223,,Mobikwik,P2P_TRANSFER,478.44,16492.12,2025-06-26 15:26:55,success
WLT0000808,TXN0003212,CUST00414,MER0009,Paytm Wallet,LOAD,249.39,10935.52,2025-02-16 16:02:34,SUCCESS
WLT0000809,TXN0003214,CUST01157,,Mobikwik,P2P_TRANSFER,270.02,5452.46,2025-06-03 10:43:07,SUCCESS
WLT0000810,TXN0003219,CUST00400,MER0101,Paytm Wallet,SPEND,797.19,18747.4,2025-05-21 21:57:06,SUCCESS
WLT0000811,TXN0003220,CUST00729,MER0025,Amazon Pay Balance,LOAD,108.08,6433.56,2025-03-06 08:03:16,SUCCESS
WLT0000812,TXN0003232,CUST00700,MER0034,Amazon Pay Balance,SPEND,193.75,4619.48,2025-03-07 19:57:03,SUCCESS
WLT0000813,TXN0003239,CUST01570,MER0141,Mobikwik,LOAD,574.09,16191.65,2025-06-18 10:59:59,SUCCESS
WLT0000814,TXN0003240,CUST01985,MER0023,Paytm Wallet,SPEND,2445.25,17123.83,2025-04-07 21:05:58,Success
WLT0000815,TXN0003244,CUST00745,MER0019,Paytm Wallet,SPEND,139.12,8392.9,2025-02-04 19:04:06,failed
WLT0000816,TXN0003245,CUST01456,MER0067,Amazon Pay Balance,LOAD,1241.77,14528.18,2025-04-02 21:33:21,success
WLT0000817,TXN0003250,CUST00588,MER0034,Mobikwik,LOAD,1220.9,9300.71,2025-03-27 14:24:21,success
WLT0000818,TXN0003253,CUST00171,MER0130,Paytm Wallet,SPEND,200.98,18984.44,2025-03-29 09:34:55,Success
WLT0000819,TXN0003257,CUST01682,MER0040,Paytm Wallet,LOAD,550.1,8681.35,2025-06-15 15:32:48,success
WLT0000820,TXN0003265,CUST00176,,Paytm Wallet,P2P_TRANSFER,314.67,7594.89,2025-01-22 00:56:23,Success
WLT0000821,TXN0003268,CUST00674,,PhonePe Wallet,P2P_TRANSFER,566.91,2703.12,2025-03-08 11:48:33,Success
WLT0000822,TXN0003269,CUST01238,MER0122,Mobikwik,SPEND,66.02,16144.65,2025-01-23 04:47:59,success
WLT0000823,TXN0003270,CUST00571,MER0140,Paytm Wallet,LOAD,1754.76,15878.84,2025-01-31 05:48:22,SUCCESS
WLT0000824,TXN0003273,CUST01164,,Amazon Pay Balance,P2P_TRANSFER,1529.08,6697.06,2025-04-27 17:13:25,SUCCESS
WLT0000825,TXN0003280,CUST00291,,PhonePe Wallet,P2P_TRANSFER,3453.89,18223.39,2025-03-20 15:45:21,failed
WLT0000826,TXN0003297,CUST01687,MER0082,PhonePe Wallet,SPEND,582.32,4911.04,2025-01-03 18:06:54,failed
WLT0000827,TXN0003303,CUST00921,MER0149,Mobikwik,LOAD,162.89,6074.71,2025-01-19 22:07:53,Success
WLT0000828,TXN0003311,CUST00619,MER0129,Amazon Pay Balance,SPEND,187.17,17280.24,2025-06-09 01:03:24,PENDING
WLT0000829,TXN0003312,CUST01778,,Amazon Pay Balance,P2P_TRANSFER,189.09,4108.47,2025-04-07 22:07:02,success
WLT0000830,TXN0003313,CUST01329,MER0106,PhonePe Wallet,LOAD,383.41,14146.24,2025-03-21 16:32:28,Success
WLT0000831,TXN0003316,CUST01995,MER0030,Mobikwik,LOAD,557.89,13437.78,2025-06-29 21:05:54,success
WLT0000832,TXN0003320,CUST00893,MER0112,Amazon Pay Balance,SPEND,156.63,6240.97,2025-05-04 03:09:14,SUCCESS
WLT0000833,TXN0003323,CUST01331,,Paytm Wallet,P2P_TRANSFER,1182.38,2238.13,2025-03-21 20:42:07,Success
WLT0000834,TXN0003324,CUST00213,MER0140,Mobikwik,SPEND,406.3,18584.62,2025-01-20 08:38:43,Failed
WLT0000835,TXN0003325,CUST01298,MER0149,Mobikwik,LOAD,326.62,12886.28,2025-06-06 11:37:45,success
WLT0000836,TXN0003326,CUST00067,MER0108,Mobikwik,SPEND,131.35,15055.66,2025-02-11 03:23:27,SUCCESS
WLT0000837,TXN0003330,CUST00719,MER0119,Amazon Pay Balance,SPEND,725.2,6609.38,2025-03-22 04:24:55,SUCCESS
WLT0000838,TXN0003331,CUST01860,MER0102,Amazon Pay Balance,SPEND,468.31,2121.14,2025-01-02 11:26:32,SUCCESS
WLT0000839,TXN0003332,CUST01925,MER0058,PhonePe Wallet,SPEND,196.41,5223.59,2025-04-09 13:24:17,Failed
WLT0000840,TXN0003336,CUST00495,,Mobikwik,P2P_TRANSFER,1756.03,5236.83,2025-06-26 12:31:20,success
WLT0000841,TXN0003338,CUST00054,,Amazon Pay Balance,P2P_TRANSFER,629.93,1088.44,2025-03-14 16:51:25,success
WLT0000842,TXN0003339,CUST01722,MER0082,PhonePe Wallet,SPEND,705.93,13144.03,2025-03-07 01:37:56,success
WLT0000843,TXN0003340,CUST00350,MER0111,Mobikwik,LOAD,43.65,6722.52,2025-02-16 23:00:52,Success
WLT0000844,TXN0003342,CUST01263,MER0014,Mobikwik,SPEND,276.07,12548.97,2025-06-05 14:28:34,SUCCESS
WLT0000845,TXN0003343,CUST01909,MER0033,Mobikwik,LOAD,244.27,3808.45,2025-05-04 13:14:57,Success
WLT0000846,TXN0003346,CUST00325,MER0026,Mobikwik,LOAD,-240.41,7432.97,2025-05-18 20:57:20,success
WLT0000847,TXN0003357,CUST01504,,Paytm Wallet,P2P_TRANSFER,870.41,1142.51,2025-03-30 02:25:27,Success
WLT0000848,TXN0003360,CUST00397,MER0063,PhonePe Wallet,LOAD,1643.21,18630.04,2025-05-22 00:51:43,success
WLT0000849,TXN0003361,CUST01598,MER0097,PhonePe Wallet,SPEND,300.51,12468.14,2025-05-30 14:17:06,FAILED
WLT0000850,TXN0003363,CUST00170,MER0006,Amazon Pay Balance,LOAD,603.01,8360.05,2025-05-04 23:05:49,Success
WLT0000851,TXN0003366,CUST00291,,PhonePe Wallet,P2P_TRANSFER,311.27,11424.95,2025-06-23 17:09:37,Success
WLT0000852,TXN0003370,CUST00207,MER0006,Mobikwik,SPEND,1761.55,15147.57,2025-03-22 08:11:31,Success
WLT0000853,TXN0003372,CUST00157,,Paytm Wallet,P2P_TRANSFER,157.86,16431.06,2025-03-23 12:54:32,success
WLT0000854,TXN0003374,CUST01861,MER0042,Mobikwik,LOAD,154.22,15653.46,2025-02-04 21:57:31,SUCCESS
WLT0000855,TXN0003376,CUST00366,MER0009,Amazon Pay Balance,LOAD,557.44,8984.41,2025-01-23 18:13:29,SUCCESS
WLT0000856,TXN0003377,CUST01999,MER0089,Mobikwik,LOAD,171.83,10042.07,2025-04-04 23:11:19,SUCCESS
WLT0000857,TXN0003380,CUST00522,MER0050,PhonePe Wallet,LOAD,208.17,10727.25,2025-04-28 16:40:51,SUCCESS
WLT0000858,TXN0003388,CUST00561,MER0024,PhonePe Wallet,LOAD,598.02,7279.73,2025-03-09 16:22:35,SUCCESS
WLT0000859,TXN0003390,CUST00603,MER0127,PhonePe Wallet,SPEND,1707.35,10672.32,2025-03-26 16:11:46,FAILED
WLT0000860,TXN0003400,CUST00653,MER0099,Amazon Pay Balance,LOAD,635.95,8845.75,2025-03-25 08:44:36,success
WLT0000861,TXN0003405,CUST01237,MER0136,Mobikwik,LOAD,114.42,12941.04,2025-03-10 09:37:10,FAILED
WLT0000862,TXN0003415,CUST00659,MER0144,Mobikwik,LOAD,1228.92,17843.53,2025-01-13 20:40:41,SUCCESS
WLT0000863,TXN0003416,CUST00790,,Amazon Pay Balance,P2P_TRANSFER,1282.41,17659.05,2025-02-11 04:48:28,Success
WLT0000864,TXN0003418,CUST01149,,Amazon Pay Balance,P2P_TRANSFER,674.89,14049.24,2025-04-29 01:02:22,success
WLT0000865,TXN0003421,CUST01549,MER0082,Mobikwik,SPEND,325.75,13961.99,2025-02-08 11:26:52,success
WLT0000866,TXN0003422,CUST00404,,Amazon Pay Balance,P2P_TRANSFER,199.34,8710.16,2025-04-06 21:54:01,success
WLT0000867,TXN0003423,CUST01022,,PhonePe Wallet,P2P_TRANSFER,1237.38,15560.22,2025-02-23 06:52:07,SUCCESS
WLT0000868,TXN0003426,CUST00670,MER0061,Amazon Pay Balance,LOAD,238.84,19211.31,2025-04-22 22:16:59,success
WLT0000869,TXN0003427,CUST00044,,Paytm Wallet,P2P_TRANSFER,336.74,2352.04,2025-05-05 23:42:13,Success
WLT0000870,TXN0003428,CUST01605,MER0002,PhonePe Wallet,SPEND,458.33,7795.53,2025-06-27 00:33:53,Success
WLT0000871,TXN0003430,CUST01724,MER0010,PhonePe Wallet,SPEND,983.17,19241.72,2025-06-23 22:52:05,Success
WLT0000872,TXN0003431,CUST01093,MER0011,Paytm Wallet,SPEND,518.73,333.4,2025-03-07 12:21:02,success
WLT0000873,TXN0003433,CUST00963,,Paytm Wallet,P2P_TRANSFER,83.65,10335.8,2025-06-05 19:58:58,SUCCESS
WLT0000874,TXN0003435,CUST00650,MER0103,Paytm Wallet,LOAD,315.1,14487.0,2025-01-16 11:44:31,success
WLT0000875,TXN0003438,CUST00612,MER0117,Mobikwik,SPEND,3734.18,16755.93,2025-04-06 19:06:55,SUCCESS
WLT0000876,TXN0003446,CUST01850,MER0002,PhonePe Wallet,LOAD,495.58,11848.46,2025-05-14 15:26:12,SUCCESS
WLT0000877,TXN0003448,CUST01810,MER0029,Amazon Pay Balance,SPEND,180.53,2722.27,2025-01-10 07:42:43,Success
WLT0000878,TXN0003449,CUST01940,MER0068,Mobikwik,SPEND,3429.79,1829.84,2025-03-05 22:47:03,SUCCESS
WLT0000879,TXN0003452,CUST00283,MER0031,Amazon Pay Balance,LOAD,96.59,9957.48,2025-01-25 12:32:52,SUCCESS
WLT0000880,TXN0003453,CUST00654,MER0150,Amazon Pay Balance,SPEND,523.19,13240.21,2025-06-22 09:26:25,PENDING
WLT0000881,TXN0003458,CUST00660,MER0124,PhonePe Wallet,SPEND,2619.45,1591.13,2025-02-13 20:26:47,SUCCESS
WLT0000882,TXN0003459,CUST00189,,PhonePe Wallet,P2P_TRANSFER,761.75,4337.71,2025-02-27 12:33:04,Success
WLT0000883,TXN0003460,CUST01457,,Amazon Pay Balance,P2P_TRANSFER,382.18,3799.77,2025-04-19 10:52:10,SUCCESS
WLT0000884,TXN0003463,CUST00160,,Mobikwik,P2P_TRANSFER,118.05,10449.33,2025-04-07 01:01:47,SUCCESS
WLT0000885,TXN0003464,CUST00124,,Paytm Wallet,P2P_TRANSFER,576.91,15195.84,2025-05-11 04:45:05,Success
WLT0000886,TXN0003466,CUST00789,,Paytm Wallet,P2P_TRANSFER,818.36,10083.48,2025-01-21 07:10:01,success
WLT0000887,TXN0003468,CUST01210,MER0132,Mobikwik,SPEND,269.16,4890.27,2025-06-16 16:42:29,Success
WLT0000888,TXN0003472,CUST00267,,Mobikwik,P2P_TRANSFER,1566.76,18771.92,2025-03-12 14:42:10,Success
WLT0000889,TXN0003473,CUST00790,MER0132,PhonePe Wallet,SPEND,457.76,4628.39,2025-02-09 10:08:42,Success
WLT0000890,TXN0003474,CUST01598,MER0018,PhonePe Wallet,LOAD,242.7,5465.27,2025-02-23 22:49:15,Success
WLT0000891,TXN0003482,CUST01356,MER0091,PhonePe Wallet,LOAD,518.06,18416.59,2025-02-21 13:41:11,SUCCESS
WLT0000892,TXN0003485,CUST00309,MER0111,Mobikwik,SPEND,133.4,18993.74,2025-04-09 15:06:38,SUCCESS
WLT0000893,TXN0003486,CUST00684,,Paytm Wallet,P2P_TRANSFER,807.9,8005.91,2025-02-22 22:21:22,success
WLT0000894,TXN0003492,CUST01245,MER0111,Paytm Wallet,SPEND,967.2,7361.88,2025-01-22 04:50:12,SUCCESS
WLT0000895,TXN0003495,CUST00236,,Mobikwik,P2P_TRANSFER,3247.59,6937.47,2025-01-07 22:19:04,Success
WLT0000896,TXN0003500,CUST00805,,Mobikwik,P2P_TRANSFER,239.96,172.38,2025-05-23 12:20:07,success
WLT0000897,TXN0003506,CUST01031,MER0123,PhonePe Wallet,SPEND,310.54,1086.37,2025-05-24 12:24:45,SUCCESS
WLT0000898,TXN0003528,CUST01696,MER0086,Mobikwik,LOAD,114.05,2083.86,2025-06-23 02:05:47,SUCCESS
WLT0000899,TXN0003532,CUST00841,MER0037,PhonePe Wallet,LOAD,1974.54,10033.12,2025-03-11 08:38:47,success
WLT0000900,TXN0003539,CUST01869,MER0135,Mobikwik,SPEND,133.67,3486.54,2025-02-03 23:20:11,SUCCESS
WLT0000901,TXN0003550,CUST01395,,Paytm Wallet,P2P_TRANSFER,461.21,205.68,2025-02-26 06:28:51,SUCCESS
WLT0000902,TXN0003553,CUST00591,,Amazon Pay Balance,P2P_TRANSFER,1386.68,12833.44,2025-02-27 05:31:34,SUCCESS
WLT0000903,TXN0003556,CUST01215,,Amazon Pay Balance,P2P_TRANSFER,415.83,6398.83,2025-04-05 19:57:09,Success
WLT0000904,TXN0003566,CUST01881,,Amazon Pay Balance,P2P_TRANSFER,130.57,10513.74,2025-02-12 11:57:04,SUCCESS
WLT0000905,TXN0003567,CUST00066,MER0091,Amazon Pay Balance,SPEND,108.66,16160.9,2025-02-18 07:09:31,Success
WLT0000906,TXN0003568,CUST01663,MER0099,PhonePe Wallet,SPEND,4477.43,12011.77,2025-03-24 01:17:15,SUCCESS
WLT0000907,TXN0003569,CUST00818,MER0026,Paytm Wallet,LOAD,394.12,5076.73,2025-06-23 09:50:18,Success
WLT0000908,TXN0003579,CUST00376,MER0112,PhonePe Wallet,SPEND,326.1,15429.44,2025-01-19 15:35:22,success
WLT0000909,TXN0003588,CUST01858,MER0063,Mobikwik,SPEND,227.91,5723.61,2025-04-23 16:29:54,SUCCESS
WLT0000910,TXN0003593,CUST00826,MER0119,Amazon Pay Balance,LOAD,1511.44,16752.76,2025-06-06 19:08:03,Success
WLT0000911,TXN0003594,CUST01563,MER0118,Mobikwik,SPEND,976.79,6462.27,2025-06-12 22:56:46,Success
WLT0000912,TXN0003596,CUST00554,MER0028,Mobikwik,LOAD,954.45,7197.98,2025-03-06 18:08:43,SUCCESS
WLT0000913,TXN0003598,CUST00596,MER0085,Paytm Wallet,SPEND,179.65,8748.96,2025-06-17 19:59:44,success
WLT0000914,TXN0003600,CUST01198,MER0014,Amazon Pay Balance,LOAD,676.16,4515.73,2025-05-17 05:33:56,Success
WLT0000915,TXN0003602,CUST01152,MER0127,Amazon Pay Balance,SPEND,1472.87,18516.89,2025-01-27 11:40:58,FAILED
WLT0000916,TXN0003611,CUST01706,MER0101,Mobikwik,SPEND,426.35,17431.14,2025-01-11 19:21:45,success
WLT0000917,TXN0003614,CUST01680,,Amazon Pay Balance,P2P_TRANSFER,1447.91,6046.76,2025-06-14 14:42:00,SUCCESS
WLT0000918,TXN0003617,CUST01348,MER0111,Mobikwik,LOAD,602.74,11316.57,2025-01-29 09:33:26,SUCCESS
WLT0000919,TXN0003619,CUST00291,MER0062,Paytm Wallet,LOAD,359.14,11366.0,2025-02-03 03:52:17,Pending
WLT0000920,TXN0003621,CUST00976,MER0075,PhonePe Wallet,SPEND,73.29,7678.74,2025-05-10 14:56:27,Success
WLT0000921,TXN0003629,CUST00070,MER0114,Paytm Wallet,SPEND,705.25,12291.94,2025-01-09 06:40:42,Failed
WLT0000922,TXN0003630,CUST01860,MER0036,Paytm Wallet,SPEND,510.13,9035.81,2025-04-01 20:36:18,SUCCESS
WLT0000923,TXN0003631,CUST01808,MER0071,Amazon Pay Balance,SPEND,363.69,4354.1,2025-01-02 18:30:09,success
WLT0000924,TXN0003645,CUST01350,MER0034,Paytm Wallet,SPEND,163.52,11511.52,2025-05-16 11:50:16,success
WLT0000925,TXN0003649,CUST01501,,Amazon Pay Balance,P2P_TRANSFER,125.38,14742.01,2025-01-19 17:54:39,Success
WLT0000926,TXN0003651,CUST01914,MER0083,Mobikwik,SPEND,812.18,14315.55,2025-05-28 13:26:02,SUCCESS
WLT0000927,TXN0003659,CUST01564,MER0008,PhonePe Wallet,LOAD,650.38,9281.77,2025-06-29 08:03:32,success
WLT0000928,TXN0003665,CUST00586,,Amazon Pay Balance,P2P_TRANSFER,1082.88,5277.85,2025-05-25 02:41:16,SUCCESS
WLT0000929,TXN0003673,CUST01771,,PhonePe Wallet,P2P_TRANSFER,455.55,1390.52,2025-02-05 23:34:51,Success
WLT0000930,TXN0003675,CUST00390,MER0147,Amazon Pay Balance,LOAD,660.7,17325.43,2025-06-10 16:46:56,FAILED
WLT0000931,TXN0003681,CUST00261,MER0077,Paytm Wallet,LOAD,355.18,7315.1,2025-01-20 14:17:19,success
WLT0000932,TXN0003683,CUST00106,MER0085,Mobikwik,SPEND,2007.79,12413.2,2025-01-05 09:03:20,success
WLT0000933,TXN0003685,CUST01697,,Mobikwik,P2P_TRANSFER,404.23,2578.22,2025-05-17 13:29:28,success
WLT0000934,TXN0003686,CUST00733,,Amazon Pay Balance,P2P_TRANSFER,656.34,1614.69,2025-06-19 05:21:36,SUCCESS
WLT0000935,TXN0003693,CUST00965,MER0068,PhonePe Wallet,SPEND,255.48,15776.21,2025-05-07 20:16:54,success
WLT0000936,TXN0003698,CUST01503,MER0016,Paytm Wallet,LOAD,1428.35,17375.28,2025-02-15 18:03:20,SUCCESS
WLT0000937,TXN0003701,CUST01250,MER0010,Mobikwik,SPEND,550.72,11525.49,2025-03-09 03:45:25,Success
WLT0000938,TXN0003702,CUST00145,MER0021,Paytm Wallet,LOAD,1685.44,12256.17,2025-06-22 08:08:11,success
WLT0000939,TXN0003707,CUST00979,MER0059,Paytm Wallet,SPEND,2345.76,19701.48,2025-01-05 03:55:58,SUCCESS
WLT0000940,TXN0003712,CUST00988,,Amazon Pay Balance,P2P_TRANSFER,197.74,1523.2,2025-05-29 16:20:04,Failed
WLT0000941,TXN0003713,CUST00773,MER0111,PhonePe Wallet,SPEND,717.51,4463.45,2025-05-17 04:28:15,SUCCESS
WLT0000942,TXN0003714,CUST00875,MER0030,PhonePe Wallet,SPEND,765.13,8440.24,2025-03-27 01:00:29,SUCCESS
WLT0000943,TXN0003730,CUST01922,MER0127,Paytm Wallet,SPEND,169.86,18428.09,2025-05-17 22:43:38,success
WLT0000944,TXN0003737,CUST01430,MER0027,Amazon Pay Balance,SPEND,175.93,2255.15,2025-01-11 11:38:48,success
WLT0000945,TXN0003738,CUST00710,MER0125,PhonePe Wallet,SPEND,252.43,12100.28,2025-02-24 07:53:14,success
WLT0000946,TXN0003739,CUST00161,,Amazon Pay Balance,P2P_TRANSFER,363.57,604.73,2025-01-27 15:04:44,success
WLT0000947,TXN0003740,CUST01724,MER0060,Paytm Wallet,SPEND,194.55,569.53,2025-03-01 05:07:10,SUCCESS
WLT0000948,TXN0003743,CUST01672,MER0010,Mobikwik,SPEND,610.96,9215.67,2025-02-15 15:40:11,failed
WLT0000949,TXN0003747,CUST00070,,Mobikwik,P2P_TRANSFER,1012.58,14333.63,2025-04-25 05:23:52,Success
WLT0000950,TXN0003754,CUST01352,MER0014,Paytm Wallet,SPEND,701.17,6699.56,2025-05-09 05:41:54,SUCCESS
WLT0000951,TXN0003762,CUST00876,MER0015,Paytm Wallet,LOAD,1950.63,2640.06,2025-06-06 18:44:28,SUCCESS
WLT0000952,TXN0003767,CUST01164,MER0067,PhonePe Wallet,SPEND,129.87,6145.66,2025-02-01 13:31:57,success
WLT0000953,TXN0003774,CUST00080,MER0093,Paytm Wallet,LOAD,49.21,15273.15,2025-02-22 04:27:12,FAILED
WLT0000954,TXN0003775,CUST01351,,Mobikwik,P2P_TRANSFER,1144.59,18355.3,2025-05-07 19:20:43,Pending
WLT0000955,TXN0003778,CUST00658,MER0046,Paytm Wallet,LOAD,2481.02,17125.28,2025-03-28 04:17:54,Success
WLT0000956,TXN0003779,CUST00948,,PhonePe Wallet,P2P_TRANSFER,81.76,9833.99,2025-01-02 17:20:25,success
WLT0000957,TXN0003787,CUST01612,,Paytm Wallet,P2P_TRANSFER,265.97,11822.6,2025-06-18 18:05:29,Success
WLT0000958,TXN0003793,CUST00902,MER0011,Mobikwik,SPEND,194.43,2635.64,2025-04-18 11:04:00,SUCCESS
WLT0000959,TXN0003794,CUST01470,,Mobikwik,P2P_TRANSFER,144.75,6886.52,2025-05-19 18:02:32,SUCCESS
WLT0000960,TXN0003796,CUST01390,MER0091,Mobikwik,SPEND,530.87,16738.89,2025-04-15 22:38:21,Success
WLT0000961,TXN0003800,CUST00232,MER0061,Amazon Pay Balance,LOAD,298.64,18819.26,2025-02-09 14:54:15,SUCCESS
WLT0000962,TXN0003811,CUST01868,MER0028,Mobikwik,LOAD,1296.38,11876.53,2025-04-29 06:19:24,success
WLT0000963,TXN0003814,CUST01191,MER0056,Paytm Wallet,LOAD,583.92,10202.56,2025-03-15 13:31:15,SUCCESS
WLT0000964,TXN0003816,CUST01346,MER0098,Amazon Pay Balance,LOAD,179.92,19379.01,2025-05-29 02:01:43,success
WLT0000965,TXN0003840,CUST01863,MER0150,Amazon Pay Balance,LOAD,398.49,6703.91,2025-05-10 07:19:52,Failed
WLT0000966,TXN0003846,CUST01806,MER0047,Paytm Wallet,LOAD,554.44,5476.4,2025-06-20 04:20:47,SUCCESS
WLT0000967,TXN0003848,CUST00248,MER0142,Paytm Wallet,LOAD,376.09,274.55,2025-05-19 03:16:47,SUCCESS
WLT0000968,TXN0003849,CUST01905,MER0026,Amazon Pay Balance,LOAD,260.33,10400.37,2025-01-25 13:03:25,Success
WLT0000969,TXN0003853,CUST01055,MER0100,Paytm Wallet,SPEND,335.64,2161.93,2025-06-25 14:09:31,SUCCESS
WLT0000970,TXN0003855,CUST00824,MER0062,Paytm Wallet,SPEND,1209.31,5463.91,2025-05-19 06:05:01,success
WLT0000971,TXN0003858,CUST01247,MER0012,Mobikwik,SPEND,504.43,11476.02,2025-01-15 07:42:42,success
WLT0000972,TXN0003862,CUST01552,MER0035,Mobikwik,LOAD,309.8,5877.28,2025-05-23 10:05:33,Pending
WLT0000973,TXN0003868,CUST01042,MER0072,Mobikwik,LOAD,151.41,13503.46,2025-05-31 02:28:14,Failed
WLT0000974,TXN0003869,CUST00199,,PhonePe Wallet,P2P_TRANSFER,77.84,7686.27,2025-04-06 18:54:51,Success
WLT0000975,TXN0003879,CUST00243,,Mobikwik,P2P_TRANSFER,311.16,10387.27,2025-04-05 11:53:12,SUCCESS
WLT0000976,TXN0003882,CUST00532,MER0028,Mobikwik,SPEND,154.68,11298.98,2025-06-29 12:33:22,Success
WLT0000977,TXN0003888,CUST01106,MER0050,Amazon Pay Balance,SPEND,1252.51,2365.42,2025-01-02 07:03:41,success
WLT0000978,TXN0003889,CUST01001,MER0007,Paytm Wallet,SPEND,181.94,17700.41,2025-03-13 18:11:01,success
WLT0000979,TXN0003891,CUST00874,MER0134,PhonePe Wallet,SPEND,988.36,3117.49,2025-01-25 12:02:07,Success
WLT0000980,TXN0003893,CUST01881,,PhonePe Wallet,P2P_TRANSFER,3456.08,15127.88,2025-05-18 03:42:00,SUCCESS
WLT0000981,TXN0003895,CUST01821,MER0068,Paytm Wallet,SPEND,1538.62,7113.78,2025-01-17 20:48:53,SUCCESS
WLT0000982,TXN0003909,CUST01285,,Amazon Pay Balance,P2P_TRANSFER,1168.68,3005.73,2025-01-27 13:52:55,Success
WLT0000983,TXN0003917,CUST01756,MER0055,PhonePe Wallet,SPEND,4470.19,5399.39,2025-01-01 14:54:08,Success
WLT0000984,TXN0003919,CUST01143,MER0046,Paytm Wallet,LOAD,413.4,266.03,2025-01-08 12:52:49,success
WLT0000985,TXN0003923,CUST01087,MER0047,Amazon Pay Balance,LOAD,1327.17,10306.9,2025-06-20 11:15:44,Success
WLT0000986,TXN0003927,CUST00732,MER0076,PhonePe Wallet,SPEND,193.16,17805.47,2025-01-19 17:52:38,SUCCESS
WLT0000987,TXN0003928,CUST00449,,Mobikwik,P2P_TRANSFER,191.32,12025.06,2025-06-21 01:16:08,SUCCESS
WLT0000988,TXN0003929,CUST01837,MER0074,Paytm Wallet,LOAD,577.42,5978.86,2025-03-23 11:26:59,SUCCESS
WLT0000989,TXN0003933,CUST01353,,PhonePe Wallet,P2P_TRANSFER,1999.49,16841.58,2025-05-16 08:06:32,FAILED
WLT0000990,TXN0003941,CUST01383,MER0101,PhonePe Wallet,SPEND,780.26,5897.11,2025-06-07 02:21:20,SUCCESS
WLT0000991,TXN0003947,CUST01173,MER0138,Amazon Pay Balance,LOAD,355.8,1430.93,2025-02-10 00:57:55,success
WLT0000992,TXN0003948,CUST01597,MER0085,PhonePe Wallet,LOAD,268.9,10134.43,2025-01-26 02:11:13,SUCCESS
WLT0000993,TXN0003961,CUST00442,MER0064,Mobikwik,LOAD,354.05,17093.55,2025-01-03 15:34:16,Success
WLT0000994,TXN0003964,CUST01028,MER0125,Paytm Wallet,LOAD,1405.41,5648.81,2025-01-09 05:03:47,success
WLT0000995,TXN0003966,CUST00050,,PhonePe Wallet,P2P_TRANSFER,630.06,19493.33,2025-05-30 23:41:56,SUCCESS
WLT0000996,TXN0003969,CUST01606,MER0103,Mobikwik,SPEND,608.24,5797.11,2025-01-26 11:24:16,Success
WLT0000997,TXN0003974,CUST01883,,Paytm Wallet,P2P_TRANSFER,277.38,15529.21,2025-05-23 21:25:06,success
WLT0000998,TXN0003993,CUST00224,MER0086,PhonePe Wallet,SPEND,3476.07,7687.49,2025-01-28 22:01:21,failed
WLT0000999,TXN0004001,CUST01011,,Amazon Pay Balance,P2P_TRANSFER,156.2,2806.56,2025-03-02 11:29:07,Success
WLT0001000,TXN0004003,CUST00309,,Mobikwik,P2P_TRANSFER,1415.02,19658.94,2025-05-14 18:57:41,Success
WLT0001001,TXN0004009,CUST00945,MER0132,Amazon Pay Balance,LOAD,1113.19,14603.57,2025-04-18 17:35:20,SUCCESS
WLT0001002,TXN0004013,CUST01551,,PhonePe Wallet,P2P_TRANSFER,722.85,7520.76,2025-04-11 23:05:29,SUCCESS
WLT0001003,TXN0004015,CUST00405,MER0030,Amazon Pay Balance,LOAD,-203.82,6905.25,2025-01-08 14:02:30,success
WLT0001004,TXN0004023,CUST01332,,Mobikwik,P2P_TRANSFER,122.36,6207.63,2025-02-26 08:24:54,Success
WLT0001005,TXN0004025,CUST01258,MER0096,PhonePe Wallet,SPEND,1169.08,14957.88,2025-04-11 20:29:06,success
WLT0001006,TXN0004029,CUST01074,MER0122,Paytm Wallet,SPEND,734.26,11987.46,2025-01-02 21:46:12,Success
WLT0001007,TXN0004031,CUST00308,MER0002,PhonePe Wallet,SPEND,414.5,17887.98,2025-03-02 13:16:55,Success
WLT0001008,TXN0004038,CUST00463,MER0004,PhonePe Wallet,SPEND,206.62,7083.13,2025-02-07 09:46:14,SUCCESS
WLT0001009,TXN0004039,CUST00563,,PhonePe Wallet,P2P_TRANSFER,1053.39,5353.25,2025-06-26 23:56:52,success
WLT0001010,TXN0004040,CUST01778,MER0079,Mobikwik,SPEND,713.81,5730.56,2025-03-13 07:37:28,Success
WLT0001011,TXN0004044,CUST01214,,PhonePe Wallet,P2P_TRANSFER,524.83,13320.49,2025-05-22 21:06:48,SUCCESS
WLT0001012,TXN0004048,CUST01321,MER0085,Paytm Wallet,LOAD,426.18,10059.78,2025-04-22 18:45:00,SUCCESS
WLT0001013,TXN0004052,CUST00475,MER0024,Paytm Wallet,LOAD,41.94,4832.36,2025-06-05 23:54:00,SUCCESS
WLT0001014,TXN0004054,CUST00338,MER0001,Mobikwik,LOAD,410.47,9143.98,2025-03-04 18:51:49,Success
WLT0001015,TXN0004055,CUST00160,MER0014,Amazon Pay Balance,LOAD,1606.63,3407.42,2025-01-27 14:20:57,Success
WLT0001016,TXN0004063,CUST01087,,Amazon Pay Balance,P2P_TRANSFER,425.94,18881.53,2025-04-28 13:16:47,SUCCESS
WLT0001017,TXN0004069,CUST00247,MER0112,Paytm Wallet,LOAD,318.07,9941.34,2025-05-07 14:58:10,success
WLT0001018,TXN0004072,CUST00955,MER0089,Mobikwik,SPEND,66.03,7751.49,2025-05-22 11:00:59,success
WLT0001019,TXN0004073,CUST00869,,Amazon Pay Balance,P2P_TRANSFER,1007.75,5312.91,2025-04-19 16:49:45,FAILED
WLT0001020,TXN0004074,CUST01795,MER0049,Amazon Pay Balance,SPEND,435.77,17509.7,2025-03-16 06:22:50,success
WLT0001021,TXN0004075,CUST00767,,Paytm Wallet,P2P_TRANSFER,375.28,18905.49,2025-05-26 04:12:04,SUCCESS
WLT0001022,TXN0004076,CUST00022,,PhonePe Wallet,P2P_TRANSFER,376.66,1533.44,2025-03-12 02:20:30,success
WLT0001023,TXN0004079,CUST00193,MER0065,PhonePe Wallet,LOAD,467.75,1658.54,2025-04-08 15:11:12,success
WLT0001024,TXN0004081,CUST00560,,Amazon Pay Balance,P2P_TRANSFER,876.13,11596.74,2025-02-23 09:21:59,SUCCESS
WLT0001025,TXN0004083,CUST00090,MER0065,PhonePe Wallet,LOAD,605.18,12368.68,2025-02-23 05:44:33,success
WLT0001026,TXN0004084,CUST01281,,PhonePe Wallet,P2P_TRANSFER,1444.1,16117.17,2025-04-22 02:33:22,PENDING
WLT0001027,TXN0004088,CUST00356,MER0140,Amazon Pay Balance,LOAD,882.11,7729.15,2025-06-06 18:53:59,SUCCESS
WLT0001028,TXN0004091,CUST01508,,Amazon Pay Balance,P2P_TRANSFER,1700.8,4985.0,2025-06-15 05:40:56,Success
WLT0001029,TXN0004101,CUST00030,MER0104,Paytm Wallet,SPEND,202.31,9618.15,2025-03-22 20:27:55,SUCCESS
WLT0001030,TXN0004106,CUST00565,MER0130,Paytm Wallet,SPEND,849.32,17113.05,2025-03-21 11:15:01,SUCCESS
WLT0001031,TXN0004110,CUST01164,MER0023,Paytm Wallet,LOAD,1130.77,9600.96,2025-04-20 22:37:59,SUCCESS
WLT0001032,TXN0004111,CUST01906,MER0030,Mobikwik,LOAD,448.03,7692.5,2025-06-28 06:14:30,success
WLT0001033,TXN0004115,CUST00347,MER0056,Paytm Wallet,LOAD,390.1,8591.31,2025-05-04 21:02:31,success
WLT0001034,TXN0004120,CUST00110,MER0074,PhonePe Wallet,LOAD,332.09,9740.31,2025-02-04 13:33:32,Success
WLT0001035,TXN0004123,CUST01711,,PhonePe Wallet,P2P_TRANSFER,452.52,15960.85,2025-06-21 13:43:40,Success
WLT0001036,TXN0004125,CUST00532,MER0068,Paytm Wallet,SPEND,1027.14,11848.73,2025-01-18 22:40:17,SUCCESS
WLT0001037,TXN0004126,CUST01004,MER0094,PhonePe Wallet,SPEND,2578.7,3835.24,2025-03-09 17:48:06,success
WLT0001038,TXN0004127,CUST01582,MER0116,Paytm Wallet,LOAD,211.1,6107.3,2025-06-11 01:45:01,Failed
WLT0001039,TXN0004133,CUST00701,MER0129,Amazon Pay Balance,LOAD,287.74,1976.43,2025-04-18 02:41:40,Failed
WLT0001040,TXN0004134,CUST01700,MER0069,Mobikwik,SPEND,57.53,5759.55,2025-01-18 14:57:38,success
WLT0001041,TXN0004135,CUST01052,MER0067,Paytm Wallet,SPEND,1948.83,18994.25,2025-02-12 09:08:29,Success
WLT0001042,TXN0004137,CUST01889,,Paytm Wallet,P2P_TRANSFER,310.0,7030.37,2025-05-08 20:03:01,SUCCESS
WLT0001043,TXN0004139,CUST00287,MER0083,Amazon Pay Balance,LOAD,143.96,8834.78,2025-03-14 06:57:48,Failed
WLT0001044,TXN0004140,CUST01155,MER0009,Amazon Pay Balance,LOAD,745.66,5272.79,2025-03-04 14:21:45,Success
WLT0001045,TXN0004146,CUST00334,MER0048,Mobikwik,LOAD,721.99,9483.46,2025-05-27 00:47:04,SUCCESS
WLT0001046,TXN0004149,CUST01180,MER0103,Mobikwik,SPEND,2005.44,14440.97,2025-04-02 23:00:20,SUCCESS
WLT0001047,TXN0004150,CUST01709,,PhonePe Wallet,P2P_TRANSFER,418.15,19808.02,2025-05-21 11:09:35,FAILED
WLT0001048,TXN0004153,CUST00083,MER0060,Paytm Wallet,LOAD,366.62,10883.55,2025-05-29 04:38:38,SUCCESS
WLT0001049,TXN0004160,CUST01949,MER0036,Mobikwik,SPEND,166.22,18381.71,2025-01-26 05:20:06,success
WLT0001050,TXN0004165,CUST00339,MER0038,PhonePe Wallet,LOAD,852.1,4322.51,2025-02-08 21:57:43,success
WLT0001051,TXN0004177,CUST00498,MER0025,Amazon Pay Balance,SPEND,2534.51,16736.35,2025-03-17 06:13:31,Success
WLT0001052,TXN0004182,CUST00807,MER0089,Amazon Pay Balance,LOAD,320.6,348.3,2025-04-05 19:41:11,FAILED
WLT0001053,TXN0004183,CUST01372,MER0007,Mobikwik,LOAD,834.58,5972.87,2025-02-13 01:10:08,success
WLT0001054,TXN0004186,CUST00697,MER0001,Mobikwik,LOAD,635.06,7536.95,2025-04-29 13:26:46,SUCCESS
WLT0001055,TXN0004188,CUST00159,MER0036,Amazon Pay Balance,SPEND,745.35,9931.49,2025-04-08 01:56:03,failed
WLT0001056,TXN0004189,CUST00385,,Paytm Wallet,P2P_TRANSFER,120.38,13126.01,2025-02-28 15:07:57,Success
WLT0001057,TXN0004190,CUST00892,,Mobikwik,P2P_TRANSFER,447.62,18245.32,2025-03-16 13:52:47,success
WLT0001058,TXN0004191,CUST01340,,Amazon Pay Balance,P2P_TRANSFER,149.21,16379.84,2025-01-30 06:32:04,SUCCESS
WLT0001059,TXN0004194,CUST00535,MER0108,Mobikwik,SPEND,2214.6,13718.5,2025-02-04 20:36:51,SUCCESS
WLT0001060,TXN0004195,CUST00335,MER0133,PhonePe Wallet,LOAD,105.49,4845.95,2025-06-11 23:48:18,Pending
WLT0001061,TXN0004200,CUST01653,,Mobikwik,P2P_TRANSFER,389.19,3484.15,2025-03-03 22:46:04,SUCCESS
WLT0001062,TXN0004207,CUST01653,MER0116,PhonePe Wallet,SPEND,30.35,6857.3,2025-04-08 11:46:35,failed
WLT0001063,TXN0004212,CUST01382,,Paytm Wallet,P2P_TRANSFER,305.85,5007.17,2025-01-02 08:25:14,SUCCESS
WLT0001064,TXN0004215,CUST00100,MER0011,PhonePe Wallet,LOAD,1697.39,7923.81,2025-01-24 14:28:14,SUCCESS
WLT0001065,TXN0004219,CUST00872,MER0076,PhonePe Wallet,SPEND,-743.0,13704.46,2025-05-29 21:42:15,PENDING
WLT0001066,TXN0004222,CUST00731,MER0115,Mobikwik,LOAD,1484.05,4915.85,2025-03-05 00:53:50,SUCCESS
WLT0001067,TXN0004225,CUST00075,MER0102,PhonePe Wallet,LOAD,584.52,2905.47,2025-02-18 06:41:04,Success
WLT0001068,TXN0004226,CUST00359,,Mobikwik,P2P_TRANSFER,267.51,18182.33,2025-01-19 08:44:24,FAILED
WLT0001069,TXN0004228,CUST01011,MER0071,Amazon Pay Balance,LOAD,423.86,386.93,2025-03-09 01:37:00,Failed
WLT0001070,TXN0004231,CUST01691,MER0135,Amazon Pay Balance,SPEND,194.07,10411.83,2025-04-21 12:03:01,success
WLT0001071,TXN0004232,CUST00939,,Amazon Pay Balance,P2P_TRANSFER,653.42,12907.4,2025-03-05 10:00:45,Success
WLT0001072,TXN0004238,CUST01947,MER0021,Mobikwik,LOAD,63.23,15718.71,2025-06-12 12:01:08,failed
WLT0001073,TXN0004239,CUST01869,MER0030,Mobikwik,LOAD,962.55,5148.88,2025-06-04 02:39:10,success
WLT0001074,TXN0004241,CUST00621,MER0139,Mobikwik,SPEND,328.68,8477.8,2025-06-15 21:03:50,success
WLT0001075,TXN0004243,CUST01637,,Paytm Wallet,P2P_TRANSFER,4438.8,15683.34,2025-04-22 07:56:22,Success
WLT0001076,TXN0004249,CUST00584,,Amazon Pay Balance,P2P_TRANSFER,860.8,6954.96,2025-03-21 01:36:33,success
WLT0001077,TXN0004256,CUST00131,MER0118,PhonePe Wallet,SPEND,1741.72,12462.49,2025-04-25 03:52:42,pending
WLT0001078,TXN0004265,CUST00067,MER0147,Amazon Pay Balance,SPEND,191.93,8802.58,2025-01-16 06:20:32,success
WLT0001079,TXN0004267,CUST00708,,Paytm Wallet,P2P_TRANSFER,301.56,4366.95,2025-05-26 05:59:00,FAILED
WLT0001080,TXN0004271,CUST00320,MER0043,Amazon Pay Balance,SPEND,960.58,8804.91,2025-05-02 05:17:11,Success
WLT0001081,TXN0004275,CUST01524,MER0061,Mobikwik,SPEND,2630.16,15530.33,2025-03-14 20:57:06,success
WLT0001082,TXN0004276,CUST01887,MER0097,PhonePe Wallet,LOAD,1547.2,7764.19,2025-04-28 21:23:32,SUCCESS
WLT0001083,TXN0004282,CUST00837,MER0056,PhonePe Wallet,LOAD,552.4,13782.85,2025-03-23 04:51:36,Success
WLT0001084,TXN0004285,CUST00217,MER0082,Paytm Wallet,LOAD,854.38,2366.79,2025-04-08 12:54:33,success
WLT0001085,TXN0004286,CUST01097,MER0058,Mobikwik,SPEND,91.45,4236.63,2025-06-16 19:29:37,Success
WLT0001086,TXN0004288,CUST00951,,PhonePe Wallet,P2P_TRANSFER,282.06,15717.5,2025-06-29 12:43:00,SUCCESS
WLT0001087,TXN0004293,CUST00951,MER0026,Amazon Pay Balance,LOAD,319.85,17164.42,2025-03-16 10:33:23,Success
WLT0001088,TXN0004300,CUST01249,,Amazon Pay Balance,P2P_TRANSFER,1305.58,2174.26,2025-04-21 13:09:32,Success
WLT0001089,TXN0004303,CUST01522,MER0100,PhonePe Wallet,LOAD,1708.04,14218.04,2025-04-18 04:46:25,success
WLT0001090,TXN0004304,CUST01048,MER0042,Amazon Pay Balance,SPEND,190.7,13059.84,2025-03-30 21:21:27,success
WLT0001091,TXN0004308,CUST01832,,Paytm Wallet,P2P_TRANSFER,169.03,6474.81,2025-04-23 03:49:17,success
WLT0001092,TXN0004310,CUST01401,MER0062,Mobikwik,LOAD,270.98,11359.7,2025-06-04 17:08:26,SUCCESS
WLT0001093,TXN0004317,CUST01387,MER0134,Amazon Pay Balance,LOAD,501.16,266.81,2025-04-02 07:20:01,success
WLT0001094,TXN0004321,CUST01466,MER0137,Amazon Pay Balance,SPEND,344.03,6667.42,2025-05-19 19:02:33,Failed
WLT0001095,TXN0004323,CUST01696,MER0075,PhonePe Wallet,SPEND,553.84,18481.4,2025-06-07 14:37:15,failed
WLT0001096,TXN0004334,CUST00989,,Amazon Pay Balance,P2P_TRANSFER,548.84,12831.95,2025-01-19 20:38:18,failed
WLT0001097,TXN0004337,CUST00502,MER0088,Amazon Pay Balance,SPEND,222.82,13693.62,2025-02-27 08:09:38,SUCCESS
WLT0001098,TXN0004345,CUST00743,MER0079,PhonePe Wallet,SPEND,239.33,11720.07,2025-05-20 00:02:26,success
WLT0001099,TXN0004347,CUST00625,MER0113,PhonePe Wallet,LOAD,3147.71,8442.41,2025-05-11 17:42:22,SUCCESS
WLT0001100,TXN0004348,CUST00604,,PhonePe Wallet,P2P_TRANSFER,106.38,19760.77,2025-06-06 08:29:51,Success
WLT0001101,TXN0004350,CUST01245,,Paytm Wallet,P2P_TRANSFER,203.84,8894.91,2025-03-16 14:37:33,Success
WLT0001102,TXN0004351,CUST00527,MER0008,Mobikwik,LOAD,1254.89,8100.85,2025-06-15 05:34:14,success
WLT0001103,TXN0004352,CUST00434,MER0038,PhonePe Wallet,SPEND,2538.0,6020.15,2025-04-24 10:43:53,success
WLT0001104,TXN0004356,CUST00977,MER0044,Amazon Pay Balance,SPEND,689.61,13426.27,2025-03-08 20:09:04,PENDING
WLT0001105,TXN0004358,CUST01747,MER0134,Amazon Pay Balance,SPEND,436.19,5585.75,2025-03-14 16:39:21,SUCCESS
WLT0001106,TXN0004359,CUST00775,MER0125,Amazon Pay Balance,LOAD,440.93,9218.0,2025-05-06 21:39:12,success
WLT0001107,TXN0004362,CUST00778,,Amazon Pay Balance,P2P_TRANSFER,180.0,3934.19,2025-01-13 13:46:08,Success
WLT0001108,TXN0004363,CUST00702,,Mobikwik,P2P_TRANSFER,203.62,8285.59,2025-02-10 02:01:48,Success
WLT0001109,TXN0004366,CUST00404,MER0118,Mobikwik,LOAD,481.63,444.04,2025-04-21 13:38:00,SUCCESS
WLT0001110,TXN0004383,CUST00390,MER0017,Mobikwik,SPEND,345.08,18863.7,2025-06-25 22:55:22,success
WLT0001111,TXN0004384,CUST01850,,PhonePe Wallet,P2P_TRANSFER,131.26,6247.96,2025-02-28 18:58:04,success
WLT0001112,TXN0004386,CUST00500,MER0149,Paytm Wallet,LOAD,139.09,18804.96,2025-04-03 16:17:48,Success
WLT0001113,TXN0004393,CUST00441,MER0077,PhonePe Wallet,LOAD,52.2,4965.04,2025-04-21 13:16:00,Success
WLT0001114,TXN0004406,CUST01150,MER0113,Paytm Wallet,LOAD,968.93,10832.94,2025-01-22 15:29:17,failed
WLT0001115,TXN0004410,CUST01016,,Mobikwik,P2P_TRANSFER,710.02,17930.19,2025-01-13 17:31:45,Failed
WLT0001116,TXN0004413,CUST01766,MER0138,Mobikwik,SPEND,1346.7,6951.97,2025-06-09 17:23:47,SUCCESS
WLT0001117,TXN0004414,CUST00375,,Amazon Pay Balance,P2P_TRANSFER,124.99,9888.88,2025-01-22 02:37:59,success
WLT0001118,TXN0004423,CUST01357,,Mobikwik,P2P_TRANSFER,372.25,9397.83,2025-04-11 06:54:26,success
WLT0001119,TXN0004424,CUST00971,MER0107,Paytm Wallet,SPEND,1084.88,18422.88,2025-06-01 09:55:16,success
WLT0001120,TXN0004430,CUST01527,MER0079,Mobikwik,LOAD,350.51,7787.24,2025-03-24 14:01:54,Success
WLT0001121,TXN0004431,CUST01154,MER0107,Amazon Pay Balance,LOAD,807.92,16382.33,2025-01-02 02:26:09,success
WLT0001122,TXN0004438,CUST01706,MER0083,PhonePe Wallet,LOAD,1190.65,16040.43,2025-03-25 00:17:12,Success
WLT0001123,TXN0004448,CUST01966,MER0125,Mobikwik,LOAD,233.66,18289.47,2025-02-18 12:22:02,Success
WLT0001124,TXN0004450,CUST00208,,Amazon Pay Balance,P2P_TRANSFER,610.25,12923.9,2025-03-08 13:03:36,Success
WLT0001125,TXN0004452,CUST00898,MER0029,Mobikwik,LOAD,164.87,3854.45,2025-04-02 14:56:16,success
WLT0001126,TXN0004457,CUST01151,,Paytm Wallet,P2P_TRANSFER,275.54,2518.87,2025-02-17 14:50:20,SUCCESS
WLT0001127,TXN0004465,CUST01812,,Mobikwik,P2P_TRANSFER,1799.94,18586.84,2025-03-04 09:12:48,Success
WLT0001128,TXN0004475,CUST00066,MER0084,Paytm Wallet,LOAD,911.82,18603.52,2025-06-03 10:18:27,Success
WLT0001129,TXN0004479,CUST00189,MER0029,Mobikwik,LOAD,559.25,8503.31,2025-04-14 06:11:33,Success
WLT0001130,TXN0004480,CUST00325,MER0023,Amazon Pay Balance,SPEND,233.14,3629.76,2025-04-22 10:41:07,success
WLT0001131,TXN0004483,CUST00150,MER0111,Amazon Pay Balance,SPEND,1873.76,15605.48,2025-06-08 19:01:05,success
WLT0001132,TXN0004484,CUST00568,MER0039,Amazon Pay Balance,LOAD,346.72,8694.15,2025-05-07 07:17:14,SUCCESS
WLT0001133,TXN0004486,CUST01327,MER0117,Paytm Wallet,LOAD,333.32,5264.31,2025-04-13 11:19:31,success
WLT0001134,TXN0004489,CUST00602,,Mobikwik,P2P_TRANSFER,858.41,19621.56,2025-06-10 19:47:50,Pending
WLT0001135,TXN0004490,CUST00799,,Paytm Wallet,P2P_TRANSFER,1883.66,11014.98,2025-02-13 17:38:51,Success
WLT0001136,TXN0004492,CUST00531,MER0150,PhonePe Wallet,LOAD,506.78,3178.06,2025-05-11 23:34:34,success
WLT0001137,TXN0004493,CUST01573,MER0118,PhonePe Wallet,LOAD,230.12,440.5,2025-05-07 22:03:21,Success
WLT0001138,TXN0004494,CUST01363,,Amazon Pay Balance,P2P_TRANSFER,305.36,18217.78,2025-06-09 12:34:58,Success
WLT0001139,TXN0004495,CUST01177,MER0148,Paytm Wallet,LOAD,,9140.27,2025-01-30 15:11:23,Success
WLT0001140,TXN0004496,CUST00387,MER0053,Mobikwik,SPEND,109.75,432.3,2025-03-01 21:37:43,SUCCESS
WLT0001141,TXN0004501,CUST01783,MER0059,Paytm Wallet,SPEND,967.16,8908.53,2025-05-08 19:16:50,Success
WLT0001142,TXN0004507,CUST01709,MER0007,Amazon Pay Balance,SPEND,232.33,17709.34,2025-03-28 04:58:06,success
WLT0001143,TXN0004509,CUST00101,MER0103,Paytm Wallet,LOAD,678.24,10247.53,2025-02-08 13:43:08,success
WLT0001144,TXN0004514,CUST01058,,Paytm Wallet,P2P_TRANSFER,258.03,2239.66,2025-05-27 22:02:28,SUCCESS
WLT0001145,TXN0004515,CUST00430,,Amazon Pay Balance,P2P_TRANSFER,757.49,12183.31,2025-04-05 23:24:37,SUCCESS
WLT0001146,TXN0004522,CUST00015,MER0108,Amazon Pay Balance,LOAD,951.45,17789.61,2025-03-19 17:34:19,Success
WLT0001147,TXN0004524,CUST00739,MER0017,Mobikwik,LOAD,290.14,19167.69,2025-03-26 07:16:49,success
WLT0001148,TXN0004527,CUST01319,MER0121,PhonePe Wallet,LOAD,509.51,2732.0,2025-01-04 01:51:59,success
WLT0001149,TXN0004529,CUST01326,MER0012,Paytm Wallet,LOAD,544.26,5036.06,2025-01-28 07:52:35,success
WLT0001150,TXN0004535,CUST01644,,Paytm Wallet,P2P_TRANSFER,229.39,12240.11,2025-05-24 15:56:50,Success
WLT0001151,TXN0004536,CUST01354,,Amazon Pay Balance,P2P_TRANSFER,566.24,5932.83,2025-04-30 22:00:54,success
WLT0001152,TXN0004538,CUST00354,,PhonePe Wallet,P2P_TRANSFER,604.05,16540.62,2025-04-11 16:50:58,Success
WLT0001153,TXN0004548,CUST01821,MER0037,Paytm Wallet,SPEND,1118.14,17988.71,2025-06-27 09:34:37,success
WLT0001154,TXN0004549,CUST00835,,PhonePe Wallet,P2P_TRANSFER,632.95,17466.57,2025-03-15 05:07:07,SUCCESS
WLT0001155,TXN0004550,CUST01562,MER0135,Amazon Pay Balance,LOAD,1125.66,11360.87,2025-02-02 23:02:48,Success
WLT0001156,TXN0004556,CUST00276,MER0001,PhonePe Wallet,LOAD,472.85,3555.14,2025-03-02 11:22:23,success
WLT0001157,TXN0004557,CUST00976,MER0066,PhonePe Wallet,SPEND,4134.02,10853.57,2025-01-25 21:26:55,SUCCESS
WLT0001158,TXN0004558,CUST00662,MER0094,Paytm Wallet,LOAD,561.21,4381.58,2025-04-30 03:37:40,Success
WLT0001159,TXN0004561,CUST00258,,Amazon Pay Balance,P2P_TRANSFER,681.26,8144.02,2025-01-26 04:56:50,Success
WLT0001160,TXN0004572,CUST00865,MER0038,Mobikwik,LOAD,267.78,14759.05,2025-04-23 12:03:11,Success
WLT0001161,TXN0004574,CUST01856,MER0013,PhonePe Wallet,LOAD,338.6,14574.35,2025-06-04 05:12:58,SUCCESS
WLT0001162,TXN0004575,CUST00406,MER0004,PhonePe Wallet,LOAD,1543.08,5994.36,2025-01-28 18:12:57,Success
WLT0001163,TXN0004580,CUST01757,MER0148,Paytm Wallet,SPEND,3990.47,16259.32,2025-03-20 18:29:52,success
WLT0001164,TXN0004583,CUST00901,,Amazon Pay Balance,P2P_TRANSFER,1290.37,14621.17,2025-02-24 05:39:23,success
WLT0001165,TXN0004584,CUST01343,MER0087,Paytm Wallet,LOAD,2299.78,8715.82,2025-03-07 11:43:13,success
WLT0001166,TXN0004585,CUST01828,,PhonePe Wallet,P2P_TRANSFER,155.58,7144.39,2025-03-08 05:05:45,Success
WLT0001167,TXN0004589,CUST01064,,Amazon Pay Balance,P2P_TRANSFER,578.31,8417.11,2025-06-01 20:10:15,SUCCESS
WLT0001168,TXN0004590,CUST00749,MER0007,Paytm Wallet,SPEND,1049.75,13348.0,2025-04-16 12:02:56,Success
WLT0001169,TXN0004591,CUST00259,,Mobikwik,P2P_TRANSFER,296.82,19432.65,2025-03-30 19:47:39,Success
WLT0001170,TXN0004596,CUST01925,,Paytm Wallet,P2P_TRANSFER,1502.86,67.77,2025-06-18 08:21:40,Success
WLT0001171,TXN0004597,CUST01991,MER0102,Paytm Wallet,LOAD,706.86,18718.54,2025-06-09 05:36:03,SUCCESS
WLT0001172,TXN0004602,CUST01231,MER0145,Paytm Wallet,SPEND,882.76,17396.07,2025-06-16 23:32:47,success
WLT0001173,TXN0004605,CUST01105,,PhonePe Wallet,P2P_TRANSFER,782.11,11346.68,2025-04-14 02:02:01,success
WLT0001174,TXN0004622,CUST00329,MER0063,Paytm Wallet,LOAD,860.74,769.03,2025-03-17 23:18:08,success
WLT0001175,TXN0004624,CUST00859,MER0050,Amazon Pay Balance,SPEND,2517.83,2029.32,2025-02-18 06:26:07,FAILED
WLT0001176,TXN0004626,CUST00464,MER0071,Mobikwik,SPEND,553.58,15635.22,2025-01-28 06:29:57,Success
WLT0001177,TXN0004629,CUST00311,,Amazon Pay Balance,P2P_TRANSFER,1635.23,10320.49,2025-01-28 15:40:17,SUCCESS
WLT0001178,TXN0004638,CUST00145,MER0088,Paytm Wallet,LOAD,895.34,8434.29,2025-06-19 22:53:34,Success
WLT0001179,TXN0004639,CUST00558,MER0011,Paytm Wallet,SPEND,1918.19,13406.69,2025-03-16 01:55:36,SUCCESS
WLT0001180,TXN0004645,CUST00212,,Paytm Wallet,P2P_TRANSFER,710.96,5502.47,2025-05-23 02:14:43,Success
WLT0001181,TXN0004646,CUST01236,MER0093,Mobikwik,LOAD,1065.71,6527.82,2025-02-16 20:30:17,Pending
WLT0001182,TXN0004647,CUST01781,MER0127,PhonePe Wallet,LOAD,190.88,13660.22,2025-06-12 11:20:49,FAILED
WLT0001183,TXN0004652,CUST00516,MER0085,Amazon Pay Balance,LOAD,2599.39,16202.89,2025-03-23 11:41:20,success
WLT0001184,TXN0004660,CUST01243,MER0097,PhonePe Wallet,LOAD,181.42,19163.33,2025-04-28 19:05:26,SUCCESS
WLT0001185,TXN0004662,CUST01233,,PhonePe Wallet,P2P_TRANSFER,824.08,19068.93,2025-06-12 18:19:17,Success
WLT0001186,TXN0004666,CUST01378,MER0108,PhonePe Wallet,SPEND,522.26,14658.6,2025-06-08 07:29:48,Success
WLT0001187,TXN0004669,CUST00944,MER0134,PhonePe Wallet,SPEND,245.26,18192.05,2025-01-08 05:43:11,Success
WLT0001188,TXN0004670,CUST01926,MER0111,PhonePe Wallet,SPEND,489.33,2251.58,2025-05-10 22:05:04,Success
WLT0001189,TXN0004673,CUST01292,MER0026,Paytm Wallet,LOAD,134.46,18352.82,2025-02-26 18:06:31,Pending
WLT0001190,TXN0004679,CUST00914,MER0084,Amazon Pay Balance,LOAD,292.22,167.45,2025-03-30 23:23:17,SUCCESS
WLT0001191,TXN0004680,CUST01432,MER0068,Mobikwik,SPEND,398.45,15370.76,2025-05-30 05:59:15,Success
WLT0001192,TXN0004685,CUST01024,MER0086,Mobikwik,SPEND,238.94,10317.25,2025-03-10 07:31:43,SUCCESS
WLT0001193,TXN0004703,CUST00192,,Amazon Pay Balance,P2P_TRANSFER,447.27,11982.01,2025-04-27 02:44:21,success
WLT0001194,TXN0004704,CUST01874,MER0104,Amazon Pay Balance,LOAD,136.38,13571.86,2025-06-15 11:34:51,SUCCESS
WLT0001195,TXN0004707,CUST00813,,Mobikwik,P2P_TRANSFER,543.76,15054.12,2025-03-16 19:20:57,failed
WLT0001196,TXN0004710,CUST00461,MER0011,PhonePe Wallet,SPEND,412.8,2656.51,2025-02-17 17:59:37,SUCCESS
WLT0001197,TXN0004714,CUST01793,,Paytm Wallet,P2P_TRANSFER,190.0,13851.67,2025-05-06 19:24:35,Failed
WLT0001198,TXN0004717,CUST01976,,PhonePe Wallet,P2P_TRANSFER,3123.17,7483.18,2025-04-29 21:09:15,Success
WLT0001199,TXN0004729,CUST01963,MER0083,PhonePe Wallet,LOAD,1160.6,15969.24,2025-06-16 23:37:57,SUCCESS
WLT0001200,TXN0004733,CUST00975,MER0027,Mobikwik,SPEND,305.61,11437.9,2025-06-06 18:04:27,success
WLT0001201,TXN0004740,CUST01953,MER0006,Paytm Wallet,LOAD,596.46,9610.48,2025-04-19 17:35:48,SUCCESS
WLT0001202,TXN0004741,CUST00919,MER0015,PhonePe Wallet,SPEND,236.3,8251.8,2025-06-23 22:55:28,Success
WLT0001203,TXN0004753,CUST00296,MER0081,Amazon Pay Balance,SPEND,649.42,755.97,2025-06-17 12:37:55,SUCCESS
WLT0001204,TXN0004758,CUST01496,,Paytm Wallet,P2P_TRANSFER,1031.86,19510.9,2025-02-07 18:59:24,FAILED
WLT0001205,TXN0004763,CUST00193,MER0147,Amazon Pay Balance,SPEND,1199.27,4585.05,2025-05-17 02:33:50,SUCCESS
WLT0001206,TXN0004769,CUST01449,MER0065,Mobikwik,SPEND,300.07,3101.54,2025-04-08 00:41:09,Success
WLT0001207,TXN0004783,CUST01097,,Mobikwik,P2P_TRANSFER,287.46,12000.42,2025-03-09 00:58:19,Success
WLT0001208,TXN0004798,CUST00797,MER0030,Amazon Pay Balance,LOAD,4189.38,4019.23,2025-05-10 20:23:29,SUCCESS
WLT0001209,TXN0004800,CUST00505,MER0062,Amazon Pay Balance,LOAD,1023.45,18225.5,2025-06-08 18:13:28,FAILED
WLT0001210,TXN0004815,CUST00049,MER0083,Amazon Pay Balance,LOAD,426.93,17607.85,2025-04-19 23:37:42,Success
WLT0001211,TXN0004827,CUST01042,MER0046,PhonePe Wallet,SPEND,63.07,13190.93,2025-04-09 18:55:34,success
WLT0001212,TXN0004831,CUST00454,MER0019,Paytm Wallet,SPEND,799.05,8445.36,2025-05-19 15:38:32,SUCCESS
WLT0001213,TXN0004832,CUST00417,MER0147,PhonePe Wallet,LOAD,267.46,3058.24,2025-05-05 08:34:43,SUCCESS
WLT0001214,TXN0004833,CUST01256,,Amazon Pay Balance,P2P_TRANSFER,1099.38,4374.89,2025-06-29 01:14:01,Success
WLT0001215,TXN0004849,CUST01230,,Mobikwik,P2P_TRANSFER,67.98,2267.17,2025-05-15 11:23:30,Success
WLT0001216,TXN0004853,CUST01306,,Paytm Wallet,P2P_TRANSFER,92.4,2727.21,2025-01-31 20:38:19,success
WLT0001217,TXN0004855,CUST00376,MER0043,Mobikwik,SPEND,342.98,14769.34,2025-05-24 17:04:59,Success
WLT0001218,TXN0004861,CUST01137,MER0052,Mobikwik,LOAD,1072.55,3529.93,2025-01-25 16:23:56,success
WLT0001219,TXN0004866,CUST01562,MER0018,Amazon Pay Balance,SPEND,1151.32,2743.98,2025-02-16 22:38:42,Success
WLT0001220,TXN0004869,CUST01223,MER0129,Mobikwik,SPEND,220.7,12206.25,2025-05-29 21:30:04,SUCCESS
WLT0001221,TXN0004876,CUST00779,,Amazon Pay Balance,P2P_TRANSFER,628.5,9904.7,2025-02-26 15:54:45,Success
WLT0001222,TXN0004877,CUST01036,,PhonePe Wallet,P2P_TRANSFER,157.12,9093.7,2025-02-05 17:19:49,Success
WLT0001223,TXN0004878,CUST01285,,Amazon Pay Balance,P2P_TRANSFER,588.69,9689.63,2025-05-08 18:33:33,SUCCESS
WLT0001224,TXN0004888,CUST01911,MER0010,PhonePe Wallet,LOAD,1419.99,1805.41,2025-01-28 20:41:43,Success
WLT0001225,TXN0004890,CUST00479,,Paytm Wallet,P2P_TRANSFER,772.9,12220.87,2025-01-01 15:56:34,SUCCESS
WLT0001226,TXN0004893,CUST01756,,PhonePe Wallet,P2P_TRANSFER,397.69,2384.03,2025-05-03 00:01:39,success
WLT0001227,TXN0004909,CUST00088,MER0139,Amazon Pay Balance,SPEND,855.64,11284.93,2025-06-15 09:08:00,Failed
WLT0001228,TXN0004912,CUST01929,MER0107,Mobikwik,SPEND,489.48,3202.36,2025-03-31 10:27:55,SUCCESS
WLT0001229,TXN0004919,CUST00392,MER0094,Mobikwik,SPEND,284.48,17631.48,2025-06-24 19:57:19,Failed
WLT0001230,TXN0004922,CUST01319,MER0101,Mobikwik,LOAD,462.08,7765.32,2025-01-28 10:39:08,Success
WLT0001231,TXN0004923,CUST00964,,Paytm Wallet,P2P_TRANSFER,84.5,16357.06,2025-05-07 15:38:48,SUCCESS
WLT0001232,TXN0004929,CUST00370,MER0007,PhonePe Wallet,LOAD,126.56,485.64,2025-05-15 18:07:58,success
WLT0001233,TXN0004938,CUST01251,MER0136,Amazon Pay Balance,LOAD,657.2,18702.14,2025-05-23 18:49:42,SUCCESS
WLT0001234,TXN0004939,CUST01287,MER0025,Paytm Wallet,LOAD,1483.14,7401.5,2025-06-02 19:30:35,success
WLT0001235,TXN0004945,CUST00630,MER0093,Paytm Wallet,SPEND,427.31,19945.89,2025-05-02 00:28:12,success
WLT0001236,TXN0004947,CUST01853,MER0122,PhonePe Wallet,SPEND,624.56,17211.81,2025-03-07 18:05:13,SUCCESS
WLT0001237,TXN0004948,CUST01441,,Paytm Wallet,P2P_TRANSFER,1083.75,4442.14,2025-02-28 21:12:11,FAILED
WLT0001238,TXN0004954,CUST00962,MER0072,Mobikwik,LOAD,1145.26,2266.36,2025-05-14 23:27:50,PENDING
WLT0001239,TXN0004956,CUST01360,MER0114,Mobikwik,LOAD,70.78,5081.33,2025-01-19 20:22:26,success
WLT0001240,TXN0004958,CUST01803,MER0098,PhonePe Wallet,LOAD,504.53,7335.31,2025-04-03 14:25:19,success
WLT0001241,TXN0004960,CUST01410,MER0093,PhonePe Wallet,SPEND,216.48,6358.8,2025-03-27 14:54:47,failed
WLT0001242,TXN0004964,CUST01814,MER0022,Amazon Pay Balance,LOAD,415.52,19233.08,2025-06-22 03:20:46,success
WLT0001243,TXN0004968,CUST01915,MER0051,Mobikwik,SPEND,2868.09,11450.61,2025-05-04 03:41:32,SUCCESS
WLT0001244,TXN0004974,CUST01052,,Amazon Pay Balance,P2P_TRANSFER,1213.02,15118.41,2025-04-12 01:23:13,Failed
WLT0001245,TXN0004983,CUST01898,MER0147,Mobikwik,SPEND,952.96,11295.19,2025-01-04 17:32:06,FAILED
WLT0001246,TXN0004985,CUST01853,MER0100,Amazon Pay Balance,SPEND,667.13,11237.73,2025-01-07 23:41:37,SUCCESS
WLT0001247,TXN0004987,CUST00769,MER0132,PhonePe Wallet,LOAD,98.21,2704.95,2025-06-15 18:11:18,success
WLT0001248,TXN0004988,CUST01606,MER0088,Amazon Pay Balance,LOAD,3688.43,11736.93,2025-01-26 16:44:58,SUCCESS
WLT0001249,TXN0004989,CUST01932,MER0067,PhonePe Wallet,SPEND,902.97,17460.31,2025-04-18 06:17:23,FAILED
WLT0001250,TXN0004990,CUST00396,MER0069,Amazon Pay Balance,SPEND,468.9,8199.17,2025-01-17 04:14:04,Failed
WLT0001251,TXN0004992,CUST01376,,Mobikwik,P2P_TRANSFER,162.85,17447.47,2025-05-10 08:49:20,success
WLT0001252,TXN0004994,CUST01043,MER0006,Paytm Wallet,LOAD,3329.03,9538.05,2025-06-07 10:23:33,success
WLT0001253,TXN0005000,CUST01481,,Paytm Wallet,P2P_TRANSFER,1463.97,12211.87,2025-06-06 16:49:42,Success
WLT0001254,TXN0005007,CUST01528,MER0048,PhonePe Wallet,SPEND,379.88,667.81,2025-01-18 19:22:15,SUCCESS
WLT0001255,TXN0005012,CUST00975,MER0127,Amazon Pay Balance,SPEND,77.45,14240.19,2025-04-28 13:38:16,SUCCESS
WLT0001256,TXN0005014,CUST00590,MER0016,Amazon Pay Balance,SPEND,1007.5,15946.73,2025-03-27 22:16:32,success
WLT0001257,TXN0005019,CUST01434,,Amazon Pay Balance,P2P_TRANSFER,129.3,15772.67,2025-05-28 21:37:23,Success
WLT0001258,TXN0005021,CUST01738,MER0059,Amazon Pay Balance,SPEND,1666.13,17666.57,2025-02-01 12:56:55,success
WLT0001259,TXN0005024,CUST00585,,Mobikwik,P2P_TRANSFER,51.46,8723.61,2025-02-18 17:30:38,success
WLT0001260,TXN0005029,CUST00127,,Paytm Wallet,P2P_TRANSFER,284.47,19104.65,2025-03-08 20:11:47,success
WLT0001261,TXN0005033,CUST01525,MER0082,Amazon Pay Balance,LOAD,1653.68,6414.25,2025-04-25 04:55:28,SUCCESS
WLT0001262,TXN0005034,CUST01580,MER0093,Mobikwik,LOAD,807.69,16205.12,2025-05-16 13:16:11,success
WLT0001263,TXN0005037,CUST00734,MER0123,Amazon Pay Balance,LOAD,508.01,12246.72,2025-03-13 22:23:28,Success
WLT0001264,TXN0005039,CUST01002,MER0049,PhonePe Wallet,SPEND,208.64,19894.15,2025-02-14 07:04:38,PENDING
WLT0001265,TXN0005041,CUST01415,MER0120,Amazon Pay Balance,LOAD,1079.33,10102.81,2025-06-20 20:58:44,SUCCESS
WLT0001266,TXN0005042,CUST00946,MER0104,Mobikwik,LOAD,463.87,11032.24,2025-04-01 00:38:37,SUCCESS
WLT0001267,TXN0005044,CUST00313,,Amazon Pay Balance,P2P_TRANSFER,573.45,6120.03,2025-05-26 17:49:34,Success
WLT0001268,TXN0005045,CUST00790,MER0007,Amazon Pay Balance,LOAD,765.8,8012.94,2025-06-19 14:09:38,Success
WLT0001269,TXN0005046,CUST00286,MER0098,PhonePe Wallet,LOAD,381.95,19678.14,2025-06-18 23:39:40,Success
WLT0001270,TXN0005056,CUST00467,,PhonePe Wallet,P2P_TRANSFER,313.61,14905.19,2025-04-28 20:00:34,Success
WLT0001271,TXN0005059,CUST01985,MER0091,PhonePe Wallet,LOAD,1307.16,12965.28,2025-01-21 14:02:57,SUCCESS
WLT0001272,TXN0005065,CUST01294,,Mobikwik,P2P_TRANSFER,689.22,19652.25,2025-05-03 10:09:07,SUCCESS
WLT0001273,TXN0005071,CUST00037,MER0107,Mobikwik,SPEND,983.01,13176.52,2025-02-17 18:57:18,SUCCESS
WLT0001274,TXN0005072,CUST00429,MER0060,PhonePe Wallet,SPEND,1464.84,2856.42,2025-06-26 17:35:18,Success
WLT0001275,TXN0005077,CUST00399,MER0083,Amazon Pay Balance,LOAD,295.29,1378.25,2025-06-01 18:29:50,Success
WLT0001276,TXN0005087,CUST01845,MER0069,Paytm Wallet,LOAD,375.8,534.53,2025-01-13 23:53:42,SUCCESS
WLT0001277,TXN0005089,CUST00396,MER0071,Amazon Pay Balance,LOAD,532.61,18366.78,2025-05-19 05:43:47,success
WLT0001278,TXN0005102,CUST01637,MER0064,Amazon Pay Balance,LOAD,664.75,17718.41,2025-06-03 12:58:20,Success
WLT0001279,TXN0005103,CUST00771,MER0003,Paytm Wallet,LOAD,3137.41,18221.64,2025-02-27 21:36:20,SUCCESS
WLT0001280,TXN0005109,CUST01282,MER0041,Paytm Wallet,SPEND,961.79,2265.24,2025-04-26 07:31:06,Success
WLT0001281,TXN0005113,CUST01243,MER0042,Paytm Wallet,LOAD,251.8,16225.31,2025-04-24 21:11:47,success
WLT0001282,TXN0005114,CUST00264,MER0005,PhonePe Wallet,SPEND,241.34,7415.09,2025-01-25 01:29:07,FAILED
WLT0001283,TXN0005116,CUST00978,MER0081,Mobikwik,LOAD,3179.29,3038.16,2025-06-11 12:29:21,Success
WLT0001284,TXN0005119,CUST00664,MER0084,PhonePe Wallet,SPEND,1544.6,7698.4,2025-04-30 01:10:10,success
WLT0001285,TXN0005126,CUST00311,,Amazon Pay Balance,P2P_TRANSFER,208.83,2238.39,2025-02-01 17:24:50,SUCCESS
WLT0001286,TXN0005131,CUST00821,MER0135,PhonePe Wallet,LOAD,605.9,5466.36,2025-03-22 20:20:42,success
WLT0001287,TXN0005137,CUST00491,,Mobikwik,P2P_TRANSFER,193.1,3059.64,2025-05-13 17:26:35,success
WLT0001288,TXN0005139,CUST01317,MER0058,Mobikwik,SPEND,582.95,8801.5,2025-04-03 22:52:19,Success
WLT0001289,TXN0005141,CUST01554,,PhonePe Wallet,P2P_TRANSFER,1487.06,5975.32,2025-01-30 15:18:38,Success
WLT0001290,TXN0005143,CUST00655,MER0102,Paytm Wallet,SPEND,83.77,9702.6,2025-01-04 17:44:17,Success
WLT0001291,TXN0005144,CUST01045,MER0127,Mobikwik,LOAD,291.3,2584.1,2025-01-05 13:34:44,success
WLT0001292,TXN0005147,CUST01208,,Mobikwik,P2P_TRANSFER,536.5,16531.2,2025-02-14 13:34:31,Success
WLT0001293,TXN0005149,CUST00716,MER0149,Amazon Pay Balance,SPEND,150.88,16775.86,2025-06-21 04:46:21,Success
WLT0001294,TXN0005154,CUST01140,MER0100,PhonePe Wallet,LOAD,1138.94,1869.33,2025-02-01 01:01:01,SUCCESS
WLT0001295,TXN0005155,CUST01710,,Amazon Pay Balance,P2P_TRANSFER,368.8,17949.21,2025-04-28 23:42:27,SUCCESS
WLT0001296,TXN0005158,CUST00245,MER0116,Paytm Wallet,SPEND,403.16,1622.33,2025-01-06 14:17:57,success
WLT0001297,TXN0005161,CUST00231,,Amazon Pay Balance,P2P_TRANSFER,218.49,1826.48,2025-06-06 05:52:28,Success
WLT0001298,TXN0005170,CUST01047,,PhonePe Wallet,P2P_TRANSFER,510.89,8370.01,2025-01-03 09:36:12,Success
WLT0001299,TXN0005172,CUST00684,,Amazon Pay Balance,P2P_TRANSFER,658.01,19350.54,2025-05-20 19:10:24,SUCCESS
WLT0001300,TXN0005185,CUST01323,,PhonePe Wallet,P2P_TRANSFER,108.66,6775.07,2025-03-24 04:05:41,success
WLT0001301,TXN0005187,CUST00574,MER0006,PhonePe Wallet,LOAD,289.56,11802.44,2025-02-27 18:18:37,success
WLT0001302,TXN0005192,CUST01883,MER0008,Paytm Wallet,SPEND,2238.24,6810.01,2025-06-20 22:27:04,SUCCESS
WLT0001303,TXN0005193,CUST01907,MER0045,Paytm Wallet,SPEND,325.58,18889.85,2025-01-03 18:50:53,success
WLT0001304,TXN0005196,CUST01816,MER0143,PhonePe Wallet,LOAD,625.96,7010.22,2025-02-23 00:53:57,Success
WLT0001305,TXN0005197,CUST00554,,Mobikwik,P2P_TRANSFER,949.52,7605.16,2025-04-20 08:50:42,success
WLT0001306,TXN0005203,CUST00954,MER0004,Paytm Wallet,LOAD,53.68,12976.5,2025-04-22 23:53:58,Success
WLT0001307,TXN0005204,CUST01838,,Amazon Pay Balance,P2P_TRANSFER,456.0,5755.42,2025-01-13 05:38:56,SUCCESS
WLT0001308,TXN0005214,CUST00475,MER0013,Mobikwik,LOAD,123.18,5604.26,2025-02-25 15:15:59,SUCCESS
WLT0001309,TXN0005216,CUST00753,MER0121,PhonePe Wallet,SPEND,880.56,2301.45,2025-04-16 17:58:36,Success
WLT0001310,TXN0005218,CUST01847,MER0142,Amazon Pay Balance,SPEND,886.75,10309.39,2025-04-16 00:09:25,success
WLT0001311,TXN0005227,CUST01234,,Mobikwik,P2P_TRANSFER,2431.12,13479.2,2025-01-27 17:27:21,Success
WLT0001312,TXN0005230,CUST01105,MER0043,Mobikwik,SPEND,388.2,8295.68,2025-06-22 18:29:35,SUCCESS
WLT0001313,TXN0005231,CUST00088,MER0038,Paytm Wallet,SPEND,1145.03,18060.0,2025-04-27 06:34:31,Success
WLT0001314,TXN0005233,CUST01704,MER0147,Mobikwik,LOAD,374.71,5118.74,2025-01-28 02:12:58,Success
WLT0001315,TXN0005237,CUST00230,MER0140,Amazon Pay Balance,SPEND,1898.71,13749.46,2025-01-09 03:38:01,SUCCESS
WLT0001316,TXN0005238,CUST01065,,Paytm Wallet,P2P_TRANSFER,383.69,12593.48,2025-01-01 18:49:48,success
WLT0001317,TXN0005245,CUST01346,MER0057,Mobikwik,SPEND,417.91,11560.83,2025-04-23 01:06:19,SUCCESS
WLT0001318,TXN0005246,CUST00720,MER0028,PhonePe Wallet,LOAD,536.24,4465.83,2025-02-13 20:22:23,SUCCESS
WLT0001319,TXN0005247,CUST01312,MER0040,Mobikwik,SPEND,2183.32,15174.85,2025-06-12 00:20:58,SUCCESS
WLT0001320,TXN0005253,CUST01548,MER0054,Amazon Pay Balance,LOAD,476.33,13580.04,2025-04-16 05:44:55,SUCCESS
WLT0001321,TXN0005263,CUST00795,MER0078,PhonePe Wallet,LOAD,482.65,19784.78,2025-03-25 05:03:57,SUCCESS
WLT0001322,TXN0005274,CUST01856,,Mobikwik,P2P_TRANSFER,276.65,14214.51,2025-02-18 23:08:02,Success
WLT0001323,TXN0005286,CUST01428,MER0138,Mobikwik,LOAD,646.25,5422.08,2025-05-07 22:28:24,SUCCESS
WLT0001324,TXN0005290,CUST01848,MER0042,Amazon Pay Balance,SPEND,10283.35,2812.67,2025-01-08 17:33:29,Success
WLT0001325,TXN0005295,CUST00794,MER0046,Mobikwik,SPEND,1283.39,12802.41,2025-05-30 23:56:13,Success
WLT0001326,TXN0005298,CUST01773,MER0127,Mobikwik,SPEND,202.44,19494.61,2025-02-14 09:58:14,success
WLT0001327,TXN0005301,CUST00337,,Amazon Pay Balance,P2P_TRANSFER,390.0,2144.42,2025-05-24 18:18:39,Success
WLT0001328,TXN0005303,CUST00898,MER0111,PhonePe Wallet,LOAD,1347.94,5915.46,2025-01-04 23:42:43,Success
WLT0001329,TXN0005312,CUST00822,MER0063,PhonePe Wallet,SPEND,225.49,838.97,2025-06-26 01:08:16,success
WLT0001330,TXN0005320,CUST00847,,Amazon Pay Balance,P2P_TRANSFER,639.16,3074.32,2025-01-08 17:16:31,Success
WLT0001331,TXN0005326,CUST01075,MER0150,Mobikwik,LOAD,84.8,996.44,2025-04-14 00:23:56,success
WLT0001332,TXN0005338,CUST01558,,Paytm Wallet,P2P_TRANSFER,863.03,6327.8,2025-04-10 16:32:44,Success
WLT0001333,TXN0005350,CUST00833,MER0041,Amazon Pay Balance,SPEND,146.27,3884.15,2025-02-16 20:43:43,success
WLT0001334,TXN0005351,CUST01227,MER0128,Mobikwik,SPEND,70.26,343.23,2025-05-31 02:54:11,SUCCESS
WLT0001335,TXN0005361,CUST01943,MER0125,Paytm Wallet,LOAD,2102.7,1796.1,2025-03-16 23:19:39,SUCCESS
WLT0001336,TXN0005364,CUST00962,MER0126,Amazon Pay Balance,LOAD,989.78,13465.56,2025-03-08 11:44:46,success
WLT0001337,TXN0005367,CUST01289,,Mobikwik,P2P_TRANSFER,513.78,7062.12,2025-02-22 16:07:19,success
WLT0001338,TXN0005369,CUST01052,,Mobikwik,P2P_TRANSFER,485.15,3316.72,2025-06-29 23:17:36,Success
WLT0001339,TXN0005374,CUST01385,MER0068,Amazon Pay Balance,LOAD,1474.3,17291.02,2025-04-27 01:45:57,SUCCESS
WLT0001340,TXN0005376,CUST01256,MER0036,Paytm Wallet,LOAD,109.99,8635.7,2025-06-05 18:43:47,Success
WLT0001341,TXN0005377,CUST01577,MER0049,PhonePe Wallet,SPEND,845.38,19426.1,2025-05-14 10:08:01,Success
WLT0001342,TXN0005385,CUST01818,MER0128,PhonePe Wallet,LOAD,5805.66,14755.06,2025-03-14 19:37:12,success
WLT0001343,TXN0005389,CUST00300,,PhonePe Wallet,P2P_TRANSFER,209.67,6877.3,2025-01-14 23:46:42,SUCCESS
WLT0001344,TXN0005392,CUST00007,,PhonePe Wallet,P2P_TRANSFER,271.65,9442.26,2025-06-07 16:09:11,SUCCESS
WLT0001345,TXN0005394,CUST00932,MER0141,Paytm Wallet,SPEND,104.47,10997.58,2025-04-24 07:41:48,Success
WLT0001346,TXN0005395,CUST01682,,Mobikwik,P2P_TRANSFER,817.61,11786.55,2025-04-21 04:31:32,Success
WLT0001347,TXN0005411,CUST00452,MER0147,Paytm Wallet,SPEND,766.58,16185.83,2025-05-26 23:17:58,Success
WLT0001348,TXN0005413,CUST01722,,Paytm Wallet,P2P_TRANSFER,215.5,1798.64,2025-01-05 10:58:25,success
WLT0001349,TXN0005426,CUST00632,MER0099,Paytm Wallet,LOAD,2349.46,18523.46,2025-03-28 15:16:50,success
WLT0001350,TXN0005429,CUST01460,MER0039,Amazon Pay Balance,LOAD,315.36,1514.82,2025-05-24 12:45:20,pending
WLT0001351,TXN0005430,CUST01819,MER0098,Paytm Wallet,LOAD,254.24,15452.24,2025-01-05 11:18:42,success
WLT0001352,TXN0005431,CUST01109,MER0053,Paytm Wallet,LOAD,1300.17,16653.42,2025-06-21 05:30:54,Failed
WLT0001353,TXN0005433,CUST01618,MER0088,Paytm Wallet,SPEND,167.84,2726.06,2025-03-04 13:00:06,Success
WLT0001354,TXN0005435,CUST01261,MER0114,Amazon Pay Balance,SPEND,944.24,18283.4,2025-04-28 18:44:46,SUCCESS
WLT0001355,TXN0005436,CUST00421,MER0020,Amazon Pay Balance,LOAD,161.77,14554.53,2025-04-27 16:38:47,success
WLT0001356,TXN0005448,CUST00781,,Amazon Pay Balance,P2P_TRANSFER,1248.23,10163.86,2025-03-26 17:16:02,success
WLT0001357,TXN0005455,CUST01200,MER0136,Mobikwik,LOAD,315.86,13241.38,2025-06-07 07:32:09,Success
WLT0001358,TXN0005467,CUST01067,,Amazon Pay Balance,P2P_TRANSFER,1093.98,4987.31,2025-06-19 06:55:46,SUCCESS
WLT0001359,TXN0005471,CUST01833,,Mobikwik,P2P_TRANSFER,153.44,11931.41,2025-01-04 08:04:22,Success
WLT0001360,TXN0005474,CUST01583,,PhonePe Wallet,P2P_TRANSFER,340.16,10642.18,2025-06-08 16:50:46,success
WLT0001361,TXN0005478,CUST00367,,Paytm Wallet,P2P_TRANSFER,1148.0,15418.64,2025-02-06 06:34:56,failed
WLT0001362,TXN0005479,CUST00504,MER0084,Amazon Pay Balance,LOAD,98.96,9795.03,2025-06-16 02:29:13,success
WLT0001363,TXN0005484,CUST00961,,Paytm Wallet,P2P_TRANSFER,671.95,3282.42,2025-01-26 16:31:14,Success
WLT0001364,TXN0005485,CUST00496,MER0095,Paytm Wallet,SPEND,841.04,13226.44,2025-04-22 10:24:08,SUCCESS
WLT0001365,TXN0005488,CUST01455,,Mobikwik,P2P_TRANSFER,841.45,13833.08,2025-02-18 04:45:53,Success
WLT0001366,TXN0005489,CUST00332,MER0011,Paytm Wallet,SPEND,543.27,6675.91,2025-01-14 00:35:15,success
WLT0001367,TXN0005492,CUST01637,MER0102,PhonePe Wallet,SPEND,2298.52,8471.47,2025-04-17 20:39:26,SUCCESS
WLT0001368,TXN0005493,CUST01109,MER0135,Mobikwik,SPEND,1688.0,3216.64,2025-04-01 14:36:28,Failed
WLT0001369,TXN0005497,CUST00515,MER0105,Amazon Pay Balance,LOAD,1058.58,19787.78,2025-02-02 09:47:22,SUCCESS
WLT0001370,TXN0005499,CUST01649,,PhonePe Wallet,P2P_TRANSFER,338.78,499.21,2025-01-15 06:08:54,Success
WLT0001371,TXN0005500,CUST01229,MER0077,PhonePe Wallet,SPEND,1517.48,8195.14,2025-01-23 10:26:15,FAILED
WLT0001372,TXN0005514,CUST00852,MER0063,PhonePe Wallet,SPEND,2217.45,13409.06,2025-01-29 06:15:13,Success
WLT0001373,TXN0005516,CUST00767,,Mobikwik,P2P_TRANSFER,988.53,13252.35,2025-04-01 07:28:25,FAILED
WLT0001374,TXN0005518,CUST01339,MER0020,PhonePe Wallet,SPEND,573.52,11004.17,2025-04-27 03:59:02,Success
WLT0001375,TXN0005520,CUST01050,MER0011,Mobikwik,LOAD,1676.94,12092.36,2025-06-18 16:06:16,SUCCESS
WLT0001376,TXN0005522,CUST00722,MER0080,PhonePe Wallet,LOAD,529.06,13975.02,2025-06-29 00:45:46,SUCCESS
WLT0001377,TXN0005523,CUST01038,,PhonePe Wallet,P2P_TRANSFER,1253.45,13463.2,2025-01-20 16:06:17,success
WLT0001378,TXN0005527,CUST00050,MER0086,Mobikwik,LOAD,413.42,8733.59,2025-06-05 01:19:54,SUCCESS
WLT0001379,TXN0005533,CUST00999,MER0132,Mobikwik,LOAD,1390.86,11596.88,2025-01-08 00:29:55,success
WLT0001380,TXN0005534,CUST01365,MER0145,Mobikwik,SPEND,819.54,19133.82,2025-04-09 05:53:14,failed
WLT0001381,TXN0005542,CUST00091,MER0035,Amazon Pay Balance,LOAD,411.4,18066.45,2025-02-07 18:24:18,Success
WLT0001382,TXN0005545,CUST01121,MER0054,Paytm Wallet,SPEND,1289.12,2010.26,2025-01-01 02:38:32,Success
WLT0001383,TXN0005554,CUST00961,MER0067,PhonePe Wallet,LOAD,142.23,7891.7,2025-04-23 01:13:02,Success
WLT0001384,TXN0005556,CUST01846,MER0085,Paytm Wallet,LOAD,332.97,8974.35,2025-05-03 15:07:03,Success
WLT0001385,TXN0005558,CUST00319,MER0134,Paytm Wallet,LOAD,1155.23,3601.96,2025-05-13 13:09:11,SUCCESS
WLT0001386,TXN0005560,CUST01669,,Mobikwik,P2P_TRANSFER,415.09,16485.57,2025-04-04 20:47:18,FAILED
WLT0001387,TXN0005567,CUST01959,,Mobikwik,P2P_TRANSFER,373.95,2341.61,2025-06-25 18:25:10,success
WLT0001388,TXN0005568,CUST00314,MER0139,Mobikwik,LOAD,410.86,2793.01,2025-04-09 05:24:08,Failed
WLT0001389,TXN0005574,CUST00643,MER0015,Paytm Wallet,SPEND,410.57,11936.75,2025-03-26 14:09:08,SUCCESS
WLT0001390,TXN0005575,CUST00832,MER0040,Amazon Pay Balance,SPEND,602.71,6604.1,2025-03-22 10:25:07,Success
WLT0001391,TXN0005577,CUST01921,MER0079,Paytm Wallet,SPEND,520.47,1954.09,2025-02-15 18:21:33,success
WLT0001392,TXN0005584,CUST00169,,Paytm Wallet,P2P_TRANSFER,437.54,13988.42,2025-05-24 04:40:25,SUCCESS
WLT0001393,TXN0005590,CUST01728,MER0092,Paytm Wallet,LOAD,111.42,17455.11,2025-05-10 08:03:22,SUCCESS
WLT0001394,TXN0005598,CUST01216,,Paytm Wallet,P2P_TRANSFER,619.57,5300.42,2025-06-12 12:00:10,Success
WLT0001395,TXN0005599,CUST01078,,Paytm Wallet,P2P_TRANSFER,620.75,18779.53,2025-04-29 23:33:40,SUCCESS
WLT0001396,TXN0005600,CUST00583,,Amazon Pay Balance,P2P_TRANSFER,578.61,4715.75,2025-03-31 18:38:40,Success
WLT0001397,TXN0005604,CUST00582,,Mobikwik,P2P_TRANSFER,143.34,3612.97,2025-06-15 11:20:12,success
WLT0001398,TXN0005606,CUST00969,MER0092,PhonePe Wallet,LOAD,80.75,14138.52,2025-04-09 19:32:00,Success
WLT0001399,TXN0005612,CUST00945,,PhonePe Wallet,P2P_TRANSFER,1038.43,8749.44,2025-01-31 03:22:24,success
WLT0001400,TXN0005619,CUST01472,MER0105,PhonePe Wallet,SPEND,289.54,17798.08,2025-01-24 19:26:37,FAILED
WLT0001401,TXN0005624,CUST00801,,Mobikwik,P2P_TRANSFER,153.13,9297.39,2025-01-13 19:50:24,Pending
WLT0001402,TXN0005631,CUST01980,MER0081,PhonePe Wallet,SPEND,1940.32,2212.94,2025-06-27 18:30:27,success
WLT0001403,TXN0005632,CUST01540,MER0048,Amazon Pay Balance,SPEND,89.67,592.46,2025-01-02 10:40:00,Success
WLT0001404,TXN0005637,CUST01051,MER0072,Amazon Pay Balance,LOAD,127.95,614.16,2025-06-26 04:21:23,SUCCESS
WLT0001405,TXN0005641,CUST01260,MER0001,Mobikwik,LOAD,418.96,13529.89,2025-01-21 07:27:30,success
WLT0001406,TXN0005645,CUST01088,MER0136,Amazon Pay Balance,LOAD,568.45,158.88,2025-04-25 15:52:21,FAILED
WLT0001407,TXN0005648,CUST01975,MER0141,Amazon Pay Balance,LOAD,255.75,16904.2,2025-02-26 08:23:55,SUCCESS
WLT0001408,TXN0005649,CUST01104,MER0117,Amazon Pay Balance,SPEND,449.89,10439.82,2025-01-09 15:26:55,success
WLT0001409,TXN0005650,CUST00583,MER0105,Mobikwik,LOAD,668.74,7599.41,2025-04-25 10:25:53,PENDING
WLT0001410,TXN0005651,CUST01285,MER0017,Amazon Pay Balance,LOAD,70.71,10815.9,2025-04-03 03:24:43,success
WLT0001411,TXN0005652,CUST01699,MER0119,Amazon Pay Balance,SPEND,98.54,13368.59,2025-06-27 12:02:20,SUCCESS
WLT0001412,TXN0005657,CUST01336,MER0059,PhonePe Wallet,SPEND,335.07,5221.04,2025-05-10 19:07:11,Success
WLT0001413,TXN0005660,CUST01087,,PhonePe Wallet,P2P_TRANSFER,601.0,18501.7,2025-02-13 01:40:02,failed
WLT0001414,TXN0005664,CUST01646,,Mobikwik,P2P_TRANSFER,279.29,3567.16,2025-06-08 03:29:38,pending
WLT0001415,TXN0005665,CUST01843,MER0107,Mobikwik,LOAD,1230.68,2601.36,2025-01-04 04:09:56,SUCCESS
WLT0001416,TXN0005666,CUST01028,MER0079,Mobikwik,SPEND,467.99,12547.23,2025-05-30 07:20:15,success
WLT0001417,TXN0005667,CUST01230,MER0128,PhonePe Wallet,LOAD,1027.09,14573.5,2025-04-23 15:49:02,success
WLT0001418,TXN0005670,CUST00238,MER0100,Mobikwik,LOAD,699.06,8720.58,2025-04-19 21:18:22,SUCCESS
WLT0001419,TXN0005673,CUST01404,MER0085,Paytm Wallet,LOAD,795.15,10822.72,2025-05-06 14:30:24,success
WLT0001420,TXN0005677,CUST01347,,PhonePe Wallet,P2P_TRANSFER,532.57,8572.47,2025-02-19 22:08:16,success
WLT0001421,TXN0005679,CUST00874,,Mobikwik,P2P_TRANSFER,1310.16,6975.08,2025-02-01 19:51:48,Success
WLT0001422,TXN0005686,CUST00136,MER0070,PhonePe Wallet,SPEND,514.7,16038.11,2025-02-04 18:03:46,Failed
WLT0001423,TXN0005690,CUST01047,,Amazon Pay Balance,P2P_TRANSFER,452.41,18170.29,2025-05-10 17:05:53,success
WLT0001424,TXN0005693,CUST00189,MER0100,Paytm Wallet,LOAD,1107.91,5245.27,2025-06-06 15:02:14,failed
WLT0001425,TXN0005694,CUST00388,MER0065,Mobikwik,SPEND,401.29,19153.32,2025-05-21 20:12:50,SUCCESS
WLT0001426,TXN0005695,CUST00038,MER0023,Mobikwik,LOAD,3381.0,12366.03,2025-01-13 07:37:08,success
WLT0001427,TXN0005703,CUST01663,MER0043,Amazon Pay Balance,SPEND,417.46,7316.24,2025-02-06 22:08:01,Success
WLT0001428,TXN0005709,CUST01844,,Amazon Pay Balance,P2P_TRANSFER,1387.52,15614.85,2025-03-29 22:42:39,success
WLT0001429,TXN0005715,CUST01766,MER0035,PhonePe Wallet,LOAD,798.94,19375.64,2025-06-13 16:46:08,success
WLT0001430,TXN0005723,CUST00640,MER0109,PhonePe Wallet,SPEND,110.38,10691.85,2025-02-26 23:34:56,SUCCESS
WLT0001431,TXN0005726,CUST01975,MER0067,Amazon Pay Balance,SPEND,1225.01,19499.33,2025-06-08 09:24:23,FAILED
WLT0001432,TXN0005733,CUST00672,,Mobikwik,P2P_TRANSFER,173.01,18458.25,2025-01-19 01:46:00,Success
WLT0001433,TXN0005735,CUST01235,MER0026,Mobikwik,SPEND,1626.27,10122.02,2025-03-12 09:31:20,Success
WLT0001434,TXN0005736,CUST00233,,Mobikwik,P2P_TRANSFER,721.58,440.6,2025-02-21 07:15:37,Success
WLT0001435,TXN0005737,CUST01573,MER0032,Amazon Pay Balance,LOAD,1704.66,8380.97,2025-02-05 11:03:57,success
WLT0001436,TXN0005742,CUST01109,MER0021,Amazon Pay Balance,LOAD,335.11,11248.46,2025-06-07 14:13:24,SUCCESS
WLT0001437,TXN0005746,CUST00610,,Amazon Pay Balance,P2P_TRANSFER,633.96,1298.36,2025-03-20 09:08:39,success
WLT0001438,TXN0005747,CUST01541,MER0080,PhonePe Wallet,SPEND,284.75,1188.19,2025-06-28 10:05:48,pending
WLT0001439,TXN0005750,CUST01518,,PhonePe Wallet,P2P_TRANSFER,127.87,1182.1,2025-01-14 08:23:12,success
WLT0001440,TXN0005752,CUST01826,MER0121,Amazon Pay Balance,SPEND,482.64,1368.71,2025-06-07 04:32:46,SUCCESS
WLT0001441,TXN0005754,CUST00219,,PhonePe Wallet,P2P_TRANSFER,695.97,19075.73,2025-04-25 17:34:42,success
WLT0001442,TXN0005757,CUST00685,,Paytm Wallet,P2P_TRANSFER,89.58,18609.08,2025-05-06 22:09:45,Success
WLT0001443,TXN0005761,CUST00448,MER0033,PhonePe Wallet,LOAD,354.59,2354.86,2025-02-02 21:19:10,success
WLT0001444,TXN0005766,CUST01122,,Amazon Pay Balance,P2P_TRANSFER,754.01,14961.89,2025-03-25 10:39:17,Success
WLT0001445,TXN0005771,CUST01185,,Paytm Wallet,P2P_TRANSFER,1173.09,8769.92,2025-02-18 08:34:01,success
WLT0001446,TXN0005772,CUST01263,MER0032,PhonePe Wallet,LOAD,2471.03,2860.84,2025-05-18 06:24:47,SUCCESS
WLT0001447,TXN0005774,CUST01240,MER0030,PhonePe Wallet,SPEND,433.76,17193.49,2025-03-20 17:58:35,Success
WLT0001448,TXN0005777,CUST00378,MER0149,Paytm Wallet,SPEND,619.29,13439.1,2025-01-24 07:08:03,Success
WLT0001449,TXN0005781,CUST00148,MER0035,Mobikwik,SPEND,801.39,15359.14,2025-02-12 08:35:09,Success
WLT0001450,TXN0005783,CUST00006,MER0029,PhonePe Wallet,SPEND,216.92,4387.92,2025-06-11 03:56:37,success
WLT0001451,TXN0005792,CUST00798,MER0063,PhonePe Wallet,SPEND,,10852.1,2025-04-06 03:09:41,SUCCESS
WLT0001452,TXN0005796,CUST00126,MER0016,Amazon Pay Balance,LOAD,207.89,15591.41,2025-05-26 07:26:38,SUCCESS
WLT0001453,TXN0005809,CUST01600,,Amazon Pay Balance,P2P_TRANSFER,1217.62,14517.19,2025-04-05 08:28:12,success
WLT0001454,TXN0005818,CUST00580,,Amazon Pay Balance,P2P_TRANSFER,332.53,16744.04,2025-02-17 10:29:36,SUCCESS
WLT0001455,TXN0005823,CUST00007,,PhonePe Wallet,P2P_TRANSFER,104.27,13664.02,2025-01-04 19:12:10,SUCCESS
WLT0001456,TXN0005824,CUST00671,MER0142,Mobikwik,LOAD,160.02,592.78,2025-03-23 12:03:56,success
WLT0001457,TXN0005827,CUST00223,MER0109,Mobikwik,LOAD,143.45,4364.11,2025-02-18 18:31:34,success
WLT0001458,TXN0005835,CUST00966,MER0137,PhonePe Wallet,LOAD,1829.74,14411.66,2025-03-06 17:53:33,SUCCESS
WLT0001459,TXN0005836,CUST01010,,Mobikwik,P2P_TRANSFER,1042.2,12357.96,2025-04-20 05:08:18,success
WLT0001460,TXN0005839,CUST00842,MER0053,Mobikwik,SPEND,155.1,15849.45,2025-04-01 16:45:50,success
WLT0001461,TXN0005840,CUST00845,MER0019,Paytm Wallet,LOAD,377.04,11451.13,2025-01-20 22:13:16,success
WLT0001462,TXN0005848,CUST00429,,Paytm Wallet,P2P_TRANSFER,924.87,13118.67,2025-06-29 08:08:05,success
WLT0001463,TXN0005856,CUST00444,MER0085,PhonePe Wallet,LOAD,779.36,18489.8,2025-01-20 10:28:11,PENDING
WLT0001464,TXN0005860,CUST00715,MER0116,PhonePe Wallet,LOAD,183.55,2016.32,2025-04-19 00:29:04,Success
WLT0001465,TXN0005865,CUST01685,,PhonePe Wallet,P2P_TRANSFER,556.84,1451.6,2025-05-24 04:52:57,SUCCESS
WLT0001466,TXN0005867,CUST01695,,Mobikwik,P2P_TRANSFER,1268.6,19283.6,2025-01-26 18:05:31,SUCCESS
WLT0001467,TXN0005870,CUST01267,,Mobikwik,P2P_TRANSFER,701.29,14811.42,2025-01-23 21:20:34,success
WLT0001468,TXN0005873,CUST01407,MER0017,Amazon Pay Balance,LOAD,211.52,6776.04,2025-06-11 20:56:57,FAILED
WLT0001469,TXN0005878,CUST00174,MER0055,Amazon Pay Balance,LOAD,238.42,12717.21,2025-01-15 05:11:50,SUCCESS
WLT0001470,TXN0005882,CUST01462,MER0143,Amazon Pay Balance,LOAD,288.63,13482.93,2025-06-21 14:56:23,success
WLT0001471,TXN0005887,CUST01162,,Paytm Wallet,P2P_TRANSFER,967.98,798.76,2025-03-29 04:45:52,SUCCESS
WLT0001472,TXN0005891,CUST00439,MER0006,Paytm Wallet,LOAD,326.19,17485.68,2025-02-08 02:40:58,Success
WLT0001473,TXN0005892,CUST00832,,Mobikwik,P2P_TRANSFER,676.99,1552.52,2025-05-31 00:22:53,SUCCESS
WLT0001474,TXN0005901,CUST01061,,Amazon Pay Balance,P2P_TRANSFER,642.23,18129.4,2025-06-20 01:31:10,success
WLT0001475,TXN0005906,CUST01132,,PhonePe Wallet,P2P_TRANSFER,417.12,2136.81,2025-04-12 23:01:51,Failed
WLT0001476,TXN0005908,CUST00535,MER0035,PhonePe Wallet,LOAD,490.61,4700.23,2025-06-10 19:16:22,success
WLT0001477,TXN0005913,CUST00303,MER0019,Mobikwik,LOAD,627.04,7601.78,2025-03-23 23:13:58,SUCCESS
WLT0001478,TXN0005918,CUST01568,,Amazon Pay Balance,P2P_TRANSFER,128.27,14773.09,2025-01-06 07:19:43,SUCCESS
WLT0001479,TXN0005920,CUST01659,MER0022,Paytm Wallet,SPEND,1275.28,11629.3,2025-03-04 14:56:35,FAILED
WLT0001480,TXN0005924,CUST01605,MER0096,PhonePe Wallet,LOAD,529.68,17804.14,2025-01-12 02:47:34,Success
WLT0001481,TXN0005926,CUST00307,MER0081,Paytm Wallet,LOAD,488.79,5911.68,2025-03-15 14:28:40,success
WLT0001482,TXN0005927,CUST01377,,Amazon Pay Balance,P2P_TRANSFER,265.36,2146.45,2025-06-27 12:45:20,Success
WLT0001483,TXN0005928,CUST01033,MER0075,PhonePe Wallet,LOAD,,15698.34,2025-02-20 15:26:06,success
WLT0001484,TXN0005929,CUST00327,,Paytm Wallet,P2P_TRANSFER,480.26,19320.68,2025-06-07 19:45:48,SUCCESS
WLT0001485,TXN0005936,CUST01039,MER0007,Mobikwik,SPEND,171.23,16673.4,2025-01-09 13:44:13,SUCCESS
WLT0001486,TXN0005937,CUST01228,,Mobikwik,P2P_TRANSFER,1331.4,4422.75,2025-05-09 13:18:59,Success
WLT0001487,TXN0005949,CUST00086,MER0011,PhonePe Wallet,LOAD,568.02,9654.85,2025-05-02 08:47:23,Success
WLT0001488,TXN0005953,CUST01266,MER0005,Mobikwik,LOAD,519.84,937.27,2025-05-30 23:29:19,SUCCESS
WLT0001489,TXN0005954,CUST01279,MER0135,Paytm Wallet,SPEND,1248.98,18763.06,2025-02-05 21:04:26,SUCCESS
WLT0001490,TXN0005956,CUST00549,MER0032,PhonePe Wallet,LOAD,1834.05,6536.17,2025-06-18 00:21:48,SUCCESS
WLT0001491,TXN0005959,CUST01139,MER0002,Paytm Wallet,SPEND,2552.38,6422.88,2025-02-20 19:10:50,success
WLT0001492,TXN0005964,CUST00398,MER0049,Amazon Pay Balance,SPEND,176.41,12731.41,2025-04-13 14:09:20,success
WLT0001493,TXN0005971,CUST01322,MER0079,Paytm Wallet,LOAD,1289.77,3183.3,2025-03-21 03:44:44,SUCCESS
WLT0001494,TXN0005980,CUST00799,,Mobikwik,P2P_TRANSFER,497.47,15094.56,2025-05-26 16:37:07,SUCCESS
WLT0001495,TXN0005981,CUST00766,MER0011,Paytm Wallet,SPEND,622.61,1903.38,2025-02-06 05:34:05,SUCCESS
WLT0001496,TXN0005987,CUST00631,MER0072,Mobikwik,SPEND,316.91,1984.69,2025-06-17 14:15:49,success
WLT0001497,TXN0005989,CUST01967,MER0130,Mobikwik,LOAD,281.65,5325.3,2025-06-27 22:08:54,Success
WLT0001498,TXN0005996,CUST01250,MER0016,Mobikwik,LOAD,148.87,1302.73,2025-05-11 19:33:57,success
WLT0001499,TXN0005998,CUST00594,MER0015,Paytm Wallet,SPEND,481.65,11947.95,2025-06-15 15:06:24,Success
WLT0001500,TXN0006001,CUST01987,MER0091,Amazon Pay Balance,SPEND,5473.05,12016.88,2025-02-07 17:38:18,Success
WLT0001501,TXN0006004,CUST01452,,PhonePe Wallet,P2P_TRANSFER,2549.94,3072.76,2025-05-22 10:49:40,success
WLT0001502,TXN0006009,CUST00099,MER0051,Mobikwik,SPEND,596.91,3106.85,2025-02-16 19:35:25,SUCCESS
WLT0001503,TXN0006016,CUST01881,MER0130,Mobikwik,SPEND,667.4,11878.93,2025-04-07 10:37:59,SUCCESS
WLT0001504,TXN0006029,CUST01305,MER0068,Mobikwik,SPEND,920.49,14916.27,2025-05-22 14:36:11,Success
WLT0001505,TXN0006031,CUST01860,MER0001,Paytm Wallet,SPEND,314.06,8915.14,2025-06-21 07:43:43,success
WLT0001506,TXN0006033,CUST00754,MER0089,PhonePe Wallet,LOAD,348.99,13382.48,2025-01-27 00:08:30,Success
WLT0001507,TXN0006035,CUST00638,MER0032,Paytm Wallet,SPEND,1051.56,7773.02,2025-06-19 02:24:57,success
WLT0001508,TXN0006037,CUST00223,MER0058,Mobikwik,LOAD,460.58,16260.0,2025-02-14 22:10:00,SUCCESS
WLT0001509,TXN0006041,CUST00350,MER0041,PhonePe Wallet,LOAD,467.19,10323.18,2025-02-11 20:42:06,SUCCESS
WLT0001510,TXN0006045,CUST00857,,PhonePe Wallet,P2P_TRANSFER,-1985.24,8977.82,2025-02-19 13:04:21,success
WLT0001511,TXN0006046,CUST01913,,Paytm Wallet,P2P_TRANSFER,565.4,14625.55,2025-05-25 20:41:06,Success
WLT0001512,TXN0006064,CUST01952,,PhonePe Wallet,P2P_TRANSFER,373.37,4697.46,2025-02-12 10:46:07,PENDING
WLT0001513,TXN0006066,CUST00107,MER0131,PhonePe Wallet,SPEND,236.0,16328.91,2025-04-17 20:32:37,Success
WLT0001514,TXN0006079,CUST00487,MER0141,PhonePe Wallet,SPEND,3883.51,8841.12,2025-05-24 01:04:32,SUCCESS
WLT0001515,TXN0006087,CUST00755,MER0149,Mobikwik,LOAD,345.81,7258.88,2025-05-18 09:24:32,success
WLT0001516,TXN0006089,CUST01176,,PhonePe Wallet,P2P_TRANSFER,193.21,7632.87,2025-01-04 01:30:31,success
WLT0001517,TXN0006092,CUST01549,MER0147,Amazon Pay Balance,LOAD,957.1,12359.77,2025-05-02 03:00:17,Success
WLT0001518,TXN0006094,CUST01279,MER0097,Mobikwik,LOAD,386.44,13186.4,2025-06-18 20:32:11,success
WLT0001519,TXN0006096,CUST01132,MER0117,PhonePe Wallet,LOAD,253.32,4708.69,2025-01-18 09:49:15,success
WLT0001520,TXN0006102,CUST00211,,Amazon Pay Balance,P2P_TRANSFER,3931.58,10560.91,2025-05-30 23:10:35,SUCCESS
WLT0001521,TXN0006116,CUST01151,MER0059,Amazon Pay Balance,SPEND,491.51,11601.24,2025-04-11 23:20:47,Success
WLT0001522,TXN0006117,CUST01243,,Paytm Wallet,P2P_TRANSFER,805.0,10594.15,2025-05-11 03:06:33,success
WLT0001523,TXN0006120,CUST01347,MER0005,Amazon Pay Balance,LOAD,213.43,3016.96,2025-06-12 07:54:30,success
WLT0001524,TXN0006126,CUST01125,MER0038,Mobikwik,SPEND,167.85,3700.4,2025-03-20 21:10:24,Success
WLT0001525,TXN0006132,CUST00834,MER0056,Paytm Wallet,SPEND,125.98,14283.39,2025-01-03 21:35:35,Success
WLT0001526,TXN0006139,CUST01728,,Amazon Pay Balance,P2P_TRANSFER,666.85,3242.84,2025-02-21 20:31:46,Success
WLT0001527,TXN0006145,CUST01541,,Paytm Wallet,P2P_TRANSFER,1010.78,4327.84,2025-01-02 06:21:15,SUCCESS
WLT0001528,TXN0006149,CUST00113,,PhonePe Wallet,P2P_TRANSFER,88.27,9897.14,2025-05-29 05:01:16,SUCCESS
WLT0001529,TXN0006151,CUST00154,,PhonePe Wallet,P2P_TRANSFER,1197.57,15724.13,2025-02-07 12:59:47,Success
WLT0001530,TXN0006157,CUST00601,MER0019,Amazon Pay Balance,LOAD,143.76,6059.61,2025-06-16 13:48:33,Success
WLT0001531,TXN0006158,CUST01511,MER0117,Amazon Pay Balance,SPEND,376.55,11822.07,2025-03-21 04:26:38,success
WLT0001532,TXN0006172,CUST00267,MER0089,Paytm Wallet,SPEND,477.49,3027.84,2025-01-04 18:42:06,failed
WLT0001533,TXN0006177,CUST01158,MER0018,PhonePe Wallet,SPEND,177.25,1506.96,2025-05-30 08:19:37,SUCCESS
WLT0001534,TXN0006181,CUST01988,,PhonePe Wallet,P2P_TRANSFER,234.75,18283.57,2025-02-09 08:29:38,SUCCESS
WLT0001535,TXN0006187,CUST00951,,PhonePe Wallet,P2P_TRANSFER,246.49,13886.61,2025-06-14 23:10:08,success
WLT0001536,TXN0006191,CUST00231,,Amazon Pay Balance,P2P_TRANSFER,1368.35,15239.2,2025-03-23 22:11:40,Success
WLT0001537,TXN0006192,CUST00488,MER0082,Amazon Pay Balance,SPEND,1225.63,11376.0,2025-01-26 16:49:29,Success
WLT0001538,TXN0006193,CUST00958,MER0147,PhonePe Wallet,LOAD,284.26,6054.4,2025-03-08 23:39:16,SUCCESS
WLT0001539,TXN0006195,CUST00447,MER0140,Amazon Pay Balance,SPEND,159.52,7647.08,2025-02-27 14:51:12,SUCCESS
WLT0001540,TXN0006201,CUST00194,MER0073,PhonePe Wallet,LOAD,200.08,8722.39,2025-01-11 06:31:56,FAILED
WLT0001541,TXN0006204,CUST00209,MER0137,Amazon Pay Balance,LOAD,815.94,157.62,2025-01-22 00:38:00,SUCCESS
WLT0001542,TXN0006215,CUST01173,MER0126,Paytm Wallet,SPEND,445.84,11737.38,2025-06-02 07:32:36,Success
WLT0001543,TXN0006221,CUST01056,,Paytm Wallet,P2P_TRANSFER,5456.84,5071.26,2025-05-13 08:10:05,Success
WLT0001544,TXN0006222,CUST00653,MER0087,Mobikwik,SPEND,896.2,10983.86,2025-02-14 10:47:23,Success
WLT0001545,TXN0006226,CUST01304,MER0031,Paytm Wallet,LOAD,84.22,19385.05,2025-03-30 01:48:24,success
WLT0001546,TXN0006229,CUST01844,MER0038,PhonePe Wallet,SPEND,289.65,15024.24,2025-06-17 00:21:41,Success
WLT0001547,TXN0006231,CUST01566,,PhonePe Wallet,P2P_TRANSFER,676.17,16595.39,2025-04-15 23:28:29,success
WLT0001548,TXN0006233,CUST01722,,Paytm Wallet,P2P_TRANSFER,126.08,8793.99,2025-02-13 11:29:16,Success
WLT0001549,TXN0006237,CUST01592,MER0115,Mobikwik,SPEND,1835.25,7877.08,2025-01-21 08:52:25,SUCCESS
WLT0001550,TXN0006238,CUST01407,,PhonePe Wallet,P2P_TRANSFER,205.88,18957.07,2025-04-21 13:44:40,success
WLT0001551,TXN0006244,CUST01210,MER0069,Amazon Pay Balance,LOAD,584.67,19885.43,2025-02-15 16:12:03,success
WLT0001552,TXN0006245,CUST00881,MER0139,Amazon Pay Balance,SPEND,290.9,4230.58,2025-02-26 01:55:28,success
WLT0001553,TXN0006246,CUST01605,MER0005,Mobikwik,LOAD,227.53,10527.13,2025-01-31 17:54:13,Success
WLT0001554,TXN0006248,CUST00678,MER0059,Mobikwik,LOAD,1766.39,18028.45,2025-05-09 14:36:17,Success
WLT0001555,TXN0006249,CUST01724,MER0065,PhonePe Wallet,SPEND,2099.19,15079.3,2025-04-09 12:28:28,SUCCESS
WLT0001556,TXN0006257,CUST00938,MER0010,Paytm Wallet,SPEND,174.26,13613.26,2025-05-16 00:14:28,SUCCESS
WLT0001557,TXN0006258,CUST01342,MER0092,PhonePe Wallet,LOAD,512.85,13372.66,2025-06-29 08:31:04,Success
WLT0001558,TXN0006270,CUST01472,MER0034,Mobikwik,LOAD,281.72,7985.7,2025-03-04 03:50:59,Success
WLT0001559,TXN0006275,CUST00817,MER0061,PhonePe Wallet,LOAD,1857.76,13674.52,2025-03-13 14:10:39,success
WLT0001560,TXN0006276,CUST00107,MER0008,Amazon Pay Balance,LOAD,456.34,804.85,2025-05-09 20:27:39,success
WLT0001561,TXN0006282,CUST00573,MER0046,Amazon Pay Balance,SPEND,307.66,1414.63,2025-06-01 03:30:33,Success
WLT0001562,TXN0006283,CUST01529,MER0096,Paytm Wallet,LOAD,661.26,331.55,2025-02-22 02:28:23,SUCCESS
WLT0001563,TXN0006284,CUST00515,,Amazon Pay Balance,P2P_TRANSFER,1067.7,1780.28,2025-04-12 16:04:56,success
WLT0001564,TXN0006286,CUST00808,,Amazon Pay Balance,P2P_TRANSFER,310.89,15118.76,2025-03-10 13:11:31,SUCCESS
WLT0001565,TXN0006299,CUST01910,MER0088,PhonePe Wallet,LOAD,194.77,16730.41,2025-03-17 13:13:41,Success
WLT0001566,TXN0006301,CUST00827,MER0057,Paytm Wallet,LOAD,995.71,4254.71,2025-06-18 14:43:52,SUCCESS
WLT0001567,TXN0006304,CUST00458,MER0130,Paytm Wallet,SPEND,290.78,15165.91,2025-01-21 14:58:38,Success
WLT0001568,TXN0006313,CUST00398,MER0031,PhonePe Wallet,LOAD,361.23,3144.61,2025-06-20 10:36:42,success
WLT0001569,TXN0006317,CUST00986,MER0043,Paytm Wallet,LOAD,808.83,4985.49,2025-01-10 02:31:20,SUCCESS
WLT0001570,TXN0006318,CUST00408,MER0086,Mobikwik,LOAD,203.3,16268.01,2025-04-24 00:12:33,PENDING
WLT0001571,TXN0006319,CUST00484,,Mobikwik,P2P_TRANSFER,539.06,17594.79,2025-01-08 07:39:02,success
WLT0001572,TXN0006321,CUST00808,MER0084,Amazon Pay Balance,LOAD,-270.49,5030.47,2025-02-27 00:30:29,success
WLT0001573,TXN0006332,CUST00307,MER0028,Amazon Pay Balance,SPEND,352.64,792.28,2025-02-25 01:06:25,SUCCESS
WLT0001574,TXN0006336,CUST01084,MER0032,PhonePe Wallet,LOAD,3873.58,17733.84,2025-05-16 03:57:45,Failed
WLT0001575,TXN0006342,CUST01730,MER0143,Paytm Wallet,LOAD,76.25,19071.6,2025-06-16 07:21:43,success
WLT0001576,TXN0006343,CUST01571,MER0042,Amazon Pay Balance,LOAD,1529.39,9368.52,2025-06-22 20:33:50,SUCCESS
WLT0001577,TXN0006349,CUST00906,,Mobikwik,P2P_TRANSFER,396.59,571.38,2025-06-17 11:58:23,Failed
WLT0001578,TXN0006350,CUST00344,,PhonePe Wallet,P2P_TRANSFER,2495.78,8008.76,2025-05-18 02:40:19,Success
WLT0001579,TXN0006354,CUST01205,MER0094,PhonePe Wallet,LOAD,700.06,1461.76,2025-06-04 16:26:11,Failed
WLT0001580,TXN0006360,CUST00053,,Paytm Wallet,P2P_TRANSFER,751.81,3647.98,2025-06-15 06:00:31,success
WLT0001581,TXN0006366,CUST01317,MER0030,Mobikwik,LOAD,2018.25,17550.55,2025-06-05 05:03:51,SUCCESS
WLT0001582,TXN0006371,CUST01297,MER0047,PhonePe Wallet,SPEND,1143.85,4026.85,2025-05-13 10:19:36,Success
WLT0001583,TXN0006377,CUST00920,MER0113,Paytm Wallet,SPEND,795.2,17445.75,2025-05-20 16:27:51,Success
WLT0001584,TXN0006381,CUST01733,MER0043,Paytm Wallet,SPEND,960.88,82.33,2025-06-28 11:58:26,Success
WLT0001585,TXN0006386,CUST00274,,PhonePe Wallet,P2P_TRANSFER,843.86,19577.01,2025-01-13 05:12:28,success
WLT0001586,TXN0006387,CUST00259,,PhonePe Wallet,P2P_TRANSFER,563.12,5698.91,2025-01-28 19:25:08,success
WLT0001587,TXN0006388,CUST01800,MER0002,Paytm Wallet,LOAD,294.01,1920.54,2025-05-02 17:37:17,SUCCESS
WLT0001588,TXN0006390,CUST00773,MER0024,Mobikwik,LOAD,1494.55,1859.24,2025-04-11 21:28:03,Success
WLT0001589,TXN0006393,CUST01470,MER0089,Mobikwik,LOAD,354.41,7153.47,2025-01-05 16:53:54,Success
WLT0001590,TXN0006394,CUST01091,,Amazon Pay Balance,P2P_TRANSFER,257.42,11981.17,2025-04-02 14:05:54,SUCCESS
WLT0001591,TXN0006401,CUST01286,,Paytm Wallet,P2P_TRANSFER,1143.51,4348.22,2025-01-27 08:15:08,Success
WLT0001592,TXN0006419,CUST00844,MER0026,Mobikwik,SPEND,540.94,3049.63,2025-05-23 07:07:09,Success
WLT0001593,TXN0006428,CUST00656,MER0079,PhonePe Wallet,LOAD,145.48,5910.14,2025-02-21 19:16:36,SUCCESS
WLT0001594,TXN0006430,CUST01485,MER0127,Paytm Wallet,SPEND,297.18,3212.25,2025-02-12 11:59:22,success
WLT0001595,TXN0006431,CUST00331,MER0075,Paytm Wallet,LOAD,911.45,14754.03,2025-02-17 23:44:02,failed
WLT0001596,TXN0006435,CUST01952,MER0030,Paytm Wallet,LOAD,1170.32,423.31,2025-02-05 01:00:24,success
WLT0001597,TXN0006436,CUST01830,MER0150,Paytm Wallet,SPEND,396.3,18647.42,2025-03-27 04:56:15,success
WLT0001598,TXN0006437,CUST00006,,Paytm Wallet,P2P_TRANSFER,553.17,17188.99,2025-02-03 20:26:21,success
WLT0001599,TXN0006443,CUST01450,MER0084,Mobikwik,SPEND,2165.69,13005.18,2025-01-27 20:24:35,PENDING
WLT0001600,TXN0006445,CUST01063,,PhonePe Wallet,P2P_TRANSFER,355.86,19817.92,2025-01-29 23:30:24,success
WLT0001601,TXN0006450,CUST01810,,Paytm Wallet,P2P_TRANSFER,784.65,13679.59,2025-05-28 18:30:07,SUCCESS
WLT0001602,TXN0006457,CUST01054,MER0061,Paytm Wallet,LOAD,3174.44,14245.12,2025-05-04 18:37:32,Success
WLT0001603,TXN0006462,CUST00168,MER0147,Mobikwik,LOAD,186.96,3406.68,2025-03-04 06:43:45,success
WLT0001604,TXN0006470,CUST00050,,Paytm Wallet,P2P_TRANSFER,278.66,18321.89,2025-02-08 14:39:33,SUCCESS
WLT0001605,TXN0006471,CUST00979,,PhonePe Wallet,P2P_TRANSFER,100.66,5106.17,2025-06-18 12:30:23,success
WLT0001606,TXN0006473,CUST00117,MER0051,Amazon Pay Balance,LOAD,1523.81,7950.19,2025-06-27 00:37:03,Success
WLT0001607,TXN0006475,CUST00963,,Amazon Pay Balance,P2P_TRANSFER,377.87,16918.42,2025-05-14 08:35:47,Failed
WLT0001608,TXN0006481,CUST01776,MER0118,PhonePe Wallet,LOAD,268.37,15952.18,2025-03-21 15:15:29,Success
WLT0001609,TXN0006483,CUST00236,MER0023,Paytm Wallet,SPEND,328.24,11083.56,2025-01-23 12:17:28,failed
WLT0001610,TXN0006490,CUST00897,MER0051,PhonePe Wallet,LOAD,891.61,3181.88,2025-06-29 17:03:47,success
WLT0001611,TXN0006491,CUST01276,MER0055,Mobikwik,SPEND,1279.97,17473.29,2025-01-08 04:32:23,Failed
WLT0001612,TXN0006500,CUST00047,MER0102,Mobikwik,LOAD,479.96,1389.21,2025-05-02 10:20:05,SUCCESS
WLT0001613,TXN0006507,CUST01735,MER0090,Amazon Pay Balance,LOAD,1043.92,17310.18,2025-05-21 02:46:46,SUCCESS
WLT0001614,TXN0006510,CUST01907,,Amazon Pay Balance,P2P_TRANSFER,926.32,14643.89,2025-05-10 12:12:53,SUCCESS
WLT0001615,TXN0006512,CUST01596,MER0128,PhonePe Wallet,SPEND,221.57,16058.89,2025-06-09 21:45:30,Success
WLT0001616,TXN0006514,CUST01985,MER0037,PhonePe Wallet,SPEND,288.96,3627.63,2025-02-23 11:44:44,FAILED
WLT0001617,TXN0006518,CUST01562,MER0055,Amazon Pay Balance,SPEND,2367.81,18160.35,2025-06-14 08:14:24,success
WLT0001618,TXN0006523,CUST01258,,Amazon Pay Balance,P2P_TRANSFER,1662.58,8296.27,2025-02-14 19:38:15,SUCCESS
WLT0001619,TXN0006531,CUST01332,MER0028,Mobikwik,LOAD,1745.51,18383.41,2025-03-08 11:39:16,Success
WLT0001620,TXN0006537,CUST01854,MER0128,PhonePe Wallet,SPEND,89.36,13255.89,2025-04-20 14:25:35,SUCCESS
WLT0001621,TXN0006540,CUST00133,MER0090,PhonePe Wallet,LOAD,272.0,19449.63,2025-03-14 05:30:17,success
WLT0001622,TXN0006547,CUST01576,,Paytm Wallet,P2P_TRANSFER,417.25,18593.77,2025-06-02 03:50:36,Success
WLT0001623,TXN0006553,CUST01932,,Mobikwik,P2P_TRANSFER,1246.03,224.87,2025-02-01 10:23:21,Success
WLT0001624,TXN0006555,CUST01115,,Paytm Wallet,P2P_TRANSFER,644.38,10041.73,2025-01-19 22:02:56,Success
WLT0001625,TXN0006556,CUST01664,MER0094,Mobikwik,LOAD,280.25,12173.02,2025-03-28 22:43:06,PENDING
WLT0001626,TXN0006559,CUST01443,,Amazon Pay Balance,P2P_TRANSFER,521.39,19807.34,2025-01-17 09:29:44,SUCCESS
WLT0001627,TXN0006564,CUST00164,MER0074,Amazon Pay Balance,LOAD,1187.79,18008.54,2025-03-12 02:56:47,SUCCESS
WLT0001628,TXN0006567,CUST01641,MER0030,Mobikwik,SPEND,261.6,12085.05,2025-05-17 17:10:46,success
WLT0001629,TXN0006568,CUST00403,,Amazon Pay Balance,P2P_TRANSFER,642.8,18503.15,2025-04-20 17:42:08,success
WLT0001630,TXN0006571,CUST00728,MER0110,PhonePe Wallet,SPEND,411.21,19017.87,2025-04-26 18:18:29,SUCCESS
WLT0001631,TXN0006576,CUST00825,,PhonePe Wallet,P2P_TRANSFER,4011.87,16250.12,2025-06-07 06:14:57,SUCCESS
WLT0001632,TXN0006580,CUST00305,,Amazon Pay Balance,P2P_TRANSFER,841.77,3064.9,2025-04-24 14:59:00,Success
WLT0001633,TXN0006583,CUST01749,MER0009,Amazon Pay Balance,SPEND,537.25,207.49,2025-01-12 04:20:46,success
WLT0001634,TXN0006585,CUST00872,,Paytm Wallet,P2P_TRANSFER,2162.73,7854.24,2025-03-06 03:27:27,success
WLT0001635,TXN0006590,CUST00517,,Paytm Wallet,P2P_TRANSFER,122.27,9480.29,2025-05-26 10:41:55,SUCCESS
WLT0001636,TXN0006595,CUST01434,MER0070,PhonePe Wallet,LOAD,361.12,12039.38,2025-04-22 11:49:14,Success
WLT0001637,TXN0006600,CUST01655,MER0128,Amazon Pay Balance,LOAD,5644.29,7030.88,2025-06-27 04:54:43,success
WLT0001638,TXN0006602,CUST01309,,PhonePe Wallet,P2P_TRANSFER,1861.72,5873.28,2025-01-13 15:28:29,success
WLT0001639,TXN0006612,CUST00357,MER0112,PhonePe Wallet,LOAD,486.66,9651.06,2025-02-05 12:54:47,Success
WLT0001640,TXN0006616,CUST00914,MER0018,Mobikwik,LOAD,1239.56,275.42,2025-05-19 03:46:09,SUCCESS
WLT0001641,TXN0006620,CUST00439,MER0132,Amazon Pay Balance,LOAD,3955.29,9306.05,2025-03-31 11:12:44,SUCCESS
WLT0001642,TXN0006628,CUST01402,MER0147,PhonePe Wallet,LOAD,219.0,9215.8,2025-04-10 14:32:40,SUCCESS
WLT0001643,TXN0006629,CUST01220,MER0150,PhonePe Wallet,SPEND,1298.2,1023.71,2025-03-29 02:32:07,Pending
WLT0001644,TXN0006630,CUST01845,,PhonePe Wallet,P2P_TRANSFER,335.6,2167.93,2025-01-22 17:45:21,SUCCESS
WLT0001645,TXN0006633,CUST01282,MER0075,PhonePe Wallet,SPEND,90.64,880.64,2025-05-09 10:44:59,success
WLT0001646,TXN0006635,CUST01681,MER0140,Paytm Wallet,LOAD,189.43,1993.58,2025-03-19 11:28:56,success
WLT0001647,TXN0006638,CUST01553,,Paytm Wallet,P2P_TRANSFER,670.88,5401.85,2025-06-20 21:55:25,SUCCESS
WLT0001648,TXN0006641,CUST00902,MER0096,Mobikwik,SPEND,238.74,12531.63,2025-03-26 23:40:47,success
WLT0001649,TXN0006642,CUST01910,,PhonePe Wallet,P2P_TRANSFER,590.45,15476.82,2025-02-03 12:15:28,Success
WLT0001650,TXN0006649,CUST00175,,Amazon Pay Balance,P2P_TRANSFER,113.33,13035.26,2025-03-20 07:11:08,SUCCESS
WLT0001651,TXN0006661,CUST01190,MER0091,Paytm Wallet,SPEND,249.67,10179.37,2025-03-24 22:39:42,Success
WLT0001652,TXN0006664,CUST00999,,Amazon Pay Balance,P2P_TRANSFER,208.7,9146.86,2025-06-23 13:14:11,success
WLT0001653,TXN0006666,CUST00460,MER0097,PhonePe Wallet,SPEND,775.56,17000.18,2025-03-10 17:57:28,success
WLT0001654,TXN0006668,CUST01635,MER0102,Mobikwik,SPEND,356.81,17932.6,2025-02-05 06:54:03,pending
WLT0001655,TXN0006677,CUST00910,,Paytm Wallet,P2P_TRANSFER,1929.58,373.51,2025-04-19 21:40:18,FAILED
WLT0001656,TXN0006679,CUST00292,,Amazon Pay Balance,P2P_TRANSFER,410.11,10735.23,2025-03-11 01:04:57,success
WLT0001657,TXN0006681,CUST01291,MER0139,Amazon Pay Balance,LOAD,545.92,8278.53,2025-04-17 03:51:43,SUCCESS
WLT0001658,TXN0006685,CUST01095,MER0129,PhonePe Wallet,LOAD,322.17,19491.94,2025-02-14 06:20:00,success
WLT0001659,TXN0006691,CUST00871,,Mobikwik,P2P_TRANSFER,817.64,13962.63,2025-06-11 18:09:26,Success
WLT0001660,TXN0006693,CUST00152,,Mobikwik,P2P_TRANSFER,295.37,11164.3,2025-06-11 02:39:53,Success
WLT0001661,TXN0006695,CUST01355,MER0042,Paytm Wallet,LOAD,2677.7,3299.22,2025-06-09 08:57:54,SUCCESS
WLT0001662,TXN0006696,CUST01789,,Amazon Pay Balance,P2P_TRANSFER,426.31,19429.67,2025-03-21 02:31:33,Success
WLT0001663,TXN0006697,CUST00222,,Paytm Wallet,P2P_TRANSFER,350.94,3469.03,2025-04-03 06:10:29,SUCCESS
WLT0001664,TXN0006701,CUST00522,MER0131,Paytm Wallet,SPEND,2095.78,11599.34,2025-01-19 07:54:54,success
WLT0001665,TXN0006702,CUST00821,MER0006,Mobikwik,LOAD,674.26,1882.96,2025-06-26 16:57:10,SUCCESS
WLT0001666,TXN0006709,CUST00396,MER0071,PhonePe Wallet,SPEND,44.42,2925.62,2025-01-06 11:40:39,failed
WLT0001667,TXN0006713,CUST01867,MER0017,Mobikwik,SPEND,1213.81,4440.03,2025-05-30 23:38:39,Failed
WLT0001668,TXN0006721,CUST00557,,Paytm Wallet,P2P_TRANSFER,163.08,19051.71,2025-02-22 14:20:45,FAILED
WLT0001669,TXN0006725,CUST00808,MER0068,PhonePe Wallet,LOAD,705.59,12901.15,2025-04-17 00:08:54,Success
WLT0001670,TXN0006736,CUST01227,MER0015,Mobikwik,LOAD,904.44,13604.52,2025-06-14 01:08:22,failed
WLT0001671,TXN0006743,CUST01706,MER0143,PhonePe Wallet,LOAD,1893.56,668.57,2025-06-06 19:14:27,success
WLT0001672,TXN0006747,CUST01055,MER0084,Amazon Pay Balance,LOAD,234.44,15522.19,2025-03-14 07:27:20,SUCCESS
WLT0001673,TXN0006752,CUST01087,MER0065,PhonePe Wallet,LOAD,1103.69,11500.52,2025-02-04 17:51:46,SUCCESS
WLT0001674,TXN0006758,CUST00841,,Paytm Wallet,P2P_TRANSFER,3152.59,15618.41,2025-06-03 05:50:08,success
WLT0001675,TXN0006765,CUST00654,MER0050,Paytm Wallet,SPEND,583.28,12927.42,2025-06-01 16:55:59,FAILED
WLT0001676,TXN0006773,CUST00593,,Paytm Wallet,P2P_TRANSFER,329.01,11330.21,2025-03-18 23:46:44,SUCCESS
WLT0001677,TXN0006777,CUST01423,MER0109,PhonePe Wallet,LOAD,71.81,1016.78,2025-02-01 02:53:06,SUCCESS
WLT0001678,TXN0006785,CUST00057,,PhonePe Wallet,P2P_TRANSFER,1551.5,8991.37,2025-02-04 08:18:32,FAILED
WLT0001679,TXN0006790,CUST00796,MER0002,PhonePe Wallet,LOAD,376.75,8690.83,2025-05-28 16:09:14,SUCCESS
WLT0001680,TXN0006806,CUST01507,MER0123,Mobikwik,LOAD,514.44,15671.78,2025-03-08 10:32:09,Success
WLT0001681,TXN0006807,CUST00467,MER0099,Mobikwik,SPEND,257.79,7223.54,2025-06-18 05:42:32,Pending
WLT0001682,TXN0006811,CUST00543,MER0045,Amazon Pay Balance,SPEND,114.49,16142.54,2025-03-02 03:35:59,SUCCESS
WLT0001683,TXN0006814,CUST00665,MER0093,PhonePe Wallet,SPEND,3166.8,15071.19,2025-06-04 17:53:50,Success
WLT0001684,TXN0006820,CUST00404,MER0020,Paytm Wallet,LOAD,3222.92,2288.23,2025-01-22 15:10:43,Success
WLT0001685,TXN0006829,CUST00348,,Mobikwik,P2P_TRANSFER,4966.44,2272.15,2025-06-18 11:21:17,SUCCESS
WLT0001686,TXN0006838,CUST00674,MER0050,Mobikwik,LOAD,496.23,13391.23,2025-01-07 10:43:25,Success
WLT0001687,TXN0006849,CUST00871,MER0045,Paytm Wallet,LOAD,201.4,8813.02,2025-02-24 03:33:16,PENDING
WLT0001688,TXN0006854,CUST01679,MER0093,Paytm Wallet,SPEND,151.1,14830.56,2025-05-14 16:20:06,Success
WLT0001689,TXN0006857,CUST01443,MER0028,Paytm Wallet,LOAD,193.36,4379.52,2025-01-04 00:33:34,Success
WLT0001690,TXN0006860,CUST01100,MER0129,Amazon Pay Balance,LOAD,412.1,14545.28,2025-04-10 12:23:14,SUCCESS
WLT0001691,TXN0006869,CUST00982,,Mobikwik,P2P_TRANSFER,81.36,4216.22,2025-06-13 01:29:54,Success
WLT0001692,TXN0006873,CUST01493,MER0139,PhonePe Wallet,LOAD,520.58,3817.4,2025-05-26 04:31:47,SUCCESS
WLT0001693,TXN0006879,CUST00483,,Amazon Pay Balance,P2P_TRANSFER,390.9,16986.52,2025-06-03 20:36:46,success
WLT0001694,TXN0006881,CUST01324,MER0128,Mobikwik,SPEND,2118.67,16956.71,2025-01-06 20:11:58,Success
WLT0001695,TXN0006904,CUST01933,,PhonePe Wallet,P2P_TRANSFER,143.72,11508.88,2025-04-10 02:19:56,SUCCESS
WLT0001696,TXN0006919,CUST00041,MER0012,PhonePe Wallet,LOAD,1091.61,19753.84,2025-03-26 15:29:44,SUCCESS
WLT0001697,TXN0006924,CUST00178,MER0058,Amazon Pay Balance,LOAD,343.8,19467.98,2025-02-24 19:06:45,SUCCESS
WLT0001698,TXN0006925,CUST00004,MER0139,Mobikwik,LOAD,1038.92,14107.85,2025-03-04 21:37:40,SUCCESS
WLT0001699,TXN0006928,CUST01267,MER0134,PhonePe Wallet,LOAD,2470.84,14600.34,2025-04-30 10:55:32,Success
WLT0001700,TXN0006929,CUST00031,MER0144,Mobikwik,LOAD,555.61,14658.98,2025-05-28 14:49:47,success
WLT0001701,TXN0006930,CUST00399,MER0141,Paytm Wallet,LOAD,242.08,13490.15,2025-02-09 06:47:45,SUCCESS
WLT0001702,TXN0006938,CUST01138,MER0145,Amazon Pay Balance,LOAD,151.24,1175.31,2025-01-23 23:22:47,Failed
WLT0001703,TXN0006943,CUST01212,MER0093,PhonePe Wallet,SPEND,73.42,16960.62,2025-03-30 01:37:22,success
WLT0001704,TXN0006945,CUST00931,MER0006,Amazon Pay Balance,LOAD,608.51,14491.51,2025-05-15 14:36:31,Success
WLT0001705,TXN0006946,CUST01218,,Mobikwik,P2P_TRANSFER,248.07,5458.02,2025-01-05 07:49:05,PENDING
WLT0001706,TXN0006951,CUST00031,MER0021,Paytm Wallet,SPEND,595.62,17877.97,2025-04-18 10:32:46,PENDING
WLT0001707,TXN0006958,CUST00997,MER0024,Paytm Wallet,SPEND,161.57,13002.14,2025-05-11 06:55:11,SUCCESS
WLT0001708,TXN0006959,CUST01532,,Amazon Pay Balance,P2P_TRANSFER,2230.48,754.54,2025-02-27 15:10:41,Success
WLT0001709,TXN0006964,CUST01460,MER0036,PhonePe Wallet,SPEND,148.69,3579.51,2025-03-26 14:42:25,SUCCESS
WLT0001710,TXN0006969,CUST01498,MER0034,Paytm Wallet,LOAD,412.98,13252.14,2025-01-21 10:26:03,Success
WLT0001711,TXN0006972,CUST00996,MER0012,Mobikwik,LOAD,179.43,7238.81,2025-03-03 22:27:48,Success
WLT0001712,TXN0006977,CUST01177,,Mobikwik,P2P_TRANSFER,580.52,2868.61,2025-05-23 14:10:00,Success
WLT0001713,TXN0006979,CUST00818,,Paytm Wallet,P2P_TRANSFER,600.47,1131.43,2025-05-17 17:28:06,success
WLT0001714,TXN0006996,CUST01611,MER0144,PhonePe Wallet,LOAD,1061.27,11592.05,2025-05-05 13:30:55,success
WLT0001715,TXN0006997,CUST01430,MER0016,Amazon Pay Balance,SPEND,801.9,16529.83,2025-01-18 18:15:58,Success
WLT0001716,TXN0007000,CUST00365,MER0028,Mobikwik,LOAD,285.38,19413.76,2025-06-08 12:08:52,SUCCESS
WLT0001717,TXN0007004,CUST00743,,PhonePe Wallet,P2P_TRANSFER,2072.62,2717.93,2025-06-08 15:13:06,Success
WLT0001718,TXN0007020,CUST01960,MER0030,Paytm Wallet,SPEND,268.58,6208.94,2025-03-22 06:40:29,Success
WLT0001719,TXN0007021,CUST01713,MER0132,Mobikwik,LOAD,294.69,6519.0,2025-06-29 18:03:12,SUCCESS
WLT0001720,TXN0007024,CUST01103,,Mobikwik,P2P_TRANSFER,240.7,10972.43,2025-06-25 02:12:37,failed
WLT0001721,TXN0007025,CUST01579,MER0019,Amazon Pay Balance,LOAD,1329.23,2083.45,2025-01-07 21:32:34,success
WLT0001722,TXN0007031,CUST01989,MER0093,Paytm Wallet,SPEND,114.13,19278.94,2025-03-27 00:31:50,failed
WLT0001723,TXN0007033,CUST01805,MER0087,PhonePe Wallet,SPEND,679.63,1015.81,2025-06-19 04:49:06,Failed
WLT0001724,TXN0007034,CUST01881,,Paytm Wallet,P2P_TRANSFER,1869.76,10144.93,2025-04-13 21:41:52,success
WLT0001725,TXN0007040,CUST00614,MER0129,Paytm Wallet,LOAD,2040.6,19685.72,2025-02-07 21:50:48,Success
WLT0001726,TXN0007041,CUST01121,MER0046,PhonePe Wallet,LOAD,1708.26,12053.13,2025-03-03 17:36:43,success
WLT0001727,TXN0007043,CUST01887,MER0077,Paytm Wallet,LOAD,572.45,10327.89,2025-03-20 19:35:40,success
WLT0001728,TXN0007047,CUST00910,MER0013,Mobikwik,LOAD,1146.81,9228.22,2025-03-18 09:43:10,Success
WLT0001729,TXN0007063,CUST01931,MER0100,Paytm Wallet,LOAD,160.95,14315.22,2025-01-11 11:34:51,Failed
WLT0001730,TXN0007064,CUST01407,MER0044,Paytm Wallet,SPEND,500.96,12016.26,2025-05-04 01:56:09,SUCCESS
WLT0001731,TXN0007066,CUST01272,MER0060,Paytm Wallet,LOAD,133.56,15288.06,2025-03-03 04:35:54,Success
WLT0001732,TXN0007073,CUST01786,MER0003,Mobikwik,SPEND,335.26,14550.39,2025-01-31 15:54:27,Success
WLT0001733,TXN0007077,CUST00440,MER0047,Mobikwik,LOAD,1169.72,14684.68,2025-06-26 00:37:20,FAILED
WLT0001734,TXN0007078,CUST01800,MER0067,Paytm Wallet,SPEND,734.31,11658.88,2025-03-27 11:16:07,success
WLT0001735,TXN0007079,CUST01298,MER0087,Mobikwik,LOAD,215.28,19336.18,2025-01-07 05:05:13,SUCCESS
WLT0001736,TXN0007080,CUST00898,,Paytm Wallet,P2P_TRANSFER,685.9,4751.89,2025-06-12 02:14:00,success
WLT0001737,TXN0007082,CUST00908,MER0034,Amazon Pay Balance,LOAD,1850.13,9622.93,2025-04-01 00:58:41,SUCCESS
WLT0001738,TXN0007085,CUST01522,MER0094,Paytm Wallet,SPEND,552.96,3486.52,2025-05-06 00:51:12,Failed
WLT0001739,TXN0007087,CUST01539,MER0013,Amazon Pay Balance,LOAD,458.18,13868.06,2025-01-02 21:18:40,success
WLT0001740,TXN0007088,CUST00805,,Paytm Wallet,P2P_TRANSFER,162.37,19990.59,2025-05-12 13:33:28,FAILED
WLT0001741,TXN0007093,CUST00259,MER0055,Amazon Pay Balance,LOAD,139.18,14780.0,2025-03-25 04:31:37,success
WLT0001742,TXN0007096,CUST00148,MER0025,Mobikwik,SPEND,2337.94,5237.16,2025-02-12 23:42:43,success
WLT0001743,TXN0007104,CUST00122,MER0125,PhonePe Wallet,SPEND,242.45,18068.3,2025-04-21 13:34:14,SUCCESS
WLT0001744,TXN0007111,CUST00539,,PhonePe Wallet,P2P_TRANSFER,99.19,844.8,2025-05-16 01:02:25,SUCCESS
WLT0001745,TXN0007119,CUST00461,,Mobikwik,P2P_TRANSFER,204.19,15032.7,2025-03-18 05:47:26,success
WLT0001746,TXN0007120,CUST01006,MER0041,Mobikwik,LOAD,3685.02,10870.07,2025-03-06 21:21:54,Success
WLT0001747,TXN0007133,CUST00678,MER0018,Paytm Wallet,SPEND,988.36,1528.36,2025-01-03 22:59:33,Success
WLT0001748,TXN0007136,CUST01387,,Mobikwik,P2P_TRANSFER,388.94,1484.22,2025-02-17 10:27:07,SUCCESS
WLT0001749,TXN0007138,CUST01871,MER0065,Amazon Pay Balance,SPEND,694.36,3212.13,2025-02-17 04:20:56,SUCCESS
WLT0001750,TXN0007139,CUST00029,,Mobikwik,P2P_TRANSFER,944.76,17143.88,2025-06-25 07:35:58,Failed
WLT0001751,TXN0007143,CUST01900,,Paytm Wallet,P2P_TRANSFER,333.81,1487.13,2025-06-24 01:27:19,success
WLT0001752,TXN0007146,CUST01545,MER0145,Amazon Pay Balance,SPEND,558.95,8223.09,2025-04-19 01:24:04,Success
WLT0001753,TXN0007147,CUST01618,MER0116,Paytm Wallet,SPEND,1481.89,9998.4,2025-03-04 18:34:58,success
WLT0001754,TXN0007150,CUST01216,MER0109,Amazon Pay Balance,SPEND,220.58,6298.36,2025-03-02 12:33:24,FAILED
WLT0001755,TXN0007151,CUST00344,MER0060,Amazon Pay Balance,SPEND,7225.02,253.24,2025-06-13 17:25:48,SUCCESS
WLT0001756,TXN0007160,CUST00187,MER0042,PhonePe Wallet,LOAD,1025.43,1488.23,2025-02-13 19:36:14,Success
WLT0001757,TXN0007161,CUST01462,MER0002,Paytm Wallet,LOAD,1673.03,15362.62,2025-02-05 03:12:24,SUCCESS
WLT0001758,TXN0007163,CUST01961,,Amazon Pay Balance,P2P_TRANSFER,1060.74,539.98,2025-05-06 15:24:04,Success
WLT0001759,TXN0007164,CUST01629,MER0044,Mobikwik,LOAD,6120.09,18815.19,2025-01-14 02:41:24,Success
WLT0001760,TXN0007165,CUST00723,MER0135,Paytm Wallet,SPEND,277.34,16016.96,2025-06-02 13:31:01,success
WLT0001761,TXN0007174,CUST01206,MER0146,Paytm Wallet,SPEND,400.36,3443.5,2025-05-26 13:30:14,success
WLT0001762,TXN0007178,CUST01452,,Amazon Pay Balance,P2P_TRANSFER,539.38,3666.18,2025-05-31 03:01:52,success
WLT0001763,TXN0007183,CUST01861,MER0045,PhonePe Wallet,LOAD,244.43,10745.2,2025-06-06 01:32:26,FAILED
WLT0001764,TXN0007184,CUST01043,,Amazon Pay Balance,P2P_TRANSFER,354.24,2750.12,2025-06-21 06:44:03,PENDING
WLT0001765,TXN0007187,CUST00345,MER0123,PhonePe Wallet,LOAD,4202.21,12057.23,2025-02-01 13:22:05,success
WLT0001766,TXN0007190,CUST00604,MER0059,Amazon Pay Balance,LOAD,2948.61,2725.61,2025-01-27 06:24:18,Success
WLT0001767,TXN0007191,CUST01357,MER0016,Amazon Pay Balance,SPEND,117.82,19342.86,2025-02-18 22:13:41,success
WLT0001768,TXN0007198,CUST01234,MER0003,Mobikwik,SPEND,876.64,16032.18,2025-05-11 16:59:44,SUCCESS
WLT0001769,TXN0007210,CUST00520,MER0001,Mobikwik,LOAD,620.61,2210.92,2025-05-13 11:11:53,failed
WLT0001770,TXN0007216,CUST01101,,PhonePe Wallet,P2P_TRANSFER,1239.46,4390.78,2025-05-30 02:41:50,Success
WLT0001771,TXN0007217,CUST00146,MER0042,Amazon Pay Balance,SPEND,592.79,11170.45,2025-04-27 03:53:01,SUCCESS
WLT0001772,TXN0007218,CUST00184,MER0019,Paytm Wallet,SPEND,1620.58,4814.75,2025-04-02 04:51:03,Success
WLT0001773,TXN0007237,CUST01647,MER0093,PhonePe Wallet,LOAD,257.16,8917.41,2025-01-12 17:41:31,Success
WLT0001774,TXN0007239,CUST01595,MER0066,Mobikwik,SPEND,166.19,18183.82,2025-02-28 08:26:45,failed
WLT0001775,TXN0007247,CUST00930,,Amazon Pay Balance,P2P_TRANSFER,703.65,16211.66,2025-06-14 09:01:10,Success
WLT0001776,TXN0007256,CUST01052,MER0011,Paytm Wallet,SPEND,1347.13,4378.73,2025-04-14 15:41:33,success
WLT0001777,TXN0007259,CUST01276,MER0038,Mobikwik,SPEND,804.85,6189.32,2025-05-05 04:08:46,success
WLT0001778,TXN0007263,CUST00779,,Paytm Wallet,P2P_TRANSFER,312.76,17264.59,2025-02-09 00:47:21,SUCCESS
WLT0001779,TXN0007273,CUST00162,MER0094,PhonePe Wallet,SPEND,166.53,10479.17,2025-06-14 17:32:54,Success
WLT0001780,TXN0007279,CUST01413,MER0069,Paytm Wallet,SPEND,567.74,11022.84,2025-04-07 23:16:37,SUCCESS
WLT0001781,TXN0007280,CUST00678,MER0103,Paytm Wallet,LOAD,189.94,11519.19,2025-04-24 22:48:35,SUCCESS
WLT0001782,TXN0007281,CUST01459,MER0069,Paytm Wallet,SPEND,576.78,15276.61,2025-05-21 03:34:43,SUCCESS
WLT0001783,TXN0007284,CUST00760,MER0070,Amazon Pay Balance,SPEND,1880.69,1019.34,2025-03-18 07:38:26,success
WLT0001784,TXN0007291,CUST00681,MER0079,Amazon Pay Balance,SPEND,1187.57,4621.77,2025-04-09 15:39:50,SUCCESS
WLT0001785,TXN0007300,CUST00491,MER0031,Mobikwik,LOAD,86.2,3026.93,2025-02-21 14:13:43,Success
WLT0001786,TXN0007309,CUST01659,,Mobikwik,P2P_TRANSFER,998.65,13008.05,2025-04-21 00:24:48,FAILED
WLT0001787,TXN0007318,CUST00190,MER0143,Paytm Wallet,SPEND,1673.29,12659.41,2025-02-24 12:51:43,Pending
WLT0001788,TXN0007324,CUST01729,MER0128,Paytm Wallet,LOAD,201.75,565.32,2025-01-10 10:32:10,Success
WLT0001789,TXN0007328,CUST01084,MER0088,Paytm Wallet,LOAD,3385.53,4049.74,2025-06-19 23:14:59,success
WLT0001790,TXN0007330,CUST01854,MER0116,Mobikwik,SPEND,123.15,1574.26,2025-01-26 15:25:46,success
WLT0001791,TXN0007339,CUST00129,,Paytm Wallet,P2P_TRANSFER,1186.23,19461.22,2025-03-13 08:36:59,SUCCESS
WLT0001792,TXN0007343,CUST01754,MER0033,Mobikwik,LOAD,1547.2,2572.79,2025-01-13 18:14:34,SUCCESS
WLT0001793,TXN0007349,CUST01882,,Amazon Pay Balance,P2P_TRANSFER,901.71,5280.74,2025-03-19 06:47:45,SUCCESS
WLT0001794,TXN0007356,CUST01857,MER0048,Paytm Wallet,SPEND,389.84,16867.67,2025-04-22 18:33:11,success
WLT0001795,TXN0007361,CUST00481,,Paytm Wallet,P2P_TRANSFER,61.47,19141.22,2025-01-30 06:40:06,success
WLT0001796,TXN0007368,CUST00465,MER0023,Amazon Pay Balance,LOAD,878.12,4272.53,2025-04-09 12:04:37,SUCCESS
WLT0001797,TXN0007371,CUST00101,MER0118,Amazon Pay Balance,SPEND,268.87,14926.6,2025-01-09 20:19:58,Success
WLT0001798,TXN0007372,CUST01048,,PhonePe Wallet,P2P_TRANSFER,87.85,6568.13,2025-04-28 21:27:03,SUCCESS
WLT0001799,TXN0007374,CUST01036,MER0052,Mobikwik,SPEND,657.32,1812.02,2025-03-16 00:12:30,success
WLT0001800,TXN0007379,CUST01829,MER0144,Paytm Wallet,SPEND,834.22,2872.98,2025-05-03 17:53:33,Success
WLT0001801,TXN0007384,CUST01761,,PhonePe Wallet,P2P_TRANSFER,1786.71,6855.81,2025-03-20 03:57:33,success
WLT0001802,TXN0007385,CUST00980,,Mobikwik,P2P_TRANSFER,934.63,531.55,2025-03-27 22:44:27,SUCCESS
WLT0001803,TXN0007391,CUST01300,,Paytm Wallet,P2P_TRANSFER,270.64,17775.28,2025-04-28 22:49:14,failed
WLT0001804,TXN0007399,CUST00762,MER0100,Paytm Wallet,LOAD,614.63,16692.93,2025-02-17 00:56:05,Success
WLT0001805,TXN0007402,CUST01752,MER0137,Mobikwik,LOAD,707.18,16372.75,2025-01-11 18:17:04,success
WLT0001806,TXN0007403,CUST00557,MER0126,Mobikwik,SPEND,204.24,2273.25,2025-02-23 13:13:35,success
WLT0001807,TXN0007407,CUST01582,,Amazon Pay Balance,P2P_TRANSFER,443.99,17906.9,2025-04-20 01:38:24,success
WLT0001808,TXN0007410,CUST01587,MER0103,Mobikwik,SPEND,1016.26,11025.62,2025-05-09 08:56:31,Success
WLT0001809,TXN0007420,CUST00178,MER0069,Amazon Pay Balance,SPEND,1240.18,1092.45,2025-01-14 23:38:29,SUCCESS
WLT0001810,TXN0007422,CUST01881,MER0085,PhonePe Wallet,LOAD,1725.95,11824.92,2025-03-25 03:51:37,SUCCESS
WLT0001811,TXN0007429,CUST00978,MER0036,Mobikwik,LOAD,695.52,7690.37,2025-01-04 12:37:56,success
WLT0001812,TXN0007430,CUST00520,,Mobikwik,P2P_TRANSFER,497.4,10018.6,2025-01-31 17:42:41,Success
WLT0001813,TXN0007441,CUST00442,,Mobikwik,P2P_TRANSFER,751.7,1150.24,2025-03-24 18:59:34,Success
WLT0001814,TXN0007444,CUST00897,MER0008,PhonePe Wallet,LOAD,215.74,16863.29,2025-03-31 09:32:12,Success
WLT0001815,TXN0007446,CUST01182,MER0137,PhonePe Wallet,SPEND,284.37,17922.05,2025-05-01 17:02:25,Success
WLT0001816,TXN0007447,CUST00974,MER0108,Amazon Pay Balance,LOAD,684.18,16326.7,2025-03-10 10:22:54,Failed
WLT0001817,TXN0007449,CUST01403,MER0080,Paytm Wallet,SPEND,2434.99,2815.34,2025-02-09 10:07:11,SUCCESS
WLT0001818,TXN0007454,CUST01485,MER0086,Paytm Wallet,SPEND,605.58,1356.79,2025-02-05 06:43:55,Success
WLT0001819,TXN0007457,CUST01201,,Paytm Wallet,P2P_TRANSFER,573.49,13644.44,2025-06-13 12:46:22,SUCCESS
WLT0001820,TXN0007468,CUST00918,MER0080,PhonePe Wallet,LOAD,574.8,16316.94,2025-06-21 19:31:47,Success
WLT0001821,TXN0007469,CUST01928,,Paytm Wallet,P2P_TRANSFER,1648.21,8810.86,2025-06-08 11:50:27,SUCCESS
WLT0001822,TXN0007477,CUST01514,MER0070,Amazon Pay Balance,SPEND,293.39,16935.87,2025-04-20 17:18:23,Success
WLT0001823,TXN0007486,CUST00754,MER0042,Amazon Pay Balance,LOAD,1329.79,11409.82,2025-04-13 17:23:39,Success
WLT0001824,TXN0007489,CUST00614,,PhonePe Wallet,P2P_TRANSFER,1182.03,12252.26,2025-01-16 05:11:55,success
WLT0001825,TXN0007494,CUST00806,MER0073,Paytm Wallet,SPEND,165.92,8443.87,2025-03-22 09:08:06,success
WLT0001826,TXN0007500,CUST01837,MER0032,Amazon Pay Balance,LOAD,1109.52,8459.73,2025-03-18 19:15:56,Success
WLT0001827,TXN0007505,CUST00464,MER0070,Amazon Pay Balance,LOAD,1344.13,19423.87,2025-06-20 07:27:30,Success
WLT0001828,TXN0007509,CUST01216,MER0108,PhonePe Wallet,LOAD,518.24,1387.66,2025-01-25 21:56:18,failed
WLT0001829,TXN0007515,CUST00511,,Mobikwik,P2P_TRANSFER,2286.89,3963.4,2025-01-02 13:10:16,success
WLT0001830,TXN0007519,CUST00981,MER0123,PhonePe Wallet,LOAD,1126.46,11202.49,2025-03-05 11:06:28,Success
WLT0001831,TXN0007523,CUST00690,MER0150,PhonePe Wallet,SPEND,630.31,2447.09,2025-01-26 14:45:10,SUCCESS
WLT0001832,TXN0007524,CUST01760,MER0010,PhonePe Wallet,LOAD,3692.02,3717.03,2025-02-17 11:08:39,success
WLT0001833,TXN0007526,CUST00570,MER0078,Mobikwik,SPEND,385.43,15504.48,2025-03-16 01:55:32,SUCCESS
WLT0001834,TXN0007527,CUST01903,,Paytm Wallet,P2P_TRANSFER,1966.75,8920.68,2025-05-21 11:54:54,success
WLT0001835,TXN0007529,CUST00112,MER0037,Amazon Pay Balance,LOAD,563.08,16218.43,2025-06-24 05:26:10,Failed
WLT0001836,TXN0007536,CUST00678,MER0121,Mobikwik,LOAD,106.13,15544.91,2025-01-01 10:47:49,Success
WLT0001837,TXN0007537,CUST01138,MER0021,Amazon Pay Balance,SPEND,399.08,11138.92,2025-06-29 04:05:01,SUCCESS
WLT0001838,TXN0007543,CUST00149,,PhonePe Wallet,P2P_TRANSFER,2578.99,10115.76,2025-04-16 06:05:18,SUCCESS
WLT0001839,TXN0007547,CUST01698,MER0035,PhonePe Wallet,SPEND,290.71,7398.2,2025-01-07 12:03:12,Success
WLT0001840,TXN0007550,CUST00376,,Mobikwik,P2P_TRANSFER,406.91,15157.16,2025-02-10 08:56:29,Success
WLT0001841,TXN0007553,CUST00924,MER0107,Paytm Wallet,SPEND,415.6,3642.09,2025-04-08 22:50:09,success
WLT0001842,TXN0007555,CUST01683,MER0008,Amazon Pay Balance,SPEND,301.62,14991.99,2025-01-07 08:15:03,Failed
WLT0001843,TXN0007561,CUST01358,MER0113,Paytm Wallet,SPEND,479.2,5797.4,2025-06-22 16:17:30,Success
WLT0001844,TXN0007562,CUST00586,,Mobikwik,P2P_TRANSFER,165.16,1080.27,2025-02-21 03:58:48,SUCCESS
WLT0001845,TXN0007564,CUST00426,MER0015,PhonePe Wallet,SPEND,469.66,7861.14,2025-01-31 03:07:29,success
WLT0001846,TXN0007574,CUST00280,,Amazon Pay Balance,P2P_TRANSFER,539.64,8413.0,2025-03-06 02:47:33,success
WLT0001847,TXN0007577,CUST00021,,Paytm Wallet,P2P_TRANSFER,3586.66,12724.44,2025-02-12 14:45:20,SUCCESS
WLT0001848,TXN0007578,CUST00405,,PhonePe Wallet,P2P_TRANSFER,145.07,4142.28,2025-04-01 23:07:00,Success
WLT0001849,TXN0007580,CUST01418,,PhonePe Wallet,P2P_TRANSFER,204.85,10319.3,2025-06-24 22:30:55,SUCCESS
WLT0001850,TXN0007581,CUST00877,MER0094,Amazon Pay Balance,LOAD,362.25,8681.21,2025-06-08 09:50:02,Success
WLT0001851,TXN0007586,CUST01841,MER0045,Mobikwik,LOAD,675.92,9032.89,2025-02-23 23:32:45,SUCCESS
WLT0001852,TXN0007588,CUST00115,,Paytm Wallet,P2P_TRANSFER,200.07,7360.52,2025-06-25 10:40:07,FAILED
WLT0001853,TXN0007593,CUST00555,MER0034,PhonePe Wallet,SPEND,1589.43,16623.07,2025-01-10 01:28:57,success
WLT0001854,TXN0007601,CUST01703,,Amazon Pay Balance,P2P_TRANSFER,152.31,5287.83,2025-06-21 11:32:02,SUCCESS
WLT0001855,TXN0007603,CUST01590,MER0122,Amazon Pay Balance,SPEND,407.01,2590.39,2025-05-05 16:50:12,Success
WLT0001856,TXN0007606,CUST00217,MER0047,Paytm Wallet,SPEND,1391.55,10047.95,2025-06-29 17:53:06,SUCCESS
WLT0001857,TXN0007608,CUST00737,MER0059,Mobikwik,SPEND,4456.93,1945.71,2025-04-15 05:46:34,SUCCESS
WLT0001858,TXN0007618,CUST01039,MER0038,Mobikwik,SPEND,651.59,18833.11,2025-02-18 00:59:34,success
WLT0001859,TXN0007622,CUST00382,,Paytm Wallet,P2P_TRANSFER,8165.32,6011.19,2025-01-17 09:58:04,Success
WLT0001860,TXN0007624,CUST01088,MER0132,Paytm Wallet,LOAD,,98.59,2025-01-09 03:33:52,success
WLT0001861,TXN0007626,CUST01133,MER0013,PhonePe Wallet,LOAD,2488.2,13546.86,2025-05-11 00:36:25,Success
WLT0001862,TXN0007630,CUST01421,,Amazon Pay Balance,P2P_TRANSFER,140.41,1712.14,2025-05-03 04:39:18,success
WLT0001863,TXN0007632,CUST00310,MER0065,Mobikwik,SPEND,90.29,11820.96,2025-05-15 20:20:52,Success
WLT0001864,TXN0007635,CUST00209,,Paytm Wallet,P2P_TRANSFER,5309.35,17134.63,2025-01-28 14:15:25,success
WLT0001865,TXN0007638,CUST00452,MER0047,Paytm Wallet,SPEND,462.65,16192.96,2025-02-01 18:11:49,SUCCESS
WLT0001866,TXN0007646,CUST00400,MER0001,PhonePe Wallet,LOAD,311.83,2052.22,2025-05-15 10:36:47,FAILED
WLT0001867,TXN0007650,CUST01854,MER0079,PhonePe Wallet,SPEND,556.29,1012.72,2025-04-08 12:26:14,SUCCESS
WLT0001868,TXN0007655,CUST00341,,Paytm Wallet,P2P_TRANSFER,1388.87,6230.91,2025-03-14 15:51:23,Success
WLT0001869,TXN0007656,CUST01258,MER0130,Amazon Pay Balance,SPEND,701.7,7899.27,2025-05-13 21:19:26,Success
WLT0001870,TXN0007657,CUST00716,,Amazon Pay Balance,P2P_TRANSFER,437.34,14113.03,2025-05-29 18:13:55,success
WLT0001871,TXN0007658,CUST01792,MER0115,Amazon Pay Balance,SPEND,102.41,15614.46,2025-04-07 11:25:11,success
WLT0001872,TXN0007660,CUST00875,MER0054,Mobikwik,SPEND,3709.18,2736.87,2025-02-01 01:27:35,SUCCESS
WLT0001873,TXN0007662,CUST00478,,Amazon Pay Balance,P2P_TRANSFER,383.24,7444.25,2025-03-29 20:06:22,Success
WLT0001874,TXN0007663,CUST01887,MER0082,Amazon Pay Balance,SPEND,484.77,11941.1,2025-06-04 07:59:30,Success
WLT0001875,TXN0007667,CUST01815,MER0139,Paytm Wallet,SPEND,91.28,14377.84,2025-01-17 06:08:23,SUCCESS
WLT0001876,TXN0007668,CUST00291,MER0035,Mobikwik,LOAD,543.17,13681.75,2025-01-06 09:27:00,Success
WLT0001877,TXN0007671,CUST01214,,Amazon Pay Balance,P2P_TRANSFER,1135.49,6018.0,2025-01-14 20:26:57,SUCCESS
WLT0001878,TXN0007672,CUST00661,MER0106,Amazon Pay Balance,LOAD,389.32,10564.48,2025-02-12 09:39:38,SUCCESS
WLT0001879,TXN0007676,CUST00477,MER0119,PhonePe Wallet,SPEND,147.19,8274.52,2025-05-10 18:51:12,SUCCESS
WLT0001880,TXN0007677,CUST01475,MER0105,Mobikwik,LOAD,1235.23,1469.55,2025-02-03 11:15:28,SUCCESS
WLT0001881,TXN0007683,CUST01370,MER0025,Amazon Pay Balance,SPEND,827.0,3526.17,2025-02-07 18:35:01,success
WLT0001882,TXN0007686,CUST01744,,Paytm Wallet,P2P_TRANSFER,1981.15,11492.24,2025-02-22 22:27:39,SUCCESS
WLT0001883,TXN0007687,CUST01176,MER0058,Amazon Pay Balance,SPEND,240.09,18200.81,2025-05-17 18:36:49,success
WLT0001884,TXN0007694,CUST01868,MER0096,PhonePe Wallet,LOAD,1360.55,7128.94,2025-04-15 12:46:58,SUCCESS
WLT0001885,TXN0007696,CUST00855,MER0103,Mobikwik,LOAD,138.79,5626.33,2025-02-27 20:34:02,SUCCESS
WLT0001886,TXN0007698,CUST01564,MER0136,Paytm Wallet,LOAD,421.32,2133.03,2025-03-05 10:36:35,success
WLT0001887,TXN0007702,CUST01714,MER0011,Amazon Pay Balance,LOAD,617.93,18012.36,2025-06-04 07:09:44,SUCCESS
WLT0001888,TXN0007703,CUST00796,,Amazon Pay Balance,P2P_TRANSFER,67.35,2513.19,2025-04-08 13:42:30,success
WLT0001889,TXN0007707,CUST00671,MER0100,Mobikwik,LOAD,853.39,4130.11,2025-05-04 20:23:27,success
WLT0001890,TXN0007708,CUST00823,,Amazon Pay Balance,P2P_TRANSFER,599.06,18752.13,2025-06-18 23:30:06,SUCCESS
WLT0001891,TXN0007721,CUST01501,MER0131,PhonePe Wallet,SPEND,445.33,4599.01,2025-06-28 01:42:00,SUCCESS
WLT0001892,TXN0007724,CUST00965,MER0115,Mobikwik,SPEND,1084.06,8236.31,2025-01-30 19:00:31,Success
WLT0001893,TXN0007736,CUST00331,MER0050,PhonePe Wallet,LOAD,206.7,5044.12,2025-04-16 15:05:32,Success
WLT0001894,TXN0007739,CUST01294,,Amazon Pay Balance,P2P_TRANSFER,276.47,1899.66,2025-06-07 05:04:14,Success
WLT0001895,TXN0007741,CUST01816,MER0061,PhonePe Wallet,LOAD,6810.97,4575.74,2025-04-17 18:24:32,Success
WLT0001896,TXN0007743,CUST01133,MER0107,Mobikwik,LOAD,248.71,15056.58,2025-06-13 14:06:27,success
WLT0001897,TXN0007746,CUST01253,,Paytm Wallet,P2P_TRANSFER,166.37,7862.68,2025-03-29 14:17:13,SUCCESS
WLT0001898,TXN0007748,CUST00886,,Paytm Wallet,P2P_TRANSFER,209.95,4317.1,2025-03-30 19:35:07,Success
WLT0001899,TXN0007750,CUST01757,,Amazon Pay Balance,P2P_TRANSFER,807.95,14021.47,2025-06-13 20:33:46,SUCCESS
WLT0001900,TXN0007752,CUST01787,MER0099,PhonePe Wallet,SPEND,549.69,3569.95,2025-05-11 17:13:21,success
WLT0001901,TXN0007756,CUST00689,MER0139,Mobikwik,LOAD,1534.36,5328.87,2025-06-27 07:07:33,success
WLT0001902,TXN0007761,CUST01994,,Amazon Pay Balance,P2P_TRANSFER,216.4,8325.35,2025-01-31 02:35:49,SUCCESS
WLT0001903,TXN0007764,CUST00463,MER0040,Mobikwik,SPEND,260.54,8769.72,2025-01-20 06:04:10,success
WLT0001904,TXN0007765,CUST01379,MER0131,Mobikwik,LOAD,280.82,19053.13,2025-05-22 23:07:31,success
WLT0001905,TXN0007766,CUST01989,,PhonePe Wallet,P2P_TRANSFER,1036.73,18761.26,2025-06-24 07:38:19,Success
WLT0001906,TXN0007770,CUST01921,MER0006,Amazon Pay Balance,SPEND,315.96,13844.93,2025-03-20 20:22:46,Success
WLT0001907,TXN0007772,CUST00790,,Amazon Pay Balance,P2P_TRANSFER,231.63,5973.64,2025-01-09 10:29:09,failed
WLT0001908,TXN0007790,CUST00788,MER0091,Amazon Pay Balance,LOAD,458.47,14626.73,2025-04-22 14:30:40,SUCCESS
WLT0001909,TXN0007794,CUST01159,MER0042,Amazon Pay Balance,SPEND,153.6,10962.6,2025-03-08 16:29:35,SUCCESS
WLT0001910,TXN0007795,CUST00668,,Paytm Wallet,P2P_TRANSFER,513.01,19045.2,2025-02-22 23:28:26,SUCCESS
WLT0001911,TXN0007807,CUST01134,MER0118,PhonePe Wallet,SPEND,47.39,1004.74,2025-03-01 14:41:36,Success
WLT0001912,TXN0007820,CUST00780,,PhonePe Wallet,P2P_TRANSFER,59.52,14203.1,2025-04-24 10:56:29,SUCCESS
WLT0001913,TXN0007824,CUST01311,MER0101,Amazon Pay Balance,LOAD,1571.48,13729.7,2025-06-20 01:42:08,success
WLT0001914,TXN0007829,CUST00594,MER0016,Paytm Wallet,LOAD,303.38,1456.26,2025-01-04 12:15:01,failed
WLT0001915,TXN0007837,CUST00989,MER0139,Amazon Pay Balance,SPEND,1429.98,651.77,2025-04-18 00:09:00,SUCCESS
WLT0001916,TXN0007838,CUST00486,MER0122,Paytm Wallet,SPEND,617.05,1248.0,2025-02-20 20:35:45,success
WLT0001917,TXN0007841,CUST00485,,Mobikwik,P2P_TRANSFER,359.12,18934.72,2025-06-29 16:55:47,pending
WLT0001918,TXN0007846,CUST00800,MER0104,Amazon Pay Balance,SPEND,423.73,10299.81,2025-01-20 18:31:38,Success
WLT0001919,TXN0007852,CUST01691,MER0139,Amazon Pay Balance,SPEND,146.49,7494.33,2025-05-10 02:58:05,success
WLT0001920,TXN0007853,CUST01730,MER0076,Amazon Pay Balance,LOAD,1100.97,13788.03,2025-03-25 21:14:03,Success
WLT0001921,TXN0007864,CUST00270,MER0012,Amazon Pay Balance,SPEND,4496.07,16287.76,2025-03-18 09:21:07,Pending
WLT0001922,TXN0007877,CUST00017,MER0056,Paytm Wallet,SPEND,-612.0,1898.73,2025-05-04 08:15:25,SUCCESS
WLT0001923,TXN0007879,CUST01625,,Amazon Pay Balance,P2P_TRANSFER,870.67,11458.39,2025-04-07 21:03:39,success
WLT0001924,TXN0007897,CUST00322,MER0070,Amazon Pay Balance,LOAD,807.55,12603.2,2025-04-15 02:16:30,Success
WLT0001925,TXN0007901,CUST00666,,Paytm Wallet,P2P_TRANSFER,300.12,9170.05,2025-04-24 11:45:43,SUCCESS
WLT0001926,TXN0007908,CUST00137,,PhonePe Wallet,P2P_TRANSFER,679.03,2923.55,2025-06-27 21:58:25,Success
WLT0001927,TXN0007917,CUST01790,MER0076,Amazon Pay Balance,LOAD,989.91,17399.0,2025-01-22 18:35:12,Success
WLT0001928,TXN0007921,CUST00409,,Paytm Wallet,P2P_TRANSFER,69.76,261.51,2025-06-14 13:11:43,success
WLT0001929,TXN0007922,CUST01846,MER0010,Amazon Pay Balance,LOAD,617.32,17156.62,2025-03-06 17:37:01,Success
WLT0001930,TXN0007929,CUST01320,MER0047,Paytm Wallet,SPEND,120.79,9964.48,2025-03-24 22:32:31,Failed
WLT0001931,TXN0007932,CUST01822,,Mobikwik,P2P_TRANSFER,52.94,13354.72,2025-06-27 09:43:30,success
WLT0001932,TXN0007933,CUST01141,,Mobikwik,P2P_TRANSFER,343.46,8117.16,2025-06-04 06:11:25,Success
WLT0001933,TXN0007938,CUST00129,MER0032,Paytm Wallet,SPEND,155.62,7720.64,2025-03-28 10:38:38,success
WLT0001934,TXN0007942,CUST01664,MER0132,Mobikwik,SPEND,42.37,3213.48,2025-01-10 17:01:43,success
WLT0001935,TXN0007947,CUST00782,MER0123,Amazon Pay Balance,SPEND,184.43,4501.5,2025-03-27 23:05:57,success
WLT0001936,TXN0007948,CUST01521,MER0042,PhonePe Wallet,SPEND,120.83,7276.73,2025-04-26 01:12:10,SUCCESS
WLT0001937,TXN0007953,CUST01239,MER0097,Mobikwik,SPEND,516.12,6947.53,2025-05-03 03:50:30,SUCCESS
WLT0001938,TXN0007957,CUST01619,,Mobikwik,P2P_TRANSFER,725.04,4147.53,2025-01-08 04:06:42,success
WLT0001939,TXN0007965,CUST01070,,PhonePe Wallet,P2P_TRANSFER,4671.93,18744.47,2025-02-25 19:47:59,Success
WLT0001940,TXN0007972,CUST01588,MER0085,PhonePe Wallet,LOAD,966.25,3245.2,2025-05-04 07:49:28,Success
WLT0001941,TXN0007978,CUST01527,MER0138,Paytm Wallet,SPEND,1817.25,1876.31,2025-04-29 07:05:25,SUCCESS
WLT0001942,TXN0007979,CUST01353,MER0019,Paytm Wallet,SPEND,535.06,6458.0,2025-06-09 05:29:05,Success
WLT0001943,TXN0007980,CUST00282,,Paytm Wallet,P2P_TRANSFER,537.3,8587.59,2025-04-15 22:40:11,SUCCESS
WLT0001944,TXN0007983,CUST01897,MER0149,Mobikwik,LOAD,353.95,9506.21,2025-04-13 17:52:55,Success
WLT0001945,TXN0007986,CUST00545,MER0053,Mobikwik,LOAD,221.61,14078.38,2025-03-24 14:45:34,failed
WLT0001946,TXN0007987,CUST01017,MER0041,PhonePe Wallet,SPEND,251.85,9407.75,2025-04-12 13:41:36,success
WLT0001947,TXN0007989,CUST00170,,Paytm Wallet,P2P_TRANSFER,578.38,12114.82,2025-02-12 06:15:56,Success
WLT0001948,TXN0007991,CUST01082,MER0112,Amazon Pay Balance,LOAD,983.16,13025.29,2025-06-14 20:15:35,success
WLT0001949,TXN0008001,CUST01182,,PhonePe Wallet,P2P_TRANSFER,1399.67,17086.53,2025-03-03 06:54:33,Success
WLT0001950,TXN0008002,CUST00303,MER0109,PhonePe Wallet,SPEND,1247.37,4456.34,2025-06-29 13:00:09,Success
WLT0001951,TXN0008005,CUST01287,MER0081,Amazon Pay Balance,SPEND,65.87,4223.37,2025-05-25 13:41:04,SUCCESS
WLT0001952,TXN0008007,CUST00043,MER0119,Paytm Wallet,LOAD,984.86,3446.14,2025-05-26 10:36:12,Failed
WLT0001953,TXN0008009,CUST00260,MER0006,PhonePe Wallet,LOAD,202.08,17624.83,2025-05-25 21:12:44,success
WLT0001954,TXN0008013,CUST00510,MER0137,Mobikwik,LOAD,961.4,11163.59,2025-01-25 09:34:20,Success
WLT0001955,TXN0008015,CUST00630,,Paytm Wallet,P2P_TRANSFER,194.45,1000.15,2025-06-18 04:30:10,success
WLT0001956,TXN0008016,CUST00646,MER0063,Mobikwik,LOAD,598.97,15928.46,2025-05-21 11:47:12,failed
WLT0001957,TXN0008018,CUST00121,MER0084,Mobikwik,LOAD,494.32,3306.12,2025-06-10 11:04:42,PENDING
WLT0001958,TXN0008032,CUST00496,MER0016,Paytm Wallet,LOAD,583.93,4968.14,2025-05-17 18:20:36,Success
WLT0001959,TXN0008035,CUST00752,MER0075,PhonePe Wallet,LOAD,229.04,4264.07,2025-03-29 10:50:33,Success
WLT0001960,TXN0008044,CUST00275,MER0062,Paytm Wallet,LOAD,724.15,9871.91,2025-04-02 13:31:14,Success
WLT0001961,TXN0008047,CUST01218,MER0097,PhonePe Wallet,SPEND,6322.31,14969.83,2025-03-21 14:04:56,success
WLT0001962,TXN0008054,CUST01427,MER0083,Amazon Pay Balance,SPEND,307.64,14170.72,2025-05-04 05:28:41,SUCCESS
WLT0001963,TXN0008060,CUST01148,MER0035,Amazon Pay Balance,LOAD,635.84,13360.65,2025-04-06 05:29:57,SUCCESS
WLT0001964,TXN0008061,CUST00439,,Mobikwik,P2P_TRANSFER,587.24,15136.67,2025-01-28 17:04:35,success
WLT0001965,TXN0008070,CUST00844,MER0012,Paytm Wallet,LOAD,69.41,6661.5,2025-03-23 05:50:04,success
WLT0001966,TXN0008073,CUST00356,,PhonePe Wallet,P2P_TRANSFER,82.12,1665.31,2025-04-15 04:38:56,SUCCESS
WLT0001967,TXN0008074,CUST01564,MER0131,Mobikwik,LOAD,189.46,12460.14,2025-03-30 05:23:59,success
WLT0001968,TXN0008077,CUST01753,MER0085,Mobikwik,SPEND,318.61,2579.65,2025-04-15 09:34:21,SUCCESS
WLT0001969,TXN0008078,CUST01534,MER0035,Paytm Wallet,LOAD,304.67,19222.94,2025-06-14 05:59:07,SUCCESS
WLT0001970,TXN0008085,CUST01477,MER0009,Amazon Pay Balance,LOAD,330.36,17501.24,2025-02-09 10:29:29,Success
WLT0001971,TXN0008086,CUST00625,MER0129,PhonePe Wallet,LOAD,716.45,9025.67,2025-05-28 13:53:16,success
WLT0001972,TXN0008088,CUST01011,,PhonePe Wallet,P2P_TRANSFER,63.4,12240.96,2025-04-02 05:51:41,SUCCESS
WLT0001973,TXN0008093,CUST01699,,Paytm Wallet,P2P_TRANSFER,2221.67,15100.3,2025-02-15 03:45:10,Success
WLT0001974,TXN0008100,CUST00542,MER0011,Amazon Pay Balance,SPEND,2737.89,12441.27,2025-06-29 09:21:30,Success
WLT0001975,TXN0008106,CUST00946,,PhonePe Wallet,P2P_TRANSFER,138.54,17415.48,2025-02-22 03:26:41,success
WLT0001976,TXN0008109,CUST01414,MER0070,Paytm Wallet,SPEND,553.28,19372.31,2025-01-20 08:39:28,success
WLT0001977,TXN0008110,CUST01158,,Paytm Wallet,P2P_TRANSFER,226.77,12256.48,2025-02-22 13:39:31,SUCCESS
WLT0001978,TXN0008114,CUST01262,MER0037,Paytm Wallet,LOAD,1578.19,8934.08,2025-01-29 00:00:47,Success
WLT0001979,TXN0008117,CUST01203,MER0143,Mobikwik,SPEND,569.26,8642.33,2025-04-03 04:07:11,Success
WLT0001980,TXN0008122,CUST01725,,PhonePe Wallet,P2P_TRANSFER,701.74,1217.45,2025-01-28 23:48:07,FAILED
WLT0001981,TXN0008124,CUST00543,MER0055,Paytm Wallet,SPEND,302.54,17052.83,2025-02-03 11:24:06,success
WLT0001982,TXN0008131,CUST00306,MER0115,Amazon Pay Balance,LOAD,345.36,13183.72,2025-05-15 20:24:41,success
WLT0001983,TXN0008132,CUST01337,,Paytm Wallet,P2P_TRANSFER,1437.39,516.6,2025-01-30 09:47:29,SUCCESS
WLT0001984,TXN0008135,CUST01623,,Amazon Pay Balance,P2P_TRANSFER,1460.84,1391.5,2025-06-23 10:54:18,Success
WLT0001985,TXN0008142,CUST00642,,Paytm Wallet,P2P_TRANSFER,467.06,7558.69,2025-01-19 14:21:56,success
WLT0001986,TXN0008143,CUST01014,,Mobikwik,P2P_TRANSFER,643.99,18047.37,2025-03-06 18:24:04,SUCCESS
WLT0001987,TXN0008155,CUST01648,MER0081,PhonePe Wallet,LOAD,797.48,19320.11,2025-06-18 23:08:26,SUCCESS
WLT0001988,TXN0008157,CUST00835,MER0127,PhonePe Wallet,SPEND,398.71,19733.93,2025-01-22 13:06:28,Success
WLT0001989,TXN0008160,CUST01709,,Mobikwik,P2P_TRANSFER,663.79,7784.36,2025-02-19 20:56:21,success
WLT0001990,TXN0008168,CUST00440,MER0070,Mobikwik,LOAD,220.92,9397.87,2025-05-27 16:05:14,success
WLT0001991,TXN0008175,CUST00047,,PhonePe Wallet,P2P_TRANSFER,162.68,15883.43,2025-02-05 11:07:29,success
WLT0001992,TXN0008178,CUST00268,MER0021,Amazon Pay Balance,SPEND,130.38,7694.63,2025-05-07 12:25:22,success
WLT0001993,TXN0008197,CUST00950,MER0016,Paytm Wallet,LOAD,302.99,14831.65,2025-06-26 06:54:32,Success
WLT0001994,TXN0008199,CUST00552,MER0067,PhonePe Wallet,SPEND,216.41,3899.79,2025-01-05 14:08:59,SUCCESS
WLT0001995,TXN0008205,CUST00176,MER0012,PhonePe Wallet,LOAD,912.48,12081.55,2025-01-10 18:39:24,SUCCESS
WLT0001996,TXN0008212,CUST01045,MER0115,PhonePe Wallet,SPEND,371.54,18514.37,2025-01-08 14:05:31,Success
WLT0001997,TXN0008214,CUST00459,MER0136,Paytm Wallet,SPEND,1091.44,19767.45,2025-03-21 15:45:23,Success
WLT0001998,TXN0008217,CUST01753,,Mobikwik,P2P_TRANSFER,861.0,16901.56,2025-01-13 19:12:01,success
WLT0001999,TXN0008220,CUST01923,MER0004,Paytm Wallet,SPEND,226.89,3968.53,2025-03-11 18:21:51,Pending
WLT0002000,TXN0008226,CUST01625,,Paytm Wallet,P2P_TRANSFER,3831.23,3943.73,2025-05-19 16:57:34,SUCCESS
WLT0002001,TXN0008229,CUST00010,,Amazon Pay Balance,P2P_TRANSFER,1360.8,5375.7,2025-04-12 04:27:57,Success
WLT0002002,TXN0008233,CUST01188,MER0024,PhonePe Wallet,LOAD,761.9,9909.79,2025-03-16 15:49:15,success
WLT0002003,TXN0008234,CUST01163,MER0039,PhonePe Wallet,SPEND,832.31,17589.5,2025-06-09 07:20:27,success
WLT0002004,TXN0008237,CUST01520,MER0137,Mobikwik,SPEND,192.75,1949.07,2025-05-31 03:59:57,success
WLT0002005,TXN0008238,CUST01183,MER0012,Mobikwik,LOAD,44.71,7230.42,2025-03-17 09:09:52,success
WLT0002006,TXN0008239,CUST00019,MER0087,Amazon Pay Balance,LOAD,3825.74,13777.31,2025-02-28 07:02:26,success
WLT0002007,TXN0008241,CUST01775,MER0109,PhonePe Wallet,SPEND,587.87,4230.62,2025-04-04 05:05:48,Success
WLT0002008,TXN0008242,CUST00529,MER0011,Mobikwik,SPEND,420.38,4166.5,2025-01-10 20:06:10,Success
WLT0002009,TXN0008246,CUST00199,MER0063,Amazon Pay Balance,LOAD,35.36,17565.01,2025-03-28 12:58:08,success
WLT0002010,TXN0008248,CUST01808,,Amazon Pay Balance,P2P_TRANSFER,1037.57,4378.29,2025-01-18 22:55:37,success
WLT0002011,TXN0008250,CUST00757,MER0085,Paytm Wallet,LOAD,190.25,11301.43,2025-04-08 07:59:14,Success
WLT0002012,TXN0008254,CUST01737,MER0018,Paytm Wallet,LOAD,156.23,16742.66,2025-03-12 11:47:25,success
WLT0002013,TXN0008259,CUST01244,MER0073,Paytm Wallet,LOAD,70.09,8858.1,2025-04-24 00:20:17,Success
WLT0002014,TXN0008260,CUST01824,MER0104,Mobikwik,LOAD,234.94,15092.99,2025-03-25 20:59:51,SUCCESS
WLT0002015,TXN0008263,CUST01128,,Mobikwik,P2P_TRANSFER,347.15,15703.01,2025-06-21 02:51:02,Success
WLT0002016,TXN0008267,CUST01886,,Amazon Pay Balance,P2P_TRANSFER,1032.29,14968.24,2025-02-13 04:53:19,SUCCESS
WLT0002017,TXN0008269,CUST01890,MER0001,Amazon Pay Balance,LOAD,212.68,18651.21,2025-01-29 23:45:00,success
WLT0002018,TXN0008270,CUST01969,MER0037,PhonePe Wallet,SPEND,235.63,11995.83,2025-01-07 12:57:48,Success
WLT0002019,TXN0008274,CUST00279,MER0092,Paytm Wallet,LOAD,253.44,13993.35,2025-05-04 17:26:37,pending
WLT0002020,TXN0008276,CUST00639,,Mobikwik,P2P_TRANSFER,906.09,7031.41,2025-02-13 03:50:58,Success
WLT0002021,TXN0008285,CUST01157,,Mobikwik,P2P_TRANSFER,-1039.76,11803.99,2025-05-10 05:43:40,SUCCESS
WLT0002022,TXN0008292,CUST00497,MER0118,Paytm Wallet,LOAD,466.87,18194.15,2025-01-17 19:53:32,SUCCESS
WLT0002023,TXN0008295,CUST01852,,Amazon Pay Balance,P2P_TRANSFER,216.57,17533.43,2025-05-23 17:23:09,SUCCESS
WLT0002024,TXN0008297,CUST00719,,Mobikwik,P2P_TRANSFER,2005.81,7040.78,2025-01-06 16:51:04,success
WLT0002025,TXN0008298,CUST01342,MER0137,PhonePe Wallet,LOAD,301.35,13735.83,2025-05-19 21:40:48,success
WLT0002026,TXN0008301,CUST01539,MER0067,Amazon Pay Balance,LOAD,1473.81,4689.86,2025-03-02 14:17:20,SUCCESS
WLT0002027,TXN0008303,CUST00626,MER0037,Mobikwik,SPEND,578.16,11563.65,2025-03-27 09:38:40,success
WLT0002028,TXN0008314,CUST01096,,Amazon Pay Balance,P2P_TRANSFER,168.82,10600.78,2025-03-03 17:17:23,failed
WLT0002029,TXN0008318,CUST00928,MER0131,PhonePe Wallet,SPEND,219.13,19462.33,2025-03-18 02:46:50,SUCCESS
WLT0002030,TXN0008322,CUST01753,,Mobikwik,P2P_TRANSFER,478.59,2080.73,2025-01-15 20:55:40,Success
WLT0002031,TXN0008331,CUST01997,MER0131,Mobikwik,LOAD,1054.62,16241.53,2025-02-28 21:31:04,Success
WLT0002032,TXN0008332,CUST01026,MER0078,Mobikwik,SPEND,702.02,9692.27,2025-01-29 06:25:33,Success
WLT0002033,TXN0008335,CUST00430,MER0079,Mobikwik,SPEND,695.98,5560.62,2025-05-21 23:40:35,Success
WLT0002034,TXN0008340,CUST00518,MER0092,Paytm Wallet,SPEND,2538.73,11815.48,2025-02-01 18:33:24,Failed
WLT0002035,TXN0008342,CUST01610,,Mobikwik,P2P_TRANSFER,505.56,18114.59,2025-03-19 14:35:40,Success
WLT0002036,TXN0008346,CUST01455,MER0051,Amazon Pay Balance,SPEND,949.12,16380.26,2025-04-17 03:48:57,success
WLT0002037,TXN0008350,CUST00629,,Mobikwik,P2P_TRANSFER,1326.77,2564.69,2025-05-12 11:49:57,Success
WLT0002038,TXN0008366,CUST00637,MER0136,Mobikwik,LOAD,77.11,18529.64,2025-03-24 07:26:32,SUCCESS
WLT0002039,TXN0008368,CUST00292,,Mobikwik,P2P_TRANSFER,146.09,7681.57,2025-05-22 17:57:25,success
WLT0002040,TXN0008369,CUST01315,MER0099,Amazon Pay Balance,SPEND,259.42,4246.15,2025-01-11 06:23:54,success
WLT0002041,TXN0008374,CUST00184,MER0009,Paytm Wallet,LOAD,684.21,13238.2,2025-01-03 13:32:45,SUCCESS
WLT0002042,TXN0008375,CUST00430,,Paytm Wallet,P2P_TRANSFER,173.76,12605.59,2025-04-03 04:55:58,SUCCESS
WLT0002043,TXN0008379,CUST01336,MER0012,Amazon Pay Balance,LOAD,272.58,18362.39,2025-06-01 14:12:21,SUCCESS
WLT0002044,TXN0008383,CUST01925,MER0014,Amazon Pay Balance,LOAD,194.78,5780.07,2025-05-21 03:38:18,SUCCESS
WLT0002045,TXN0008389,CUST00247,,Paytm Wallet,P2P_TRANSFER,363.01,2085.77,2025-03-26 23:07:42,failed
WLT0002046,TXN0008391,CUST01086,,Amazon Pay Balance,P2P_TRANSFER,1988.3,802.54,2025-01-24 04:21:01,success
WLT0002047,TXN0008394,CUST01385,MER0114,PhonePe Wallet,LOAD,209.06,7880.58,2025-04-12 11:25:42,SUCCESS
WLT0002048,TXN0008395,CUST01526,,Mobikwik,P2P_TRANSFER,454.31,10234.82,2025-01-27 17:16:15,Success
WLT0002049,TXN0008396,CUST01597,MER0015,PhonePe Wallet,SPEND,134.23,13496.08,2025-05-19 20:24:57,Success
WLT0002050,TXN0008397,CUST00465,MER0107,Mobikwik,SPEND,625.95,12724.1,2025-01-21 12:59:14,SUCCESS
WLT0002051,TXN0008403,CUST00986,MER0031,Amazon Pay Balance,SPEND,591.92,2266.51,2025-04-14 23:29:20,failed
WLT0002052,TXN0008417,CUST00333,MER0032,Paytm Wallet,LOAD,61.68,2466.0,2025-03-17 20:48:29,SUCCESS
WLT0002053,TXN0008418,CUST01199,,Mobikwik,P2P_TRANSFER,362.5,9118.27,2025-03-16 15:40:30,FAILED
WLT0002054,TXN0008419,CUST01234,MER0098,Amazon Pay Balance,LOAD,1292.81,7839.8,2025-04-18 02:06:40,failed
WLT0002055,TXN0008421,CUST00816,MER0006,Paytm Wallet,LOAD,540.06,2987.96,2025-03-17 12:33:42,success
WLT0002056,TXN0008432,CUST00405,MER0134,Paytm Wallet,SPEND,840.37,2988.25,2025-05-29 21:45:03,SUCCESS
WLT0002057,TXN0008439,CUST00136,,Paytm Wallet,P2P_TRANSFER,1522.54,13953.77,2025-01-02 23:37:24,Success
WLT0002058,TXN0008443,CUST00469,,Amazon Pay Balance,P2P_TRANSFER,1258.21,13558.66,2025-01-20 14:23:11,Success
WLT0002059,TXN0008446,CUST01654,MER0100,PhonePe Wallet,SPEND,1619.88,16537.24,2025-05-16 14:14:53,Success
WLT0002060,TXN0008447,CUST00596,MER0063,Amazon Pay Balance,LOAD,676.91,4991.98,2025-02-14 20:56:59,SUCCESS
WLT0002061,TXN0008450,CUST00192,,Amazon Pay Balance,P2P_TRANSFER,235.94,6269.14,2025-01-04 07:34:47,Failed
WLT0002062,TXN0008451,CUST01680,,Mobikwik,P2P_TRANSFER,3722.59,2017.33,2025-05-28 18:46:08,SUCCESS
WLT0002063,TXN0008453,CUST00532,MER0040,Paytm Wallet,LOAD,576.96,18297.22,2025-04-06 06:17:13,Success
WLT0002064,TXN0008457,CUST00691,MER0029,PhonePe Wallet,LOAD,268.31,13753.24,2025-01-27 13:36:27,SUCCESS
WLT0002065,TXN0008476,CUST01694,MER0032,Mobikwik,LOAD,794.1,13466.94,2025-03-12 05:25:43,Success
WLT0002066,TXN0008478,CUST01336,MER0059,Mobikwik,LOAD,122.75,8931.84,2025-04-04 10:20:31,SUCCESS
WLT0002067,TXN0008479,CUST01362,MER0056,Amazon Pay Balance,SPEND,569.54,151.29,2025-01-19 23:19:38,Success
WLT0002068,TXN0008485,CUST01734,MER0118,Amazon Pay Balance,LOAD,865.49,18433.39,2025-05-11 10:26:13,Success
WLT0002069,TXN0008486,CUST00371,MER0042,Paytm Wallet,LOAD,216.67,11030.52,2025-04-20 06:00:39,SUCCESS
WLT0002070,TXN0008498,CUST01710,MER0087,Mobikwik,LOAD,229.16,19826.67,2025-02-10 10:29:45,Success
WLT0002071,TXN0008506,CUST01835,MER0008,Amazon Pay Balance,SPEND,2178.0,5241.45,2025-06-04 19:49:56,success
WLT0002072,TXN0008508,CUST01918,MER0101,Paytm Wallet,SPEND,404.96,16154.32,2025-04-25 19:45:33,Success
WLT0002073,TXN0008512,CUST00013,MER0007,Amazon Pay Balance,SPEND,501.32,7829.6,2025-05-14 11:04:10,SUCCESS
WLT0002074,TXN0008513,CUST01075,MER0038,Amazon Pay Balance,SPEND,238.57,10321.33,2025-04-03 02:14:12,PENDING
WLT0002075,TXN0008514,CUST00410,MER0022,Mobikwik,LOAD,1207.87,9073.95,2025-06-25 16:41:57,SUCCESS
WLT0002076,TXN0008528,CUST00431,MER0034,PhonePe Wallet,LOAD,843.59,5416.3,2025-03-30 10:30:43,Pending
WLT0002077,TXN0008529,CUST01493,,Amazon Pay Balance,P2P_TRANSFER,588.73,6181.14,2025-01-12 13:55:31,Failed
WLT0002078,TXN0008530,CUST01447,,Amazon Pay Balance,P2P_TRANSFER,320.12,19265.76,2025-05-05 22:45:50,SUCCESS
WLT0002079,TXN0008533,CUST00952,MER0126,Amazon Pay Balance,LOAD,143.76,17335.42,2025-03-24 16:57:38,SUCCESS
WLT0002080,TXN0008534,CUST01243,,Paytm Wallet,P2P_TRANSFER,473.77,19206.43,2025-04-06 12:02:47,success
WLT0002081,TXN0008541,CUST00067,MER0027,PhonePe Wallet,SPEND,983.89,4472.01,2025-06-12 05:55:30,SUCCESS
WLT0002082,TXN0008542,CUST00871,MER0003,Amazon Pay Balance,LOAD,51.27,2688.28,2025-02-10 06:13:45,Success
WLT0002083,TXN0008544,CUST00061,MER0106,Mobikwik,SPEND,539.76,15681.19,2025-04-21 10:02:57,success
WLT0002084,TXN0008553,CUST01893,,Paytm Wallet,P2P_TRANSFER,260.37,4018.26,2025-06-22 06:09:26,Success
WLT0002085,TXN0008556,CUST00597,MER0054,Paytm Wallet,SPEND,495.21,7635.15,2025-02-05 20:59:44,success
WLT0002086,TXN0008558,CUST00520,MER0097,PhonePe Wallet,LOAD,2737.46,16010.02,2025-04-23 03:40:51,success
WLT0002087,TXN0008559,CUST00459,MER0113,PhonePe Wallet,LOAD,398.35,12592.32,2025-02-01 01:13:59,success
WLT0002088,TXN0008563,CUST01106,,Mobikwik,P2P_TRANSFER,771.1,16826.21,2025-04-20 06:56:20,SUCCESS
WLT0002089,TXN0008577,CUST00880,,PhonePe Wallet,P2P_TRANSFER,1669.53,6674.29,2025-06-11 06:09:18,SUCCESS
WLT0002090,TXN0008582,CUST00623,MER0053,Paytm Wallet,LOAD,260.67,7036.31,2025-04-25 04:48:03,Success
WLT0002091,TXN0008588,CUST01533,MER0094,PhonePe Wallet,SPEND,126.81,17397.62,2025-05-27 07:44:18,Success
WLT0002092,TXN0008590,CUST00092,MER0027,PhonePe Wallet,SPEND,186.88,10487.32,2025-04-20 17:17:57,SUCCESS
WLT0002093,TXN0008595,CUST01667,,Amazon Pay Balance,P2P_TRANSFER,7819.29,7486.82,2025-01-07 07:48:28,SUCCESS
WLT0002094,TXN0008600,CUST00507,,Mobikwik,P2P_TRANSFER,167.53,8918.88,2025-01-02 06:34:27,Pending
WLT0002095,TXN0008602,CUST00733,,Amazon Pay Balance,P2P_TRANSFER,503.94,14274.08,2025-01-30 21:31:31,success
WLT0002096,TXN0008607,CUST00581,MER0009,Paytm Wallet,SPEND,2071.42,13601.76,2025-02-13 21:24:20,SUCCESS
WLT0002097,TXN0008609,CUST01033,MER0144,PhonePe Wallet,LOAD,522.94,3831.58,2025-02-25 07:26:12,SUCCESS
WLT0002098,TXN0008626,CUST00242,,PhonePe Wallet,P2P_TRANSFER,3737.59,19436.13,2025-04-07 09:27:07,success
WLT0002099,TXN0008630,CUST00328,,Amazon Pay Balance,P2P_TRANSFER,198.65,17162.75,2025-01-03 21:22:50,FAILED
WLT0002100,TXN0008631,CUST00787,,PhonePe Wallet,P2P_TRANSFER,1009.99,8666.34,2025-05-31 11:10:27,success
WLT0002101,TXN0008639,CUST00763,,Paytm Wallet,P2P_TRANSFER,1775.1,1829.81,2025-03-19 19:46:50,success
WLT0002102,TXN0008640,CUST00263,MER0071,Mobikwik,LOAD,335.43,17745.25,2025-04-02 22:26:55,success
WLT0002103,TXN0008649,CUST00325,MER0137,PhonePe Wallet,LOAD,345.59,8919.26,2025-06-25 05:25:20,success
WLT0002104,TXN0008654,CUST01416,,Mobikwik,P2P_TRANSFER,9521.27,12753.06,2025-03-06 10:36:09,Success
WLT0002105,TXN0008665,CUST00269,,PhonePe Wallet,P2P_TRANSFER,363.42,3486.41,2025-01-19 03:23:19,failed
WLT0002106,TXN0008666,CUST01028,MER0066,Amazon Pay Balance,SPEND,1352.91,3355.35,2025-05-03 00:00:32,SUCCESS
WLT0002107,TXN0008667,CUST01635,MER0139,Mobikwik,LOAD,200.21,6305.9,2025-06-03 15:20:17,Success
WLT0002108,TXN0008678,CUST00697,MER0139,Paytm Wallet,LOAD,1204.01,14972.38,2025-05-10 05:30:41,SUCCESS
WLT0002109,TXN0008684,CUST01699,MER0044,PhonePe Wallet,LOAD,2211.36,16288.94,2025-05-31 11:00:16,success
WLT0002110,TXN0008686,CUST01626,MER0104,Amazon Pay Balance,SPEND,622.81,8598.04,2025-06-03 02:50:40,Success
WLT0002111,TXN0008692,CUST01598,MER0082,PhonePe Wallet,SPEND,4752.8,14139.42,2025-05-24 03:11:57,Failed
WLT0002112,TXN0008696,CUST00376,MER0003,Paytm Wallet,LOAD,1169.3,13955.83,2025-05-27 14:28:15,Success
WLT0002113,TXN0008698,CUST00723,MER0104,Paytm Wallet,SPEND,1674.82,13615.52,2025-02-02 14:56:56,Success
WLT0002114,TXN0008700,CUST00353,MER0049,Mobikwik,LOAD,489.45,3179.38,2025-04-25 08:51:24,SUCCESS
WLT0002115,TXN0008707,CUST01217,,Paytm Wallet,P2P_TRANSFER,473.05,16410.97,2025-01-03 14:39:25,SUCCESS
WLT0002116,TXN0008710,CUST00276,MER0001,Mobikwik,SPEND,1500.78,6324.19,2025-02-20 22:17:44,FAILED
WLT0002117,TXN0008713,CUST00740,MER0048,Mobikwik,SPEND,2327.5,16593.26,2025-01-13 23:05:34,success
WLT0002118,TXN0008718,CUST00450,,Amazon Pay Balance,P2P_TRANSFER,149.38,14767.67,2025-05-29 03:54:36,success
WLT0002119,TXN0008722,CUST00178,MER0057,Paytm Wallet,LOAD,1082.64,17883.27,2025-03-16 05:44:50,success
WLT0002120,TXN0008726,CUST00945,MER0010,Paytm Wallet,LOAD,68.05,4088.61,2025-03-04 05:02:10,success
WLT0002121,TXN0008732,CUST00448,MER0091,Mobikwik,LOAD,405.54,6330.41,2025-01-03 00:06:37,Success
WLT0002122,TXN0008740,CUST00841,,Paytm Wallet,P2P_TRANSFER,131.74,18763.51,2025-05-05 20:11:49,success
WLT0002123,TXN0008741,CUST01919,MER0067,Amazon Pay Balance,LOAD,593.12,2754.45,2025-02-24 23:24:29,Success
WLT0002124,TXN0008751,CUST01832,MER0009,PhonePe Wallet,SPEND,1574.85,12827.55,2025-03-23 22:36:54,FAILED
WLT0002125,TXN0008762,CUST00354,,Mobikwik,P2P_TRANSFER,147.8,3609.21,2025-02-05 11:41:11,Success
WLT0002126,TXN0008767,CUST01017,,Paytm Wallet,P2P_TRANSFER,164.14,609.31,2025-02-22 04:05:05,failed
WLT0002127,TXN0008773,CUST00736,MER0138,Mobikwik,LOAD,314.0,7049.12,2025-03-13 19:02:04,success
WLT0002128,TXN0008779,CUST01504,MER0017,Paytm Wallet,LOAD,160.95,7989.99,2025-05-07 18:26:26,Success
WLT0002129,TXN0008784,CUST01520,MER0045,Paytm Wallet,LOAD,1045.38,18180.82,2025-01-18 17:48:58,SUCCESS
WLT0002130,TXN0008785,CUST00801,MER0061,Paytm Wallet,LOAD,813.82,9015.26,2025-03-04 09:18:22,success
WLT0002131,TXN0008788,CUST01600,,Amazon Pay Balance,P2P_TRANSFER,335.18,6398.66,2025-04-14 14:53:54,Success
WLT0002132,TXN0008790,CUST00876,,Amazon Pay Balance,P2P_TRANSFER,983.21,10904.02,2025-04-05 21:38:27,success
WLT0002133,TXN0008794,CUST01071,,PhonePe Wallet,P2P_TRANSFER,177.8,1686.32,2025-02-11 05:17:25,SUCCESS
WLT0002134,TXN0008801,CUST01392,MER0060,PhonePe Wallet,LOAD,468.5,2801.29,2025-03-20 11:23:32,SUCCESS
WLT0002135,TXN0008805,CUST00764,MER0147,Mobikwik,LOAD,864.49,18468.44,2025-01-07 12:23:30,Success
WLT0002136,TXN0008808,CUST01425,,Paytm Wallet,P2P_TRANSFER,419.51,15525.08,2025-06-13 17:14:21,Success
WLT0002137,TXN0008815,CUST01807,MER0087,Mobikwik,SPEND,157.0,19174.43,2025-06-24 15:37:32,success
WLT0002138,TXN0008816,CUST00075,,Paytm Wallet,P2P_TRANSFER,441.97,154.88,2025-02-18 03:39:51,success
WLT0002139,TXN0008817,CUST00910,,Amazon Pay Balance,P2P_TRANSFER,319.2,18392.38,2025-03-24 11:44:18,success
WLT0002140,TXN0008819,CUST00433,,Paytm Wallet,P2P_TRANSFER,1130.68,16646.38,2025-04-04 19:09:43,Success
WLT0002141,TXN0008827,CUST01177,MER0021,PhonePe Wallet,LOAD,115.81,11739.07,2025-04-30 06:53:04,failed
WLT0002142,TXN0008833,CUST00965,MER0147,Mobikwik,LOAD,239.99,19360.84,2025-03-22 12:41:19,Pending
WLT0002143,TXN0008838,CUST01520,MER0083,PhonePe Wallet,SPEND,294.55,19146.44,2025-06-14 16:42:52,Success
WLT0002144,TXN0008841,CUST00242,MER0016,PhonePe Wallet,SPEND,1327.52,18008.98,2025-02-20 22:41:39,success
WLT0002145,TXN0008846,CUST00834,MER0048,Mobikwik,SPEND,1088.73,83.92,2025-06-12 21:43:28,Failed
WLT0002146,TXN0008848,CUST01563,,PhonePe Wallet,P2P_TRANSFER,555.01,10889.34,2025-05-12 07:09:43,Success
WLT0002147,TXN0008854,CUST01005,,PhonePe Wallet,P2P_TRANSFER,585.72,18954.23,2025-01-30 21:18:43,Failed
WLT0002148,TXN0008859,CUST01873,MER0137,PhonePe Wallet,SPEND,460.35,6068.09,2025-03-24 02:48:14,Failed
WLT0002149,TXN0008860,CUST01685,MER0068,Mobikwik,LOAD,1501.7,15131.1,2025-02-03 07:47:13,success
WLT0002150,TXN0008864,CUST01954,MER0023,PhonePe Wallet,LOAD,366.2,12266.71,2025-05-11 23:43:56,Failed
WLT0002151,TXN0008866,CUST00620,MER0005,Mobikwik,LOAD,439.11,12187.49,2025-01-22 22:24:25,SUCCESS
WLT0002152,TXN0008868,CUST01159,MER0108,Amazon Pay Balance,LOAD,872.88,11449.19,2025-03-29 07:28:46,failed
WLT0002153,TXN0008869,CUST00055,MER0046,Mobikwik,LOAD,256.5,3118.44,2025-01-13 07:58:30,success
WLT0002154,TXN0008873,CUST01244,MER0070,PhonePe Wallet,LOAD,131.92,393.79,2025-02-15 01:11:58,SUCCESS
WLT0002155,TXN0008881,CUST01762,MER0099,Mobikwik,SPEND,738.63,4556.54,2025-05-04 02:44:11,SUCCESS
WLT0002156,TXN0008886,CUST00778,MER0065,Amazon Pay Balance,LOAD,198.05,16422.46,2025-06-21 08:40:30,SUCCESS
WLT0002157,TXN0008887,CUST01582,MER0037,Paytm Wallet,SPEND,580.57,1459.66,2025-06-25 00:08:27,failed
WLT0002158,TXN0008888,CUST01741,MER0024,Mobikwik,SPEND,306.02,793.72,2025-03-05 19:14:09,success
WLT0002159,TXN0008898,CUST00327,MER0136,Amazon Pay Balance,SPEND,1934.94,7138.29,2025-02-02 03:46:20,success
WLT0002160,TXN0008903,CUST01743,,Paytm Wallet,P2P_TRANSFER,7820.07,13459.47,2025-01-29 14:29:30,success
WLT0002161,TXN0008904,CUST01058,MER0149,Mobikwik,SPEND,782.97,5207.35,2025-03-07 19:17:27,SUCCESS
WLT0002162,TXN0008905,CUST01949,MER0120,Amazon Pay Balance,SPEND,841.81,14428.43,2025-05-03 14:17:06,SUCCESS
WLT0002163,TXN0008906,CUST00565,,Paytm Wallet,P2P_TRANSFER,1018.12,15823.96,2025-03-23 08:26:27,FAILED
WLT0002164,TXN0008907,CUST01106,,Paytm Wallet,P2P_TRANSFER,504.61,7638.1,2025-04-26 00:29:14,SUCCESS
WLT0002165,TXN0008908,CUST01404,,Paytm Wallet,P2P_TRANSFER,1577.91,16088.45,2025-04-27 11:27:38,Success
WLT0002166,TXN0008909,CUST01812,MER0029,Mobikwik,SPEND,1350.25,6968.18,2025-02-03 07:12:13,success
WLT0002167,TXN0008911,CUST00803,,Paytm Wallet,P2P_TRANSFER,358.52,8941.43,2025-04-19 05:59:43,Success
WLT0002168,TXN0008912,CUST00068,MER0005,Mobikwik,LOAD,107.7,18836.67,2025-02-16 14:58:59,PENDING
WLT0002169,TXN0008920,CUST00519,MER0134,Mobikwik,SPEND,1145.45,14916.56,2025-05-13 03:12:18,Success
WLT0002170,TXN0008923,CUST00023,MER0076,Mobikwik,SPEND,141.26,15930.71,2025-06-07 09:14:01,success
WLT0002171,TXN0008926,CUST00836,MER0150,Amazon Pay Balance,SPEND,277.9,19866.28,2025-01-18 11:32:45,Failed
WLT0002172,TXN0008927,CUST01923,MER0058,PhonePe Wallet,LOAD,818.04,8105.56,2025-03-31 00:54:05,Success
WLT0002173,TXN0008934,CUST00271,MER0076,Amazon Pay Balance,LOAD,1110.23,1429.28,2025-02-17 01:07:15,SUCCESS
WLT0002174,TXN0008935,CUST00769,MER0079,PhonePe Wallet,LOAD,328.27,13023.44,2025-01-09 03:52:03,success
WLT0002175,TXN0008936,CUST00721,MER0109,PhonePe Wallet,LOAD,359.06,7708.83,2025-02-19 16:18:39,SUCCESS
WLT0002176,TXN0008947,CUST00820,MER0051,Amazon Pay Balance,SPEND,318.74,17759.91,2025-01-25 16:40:10,PENDING
WLT0002177,TXN0008950,CUST00950,MER0136,Mobikwik,SPEND,33.85,19405.65,2025-03-21 04:15:53,SUCCESS
WLT0002178,TXN0008954,CUST00993,MER0045,Paytm Wallet,SPEND,1690.96,10047.14,2025-01-27 04:37:32,Success
WLT0002179,TXN0008957,CUST00378,,PhonePe Wallet,P2P_TRANSFER,604.78,19682.01,2025-03-21 18:08:08,SUCCESS
WLT0002180,TXN0008959,CUST00787,MER0019,PhonePe Wallet,SPEND,1913.29,8804.43,2025-03-30 02:25:05,SUCCESS
WLT0002181,TXN0008965,CUST00442,MER0142,Amazon Pay Balance,SPEND,471.71,16460.35,2025-05-23 16:26:02,Failed
WLT0002182,TXN0008966,CUST00978,MER0103,Paytm Wallet,LOAD,352.28,16870.71,2025-04-18 23:02:41,SUCCESS
WLT0002183,TXN0008967,CUST01055,MER0127,Amazon Pay Balance,LOAD,256.03,15940.9,2025-03-29 13:31:54,SUCCESS
WLT0002184,TXN0008968,CUST01252,,Amazon Pay Balance,P2P_TRANSFER,811.41,10826.56,2025-06-27 22:34:05,Success
WLT0002185,TXN0008969,CUST01600,MER0078,PhonePe Wallet,LOAD,156.07,19801.03,2025-01-24 13:50:56,success
WLT0002186,TXN0008972,CUST01941,MER0065,PhonePe Wallet,LOAD,1456.46,12876.75,2025-06-23 19:59:38,Success
WLT0002187,TXN0008976,CUST01228,,Mobikwik,P2P_TRANSFER,370.08,3915.68,2025-01-25 11:27:27,success
WLT0002188,TXN0008978,CUST00010,MER0075,Mobikwik,SPEND,779.38,3080.72,2025-02-27 18:24:28,FAILED
WLT0002189,TXN0008979,CUST00102,MER0120,PhonePe Wallet,LOAD,522.26,8239.23,2025-03-19 10:59:27,Success
WLT0002190,TXN0008981,CUST00625,MER0059,Mobikwik,SPEND,145.76,9088.92,2025-06-15 14:50:06,FAILED
WLT0002191,TXN0008982,CUST00070,MER0145,PhonePe Wallet,SPEND,866.0,14893.11,2025-01-14 17:33:53,SUCCESS
WLT0002192,TXN0008983,CUST00446,MER0005,Paytm Wallet,LOAD,455.25,16610.65,2025-02-09 15:17:33,SUCCESS
WLT0002193,TXN0008984,CUST01058,MER0127,Mobikwik,SPEND,455.63,7540.23,2025-03-04 09:49:09,success
WLT0002194,TXN0008986,CUST00272,,PhonePe Wallet,P2P_TRANSFER,614.75,12699.04,2025-04-30 00:18:34,Success
WLT0002195,TXN0008990,CUST01861,,PhonePe Wallet,P2P_TRANSFER,429.22,5183.85,2025-05-01 14:27:52,SUCCESS
WLT0002196,TXN0009003,CUST00009,,Amazon Pay Balance,P2P_TRANSFER,559.64,3300.74,2025-05-08 22:36:41,Success
WLT0002197,TXN0009005,CUST01916,,Mobikwik,P2P_TRANSFER,318.6,11340.5,2025-04-30 13:18:34,Success
WLT0002198,TXN0009008,CUST01172,MER0123,Mobikwik,SPEND,1217.83,12721.66,2025-01-30 16:43:46,success
WLT0002199,TXN0009010,CUST01734,,Mobikwik,P2P_TRANSFER,145.71,12419.57,2025-02-18 03:20:19,Success
WLT0002200,TXN0009020,CUST00348,,Amazon Pay Balance,P2P_TRANSFER,208.28,381.27,2025-03-09 21:18:33,Failed
WLT0002201,TXN0009027,CUST00407,MER0050,Mobikwik,SPEND,301.25,18811.65,2025-02-10 18:31:05,Success
WLT0002202,TXN0009032,CUST01127,MER0070,Paytm Wallet,SPEND,150.86,15132.79,2025-04-06 19:19:41,SUCCESS
WLT0002203,TXN0009036,CUST00462,MER0017,Mobikwik,LOAD,153.81,18360.31,2025-06-29 05:30:53,success
WLT0002204,TXN0009039,CUST00659,,Amazon Pay Balance,P2P_TRANSFER,405.75,19979.6,2025-05-28 00:08:05,success
WLT0002205,TXN0009048,CUST01990,,Amazon Pay Balance,P2P_TRANSFER,657.8,3089.02,2025-04-28 11:35:26,SUCCESS
WLT0002206,TXN0009055,CUST00556,MER0101,PhonePe Wallet,LOAD,547.83,12373.12,2025-05-10 22:07:27,Success
WLT0002207,TXN0009063,CUST00638,MER0080,PhonePe Wallet,LOAD,369.7,3054.79,2025-01-23 18:19:47,SUCCESS
WLT0002208,TXN0009072,CUST01053,MER0140,Paytm Wallet,SPEND,1033.47,12674.79,2025-04-18 17:00:35,success
WLT0002209,TXN0009076,CUST00026,,Paytm Wallet,P2P_TRANSFER,420.91,18578.02,2025-03-04 11:12:42,Success
WLT0002210,TXN0009077,CUST00323,MER0087,Mobikwik,SPEND,394.78,11717.8,2025-01-18 13:57:39,SUCCESS
WLT0002211,TXN0009078,CUST01989,MER0073,Mobikwik,LOAD,384.17,2164.86,2025-05-15 09:10:58,SUCCESS
WLT0002212,TXN0009079,CUST00896,MER0053,Paytm Wallet,SPEND,43.46,13911.28,2025-06-18 08:17:14,Success
WLT0002213,TXN0009084,CUST00540,MER0129,Amazon Pay Balance,LOAD,1292.88,18715.0,2025-06-26 07:02:30,FAILED
WLT0002214,TXN0009090,CUST00345,,Mobikwik,P2P_TRANSFER,228.31,17196.7,2025-05-12 22:41:39,SUCCESS
WLT0002215,TXN0009094,CUST00456,,Amazon Pay Balance,P2P_TRANSFER,830.65,18868.75,2025-02-08 18:37:58,SUCCESS
WLT0002216,TXN0009101,CUST00382,MER0029,Mobikwik,SPEND,126.67,1963.62,2025-04-26 08:14:19,SUCCESS
WLT0002217,TXN0009102,CUST01344,MER0076,Paytm Wallet,SPEND,266.64,18004.23,2025-03-30 07:37:24,Success
WLT0002218,TXN0009104,CUST00038,MER0121,Amazon Pay Balance,SPEND,452.95,7716.43,2025-05-12 16:16:15,Success
WLT0002219,TXN0009110,CUST01312,MER0021,Amazon Pay Balance,LOAD,936.87,4159.95,2025-03-28 04:13:31,success
WLT0002220,TXN0009117,CUST00794,MER0034,Mobikwik,SPEND,2890.15,7923.07,2025-06-19 11:26:52,Success
WLT0002221,TXN0009123,CUST01516,MER0005,Amazon Pay Balance,SPEND,139.12,1710.24,2025-01-26 04:37:53,Success
WLT0002222,TXN0009128,CUST01901,MER0101,Mobikwik,SPEND,1612.83,5862.39,2025-02-15 22:11:19,SUCCESS
WLT0002223,TXN0009129,CUST00086,MER0062,PhonePe Wallet,SPEND,116.91,11382.02,2025-03-26 06:27:33,success
WLT0002224,TXN0009132,CUST01088,MER0023,Amazon Pay Balance,SPEND,2540.07,217.24,2025-05-06 15:08:32,Success
WLT0002225,TXN0009135,CUST01117,MER0003,Amazon Pay Balance,SPEND,271.12,3247.78,2025-06-16 21:56:17,success
WLT0002226,TXN0009136,CUST00444,MER0031,Mobikwik,SPEND,1065.47,3392.72,2025-02-02 00:31:50,Success
WLT0002227,TXN0009137,CUST00121,MER0061,PhonePe Wallet,LOAD,633.93,14058.87,2025-05-05 02:23:47,PENDING
WLT0002228,TXN0009140,CUST00538,MER0052,Mobikwik,SPEND,680.68,16264.71,2025-05-30 00:18:31,Success
WLT0002229,TXN0009145,CUST01330,MER0101,Amazon Pay Balance,LOAD,937.9,10771.41,2025-01-09 02:08:59,success
WLT0002230,TXN0009158,CUST01150,,PhonePe Wallet,P2P_TRANSFER,214.98,17914.87,2025-04-17 09:58:37,Success
WLT0002231,TXN0009159,CUST01220,MER0090,Paytm Wallet,LOAD,758.29,2374.42,2025-04-13 19:08:52,Pending
WLT0002232,TXN0009162,CUST00677,MER0104,Mobikwik,SPEND,337.51,18259.73,2025-01-31 11:12:29,success
WLT0002233,TXN0009163,CUST01776,,Mobikwik,P2P_TRANSFER,2841.03,16232.88,2025-06-04 05:14:57,SUCCESS
WLT0002234,TXN0009178,CUST00146,MER0051,Paytm Wallet,LOAD,344.26,2936.32,2025-05-13 05:12:06,Success
WLT0002235,TXN0009179,CUST00009,,Paytm Wallet,P2P_TRANSFER,389.14,7268.71,2025-02-14 17:44:21,success
WLT0002236,TXN0009184,CUST00127,MER0046,PhonePe Wallet,SPEND,1555.29,6472.59,2025-02-19 15:27:44,success
WLT0002237,TXN0009185,CUST00619,,Mobikwik,P2P_TRANSFER,234.5,6138.63,2025-02-17 15:09:26,Success
WLT0002238,TXN0009186,CUST01210,MER0114,Paytm Wallet,SPEND,283.72,16957.81,2025-04-21 03:11:33,SUCCESS
WLT0002239,TXN0009187,CUST00544,,Mobikwik,P2P_TRANSFER,929.36,4221.76,2025-03-14 21:22:47,Success
WLT0002240,TXN0009197,CUST00891,MER0077,Paytm Wallet,LOAD,4693.51,6497.63,2025-06-14 14:09:36,SUCCESS
WLT0002241,TXN0009199,CUST00440,MER0100,Mobikwik,LOAD,1063.13,3697.34,2025-06-21 21:12:47,Success
WLT0002242,TXN0009200,CUST00253,MER0050,PhonePe Wallet,LOAD,254.75,12402.86,2025-06-21 02:15:19,success
WLT0002243,TXN0009203,CUST00811,MER0002,PhonePe Wallet,SPEND,1834.17,11154.49,2025-03-14 16:09:22,SUCCESS
WLT0002244,TXN0009208,CUST00544,,PhonePe Wallet,P2P_TRANSFER,666.69,16853.1,2025-01-02 03:51:53,Success
WLT0002245,TXN0009209,CUST01651,MER0145,PhonePe Wallet,LOAD,514.93,16011.45,2025-02-06 00:59:55,success
WLT0002246,TXN0009210,CUST00336,,Amazon Pay Balance,P2P_TRANSFER,234.37,18399.87,2025-03-11 21:09:56,Success
WLT0002247,TXN0009222,CUST01265,MER0048,Mobikwik,SPEND,889.86,8765.34,2025-02-20 03:42:21,success
WLT0002248,TXN0009230,CUST00193,,Paytm Wallet,P2P_TRANSFER,164.12,5712.04,2025-01-01 00:37:11,success
WLT0002249,TXN0009235,CUST00436,MER0127,PhonePe Wallet,SPEND,1137.57,13435.37,2025-05-09 03:05:27,SUCCESS
WLT0002250,TXN0009240,CUST00173,MER0069,Amazon Pay Balance,LOAD,563.95,3614.81,2025-05-14 23:50:09,SUCCESS
WLT0002251,TXN0009242,CUST00797,,Mobikwik,P2P_TRANSFER,188.2,3937.84,2025-06-29 19:23:01,success
WLT0002252,TXN0009243,CUST00907,MER0146,Amazon Pay Balance,SPEND,286.89,16415.15,2025-05-14 22:21:25,success
WLT0002253,TXN0009244,CUST01248,MER0052,Amazon Pay Balance,LOAD,231.6,14778.24,2025-04-18 00:22:40,Success
WLT0002254,TXN0009252,CUST00263,MER0120,Mobikwik,LOAD,218.34,2821.73,2025-04-01 15:44:06,Success
WLT0002255,TXN0009255,CUST01967,,Paytm Wallet,P2P_TRANSFER,423.12,2607.89,2025-03-19 08:47:55,SUCCESS
WLT0002256,TXN0009259,CUST00425,MER0014,Paytm Wallet,LOAD,826.42,18751.22,2025-02-16 05:20:51,success
WLT0002257,TXN0009263,CUST00624,,Paytm Wallet,P2P_TRANSFER,,18775.2,2025-02-25 20:36:40,Failed
WLT0002258,TXN0009264,CUST00174,MER0010,Amazon Pay Balance,LOAD,930.37,18174.5,2025-05-05 08:04:32,success
WLT0002259,TXN0009273,CUST01897,MER0041,Amazon Pay Balance,SPEND,144.88,15405.15,2025-01-03 16:16:54,success
WLT0002260,TXN0009275,CUST01448,MER0131,Paytm Wallet,LOAD,2163.11,7428.24,2025-05-09 14:49:12,Success
WLT0002261,TXN0009283,CUST01432,MER0125,Amazon Pay Balance,SPEND,1231.63,13898.04,2025-05-26 08:32:59,success
WLT0002262,TXN0009286,CUST01227,MER0130,PhonePe Wallet,SPEND,48.36,2214.97,2025-03-24 23:07:34,FAILED
WLT0002263,TXN0009287,CUST00071,MER0081,Mobikwik,LOAD,335.33,10696.55,2025-06-08 00:53:52,Success
WLT0002264,TXN0009294,CUST00527,MER0026,Amazon Pay Balance,LOAD,107.7,6322.69,2025-01-26 09:23:47,SUCCESS
WLT0002265,TXN0009305,CUST01519,MER0042,Paytm Wallet,SPEND,603.42,13278.16,2025-01-27 16:39:35,Success
WLT0002266,TXN0009308,CUST01875,MER0128,Amazon Pay Balance,LOAD,97.96,1726.22,2025-02-28 06:53:57,success
WLT0002267,TXN0009313,CUST01027,MER0033,Amazon Pay Balance,SPEND,89.54,2515.88,2025-02-09 19:30:24,Pending
WLT0002268,TXN0009315,CUST01119,MER0015,PhonePe Wallet,SPEND,72.77,2810.4,2025-03-06 01:06:31,Success
WLT0002269,TXN0009319,CUST01429,,Amazon Pay Balance,P2P_TRANSFER,368.48,660.68,2025-05-23 00:02:44,SUCCESS
WLT0002270,TXN0009320,CUST00410,MER0066,Amazon Pay Balance,LOAD,470.19,13540.46,2025-04-22 18:11:07,Success
WLT0002271,TXN0009323,CUST01178,MER0070,Paytm Wallet,LOAD,339.27,19976.45,2025-03-18 00:07:34,success
WLT0002272,TXN0009327,CUST01632,MER0139,Mobikwik,LOAD,449.48,17530.21,2025-02-16 21:12:02,failed
WLT0002273,TXN0009331,CUST00245,,Paytm Wallet,P2P_TRANSFER,914.5,8705.95,2025-04-16 10:34:42,success
WLT0002274,TXN0009332,CUST00122,MER0037,Amazon Pay Balance,LOAD,1189.95,17341.76,2025-03-23 00:12:13,SUCCESS
WLT0002275,TXN0009334,CUST00272,,Amazon Pay Balance,P2P_TRANSFER,319.74,9533.13,2025-03-23 07:15:30,Success
WLT0002276,TXN0009337,CUST01038,MER0072,Amazon Pay Balance,SPEND,508.26,9425.03,2025-03-06 04:26:47,Success
WLT0002277,TXN0009341,CUST01011,MER0045,PhonePe Wallet,LOAD,153.64,1916.66,2025-02-19 11:17:39,success
WLT0002278,TXN0009344,CUST00792,MER0087,Paytm Wallet,LOAD,238.49,10535.23,2025-04-12 04:07:36,SUCCESS
WLT0002279,TXN0009347,CUST01400,,Mobikwik,P2P_TRANSFER,146.05,13641.4,2025-01-14 20:14:26,success
WLT0002280,TXN0009349,CUST00523,MER0040,Paytm Wallet,SPEND,2666.19,5696.13,2025-02-04 00:08:31,Success
WLT0002281,TXN0009356,CUST01084,MER0137,Mobikwik,LOAD,1377.69,306.73,2025-03-24 16:22:28,success
WLT0002282,TXN0009360,CUST00131,MER0063,Paytm Wallet,LOAD,78.57,51.05,2025-03-21 06:23:34,success
WLT0002283,TXN0009369,CUST01508,MER0008,PhonePe Wallet,LOAD,1020.64,19304.34,2025-04-29 04:48:34,SUCCESS
WLT0002284,TXN0009370,CUST01592,MER0018,PhonePe Wallet,LOAD,1260.95,5289.03,2025-02-11 06:44:47,Success
WLT0002285,TXN0009371,CUST00552,MER0004,PhonePe Wallet,LOAD,52.47,17795.4,2025-04-24 09:05:10,Success
WLT0002286,TXN0009377,CUST01138,,Mobikwik,P2P_TRANSFER,240.82,7745.74,2025-02-10 17:28:55,success
WLT0002287,TXN0009383,CUST01416,MER0131,Amazon Pay Balance,SPEND,392.94,6497.47,2025-01-03 17:59:37,success
WLT0002288,TXN0009394,CUST01997,MER0086,Mobikwik,LOAD,546.52,17130.48,2025-04-12 02:05:58,success
WLT0002289,TXN0009401,CUST00743,MER0030,Mobikwik,LOAD,208.64,3098.44,2025-05-08 10:36:27,success
WLT0002290,TXN0009403,CUST01842,MER0069,Amazon Pay Balance,LOAD,173.25,10513.46,2025-06-26 12:29:45,SUCCESS
WLT0002291,TXN0009412,CUST01169,MER0063,Mobikwik,SPEND,382.69,7771.38,2025-05-06 13:51:13,success
WLT0002292,TXN0009413,CUST01570,,Mobikwik,P2P_TRANSFER,1499.6,19423.3,2025-06-23 02:41:31,success
WLT0002293,TXN0009417,CUST01276,MER0043,PhonePe Wallet,SPEND,852.61,12284.02,2025-03-31 04:14:39,Success
WLT0002294,TXN0009423,CUST01210,,Mobikwik,P2P_TRANSFER,775.48,14417.51,2025-05-05 17:03:45,Success
WLT0002295,TXN0009426,CUST01830,MER0024,Mobikwik,LOAD,143.94,1744.59,2025-04-02 00:28:56,success
WLT0002296,TXN0009433,CUST01901,,Amazon Pay Balance,P2P_TRANSFER,256.58,7557.76,2025-01-26 22:14:12,success
WLT0002297,TXN0009437,CUST00056,MER0044,PhonePe Wallet,SPEND,6028.88,7926.66,2025-02-14 06:33:08,SUCCESS
WLT0002298,TXN0009440,CUST01688,,Amazon Pay Balance,P2P_TRANSFER,155.32,472.49,2025-06-05 05:43:19,success
WLT0002299,TXN0009448,CUST01017,MER0052,PhonePe Wallet,LOAD,754.03,15704.21,2025-04-26 05:12:14,Success
WLT0002300,TXN0009452,CUST00927,MER0119,Amazon Pay Balance,SPEND,978.66,18798.12,2025-04-10 20:17:28,success
WLT0002301,TXN0009459,CUST01036,,Mobikwik,P2P_TRANSFER,64.29,15823.4,2025-04-10 08:49:04,SUCCESS
WLT0002302,TXN0009461,CUST01076,,Mobikwik,P2P_TRANSFER,2562.62,14209.58,2025-01-31 04:56:13,SUCCESS
WLT0002303,TXN0009463,CUST00981,MER0039,PhonePe Wallet,SPEND,343.32,6683.35,2025-02-16 04:12:23,Success
WLT0002304,TXN0009472,CUST01319,MER0026,Mobikwik,LOAD,217.5,6207.98,2025-04-10 04:14:14,success
WLT0002305,TXN0009483,CUST00563,MER0131,Amazon Pay Balance,LOAD,197.47,1423.02,2025-05-09 16:39:20,success
WLT0002306,TXN0009486,CUST00095,,Amazon Pay Balance,P2P_TRANSFER,242.34,2793.56,2025-03-03 09:31:07,FAILED
WLT0002307,TXN0009495,CUST00350,MER0056,PhonePe Wallet,LOAD,1035.25,3521.98,2025-01-20 10:43:58,SUCCESS
WLT0002308,TXN0009502,CUST00561,MER0072,Amazon Pay Balance,SPEND,1107.36,11382.09,2025-02-21 03:34:04,SUCCESS
WLT0002309,TXN0009503,CUST00092,MER0131,Amazon Pay Balance,LOAD,230.46,5645.05,2025-04-15 08:26:30,success
WLT0002310,TXN0009508,CUST00313,MER0083,Paytm Wallet,LOAD,647.4,9638.62,2025-06-15 05:09:48,SUCCESS
WLT0002311,TXN0009514,CUST01309,MER0116,Mobikwik,SPEND,180.89,302.38,2025-04-30 23:40:12,Success
WLT0002312,TXN0009515,CUST00915,MER0037,Amazon Pay Balance,LOAD,179.82,16079.55,2025-02-15 01:45:40,SUCCESS
WLT0002313,TXN0009518,CUST00874,MER0068,PhonePe Wallet,LOAD,180.3,90.17,2025-03-22 00:07:22,success
WLT0002314,TXN0009522,CUST01582,MER0110,Mobikwik,LOAD,130.64,14166.3,2025-02-27 21:32:27,Pending
WLT0002315,TXN0009524,CUST00885,,PhonePe Wallet,P2P_TRANSFER,5580.69,2870.25,2025-01-27 03:48:21,SUCCESS
WLT0002316,TXN0009537,CUST01146,MER0078,Amazon Pay Balance,LOAD,857.01,4579.63,2025-05-05 18:25:14,success
WLT0002317,TXN0009538,CUST00336,MER0059,PhonePe Wallet,SPEND,123.57,2571.68,2025-02-14 00:12:53,success
WLT0002318,TXN0009540,CUST00770,MER0096,Amazon Pay Balance,LOAD,1699.27,5950.12,2025-01-14 09:26:07,success
WLT0002319,TXN0009553,CUST01518,MER0030,Paytm Wallet,SPEND,217.37,17325.25,2025-03-24 11:13:16,success
WLT0002320,TXN0009554,CUST00131,MER0087,Paytm Wallet,LOAD,158.18,13724.27,2025-01-03 13:10:50,success
WLT0002321,TXN0009555,CUST01943,,Mobikwik,P2P_TRANSFER,203.19,5905.72,2025-02-02 03:40:52,Success
WLT0002322,TXN0009559,CUST01709,MER0026,Paytm Wallet,LOAD,537.72,17755.67,2025-02-14 06:12:53,success
WLT0002323,TXN0009560,CUST01614,MER0071,Amazon Pay Balance,LOAD,799.99,2533.3,2025-05-10 15:27:26,success
WLT0002324,TXN0009563,CUST01210,,Mobikwik,P2P_TRANSFER,501.33,6113.32,2025-04-20 05:13:10,SUCCESS
WLT0002325,TXN0009567,CUST01660,MER0033,PhonePe Wallet,SPEND,64.05,7546.23,2025-04-15 02:00:31,SUCCESS
WLT0002326,TXN0009577,CUST00773,MER0032,Amazon Pay Balance,LOAD,423.31,1946.37,2025-04-27 11:11:32,SUCCESS
WLT0002327,TXN0009578,CUST01529,MER0107,Paytm Wallet,LOAD,462.32,2728.81,2025-03-22 08:44:27,Success
WLT0002328,TXN0009590,CUST00972,MER0019,Paytm Wallet,SPEND,534.84,3732.22,2025-03-05 13:47:04,success
WLT0002329,TXN0009593,CUST00562,,Mobikwik,P2P_TRANSFER,352.04,16575.52,2025-04-30 18:24:34,Success
WLT0002330,TXN0009602,CUST01540,,Mobikwik,P2P_TRANSFER,597.3,2369.4,2025-02-12 08:49:01,Success
WLT0002331,TXN0009605,CUST01853,MER0086,Paytm Wallet,LOAD,78.46,18456.67,2025-03-11 03:09:00,SUCCESS
WLT0002332,TXN0009606,CUST01194,MER0047,Paytm Wallet,LOAD,137.18,11745.01,2025-04-05 08:46:23,Success
WLT0002333,TXN0009610,CUST00093,,Amazon Pay Balance,P2P_TRANSFER,487.44,6579.07,2025-06-16 16:02:16,SUCCESS
WLT0002334,TXN0009611,CUST01984,MER0141,Amazon Pay Balance,LOAD,997.35,2104.02,2025-03-04 19:02:35,success
WLT0002335,TXN0009617,CUST01126,MER0037,Amazon Pay Balance,SPEND,1108.33,19326.69,2025-02-05 01:30:27,Success
WLT0002336,TXN0009619,CUST01173,,Mobikwik,P2P_TRANSFER,338.22,16545.57,2025-04-02 00:52:07,Success
WLT0002337,TXN0009624,CUST01407,MER0149,Amazon Pay Balance,LOAD,72.49,12476.34,2025-06-11 01:33:26,SUCCESS
WLT0002338,TXN0009627,CUST01427,MER0118,Amazon Pay Balance,LOAD,571.69,19114.51,2025-04-13 03:15:32,success
WLT0002339,TXN0009632,CUST00029,MER0074,Mobikwik,LOAD,249.98,5301.94,2025-02-17 08:28:15,Success
WLT0002340,TXN0009634,CUST00892,MER0132,Amazon Pay Balance,LOAD,418.08,6718.32,2025-02-07 17:35:34,Success
WLT0002341,TXN0009646,CUST00031,MER0141,Amazon Pay Balance,LOAD,846.15,3963.41,2025-01-16 01:43:04,PENDING
WLT0002342,TXN0009647,CUST01124,MER0012,Paytm Wallet,LOAD,964.38,13142.03,2025-04-30 10:45:27,SUCCESS
WLT0002343,TXN0009649,CUST01075,MER0078,Paytm Wallet,SPEND,523.93,1087.92,2025-01-26 00:35:45,FAILED
WLT0002344,TXN0009656,CUST01930,,Paytm Wallet,P2P_TRANSFER,537.98,19250.89,2025-05-18 05:35:40,SUCCESS
WLT0002345,TXN0009659,CUST00379,,Amazon Pay Balance,P2P_TRANSFER,141.75,2962.12,2025-02-05 22:15:11,Failed
WLT0002346,TXN0009661,CUST01791,MER0086,Mobikwik,SPEND,279.62,12317.65,2025-06-26 16:41:28,success
WLT0002347,TXN0009666,CUST00827,MER0010,Mobikwik,LOAD,568.14,7937.65,2025-01-21 00:27:57,success
WLT0002348,TXN0009669,CUST00040,,PhonePe Wallet,P2P_TRANSFER,113.91,13198.8,2025-06-16 23:30:01,success
WLT0002349,TXN0009670,CUST00823,MER0064,PhonePe Wallet,SPEND,449.46,1926.36,2025-02-09 23:07:42,SUCCESS
WLT0002350,TXN0009672,CUST00264,,Paytm Wallet,P2P_TRANSFER,994.37,3746.33,2025-01-27 12:44:32,Success
WLT0002351,TXN0009676,CUST01362,,Amazon Pay Balance,P2P_TRANSFER,445.76,149.38,2025-03-14 07:41:16,Failed
WLT0002352,TXN0009685,CUST00372,MER0030,Amazon Pay Balance,SPEND,351.45,6273.05,2025-06-04 16:27:28,SUCCESS
WLT0002353,TXN0009696,CUST00880,,Mobikwik,P2P_TRANSFER,5336.72,11606.19,2025-02-03 18:16:54,PENDING
WLT0002354,TXN0009698,CUST01660,MER0092,Mobikwik,SPEND,385.41,14022.63,2025-02-18 01:30:49,Failed
WLT0002355,TXN0009701,CUST01854,MER0063,PhonePe Wallet,LOAD,882.81,13138.61,2025-02-23 17:38:43,SUCCESS
WLT0002356,TXN0009703,CUST01305,MER0046,Mobikwik,SPEND,780.57,13527.72,2025-05-01 17:56:23,Failed
WLT0002357,TXN0009710,CUST01000,MER0100,PhonePe Wallet,SPEND,141.54,4820.97,2025-01-31 14:57:48,success
WLT0002358,TXN0009720,CUST01567,MER0082,Paytm Wallet,SPEND,468.89,17595.61,2025-05-10 12:05:17,success
WLT0002359,TXN0009721,CUST00478,MER0144,PhonePe Wallet,LOAD,977.24,9594.44,2025-04-23 17:36:24,SUCCESS
WLT0002360,TXN0009723,CUST01561,MER0148,Amazon Pay Balance,LOAD,368.55,12397.58,2025-04-18 01:54:59,success
WLT0002361,TXN0009724,CUST01820,MER0064,Paytm Wallet,SPEND,550.53,3685.46,2025-01-30 22:08:21,SUCCESS
WLT0002362,TXN0009732,CUST00664,,Amazon Pay Balance,P2P_TRANSFER,128.84,10778.17,2025-05-09 00:47:14,Pending
WLT0002363,TXN0009734,CUST00673,MER0110,Amazon Pay Balance,LOAD,1320.06,1225.3,2025-02-17 20:04:44,failed
WLT0002364,TXN0009735,CUST01370,MER0106,Mobikwik,SPEND,1467.24,1067.94,2025-06-02 09:23:49,SUCCESS
WLT0002365,TXN0009736,CUST00208,MER0138,PhonePe Wallet,LOAD,1771.89,19258.17,2025-01-29 13:36:19,Success
WLT0002366,TXN0009737,CUST00607,MER0061,PhonePe Wallet,LOAD,76.08,9511.17,2025-04-30 14:21:13,SUCCESS
WLT0002367,TXN0009740,CUST00197,MER0058,Mobikwik,LOAD,181.57,16616.74,2025-05-11 20:11:09,SUCCESS
WLT0002368,TXN0009744,CUST00403,MER0023,PhonePe Wallet,LOAD,194.59,1364.92,2025-01-06 16:12:26,SUCCESS
WLT0002369,TXN0009746,CUST01652,,Mobikwik,P2P_TRANSFER,980.77,11469.59,2025-01-26 09:33:58,Pending
WLT0002370,TXN0009747,CUST00778,,Amazon Pay Balance,P2P_TRANSFER,1199.07,1346.79,2025-05-15 04:54:53,SUCCESS
WLT0002371,TXN0009754,CUST00426,,Amazon Pay Balance,P2P_TRANSFER,211.28,2802.91,2025-01-24 18:49:35,SUCCESS
WLT0002372,TXN0009760,CUST01185,MER0043,Amazon Pay Balance,SPEND,,3906.64,2025-03-17 11:00:33,SUCCESS
WLT0002373,TXN0009767,CUST00441,MER0147,PhonePe Wallet,LOAD,1238.71,16301.48,2025-02-20 22:14:27,Pending
WLT0002374,TXN0009768,CUST01036,MER0021,Amazon Pay Balance,LOAD,2782.76,14489.85,2025-05-10 16:01:54,SUCCESS
WLT0002375,TXN0009771,CUST00599,MER0023,Paytm Wallet,LOAD,1477.91,1693.28,2025-05-01 11:22:31,SUCCESS
WLT0002376,TXN0009775,CUST00448,MER0029,Mobikwik,LOAD,1620.36,17728.39,2025-01-07 09:08:44,Success
WLT0002377,TXN0009780,CUST01472,,PhonePe Wallet,P2P_TRANSFER,465.76,6104.12,2025-04-27 19:48:29,success
WLT0002378,TXN0009783,CUST00464,,Amazon Pay Balance,P2P_TRANSFER,125.28,8319.4,2025-02-22 19:07:52,pending
WLT0002379,TXN0009786,CUST00988,MER0053,PhonePe Wallet,LOAD,371.02,3409.94,2025-05-14 03:21:57,Success
WLT0002380,TXN0009796,CUST00821,,PhonePe Wallet,P2P_TRANSFER,155.25,12718.65,2025-02-24 22:31:46,SUCCESS
WLT0002381,TXN0009798,CUST00052,,PhonePe Wallet,P2P_TRANSFER,405.68,3544.72,2025-03-02 11:55:50,FAILED
WLT0002382,TXN0009801,CUST01085,MER0107,Paytm Wallet,LOAD,42.07,19307.88,2025-06-15 16:16:25,Success
WLT0002383,TXN0009804,CUST01532,MER0011,Amazon Pay Balance,LOAD,625.51,3030.34,2025-02-17 20:31:48,failed
WLT0002384,TXN0009805,CUST00598,,Mobikwik,P2P_TRANSFER,1055.93,6094.77,2025-06-14 04:55:52,success
WLT0002385,TXN0009806,CUST01577,,Amazon Pay Balance,P2P_TRANSFER,127.6,1612.73,2025-04-08 11:13:45,Success
WLT0002386,TXN0009807,CUST01834,MER0085,Paytm Wallet,LOAD,145.03,295.41,2025-02-28 17:06:56,success
WLT0002387,TXN0009808,CUST01134,,PhonePe Wallet,P2P_TRANSFER,90.17,12426.03,2025-01-31 06:42:57,SUCCESS
WLT0002388,TXN0009814,CUST01886,MER0016,Mobikwik,SPEND,1528.24,11113.5,2025-01-16 12:04:10,success
WLT0002389,TXN0009816,CUST01752,MER0023,Mobikwik,SPEND,150.71,12988.48,2025-06-03 13:00:07,success
WLT0002390,TXN0009817,CUST01015,,PhonePe Wallet,P2P_TRANSFER,244.56,9198.84,2025-06-20 06:40:25,Success
WLT0002391,TXN0009821,CUST00622,MER0002,Mobikwik,LOAD,434.2,1104.23,2025-02-01 08:58:47,Success
WLT0002392,TXN0009822,CUST01988,MER0143,Paytm Wallet,SPEND,2716.83,13680.92,2025-06-05 22:16:15,Success
WLT0002393,TXN0009823,CUST01342,,Mobikwik,P2P_TRANSFER,2104.94,12791.52,2025-01-18 20:49:26,success
WLT0002394,TXN0009826,CUST01295,,PhonePe Wallet,P2P_TRANSFER,342.97,11622.32,2025-01-27 13:08:57,success
WLT0002395,TXN0009829,CUST00976,MER0095,PhonePe Wallet,LOAD,180.11,2285.93,2025-04-06 07:34:15,SUCCESS
WLT0002396,TXN0009830,CUST00780,,Mobikwik,P2P_TRANSFER,1174.16,4408.08,2025-03-25 05:54:07,SUCCESS
WLT0002397,TXN0009839,CUST00099,,Amazon Pay Balance,P2P_TRANSFER,87.59,11625.13,2025-02-16 02:41:01,success
WLT0002398,TXN0009844,CUST00833,MER0089,PhonePe Wallet,SPEND,134.31,13437.13,2025-03-07 11:09:49,Success
WLT0002399,TXN0009849,CUST00997,MER0017,Amazon Pay Balance,LOAD,98.22,9926.95,2025-05-18 09:35:35,SUCCESS
WLT0002400,TXN0009851,CUST01224,MER0071,Paytm Wallet,LOAD,71.92,8528.45,2025-04-12 02:09:18,SUCCESS
WLT0002401,TXN0009854,CUST01168,MER0057,Paytm Wallet,SPEND,518.27,17227.01,2025-01-12 07:57:02,success
WLT0002402,TXN0009858,CUST01879,MER0094,Mobikwik,SPEND,1404.71,19137.53,2025-03-12 16:39:01,success
WLT0002403,TXN0009865,CUST00752,,Amazon Pay Balance,P2P_TRANSFER,335.74,5392.1,2025-03-16 07:53:29,SUCCESS
WLT0002404,TXN0009875,CUST00011,,Mobikwik,P2P_TRANSFER,464.78,3780.49,2025-05-04 22:05:40,success
WLT0002405,TXN0009879,CUST00278,MER0002,PhonePe Wallet,LOAD,1040.58,19713.56,2025-04-02 14:20:20,FAILED
WLT0002406,TXN0009880,CUST00835,,Amazon Pay Balance,P2P_TRANSFER,703.94,1547.64,2025-04-08 09:10:10,SUCCESS
WLT0002407,TXN0009882,CUST00720,MER0042,Amazon Pay Balance,SPEND,392.17,819.46,2025-01-28 04:28:47,Success
WLT0002408,TXN0009886,CUST00027,MER0121,Mobikwik,LOAD,540.75,11809.29,2025-03-05 10:43:43,SUCCESS
WLT0002409,TXN0009891,CUST00080,MER0142,Mobikwik,SPEND,326.96,13483.12,2025-02-22 00:51:41,Failed
WLT0002410,TXN0009894,CUST00237,MER0089,Mobikwik,LOAD,91.98,9299.26,2025-05-10 12:30:35,Success
WLT0002411,TXN0009895,CUST00061,MER0081,PhonePe Wallet,LOAD,1657.83,10459.95,2025-02-07 17:13:25,SUCCESS
WLT0002412,TXN0009897,CUST00338,MER0136,Mobikwik,LOAD,621.22,4836.67,2025-04-25 23:08:48,success
WLT0002413,TXN0009898,CUST00269,MER0002,Amazon Pay Balance,SPEND,309.54,4864.95,2025-06-03 16:52:12,Success
WLT0002414,TXN0009904,CUST01898,MER0019,Paytm Wallet,LOAD,723.83,12011.19,2025-01-05 14:35:17,success
WLT0002415,TXN0009914,CUST00931,,Amazon Pay Balance,P2P_TRANSFER,168.72,17011.07,2025-06-21 14:44:27,Success
WLT0002416,TXN0009923,CUST01199,MER0038,Paytm Wallet,LOAD,61.63,1668.09,2025-01-19 21:40:09,success
WLT0002417,TXN0009924,CUST00455,MER0114,Paytm Wallet,LOAD,3995.23,6312.0,2025-02-18 15:47:31,SUCCESS
WLT0002418,TXN0009938,CUST00314,MER0140,Amazon Pay Balance,LOAD,823.49,6302.72,2025-03-25 07:59:15,Success
WLT0002419,TXN0009940,CUST01491,,Paytm Wallet,P2P_TRANSFER,558.66,4932.89,2025-03-06 09:10:44,SUCCESS
WLT0002420,TXN0009944,CUST01831,,Mobikwik,P2P_TRANSFER,155.99,13797.44,2025-03-19 11:48:57,SUCCESS
WLT0002421,TXN0009952,CUST00575,,Amazon Pay Balance,P2P_TRANSFER,901.0,3836.79,2025-05-21 08:53:33,Success
WLT0002422,TXN0009957,CUST01863,,Mobikwik,P2P_TRANSFER,938.99,12406.76,2025-06-05 20:53:14,Failed
WLT0002423,TXN0009958,CUST01795,MER0137,Mobikwik,LOAD,123.1,12013.19,2025-02-24 18:08:29,SUCCESS
WLT0002424,TXN0009959,CUST01384,,Amazon Pay Balance,P2P_TRANSFER,371.64,3871.56,2025-05-25 11:02:33,SUCCESS
WLT0002425,TXN0009961,CUST00436,MER0002,Mobikwik,SPEND,132.14,5288.88,2025-05-29 21:30:41,SUCCESS
WLT0002426,TXN0009962,CUST00066,,Mobikwik,P2P_TRANSFER,530.76,12750.89,2025-03-30 05:30:50,SUCCESS
WLT0002427,TXN0009966,CUST00222,MER0087,Mobikwik,LOAD,511.24,11516.94,2025-03-03 05:31:20,FAILED
WLT0002428,TXN0009967,CUST00940,,PhonePe Wallet,P2P_TRANSFER,2233.1,2597.31,2025-04-24 14:06:24,SUCCESS
WLT0002429,TXN0009969,CUST00357,MER0145,Mobikwik,LOAD,780.75,5784.47,2025-06-07 02:10:46,failed
WLT0002430,TXN0009980,CUST00793,,Mobikwik,P2P_TRANSFER,660.24,6459.39,2025-02-24 06:43:24,Success
WLT0002431,TXN0009982,CUST00892,MER0024,PhonePe Wallet,LOAD,1152.38,11626.17,2025-03-27 22:46:02,SUCCESS
WLT0002432,TXN0009986,CUST00619,,PhonePe Wallet,P2P_TRANSFER,292.14,2933.37,2025-04-01 02:26:48,FAILED
WLT0002433,TXN0010004,CUST01268,,Mobikwik,P2P_TRANSFER,89.52,10520.72,2025-04-28 07:45:15,SUCCESS
WLT0002434,TXN0010008,CUST01452,MER0088,Amazon Pay Balance,SPEND,288.47,9251.7,2025-03-25 13:16:56,Failed
WLT0002435,TXN0010009,CUST00204,MER0048,Amazon Pay Balance,LOAD,102.48,16084.86,2025-06-13 10:32:33,success
WLT0002436,TXN0010010,CUST00698,MER0072,Mobikwik,SPEND,323.67,18259.14,2025-05-16 22:18:03,SUCCESS
WLT0002437,TXN0010012,CUST01516,MER0080,Amazon Pay Balance,LOAD,721.19,12470.95,2025-01-01 11:27:07,Success
WLT0002438,TXN0010025,CUST00502,MER0031,Mobikwik,SPEND,879.64,13166.88,2025-04-30 09:49:20,success
WLT0002439,TXN0010029,CUST00877,MER0110,Mobikwik,SPEND,853.3,1880.52,2025-03-08 00:25:40,Success
WLT0002440,TXN0010030,CUST00120,MER0121,Mobikwik,SPEND,350.01,7100.02,2025-05-06 20:22:37,FAILED
WLT0002441,TXN0010035,CUST01122,,Mobikwik,P2P_TRANSFER,190.78,3713.88,2025-05-09 13:59:11,FAILED
WLT0002442,TXN0010039,CUST00980,MER0114,Mobikwik,SPEND,614.75,538.07,2025-01-05 16:02:11,Success
WLT0002443,TXN0010044,CUST01105,MER0040,PhonePe Wallet,SPEND,553.62,3697.13,2025-01-14 21:44:15,Success
WLT0002444,TXN0010045,CUST01780,,Amazon Pay Balance,P2P_TRANSFER,407.41,12650.41,2025-06-08 23:35:01,SUCCESS
WLT0002445,TXN0010046,CUST01303,MER0073,PhonePe Wallet,SPEND,1278.84,18930.56,2025-05-06 15:48:17,SUCCESS
WLT0002446,TXN0010049,CUST00171,,Mobikwik,P2P_TRANSFER,304.32,18501.09,2025-01-30 13:24:19,failed
WLT0002447,TXN0010058,CUST00294,,Amazon Pay Balance,P2P_TRANSFER,525.06,9080.52,2025-03-08 21:51:26,Failed
WLT0002448,TXN0010063,CUST00529,,Mobikwik,P2P_TRANSFER,259.63,13011.89,2025-05-08 23:40:45,success
WLT0002449,TXN0010066,CUST00702,MER0088,Mobikwik,SPEND,149.61,13561.29,2025-06-23 21:24:38,Success
WLT0002450,TXN0010067,CUST00431,MER0036,PhonePe Wallet,SPEND,217.24,15343.19,2025-01-09 00:12:41,Success
WLT0002451,TXN0010068,CUST00194,,Amazon Pay Balance,P2P_TRANSFER,1240.58,5421.35,2025-02-23 08:37:06,success
WLT0002452,TXN0010073,CUST00912,MER0057,Amazon Pay Balance,LOAD,284.92,2033.43,2025-06-19 05:30:19,Success
WLT0002453,TXN0010081,CUST00791,MER0106,Amazon Pay Balance,SPEND,289.98,10471.33,2025-02-20 12:30:57,failed
WLT0002454,TXN0010082,CUST01084,MER0076,Amazon Pay Balance,SPEND,174.21,1764.51,2025-04-25 07:27:01,SUCCESS
WLT0002455,TXN0010083,CUST00873,,Amazon Pay Balance,P2P_TRANSFER,1098.02,18480.08,2025-02-24 02:45:09,Success
WLT0002456,TXN0010086,CUST00247,,Mobikwik,P2P_TRANSFER,342.32,3302.44,2025-03-20 23:48:24,SUCCESS
WLT0002457,TXN0010087,CUST01281,,PhonePe Wallet,P2P_TRANSFER,357.63,9364.04,2025-01-02 03:05:35,Success
WLT0002458,TXN0010089,CUST00266,MER0108,PhonePe Wallet,SPEND,251.18,19290.03,2025-03-05 11:53:19,Success
WLT0002459,TXN0010097,CUST00655,MER0113,Amazon Pay Balance,SPEND,1086.14,9441.11,2025-04-24 11:04:01,Success
WLT0002460,TXN0010098,CUST01593,,Mobikwik,P2P_TRANSFER,1148.98,439.06,2025-05-13 23:28:06,Success
WLT0002461,TXN0010102,CUST00896,MER0096,Paytm Wallet,SPEND,80.26,13489.41,2025-06-24 23:07:27,success
WLT0002462,TXN0010105,CUST01829,MER0141,Amazon Pay Balance,SPEND,169.84,14887.7,2025-06-16 10:03:10,SUCCESS
WLT0002463,TXN0010113,CUST01331,MER0035,Paytm Wallet,LOAD,893.19,2933.43,2025-01-19 04:14:28,SUCCESS
WLT0002464,TXN0010118,CUST00115,MER0070,Paytm Wallet,SPEND,1114.23,14737.94,2025-03-03 11:43:28,Success
WLT0002465,TXN0010120,CUST00820,MER0114,PhonePe Wallet,SPEND,310.12,15794.12,2025-01-03 06:45:44,Success
WLT0002466,TXN0010124,CUST00411,,Paytm Wallet,P2P_TRANSFER,1018.63,3223.29,2025-01-14 01:56:13,Success
WLT0002467,TXN0010129,CUST00795,MER0140,Paytm Wallet,LOAD,1017.49,2853.82,2025-02-09 12:33:58,Success
WLT0002468,TXN0010130,CUST00420,MER0055,Paytm Wallet,LOAD,343.74,5745.03,2025-03-24 02:40:06,SUCCESS
WLT0002469,TXN0010133,CUST01940,MER0043,PhonePe Wallet,SPEND,729.35,10312.27,2025-05-15 05:52:04,success
WLT0002470,TXN0010138,CUST01387,,Paytm Wallet,P2P_TRANSFER,401.2,16589.97,2025-06-28 03:10:54,Success
WLT0002471,TXN0010139,CUST00586,MER0035,Mobikwik,LOAD,386.24,53.52,2025-01-05 15:58:23,Success
WLT0002472,TXN0010140,CUST01152,MER0108,Mobikwik,LOAD,336.04,10674.66,2025-02-24 08:34:35,Failed
WLT0002473,TXN0010145,CUST01155,MER0096,Mobikwik,LOAD,878.27,1391.27,2025-01-10 16:38:13,pending
WLT0002474,TXN0010146,CUST01690,MER0001,Paytm Wallet,SPEND,803.92,12471.64,2025-01-16 00:55:16,SUCCESS
WLT0002475,TXN0010147,CUST00222,MER0075,Paytm Wallet,LOAD,1217.74,19669.03,2025-03-18 00:32:34,SUCCESS
WLT0002476,TXN0010155,CUST00523,MER0016,Mobikwik,LOAD,2563.17,919.26,2025-02-24 17:29:43,Pending
WLT0002477,TXN0010161,CUST01300,MER0071,Mobikwik,SPEND,968.79,18232.23,2025-04-11 00:18:51,SUCCESS
WLT0002478,TXN0010162,CUST01323,,Paytm Wallet,P2P_TRANSFER,34.54,12509.5,2025-03-02 06:04:34,success
WLT0002479,TXN0010177,CUST00192,,Amazon Pay Balance,P2P_TRANSFER,102.71,4466.13,2025-04-11 04:32:00,Success
WLT0002480,TXN0010179,CUST01637,MER0109,Amazon Pay Balance,LOAD,114.65,10823.6,2025-01-22 21:47:31,Success
WLT0002481,TXN0010180,CUST00175,MER0121,PhonePe Wallet,LOAD,273.62,15876.7,2025-06-10 12:14:35,Success
WLT0002482,TXN0010181,CUST01704,MER0092,Amazon Pay Balance,LOAD,1232.92,3460.98,2025-04-23 10:59:58,Failed
WLT0002483,TXN0010185,CUST01782,,Amazon Pay Balance,P2P_TRANSFER,2411.73,17890.38,2025-03-04 07:15:29,Success
WLT0002484,TXN0010191,CUST00671,MER0039,Paytm Wallet,LOAD,544.69,11471.98,2025-04-16 21:53:56,Success
WLT0002485,TXN0010197,CUST00959,MER0124,Amazon Pay Balance,SPEND,501.48,7063.33,2025-03-07 01:55:02,SUCCESS
WLT0002486,TXN0010198,CUST01146,,Mobikwik,P2P_TRANSFER,307.41,856.19,2025-05-13 07:10:43,SUCCESS
WLT0002487,TXN0010207,CUST00981,MER0111,Paytm Wallet,LOAD,159.29,1204.32,2025-04-26 01:22:32,success
WLT0002488,TXN0010210,CUST00760,MER0016,Amazon Pay Balance,SPEND,438.4,584.15,2025-02-01 23:07:19,success
WLT0002489,TXN0010214,CUST00010,MER0120,Mobikwik,SPEND,1415.34,8903.9,2025-06-08 21:00:57,success
WLT0002490,TXN0010216,CUST01877,MER0121,Amazon Pay Balance,LOAD,180.73,18321.54,2025-01-25 06:49:46,FAILED
WLT0002491,TXN0010217,CUST01815,MER0003,Mobikwik,LOAD,1142.3,6478.16,2025-05-05 01:31:47,success
WLT0002492,TXN0010221,CUST00934,MER0030,Mobikwik,LOAD,3318.49,11572.37,2025-01-24 11:17:51,Success
WLT0002493,TXN0010222,CUST01800,MER0075,Paytm Wallet,SPEND,79.23,14182.78,2025-01-28 05:25:09,SUCCESS
WLT0002494,TXN0010227,CUST00907,MER0038,Mobikwik,LOAD,213.26,5028.26,2025-01-15 05:03:33,SUCCESS
WLT0002495,TXN0010228,CUST00099,MER0072,Amazon Pay Balance,SPEND,567.91,15368.75,2025-01-28 08:13:58,Success
WLT0002496,TXN0010235,CUST01389,MER0122,Paytm Wallet,SPEND,529.96,15704.48,2025-01-22 00:53:03,Success
WLT0002497,TXN0010236,CUST00771,MER0112,PhonePe Wallet,SPEND,539.74,15034.91,2025-03-09 22:29:54,Success
WLT0002498,TXN0010237,CUST01581,MER0117,Paytm Wallet,LOAD,689.88,14978.32,2025-03-20 23:27:03,Failed
WLT0002499,TXN0010248,CUST01716,,Amazon Pay Balance,P2P_TRANSFER,835.6,13234.32,2025-01-15 17:54:01,success
WLT0002500,TXN0010251,CUST00044,MER0073,Amazon Pay Balance,SPEND,242.06,7519.76,2025-04-03 20:45:48,FAILED
WLT0002501,TXN0010257,CUST00142,MER0039,PhonePe Wallet,LOAD,74.31,1321.47,2025-03-23 08:57:23,success
WLT0002502,TXN0010261,CUST01470,,Mobikwik,P2P_TRANSFER,950.13,19386.35,2025-02-20 19:23:48,success
WLT0002503,TXN0010262,CUST01730,MER0087,PhonePe Wallet,LOAD,352.34,18451.27,2025-04-27 02:17:30,success
WLT0002504,TXN0010263,CUST00934,MER0053,PhonePe Wallet,SPEND,617.84,424.36,2025-02-12 20:20:11,success
WLT0002505,TXN0010277,CUST01347,MER0094,Paytm Wallet,LOAD,4483.05,1207.69,2025-01-29 09:35:13,SUCCESS
WLT0002506,TXN0010289,CUST01207,,Amazon Pay Balance,P2P_TRANSFER,852.49,16099.49,2025-05-29 16:22:29,Success
WLT0002507,TXN0010294,CUST00117,MER0051,Paytm Wallet,SPEND,2417.44,5058.13,2025-02-15 12:43:03,success
WLT0002508,TXN0010306,CUST00356,MER0060,Amazon Pay Balance,LOAD,217.63,13158.22,2025-03-07 05:30:41,SUCCESS
WLT0002509,TXN0010315,CUST01578,MER0044,Mobikwik,SPEND,253.0,11409.36,2025-04-14 15:38:23,Pending
WLT0002510,TXN0010319,CUST00137,MER0147,Amazon Pay Balance,LOAD,246.36,4092.89,2025-02-28 20:32:51,Success
WLT0002511,TXN0010321,CUST01429,MER0118,Paytm Wallet,SPEND,1999.51,14121.51,2025-06-14 10:23:36,success
WLT0002512,TXN0010331,CUST01198,MER0079,Amazon Pay Balance,SPEND,117.44,2801.87,2025-01-28 04:07:29,SUCCESS
WLT0002513,TXN0010332,CUST01367,MER0060,PhonePe Wallet,SPEND,364.06,783.01,2025-04-03 02:43:41,Success
WLT0002514,TXN0010334,CUST00059,MER0027,Amazon Pay Balance,LOAD,636.62,3701.96,2025-03-20 17:56:05,Success
WLT0002515,TXN0010336,CUST00981,MER0026,Amazon Pay Balance,SPEND,4241.44,4896.85,2025-04-09 20:31:04,Failed
WLT0002516,TXN0010342,CUST01116,MER0092,PhonePe Wallet,LOAD,1122.16,8805.69,2025-01-05 18:31:36,Success
WLT0002517,TXN0010344,CUST01590,MER0042,Mobikwik,SPEND,374.27,6569.73,2025-03-31 07:14:37,Success
WLT0002518,TXN0010351,CUST01319,MER0102,Mobikwik,LOAD,1352.72,3157.45,2025-06-08 15:36:09,success
WLT0002519,TXN0010352,CUST00666,,Paytm Wallet,P2P_TRANSFER,739.43,18776.78,2025-04-17 20:34:10,Failed
WLT0002520,TXN0010357,CUST01097,,Amazon Pay Balance,P2P_TRANSFER,247.25,8785.87,2025-03-04 19:25:38,success
WLT0002521,TXN0010360,CUST00661,MER0127,PhonePe Wallet,LOAD,745.33,13841.48,2025-03-15 19:46:34,success
WLT0002522,TXN0010369,CUST00989,MER0049,Paytm Wallet,LOAD,2476.57,2512.93,2025-04-22 00:06:55,FAILED
WLT0002523,TXN0010370,CUST00144,MER0036,PhonePe Wallet,LOAD,877.13,4566.67,2025-04-25 14:40:37,SUCCESS
WLT0002524,TXN0010380,CUST00553,MER0047,Amazon Pay Balance,LOAD,246.38,2088.8,2025-04-12 12:40:17,Failed
WLT0002525,TXN0010381,CUST01942,MER0126,PhonePe Wallet,LOAD,632.82,9472.65,2025-03-09 21:09:52,success
WLT0002526,TXN0010382,CUST01310,MER0013,Mobikwik,LOAD,346.59,7796.29,2025-05-02 15:30:43,success
WLT0002527,TXN0010393,CUST00372,,Mobikwik,P2P_TRANSFER,223.88,11879.41,2025-06-15 05:51:50,SUCCESS
WLT0002528,TXN0010396,CUST01149,,Paytm Wallet,P2P_TRANSFER,1360.25,5158.06,2025-02-02 15:37:38,Success
WLT0002529,TXN0010398,CUST01603,MER0051,Mobikwik,SPEND,1095.44,19114.4,2025-01-04 20:20:06,success
WLT0002530,TXN0010408,CUST00801,MER0095,Paytm Wallet,SPEND,1372.75,19373.63,2025-06-25 00:19:21,SUCCESS
WLT0002531,TXN0010409,CUST00836,MER0127,Mobikwik,SPEND,96.83,12520.5,2025-02-19 15:42:18,Success
WLT0002532,TXN0010411,CUST01850,MER0054,PhonePe Wallet,LOAD,791.99,17253.0,2025-03-12 06:30:56,success
WLT0002533,TXN0010412,CUST01323,MER0096,Amazon Pay Balance,LOAD,1028.17,10359.17,2025-02-12 12:00:26,Success
WLT0002534,TXN0010417,CUST01685,MER0132,Paytm Wallet,LOAD,5577.37,13871.84,2025-02-08 13:40:02,Pending
WLT0002535,TXN0010420,CUST01519,MER0091,Mobikwik,LOAD,692.1,5850.19,2025-05-08 04:07:15,SUCCESS
WLT0002536,TXN0010423,CUST01013,,Amazon Pay Balance,P2P_TRANSFER,1276.43,17237.41,2025-03-18 01:09:39,Success
WLT0002537,TXN0010425,CUST00642,,Amazon Pay Balance,P2P_TRANSFER,985.09,2958.85,2025-01-06 16:32:27,SUCCESS
WLT0002538,TXN0010433,CUST00500,MER0111,PhonePe Wallet,SPEND,754.36,11744.41,2025-04-26 22:30:54,Success
WLT0002539,TXN0010441,CUST01501,MER0014,Amazon Pay Balance,LOAD,486.44,2544.63,2025-03-30 21:54:06,Success
WLT0002540,TXN0010442,CUST00404,,Mobikwik,P2P_TRANSFER,339.04,19409.64,2025-06-28 05:05:57,success
WLT0002541,TXN0010446,CUST00291,MER0081,Mobikwik,LOAD,496.35,17181.3,2025-02-22 08:37:06,SUCCESS
WLT0002542,TXN0010448,CUST01288,MER0002,Amazon Pay Balance,LOAD,886.12,7044.93,2025-02-16 22:21:10,success
WLT0002543,TXN0010451,CUST01146,MER0029,PhonePe Wallet,LOAD,399.43,752.32,2025-03-10 19:22:42,success
WLT0002544,TXN0010469,CUST01384,MER0047,Mobikwik,LOAD,347.71,7822.6,2025-06-06 12:48:42,success
WLT0002545,TXN0010471,CUST01418,,Amazon Pay Balance,P2P_TRANSFER,1149.64,18468.38,2025-03-12 13:55:38,SUCCESS
WLT0002546,TXN0010475,CUST00600,MER0021,Mobikwik,SPEND,249.11,5710.0,2025-02-20 09:33:46,SUCCESS
WLT0002547,TXN0010482,CUST01548,MER0117,Amazon Pay Balance,LOAD,141.21,1037.6,2025-05-16 15:25:16,success
WLT0002548,TXN0010483,CUST00065,MER0107,Mobikwik,SPEND,546.4,1494.04,2025-01-27 08:27:57,SUCCESS
WLT0002549,TXN0010489,CUST00178,MER0122,PhonePe Wallet,LOAD,1461.78,3301.22,2025-03-14 17:32:16,Success
WLT0002550,TXN0010495,CUST00528,MER0131,Paytm Wallet,LOAD,303.48,306.79,2025-06-02 03:32:34,Success
WLT0002551,TXN0010498,CUST01273,MER0109,Paytm Wallet,LOAD,278.13,7185.4,2025-04-21 21:08:44,PENDING
WLT0002552,TXN0010503,CUST00893,MER0016,PhonePe Wallet,LOAD,539.93,12297.52,2025-03-02 08:16:05,Success
WLT0002553,TXN0010505,CUST00676,MER0139,Paytm Wallet,SPEND,1071.11,1202.66,2025-01-28 17:40:35,Success
WLT0002554,TXN0010509,CUST01951,MER0072,Paytm Wallet,SPEND,564.27,5707.82,2025-06-01 18:43:40,success
WLT0002555,TXN0010512,CUST00632,MER0024,Paytm Wallet,LOAD,20.92,6794.58,2025-05-08 16:30:05,success
WLT0002556,TXN0010515,CUST01671,,Mobikwik,P2P_TRANSFER,330.17,901.71,2025-02-27 19:45:18,success
WLT0002557,TXN0010517,CUST01392,,Mobikwik,P2P_TRANSFER,259.79,16741.38,2025-02-04 02:50:27,Success
WLT0002558,TXN0010519,CUST00505,,Mobikwik,P2P_TRANSFER,222.57,12662.58,2025-04-02 12:47:35,success
WLT0002559,TXN0010520,CUST00741,MER0114,PhonePe Wallet,LOAD,687.34,8286.14,2025-03-15 12:23:19,Success
WLT0002560,TXN0010522,CUST01249,,Paytm Wallet,P2P_TRANSFER,126.31,7563.25,2025-05-20 11:41:10,Success
WLT0002561,TXN0010526,CUST00175,MER0052,PhonePe Wallet,SPEND,2192.34,4446.16,2025-05-06 14:45:26,Success
WLT0002562,TXN0010527,CUST00613,,Paytm Wallet,P2P_TRANSFER,210.12,10085.76,2025-06-21 10:45:47,SUCCESS
WLT0002563,TXN0010531,CUST01199,MER0031,Paytm Wallet,LOAD,676.49,2754.14,2025-05-12 16:39:29,SUCCESS
WLT0002564,TXN0010532,CUST01316,,PhonePe Wallet,P2P_TRANSFER,1034.19,12744.44,2025-01-04 01:37:54,SUCCESS
WLT0002565,TXN0010535,CUST01918,MER0033,Amazon Pay Balance,LOAD,661.19,3478.15,2025-03-17 16:43:29,Success
WLT0002566,TXN0010539,CUST00229,MER0037,Paytm Wallet,LOAD,283.5,8794.22,2025-05-14 01:46:06,failed
WLT0002567,TXN0010542,CUST00469,MER0040,Mobikwik,LOAD,1565.48,11389.11,2025-01-31 10:25:08,SUCCESS
WLT0002568,TXN0010543,CUST00201,MER0064,Mobikwik,SPEND,92.68,9495.11,2025-03-19 02:28:52,success
WLT0002569,TXN0010544,CUST01162,MER0083,Paytm Wallet,LOAD,2960.32,15888.81,2025-03-27 22:54:54,success
WLT0002570,TXN0010553,CUST01769,,Paytm Wallet,P2P_TRANSFER,1400.91,8079.44,2025-02-19 09:06:11,Success
WLT0002571,TXN0010554,CUST00562,MER0003,Amazon Pay Balance,SPEND,248.59,18926.36,2025-06-07 01:34:54,Success
WLT0002572,TXN0010555,CUST00364,,PhonePe Wallet,P2P_TRANSFER,121.64,7409.04,2025-05-31 16:57:07,success
WLT0002573,TXN0010566,CUST00018,MER0053,Amazon Pay Balance,LOAD,828.82,13049.43,2025-02-23 00:56:10,Success
WLT0002574,TXN0010570,CUST01482,,Paytm Wallet,P2P_TRANSFER,268.55,2781.01,2025-06-03 04:06:36,success
WLT0002575,TXN0010571,CUST00869,MER0025,PhonePe Wallet,LOAD,162.32,8988.1,2025-01-09 16:06:01,Success
WLT0002576,TXN0010584,CUST00404,MER0020,Paytm Wallet,LOAD,998.36,9801.89,2025-06-21 04:00:44,success
WLT0002577,TXN0010591,CUST01512,MER0004,Amazon Pay Balance,LOAD,672.62,9889.07,2025-04-01 11:02:57,SUCCESS
WLT0002578,TXN0010592,CUST01535,MER0079,Paytm Wallet,LOAD,1490.67,8483.96,2025-05-06 19:58:25,PENDING
WLT0002579,TXN0010596,CUST00166,,PhonePe Wallet,P2P_TRANSFER,147.23,3506.96,2025-05-20 06:43:36,success
WLT0002580,TXN0010598,CUST01871,,Paytm Wallet,P2P_TRANSFER,994.08,13939.2,2025-01-23 03:55:49,success
WLT0002581,TXN0010603,CUST01243,MER0047,Mobikwik,SPEND,975.67,3326.76,2025-02-12 01:51:21,success
WLT0002582,TXN0010607,CUST00165,MER0078,Paytm Wallet,SPEND,320.73,18253.58,2025-03-12 06:08:35,success
WLT0002583,TXN0010609,CUST01241,MER0102,PhonePe Wallet,SPEND,3893.52,6857.66,2025-03-08 19:42:07,Success
WLT0002584,TXN0010612,CUST00877,MER0061,Amazon Pay Balance,LOAD,3035.42,4610.67,2025-03-27 06:46:38,Success
WLT0002585,TXN0010623,CUST00940,,Amazon Pay Balance,P2P_TRANSFER,611.71,8285.77,2025-04-16 17:25:00,Success
WLT0002586,TXN0010626,CUST00096,,Amazon Pay Balance,P2P_TRANSFER,400.9,11367.24,2025-01-28 03:28:04,Success
WLT0002587,TXN0010631,CUST00869,,Mobikwik,P2P_TRANSFER,200.15,3397.9,2025-02-12 09:52:31,Success
WLT0002588,TXN0010632,CUST00002,,Mobikwik,P2P_TRANSFER,335.46,19817.61,2025-05-13 00:55:16,Success
WLT0002589,TXN0010638,CUST00465,,PhonePe Wallet,P2P_TRANSFER,596.39,16462.78,2025-03-19 01:08:19,success
WLT0002590,TXN0010639,CUST01090,MER0054,Paytm Wallet,LOAD,1223.44,13325.0,2025-06-22 06:32:08,Success
WLT0002591,TXN0010641,CUST00982,,Paytm Wallet,P2P_TRANSFER,811.42,7462.38,2025-02-18 14:15:30,SUCCESS
WLT0002592,TXN0010650,CUST01236,MER0059,Amazon Pay Balance,SPEND,616.08,6450.55,2025-03-19 23:25:35,Success
WLT0002593,TXN0010654,CUST01530,MER0030,Mobikwik,LOAD,5913.73,565.14,2025-05-09 09:58:39,success
WLT0002594,TXN0010660,CUST01522,MER0038,Paytm Wallet,SPEND,1390.29,19469.46,2025-04-23 10:22:46,success
WLT0002595,TXN0010665,CUST00395,,PhonePe Wallet,P2P_TRANSFER,1158.44,3405.05,2025-04-15 04:08:52,SUCCESS
WLT0002596,TXN0010669,CUST01387,MER0134,Paytm Wallet,LOAD,915.72,5644.16,2025-05-08 09:58:07,success
WLT0002597,TXN0010676,CUST00572,MER0105,Amazon Pay Balance,LOAD,1119.01,9475.58,2025-06-03 12:07:29,SUCCESS
WLT0002598,TXN0010678,CUST01059,MER0142,Amazon Pay Balance,SPEND,180.83,18462.57,2025-05-01 08:31:43,SUCCESS
WLT0002599,TXN0010684,CUST00836,,Mobikwik,P2P_TRANSFER,1504.48,12900.86,2025-01-19 06:37:24,SUCCESS
WLT0002600,TXN0010689,CUST00858,MER0106,Amazon Pay Balance,LOAD,1677.16,1670.46,2025-02-12 07:34:27,Success
WLT0002601,TXN0010691,CUST00146,,Amazon Pay Balance,P2P_TRANSFER,1616.66,7058.87,2025-06-12 22:51:47,Success
WLT0002602,TXN0010699,CUST00713,,Paytm Wallet,P2P_TRANSFER,541.73,16400.44,2025-05-13 16:15:31,SUCCESS
WLT0002603,TXN0010706,CUST00549,MER0012,Paytm Wallet,SPEND,394.09,14393.82,2025-03-02 06:54:20,SUCCESS
WLT0002604,TXN0010707,CUST01412,MER0015,PhonePe Wallet,LOAD,16.0,4788.99,2025-02-17 02:56:10,SUCCESS
WLT0002605,TXN0010709,CUST00732,MER0096,Mobikwik,SPEND,717.54,12158.99,2025-04-11 04:12:53,Success
WLT0002606,TXN0010711,CUST00461,MER0108,Mobikwik,SPEND,214.35,12408.97,2025-06-25 12:02:17,Success
WLT0002607,TXN0010714,CUST01702,,PhonePe Wallet,P2P_TRANSFER,1657.02,6807.88,2025-04-04 13:29:10,Failed
WLT0002608,TXN0010721,CUST01143,MER0018,Paytm Wallet,SPEND,679.91,18115.39,2025-05-03 04:59:05,success
WLT0002609,TXN0010725,CUST01441,MER0049,Mobikwik,SPEND,-231.97,14622.6,2025-03-20 19:14:23,Success
WLT0002610,TXN0010730,CUST00201,MER0143,Mobikwik,SPEND,155.79,16949.07,2025-02-18 20:57:22,success
WLT0002611,TXN0010733,CUST01590,,Paytm Wallet,P2P_TRANSFER,359.46,18759.28,2025-02-17 01:29:10,SUCCESS
WLT0002612,TXN0010734,CUST00018,MER0121,Paytm Wallet,SPEND,222.23,14859.73,2025-04-27 02:01:24,SUCCESS
WLT0002613,TXN0010737,CUST01962,MER0110,PhonePe Wallet,SPEND,426.9,8222.98,2025-05-16 02:29:34,success
WLT0002614,TXN0010742,CUST01535,MER0046,Paytm Wallet,LOAD,101.71,19113.4,2025-05-17 10:26:17,SUCCESS
WLT0002615,TXN0010746,CUST00821,MER0018,Paytm Wallet,SPEND,535.94,14367.53,2025-06-20 08:43:23,SUCCESS
WLT0002616,TXN0010752,CUST00602,MER0047,Mobikwik,LOAD,1078.95,15175.49,2025-03-01 08:20:19,failed
WLT0002617,TXN0010753,CUST00272,MER0044,Mobikwik,LOAD,428.68,12634.31,2025-05-23 17:13:59,SUCCESS
WLT0002618,TXN0010754,CUST01743,MER0025,PhonePe Wallet,SPEND,246.76,4775.06,2025-05-14 15:55:20,success
WLT0002619,TXN0010756,CUST01622,MER0059,Mobikwik,SPEND,406.74,10516.36,2025-06-07 10:24:28,SUCCESS
WLT0002620,TXN0010758,CUST01380,MER0048,Paytm Wallet,SPEND,129.5,2437.97,2025-05-23 10:26:57,Pending
WLT0002621,TXN0010760,CUST00632,MER0025,Paytm Wallet,LOAD,197.76,18679.18,2025-06-23 02:58:16,SUCCESS
WLT0002622,TXN0010763,CUST00550,,Mobikwik,P2P_TRANSFER,671.01,6269.25,2025-05-28 17:29:17,failed
WLT0002623,TXN0010765,CUST01747,,Mobikwik,P2P_TRANSFER,539.87,784.75,2025-05-10 23:38:22,failed
WLT0002624,TXN0010766,CUST01369,,Amazon Pay Balance,P2P_TRANSFER,763.17,3812.56,2025-05-15 14:12:25,Success
WLT0002625,TXN0010767,CUST00573,,Mobikwik,P2P_TRANSFER,1067.59,4695.62,2025-06-12 11:41:46,Success
WLT0002626,TXN0010770,CUST00843,MER0024,Amazon Pay Balance,SPEND,1070.0,2874.49,2025-01-23 21:59:28,SUCCESS
WLT0002627,TXN0010772,CUST01347,,Amazon Pay Balance,P2P_TRANSFER,493.74,4053.43,2025-03-07 07:33:55,SUCCESS
WLT0002628,TXN0010778,CUST00395,MER0082,Mobikwik,SPEND,83.53,3783.62,2025-03-02 09:34:47,success
WLT0002629,TXN0010779,CUST01702,MER0077,Amazon Pay Balance,SPEND,1317.03,11773.95,2025-06-12 20:57:17,Success
WLT0002630,TXN0010784,CUST01847,MER0019,PhonePe Wallet,SPEND,455.03,4737.12,2025-01-06 06:34:52,success
WLT0002631,TXN0010785,CUST01317,,Mobikwik,P2P_TRANSFER,361.24,14074.67,2025-03-16 10:27:04,Success
WLT0002632,TXN0010789,CUST01960,,Amazon Pay Balance,P2P_TRANSFER,337.84,2127.67,2025-04-04 06:17:23,SUCCESS
WLT0002633,TXN0010791,CUST01195,MER0109,Mobikwik,SPEND,102.24,19578.54,2025-04-27 11:57:43,SUCCESS
WLT0002634,TXN0010799,CUST01387,,PhonePe Wallet,P2P_TRANSFER,1069.85,8987.55,2025-05-01 14:35:20,SUCCESS
WLT0002635,TXN0010809,CUST00472,MER0066,Mobikwik,SPEND,2764.73,4469.16,2025-02-10 12:33:06,SUCCESS
WLT0002636,TXN0010810,CUST00968,MER0135,PhonePe Wallet,LOAD,1089.71,12328.12,2025-03-16 00:44:55,Success
WLT0002637,TXN0010811,CUST00894,MER0066,Amazon Pay Balance,LOAD,999.1,17417.91,2025-05-23 01:45:29,Success
WLT0002638,TXN0010812,CUST00077,MER0093,Paytm Wallet,SPEND,293.54,3502.16,2025-06-07 15:53:35,SUCCESS
WLT0002639,TXN0010815,CUST00786,MER0035,PhonePe Wallet,LOAD,462.32,4647.24,2025-04-18 16:05:15,success
WLT0002640,TXN0010816,CUST00676,MER0116,Mobikwik,LOAD,382.27,4329.73,2025-02-22 05:34:39,Success
WLT0002641,TXN0010818,CUST01706,,Amazon Pay Balance,P2P_TRANSFER,134.78,16380.35,2025-06-17 09:03:57,success
WLT0002642,TXN0010825,CUST01166,MER0109,Amazon Pay Balance,LOAD,335.95,11782.33,2025-02-25 00:38:34,success
WLT0002643,TXN0010837,CUST01515,MER0103,Paytm Wallet,SPEND,330.99,16613.13,2025-05-10 12:16:05,Success
WLT0002644,TXN0010839,CUST00881,MER0138,Amazon Pay Balance,LOAD,505.67,15125.85,2025-04-29 16:49:13,Success
WLT0002645,TXN0010847,CUST00169,,PhonePe Wallet,P2P_TRANSFER,2085.28,501.96,2025-05-28 07:52:47,Success
WLT0002646,TXN0010853,CUST01337,MER0139,PhonePe Wallet,SPEND,531.57,16281.48,2025-05-22 08:35:32,SUCCESS
WLT0002647,TXN0010854,CUST01035,MER0006,Mobikwik,LOAD,952.93,19922.05,2025-05-14 06:02:24,Success
WLT0002648,TXN0010856,CUST01357,,Paytm Wallet,P2P_TRANSFER,540.76,3554.38,2025-04-20 07:39:15,SUCCESS
WLT0002649,TXN0010857,CUST01817,MER0047,PhonePe Wallet,SPEND,529.68,14053.9,2025-02-09 16:37:13,Success
WLT0002650,TXN0010860,CUST01060,MER0072,PhonePe Wallet,LOAD,541.14,10662.26,2025-03-04 22:54:19,SUCCESS
WLT0002651,TXN0010868,CUST00148,MER0138,Mobikwik,SPEND,640.82,3089.49,2025-04-25 03:28:26,SUCCESS
WLT0002652,TXN0010872,CUST00267,MER0062,Amazon Pay Balance,SPEND,924.09,2692.35,2025-04-15 15:32:11,Success
WLT0002653,TXN0010873,CUST00663,MER0126,Paytm Wallet,LOAD,503.15,18221.97,2025-03-25 01:50:39,success
WLT0002654,TXN0010884,CUST01577,,PhonePe Wallet,P2P_TRANSFER,1164.87,10298.16,2025-05-29 09:05:27,Success
WLT0002655,TXN0010886,CUST01184,MER0086,PhonePe Wallet,LOAD,498.66,10090.37,2025-01-17 07:44:38,SUCCESS
WLT0002656,TXN0010895,CUST00671,MER0014,Paytm Wallet,LOAD,233.65,10632.45,2025-02-07 17:31:03,success
WLT0002657,TXN0010902,CUST00215,MER0039,PhonePe Wallet,SPEND,44.86,3532.12,2025-02-08 02:14:51,success
WLT0002658,TXN0010903,CUST00456,MER0108,PhonePe Wallet,LOAD,386.42,1470.06,2025-01-18 05:43:55,failed
WLT0002659,TXN0010904,CUST00977,MER0013,Paytm Wallet,SPEND,285.42,4561.15,2025-03-29 02:07:47,Failed
WLT0002660,TXN0010905,CUST01808,,Paytm Wallet,P2P_TRANSFER,1357.19,9927.25,2025-01-25 02:01:49,success
WLT0002661,TXN0010912,CUST01103,MER0011,Paytm Wallet,LOAD,401.8,11402.22,2025-04-09 22:09:49,SUCCESS
WLT0002662,TXN0010919,CUST01029,MER0036,Amazon Pay Balance,LOAD,353.31,8967.08,2025-04-25 01:38:13,SUCCESS
WLT0002663,TXN0010921,CUST01536,MER0065,Amazon Pay Balance,LOAD,61.75,1925.62,2025-06-20 12:36:15,Success
WLT0002664,TXN0010922,CUST01692,MER0062,Paytm Wallet,SPEND,309.81,10454.29,2025-04-03 11:14:40,Failed
WLT0002665,TXN0010925,CUST00052,,Paytm Wallet,P2P_TRANSFER,379.06,3751.81,2025-01-30 04:26:16,success
WLT0002666,TXN0010929,CUST00410,,PhonePe Wallet,P2P_TRANSFER,204.51,7228.44,2025-01-15 18:19:54,Success
WLT0002667,TXN0010934,CUST01744,,Amazon Pay Balance,P2P_TRANSFER,213.89,1071.36,2025-01-07 12:06:28,failed
WLT0002668,TXN0010941,CUST01346,MER0063,PhonePe Wallet,LOAD,628.49,9703.87,2025-03-08 09:37:57,SUCCESS
WLT0002669,TXN0010942,CUST01954,,PhonePe Wallet,P2P_TRANSFER,300.09,15053.64,2025-02-08 21:23:41,success
WLT0002670,TXN0010946,CUST01962,,Amazon Pay Balance,P2P_TRANSFER,232.39,11942.29,2025-04-01 13:39:06,SUCCESS
WLT0002671,TXN0010952,CUST00864,,Amazon Pay Balance,P2P_TRANSFER,733.78,10758.8,2025-04-27 12:14:07,success
WLT0002672,TXN0010958,CUST00441,MER0115,Amazon Pay Balance,LOAD,245.17,19429.01,2025-06-02 22:16:27,Success
WLT0002673,TXN0010959,CUST01903,,Mobikwik,P2P_TRANSFER,482.95,16322.22,2025-03-24 19:05:57,Success
WLT0002674,TXN0010968,CUST01814,,Amazon Pay Balance,P2P_TRANSFER,959.35,10126.87,2025-04-30 05:57:37,SUCCESS
WLT0002675,TXN0010969,CUST00033,MER0035,Paytm Wallet,LOAD,401.66,7005.65,2025-03-13 15:00:45,success
WLT0002676,TXN0010974,CUST00477,MER0001,PhonePe Wallet,LOAD,761.58,5854.2,2025-05-22 18:01:23,Success
WLT0002677,TXN0010975,CUST00370,MER0048,Paytm Wallet,LOAD,2391.6,4153.52,2025-04-07 09:17:47,SUCCESS
WLT0002678,TXN0010978,CUST01717,MER0062,PhonePe Wallet,LOAD,316.17,7289.83,2025-05-02 00:03:03,SUCCESS
WLT0002679,TXN0010980,CUST01874,,Mobikwik,P2P_TRANSFER,206.24,4485.47,2025-02-19 04:49:18,Success
WLT0002680,TXN0010981,CUST00113,MER0056,Mobikwik,SPEND,956.0,17172.61,2025-06-20 00:55:14,success
WLT0002681,TXN0010982,CUST00181,MER0097,Amazon Pay Balance,SPEND,364.26,13651.72,2025-01-07 06:12:35,Success
WLT0002682,TXN0010990,CUST00671,MER0073,Paytm Wallet,LOAD,2644.1,3582.12,2025-01-21 00:32:05,success
WLT0002683,TXN0010991,CUST00035,MER0043,Mobikwik,LOAD,297.82,18172.36,2025-06-27 22:22:44,success
WLT0002684,TXN0010992,CUST01479,,PhonePe Wallet,P2P_TRANSFER,1074.84,3212.87,2025-04-08 23:21:56,Success
WLT0002685,TXN0010998,CUST00185,MER0094,PhonePe Wallet,SPEND,264.65,19351.77,2025-01-15 19:50:22,Success
WLT0002686,TXN0011000,CUST00290,MER0096,PhonePe Wallet,SPEND,760.3,7893.93,2025-02-07 23:32:25,Success
WLT0002687,TXN0011003,CUST00161,MER0135,Mobikwik,LOAD,1054.55,720.63,2025-05-31 15:35:03,SUCCESS
WLT0002688,TXN0011007,CUST01796,MER0015,Amazon Pay Balance,LOAD,379.98,9823.9,2025-06-07 01:29:42,success
WLT0002689,TXN0011009,CUST01446,MER0020,Amazon Pay Balance,LOAD,1573.56,12835.18,2025-06-28 00:00:33,success
WLT0002690,TXN0011012,CUST01063,MER0029,Mobikwik,SPEND,393.36,3429.19,2025-03-15 03:58:03,SUCCESS
WLT0002691,TXN0011017,CUST01091,MER0147,PhonePe Wallet,LOAD,97.66,14646.21,2025-01-18 19:21:08,Success
WLT0002692,TXN0011021,CUST00789,,PhonePe Wallet,P2P_TRANSFER,965.41,5826.63,2025-01-25 16:29:35,SUCCESS
WLT0002693,TXN0011026,CUST01735,,Mobikwik,P2P_TRANSFER,825.58,8527.87,2025-04-25 02:33:00,success
WLT0002694,TXN0011034,CUST01808,MER0093,Amazon Pay Balance,SPEND,178.16,19730.68,2025-02-08 00:23:16,success
WLT0002695,TXN0011035,CUST01739,,Mobikwik,P2P_TRANSFER,288.3,13954.65,2025-01-13 04:32:16,Success
WLT0002696,TXN0011037,CUST00389,,Paytm Wallet,P2P_TRANSFER,297.48,8075.54,2025-03-01 16:10:37,success
WLT0002697,TXN0011040,CUST01376,MER0013,Mobikwik,SPEND,3644.68,18217.54,2025-04-30 17:44:44,Failed
WLT0002698,TXN0011041,CUST01819,MER0093,PhonePe Wallet,LOAD,2192.18,6024.77,2025-04-30 05:02:03,failed
WLT0002699,TXN0011042,CUST01125,MER0081,Amazon Pay Balance,SPEND,260.02,15692.31,2025-03-04 02:13:14,Success
WLT0002700,TXN0011044,CUST01720,MER0061,PhonePe Wallet,SPEND,,6883.6,2025-05-26 12:02:55,success
WLT0002701,TXN0011046,CUST01816,MER0143,Mobikwik,LOAD,185.59,16780.29,2025-05-25 01:53:20,Success
WLT0002702,TXN0011053,CUST00859,MER0098,PhonePe Wallet,SPEND,381.06,12820.04,2025-05-05 09:57:19,SUCCESS
WLT0002703,TXN0011057,CUST00513,,Mobikwik,P2P_TRANSFER,803.01,8858.3,2025-05-24 16:53:56,FAILED
WLT0002704,TXN0011060,CUST01032,MER0039,Amazon Pay Balance,SPEND,784.3,18327.1,2025-05-14 09:43:03,success
WLT0002705,TXN0011061,CUST00172,MER0128,Mobikwik,LOAD,1231.43,10755.07,2025-03-11 02:19:58,SUCCESS
WLT0002706,TXN0011084,CUST01846,MER0012,Mobikwik,LOAD,755.66,1761.68,2025-03-06 07:25:23,success
WLT0002707,TXN0011085,CUST01387,MER0006,PhonePe Wallet,LOAD,1267.37,5701.04,2025-05-18 04:30:53,success
WLT0002708,TXN0011088,CUST00033,MER0012,PhonePe Wallet,LOAD,47.38,2372.31,2025-02-25 22:20:44,success
WLT0002709,TXN0011090,CUST01621,MER0047,Paytm Wallet,SPEND,128.89,11908.95,2025-02-20 21:41:43,Success
WLT0002710,TXN0011092,CUST00735,MER0123,Mobikwik,LOAD,369.59,13398.11,2025-02-21 03:57:08,success
WLT0002711,TXN0011097,CUST01030,MER0150,PhonePe Wallet,SPEND,651.87,17668.96,2025-04-09 01:44:51,success
WLT0002712,TXN0011099,CUST01973,MER0053,PhonePe Wallet,LOAD,332.27,13894.04,2025-01-07 20:24:12,Success
WLT0002713,TXN0011103,CUST01055,MER0136,Mobikwik,SPEND,396.02,12244.14,2025-04-09 18:31:23,Success
WLT0002714,TXN0011105,CUST01491,MER0089,Mobikwik,SPEND,1184.06,17590.73,2025-03-24 15:17:25,SUCCESS
WLT0002715,TXN0011107,CUST00422,MER0014,Mobikwik,SPEND,139.6,17010.12,2025-03-22 21:55:05,Success
WLT0002716,TXN0011110,CUST01212,,Amazon Pay Balance,P2P_TRANSFER,298.46,2766.05,2025-01-18 02:58:05,success
WLT0002717,TXN0011111,CUST00201,MER0050,Mobikwik,LOAD,74.27,19915.87,2025-04-18 23:12:23,success
WLT0002718,TXN0011115,CUST01543,MER0021,PhonePe Wallet,SPEND,273.96,9992.54,2025-05-27 08:20:06,failed
WLT0002719,TXN0011119,CUST01477,MER0134,Paytm Wallet,SPEND,151.51,13017.53,2025-04-24 22:58:54,SUCCESS
WLT0002720,TXN0011121,CUST00504,MER0146,Mobikwik,SPEND,531.86,10802.9,2025-02-26 06:47:27,Success
WLT0002721,TXN0011124,CUST00942,MER0013,PhonePe Wallet,LOAD,87.99,10959.36,2025-03-12 05:35:05,SUCCESS
WLT0002722,TXN0011126,CUST00263,MER0092,Mobikwik,SPEND,329.33,2571.46,2025-06-21 09:42:11,Success
WLT0002723,TXN0011131,CUST01496,MER0003,Mobikwik,SPEND,896.87,12185.75,2025-06-06 20:45:11,SUCCESS
WLT0002724,TXN0011134,CUST01669,MER0106,Paytm Wallet,LOAD,1036.08,9624.88,2025-06-12 02:02:42,Success
WLT0002725,TXN0011135,CUST01638,MER0039,Amazon Pay Balance,SPEND,361.78,16208.6,2025-04-26 03:35:08,Pending
WLT0002726,TXN0011139,CUST01856,,PhonePe Wallet,P2P_TRANSFER,1400.66,1237.5,2025-04-15 04:22:14,SUCCESS
WLT0002727,TXN0011141,CUST01565,,Paytm Wallet,P2P_TRANSFER,543.75,15861.36,2025-02-12 09:30:33,success
WLT0002728,TXN0011144,CUST01840,MER0088,PhonePe Wallet,SPEND,1006.08,8129.02,2025-03-24 22:24:06,Failed
WLT0002729,TXN0011146,CUST01930,MER0125,PhonePe Wallet,SPEND,192.83,15219.64,2025-06-26 01:17:07,Success
WLT0002730,TXN0011152,CUST01702,MER0086,Paytm Wallet,LOAD,556.66,16297.0,2025-01-29 11:00:57,success
WLT0002731,TXN0011159,CUST01031,MER0126,Paytm Wallet,SPEND,1335.34,12760.27,2025-02-23 07:26:23,success
WLT0002732,TXN0011160,CUST01101,MER0071,Mobikwik,SPEND,152.17,16186.92,2025-01-17 21:22:56,SUCCESS
WLT0002733,TXN0011164,CUST00909,MER0031,Amazon Pay Balance,SPEND,508.64,13794.58,2025-06-12 22:09:55,success
WLT0002734,TXN0011172,CUST01817,,Mobikwik,P2P_TRANSFER,2681.03,9647.43,2025-03-20 07:31:34,Success
WLT0002735,TXN0011174,CUST00875,,Amazon Pay Balance,P2P_TRANSFER,1217.66,6928.13,2025-05-21 07:40:47,success
WLT0002736,TXN0011176,CUST01957,,Mobikwik,P2P_TRANSFER,916.0,8155.73,2025-05-23 23:51:47,success
WLT0002737,TXN0011177,CUST01033,MER0016,Amazon Pay Balance,LOAD,747.98,18629.02,2025-06-12 03:42:33,success
WLT0002738,TXN0011179,CUST00393,MER0022,Mobikwik,LOAD,1490.93,4466.78,2025-05-28 07:20:11,SUCCESS
WLT0002739,TXN0011181,CUST00974,MER0040,Paytm Wallet,LOAD,4842.32,15895.49,2025-02-03 12:09:01,Success
WLT0002740,TXN0011183,CUST00259,MER0139,Paytm Wallet,SPEND,157.66,5120.99,2025-06-03 18:25:46,success
WLT0002741,TXN0011184,CUST01526,,Paytm Wallet,P2P_TRANSFER,413.0,13117.88,2025-05-30 23:08:52,Success
WLT0002742,TXN0011185,CUST01358,MER0123,Amazon Pay Balance,LOAD,732.95,1420.63,2025-03-16 02:14:49,success
WLT0002743,TXN0011188,CUST00521,MER0013,Paytm Wallet,SPEND,1093.37,14031.1,2025-01-17 01:56:05,SUCCESS
WLT0002744,TXN0011190,CUST00563,,PhonePe Wallet,P2P_TRANSFER,1774.15,15246.45,2025-02-09 14:37:17,success
WLT0002745,TXN0011191,CUST00403,MER0142,Amazon Pay Balance,LOAD,299.82,15998.31,2025-01-01 23:20:21,SUCCESS
WLT0002746,TXN0011194,CUST00496,MER0135,Amazon Pay Balance,SPEND,1106.08,12582.22,2025-03-19 12:05:22,Success
WLT0002747,TXN0011203,CUST01689,MER0036,PhonePe Wallet,SPEND,857.38,16950.57,2025-04-07 06:28:04,Failed
WLT0002748,TXN0011204,CUST00279,,PhonePe Wallet,P2P_TRANSFER,1731.51,10985.55,2025-03-06 14:45:51,Success
WLT0002749,TXN0011207,CUST01175,,PhonePe Wallet,P2P_TRANSFER,502.24,2712.47,2025-04-27 08:56:38,SUCCESS
WLT0002750,TXN0011212,CUST00088,,Paytm Wallet,P2P_TRANSFER,414.51,1063.04,2025-01-17 14:25:06,SUCCESS
WLT0002751,TXN0011213,CUST01802,MER0092,Mobikwik,LOAD,822.48,14968.79,2025-03-04 07:53:09,Success
WLT0002752,TXN0011218,CUST00285,,Mobikwik,P2P_TRANSFER,919.08,11025.72,2025-01-31 19:39:53,Success
WLT0002753,TXN0011223,CUST00591,MER0001,Amazon Pay Balance,LOAD,191.38,4726.09,2025-03-28 13:37:47,success
WLT0002754,TXN0011227,CUST01167,MER0130,Amazon Pay Balance,SPEND,3615.49,18753.11,2025-01-13 13:24:11,SUCCESS
WLT0002755,TXN0011231,CUST00197,MER0043,PhonePe Wallet,SPEND,90.02,11242.22,2025-03-07 20:06:09,success
WLT0002756,TXN0011232,CUST00422,MER0110,Mobikwik,LOAD,458.27,16756.8,2025-06-28 04:34:20,SUCCESS
WLT0002757,TXN0011234,CUST01065,MER0063,Amazon Pay Balance,SPEND,356.76,13187.1,2025-04-11 11:01:20,SUCCESS
WLT0002758,TXN0011246,CUST00965,MER0027,PhonePe Wallet,SPEND,2247.92,13880.84,2025-03-07 07:12:16,Failed
WLT0002759,TXN0011251,CUST01255,MER0014,Paytm Wallet,LOAD,103.34,13376.8,2025-04-05 13:00:38,failed
WLT0002760,TXN0011252,CUST00830,MER0062,Amazon Pay Balance,SPEND,1227.61,16549.01,2025-02-27 22:54:57,Success
WLT0002761,TXN0011263,CUST01099,MER0045,PhonePe Wallet,LOAD,486.87,7567.67,2025-03-10 10:17:30,SUCCESS
WLT0002762,TXN0011265,CUST01971,MER0103,PhonePe Wallet,SPEND,113.02,2722.75,2025-02-19 10:20:47,Success
WLT0002763,TXN0011267,CUST00554,MER0125,Mobikwik,LOAD,602.0,13604.54,2025-03-02 00:08:25,success
WLT0002764,TXN0011273,CUST01132,,Paytm Wallet,P2P_TRANSFER,267.28,12693.36,2025-05-31 12:54:46,SUCCESS
WLT0002765,TXN0011278,CUST00201,MER0104,Mobikwik,SPEND,87.6,19230.99,2025-01-09 14:30:20,SUCCESS
WLT0002766,TXN0011280,CUST01862,,PhonePe Wallet,P2P_TRANSFER,1275.2,5897.74,2025-05-05 07:53:52,Success
WLT0002767,TXN0011290,CUST01658,MER0063,Paytm Wallet,SPEND,7379.56,7353.42,2025-02-26 11:26:29,Success
WLT0002768,TXN0011291,CUST00255,MER0082,PhonePe Wallet,SPEND,248.26,5088.91,2025-04-22 01:16:24,success
WLT0002769,TXN0011293,CUST01460,,Amazon Pay Balance,P2P_TRANSFER,252.62,8401.76,2025-02-25 00:44:42,Success
WLT0002770,TXN0011294,CUST00764,MER0104,Paytm Wallet,LOAD,280.56,7410.99,2025-01-08 04:48:12,Success
WLT0002771,TXN0011299,CUST01734,,PhonePe Wallet,P2P_TRANSFER,1089.47,5914.96,2025-01-21 08:41:01,success
WLT0002772,TXN0011309,CUST01660,MER0141,Amazon Pay Balance,SPEND,144.68,17133.09,2025-05-30 15:29:28,Success
WLT0002773,TXN0011316,CUST01080,MER0012,Paytm Wallet,LOAD,265.47,14500.57,2025-04-05 23:08:13,Failed
WLT0002774,TXN0011317,CUST00119,MER0035,Paytm Wallet,SPEND,1047.58,11884.3,2025-04-14 16:31:12,success
WLT0002775,TXN0011321,CUST00219,MER0002,PhonePe Wallet,LOAD,177.27,607.3,2025-01-15 10:46:43,success
WLT0002776,TXN0011322,CUST00558,,PhonePe Wallet,P2P_TRANSFER,313.04,5789.45,2025-04-28 04:59:04,success
WLT0002777,TXN0011334,CUST00748,MER0040,Paytm Wallet,LOAD,1357.35,11016.08,2025-03-17 16:44:54,success
WLT0002778,TXN0011336,CUST00357,MER0088,Amazon Pay Balance,LOAD,136.26,4731.86,2025-02-05 05:44:00,Failed
WLT0002779,TXN0011354,CUST01553,MER0116,Mobikwik,SPEND,428.65,16733.78,2025-02-21 06:49:22,Success
WLT0002780,TXN0011355,CUST01289,MER0097,Mobikwik,LOAD,320.01,15349.75,2025-06-27 14:52:26,success
WLT0002781,TXN0011359,CUST01067,,Amazon Pay Balance,P2P_TRANSFER,172.88,13354.75,2025-05-30 23:56:58,success
WLT0002782,TXN0011360,CUST01409,MER0088,Amazon Pay Balance,SPEND,1391.51,13038.53,2025-01-17 13:39:27,PENDING
WLT0002783,TXN0011361,CUST00438,MER0116,Amazon Pay Balance,LOAD,460.52,4750.28,2025-02-06 10:11:14,SUCCESS
WLT0002784,TXN0011363,CUST00693,,Amazon Pay Balance,P2P_TRANSFER,106.44,15433.6,2025-02-10 00:23:27,Success
WLT0002785,TXN0011366,CUST01716,MER0110,PhonePe Wallet,SPEND,3164.17,11489.58,2025-04-10 14:42:41,SUCCESS
WLT0002786,TXN0011373,CUST00407,,Paytm Wallet,P2P_TRANSFER,232.01,10873.72,2025-02-21 20:08:15,Success
WLT0002787,TXN0011377,CUST00425,MER0003,PhonePe Wallet,SPEND,2349.29,10963.72,2025-02-07 23:32:20,SUCCESS
WLT0002788,TXN0011382,CUST01174,,Amazon Pay Balance,P2P_TRANSFER,742.39,1860.75,2025-03-23 21:40:26,Success
WLT0002789,TXN0011383,CUST01355,MER0112,Mobikwik,SPEND,303.84,7720.28,2025-01-22 01:12:53,Failed
WLT0002790,TXN0011384,CUST01990,MER0120,Paytm Wallet,SPEND,747.27,18900.98,2025-03-15 05:57:21,Failed
WLT0002791,TXN0011393,CUST00614,,PhonePe Wallet,P2P_TRANSFER,391.27,18089.34,2025-03-17 17:12:36,SUCCESS
WLT0002792,TXN0011394,CUST01667,MER0012,PhonePe Wallet,LOAD,2763.57,2649.6,2025-02-13 22:06:48,success
WLT0002793,TXN0011395,CUST01815,MER0042,Mobikwik,LOAD,1095.24,16685.87,2025-03-17 04:07:20,success
WLT0002794,TXN0011397,CUST00673,MER0066,Paytm Wallet,LOAD,412.62,15921.61,2025-04-30 08:58:52,Success
WLT0002795,TXN0011398,CUST00880,MER0028,Mobikwik,LOAD,64.97,9462.67,2025-04-25 08:06:39,Success
WLT0002796,TXN0011406,CUST01454,MER0004,PhonePe Wallet,LOAD,360.72,16437.84,2025-02-14 13:23:55,SUCCESS
WLT0002797,TXN0011408,CUST01668,MER0030,Mobikwik,SPEND,694.95,13263.52,2025-05-17 22:19:08,success
WLT0002798,TXN0011419,CUST00510,MER0102,Amazon Pay Balance,SPEND,809.96,10132.55,2025-05-22 11:38:27,Success
WLT0002799,TXN0011421,CUST00823,MER0036,Amazon Pay Balance,SPEND,395.34,8867.13,2025-02-03 19:58:51,SUCCESS
WLT0002800,TXN0011428,CUST01583,MER0140,PhonePe Wallet,LOAD,169.87,16414.22,2025-02-14 19:33:40,SUCCESS
WLT0002801,TXN0011432,CUST00837,MER0062,PhonePe Wallet,SPEND,1143.16,11283.12,2025-06-21 22:12:50,Success
WLT0002802,TXN0011440,CUST01859,MER0023,Amazon Pay Balance,LOAD,426.85,2328.02,2025-01-30 05:34:32,SUCCESS
WLT0002803,TXN0011452,CUST00926,MER0147,Mobikwik,LOAD,1814.5,9702.18,2025-02-28 22:14:54,failed
WLT0002804,TXN0011463,CUST00952,MER0112,PhonePe Wallet,LOAD,521.26,18723.98,2025-06-16 13:12:43,Success
WLT0002805,TXN0011465,CUST00574,,Paytm Wallet,P2P_TRANSFER,1129.03,6393.78,2025-03-05 00:44:00,Success
WLT0002806,TXN0011468,CUST00164,MER0121,Mobikwik,LOAD,179.59,5970.07,2025-05-28 15:16:28,SUCCESS
WLT0002807,TXN0011475,CUST01597,,Amazon Pay Balance,P2P_TRANSFER,1094.56,15527.79,2025-04-16 09:50:30,success
WLT0002808,TXN0011477,CUST00089,MER0113,Mobikwik,SPEND,669.04,19009.23,2025-05-21 20:25:51,SUCCESS
WLT0002809,TXN0011478,CUST01643,,Amazon Pay Balance,P2P_TRANSFER,550.55,19923.49,2025-01-23 17:34:29,Success
WLT0002810,TXN0011481,CUST00699,MER0042,Amazon Pay Balance,SPEND,743.94,931.93,2025-04-04 21:57:59,Success
WLT0002811,TXN0011483,CUST01597,MER0093,PhonePe Wallet,LOAD,856.93,2730.17,2025-06-08 18:25:29,SUCCESS
WLT0002812,TXN0011484,CUST01188,MER0077,Mobikwik,LOAD,1086.83,17754.28,2025-06-05 21:04:07,failed
WLT0002813,TXN0011489,CUST01805,MER0075,Paytm Wallet,SPEND,360.64,13180.43,2025-05-11 19:15:15,Success
WLT0002814,TXN0011494,CUST00794,MER0054,Mobikwik,LOAD,773.95,1260.14,2025-02-27 11:39:42,Success
WLT0002815,TXN0011503,CUST01209,MER0047,Amazon Pay Balance,LOAD,299.56,16056.68,2025-06-29 01:37:07,Success
WLT0002816,TXN0011512,CUST01158,MER0105,Mobikwik,SPEND,1481.72,12076.53,2025-01-29 00:33:25,Success
WLT0002817,TXN0011515,CUST01527,MER0114,PhonePe Wallet,LOAD,130.42,3693.58,2025-01-14 13:06:03,success
WLT0002818,TXN0011516,CUST01373,MER0015,Amazon Pay Balance,LOAD,146.27,4861.17,2025-03-27 00:19:06,success
WLT0002819,TXN0011519,CUST01223,MER0048,Paytm Wallet,SPEND,658.75,7907.0,2025-05-09 07:01:59,success
WLT0002820,TXN0011521,CUST01106,MER0043,PhonePe Wallet,SPEND,738.2,6248.87,2025-02-25 19:28:21,SUCCESS
WLT0002821,TXN0011525,CUST01264,MER0059,Mobikwik,LOAD,1059.45,1960.1,2025-02-18 23:28:56,Success
WLT0002822,TXN0011526,CUST00574,MER0103,Amazon Pay Balance,LOAD,1470.12,4389.74,2025-06-08 03:21:26,Success
WLT0002823,TXN0011529,CUST01996,,Mobikwik,P2P_TRANSFER,274.2,19261.3,2025-02-13 23:52:23,success
WLT0002824,TXN0011530,CUST01393,MER0103,Amazon Pay Balance,LOAD,380.86,6928.87,2025-04-29 19:59:47,Success
WLT0002825,TXN0011539,CUST01926,,Amazon Pay Balance,P2P_TRANSFER,7057.59,3208.8,2025-04-14 02:55:50,success
WLT0002826,TXN0011540,CUST01815,MER0087,Amazon Pay Balance,LOAD,784.35,18621.25,2025-02-25 18:46:04,SUCCESS
WLT0002827,TXN0011552,CUST00062,MER0109,PhonePe Wallet,SPEND,1046.45,494.51,2025-04-17 22:12:29,Success
WLT0002828,TXN0011554,CUST00813,,Amazon Pay Balance,P2P_TRANSFER,41.35,19534.81,2025-02-05 00:50:50,Success
WLT0002829,TXN0011555,CUST00087,,Amazon Pay Balance,P2P_TRANSFER,247.77,3910.4,2025-04-25 14:01:36,Success
WLT0002830,TXN0011556,CUST01948,,Paytm Wallet,P2P_TRANSFER,976.88,8718.83,2025-01-24 18:09:39,SUCCESS
WLT0002831,TXN0011570,CUST01633,MER0148,Amazon Pay Balance,LOAD,1435.03,17887.34,2025-06-08 17:31:09,SUCCESS
WLT0002832,TXN0011575,CUST00399,MER0139,Paytm Wallet,SPEND,536.59,15064.56,2025-04-19 02:26:48,Failed
WLT0002833,TXN0011577,CUST00010,,PhonePe Wallet,P2P_TRANSFER,465.95,10561.01,2025-01-16 06:12:48,success
WLT0002834,TXN0011579,CUST01080,MER0087,Paytm Wallet,LOAD,63.67,9911.65,2025-05-13 23:16:53,success
WLT0002835,TXN0011584,CUST00610,MER0070,Amazon Pay Balance,LOAD,1921.25,9313.96,2025-01-13 23:25:07,SUCCESS
WLT0002836,TXN0011585,CUST00816,,Paytm Wallet,P2P_TRANSFER,1004.08,8833.88,2025-04-07 18:11:45,SUCCESS
WLT0002837,TXN0011586,CUST01269,,PhonePe Wallet,P2P_TRANSFER,291.17,18254.78,2025-06-17 22:40:18,SUCCESS
WLT0002838,TXN0011589,CUST00851,,Amazon Pay Balance,P2P_TRANSFER,277.95,2172.97,2025-04-01 13:53:46,FAILED
WLT0002839,TXN0011590,CUST00655,MER0005,Amazon Pay Balance,SPEND,477.05,3798.88,2025-06-01 10:41:08,SUCCESS
WLT0002840,TXN0011596,CUST00986,MER0088,Mobikwik,SPEND,905.28,3834.04,2025-02-26 18:28:17,SUCCESS
WLT0002841,TXN0011600,CUST01951,MER0061,Amazon Pay Balance,LOAD,791.22,12725.42,2025-05-14 18:00:53,success
WLT0002842,TXN0011606,CUST00276,MER0020,Paytm Wallet,LOAD,459.04,2363.68,2025-02-22 00:27:46,success
WLT0002843,TXN0011616,CUST01171,,Amazon Pay Balance,P2P_TRANSFER,303.22,12951.76,2025-01-24 03:19:00,FAILED
WLT0002844,TXN0011621,CUST01724,,Amazon Pay Balance,P2P_TRANSFER,2472.47,15735.83,2025-02-22 04:00:41,SUCCESS
WLT0002845,TXN0011627,CUST00661,MER0020,Amazon Pay Balance,LOAD,569.96,14978.18,2025-03-25 08:56:43,success
WLT0002846,TXN0011633,CUST01426,MER0080,PhonePe Wallet,LOAD,586.09,10881.54,2025-06-27 14:59:55,success
WLT0002847,TXN0011637,CUST00325,MER0089,Amazon Pay Balance,SPEND,2082.98,9509.68,2025-04-27 18:12:54,Pending
WLT0002848,TXN0011638,CUST00164,MER0140,Mobikwik,SPEND,59.47,4131.98,2025-02-16 03:55:24,Success
WLT0002849,TXN0011644,CUST01617,MER0044,Amazon Pay Balance,LOAD,2303.76,1321.05,2025-06-21 05:48:18,Success
WLT0002850,TXN0011652,CUST01852,MER0079,Amazon Pay Balance,LOAD,565.61,17277.89,2025-02-13 06:19:31,Success
WLT0002851,TXN0011656,CUST01563,MER0070,PhonePe Wallet,LOAD,299.0,1514.58,2025-04-14 16:20:42,success
WLT0002852,TXN0011663,CUST00135,MER0091,Mobikwik,SPEND,3683.03,2801.75,2025-04-04 18:36:47,SUCCESS
WLT0002853,TXN0011664,CUST00468,MER0033,Amazon Pay Balance,SPEND,189.08,1369.29,2025-02-25 22:06:07,PENDING
WLT0002854,TXN0011665,CUST01801,,Mobikwik,P2P_TRANSFER,1194.93,14529.19,2025-03-16 03:59:00,success
WLT0002855,TXN0011667,CUST00750,,Paytm Wallet,P2P_TRANSFER,343.77,1078.52,2025-01-30 20:42:43,success
WLT0002856,TXN0011669,CUST00845,MER0060,Paytm Wallet,SPEND,875.64,5788.89,2025-01-11 07:14:13,SUCCESS
WLT0002857,TXN0011678,CUST01867,,Mobikwik,P2P_TRANSFER,404.74,4123.5,2025-04-06 09:49:15,Success
WLT0002858,TXN0011688,CUST00497,MER0083,Mobikwik,SPEND,506.84,6937.41,2025-04-30 16:53:48,success
WLT0002859,TXN0011690,CUST01421,MER0123,PhonePe Wallet,LOAD,2465.2,8111.65,2025-06-04 19:27:21,Success
WLT0002860,TXN0011692,CUST00511,MER0006,PhonePe Wallet,LOAD,530.54,2742.79,2025-06-03 08:00:26,SUCCESS
WLT0002861,TXN0011693,CUST00346,,Paytm Wallet,P2P_TRANSFER,323.12,16828.71,2025-05-30 08:29:22,SUCCESS
WLT0002862,TXN0011706,CUST01511,MER0082,Mobikwik,SPEND,1212.99,15576.81,2025-02-20 10:47:28,failed
WLT0002863,TXN0011710,CUST00821,MER0037,Mobikwik,LOAD,628.14,8045.34,2025-05-21 14:38:10,Success
WLT0002864,TXN0011713,CUST01662,MER0147,PhonePe Wallet,SPEND,191.86,10670.25,2025-02-13 14:52:10,SUCCESS
WLT0002865,TXN0011718,CUST01749,,Amazon Pay Balance,P2P_TRANSFER,2111.68,5335.59,2025-06-01 01:09:00,SUCCESS
WLT0002866,TXN0011724,CUST01695,MER0131,Amazon Pay Balance,LOAD,157.68,6405.5,2025-01-20 03:32:47,Failed
WLT0002867,TXN0011725,CUST01827,,Mobikwik,P2P_TRANSFER,179.98,19182.61,2025-01-04 19:46:47,Success
WLT0002868,TXN0011728,CUST01289,MER0054,Paytm Wallet,SPEND,147.48,13973.11,2025-01-10 19:13:26,SUCCESS
WLT0002869,TXN0011731,CUST00367,,Paytm Wallet,P2P_TRANSFER,1051.26,16974.03,2025-05-28 05:14:56,Failed
WLT0002870,TXN0011736,CUST00113,,Amazon Pay Balance,P2P_TRANSFER,1476.89,7297.95,2025-03-09 08:23:42,SUCCESS
WLT0002871,TXN0011737,CUST00092,MER0019,Paytm Wallet,SPEND,1128.15,823.44,2025-03-19 15:01:18,failed
WLT0002872,TXN0011738,CUST00099,,Amazon Pay Balance,P2P_TRANSFER,598.57,1538.19,2025-06-09 12:27:52,success
WLT0002873,TXN0011739,CUST00271,MER0008,PhonePe Wallet,SPEND,828.86,12690.49,2025-04-05 15:47:31,SUCCESS
WLT0002874,TXN0011753,CUST01579,MER0024,PhonePe Wallet,LOAD,1138.94,986.44,2025-06-13 23:33:51,failed
WLT0002875,TXN0011761,CUST00683,MER0081,Amazon Pay Balance,LOAD,818.18,15789.33,2025-03-11 12:07:55,SUCCESS
WLT0002876,TXN0011763,CUST01909,MER0060,PhonePe Wallet,LOAD,275.74,16592.44,2025-02-03 17:23:47,pending
WLT0002877,TXN0011766,CUST00839,,Paytm Wallet,P2P_TRANSFER,62.9,15934.02,2025-06-13 02:11:49,success
WLT0002878,TXN0011780,CUST00913,MER0020,PhonePe Wallet,LOAD,428.27,8701.16,2025-03-01 10:23:55,SUCCESS
WLT0002879,TXN0011782,CUST01975,MER0130,Paytm Wallet,LOAD,675.94,15574.04,2025-01-09 03:53:14,Success
WLT0002880,TXN0011783,CUST01527,MER0010,Amazon Pay Balance,SPEND,118.78,14157.21,2025-01-22 05:23:41,SUCCESS
WLT0002881,TXN0011784,CUST00091,,PhonePe Wallet,P2P_TRANSFER,231.4,16336.11,2025-02-25 06:00:14,Success
WLT0002882,TXN0011785,CUST01568,MER0025,Amazon Pay Balance,LOAD,1354.01,17411.84,2025-06-14 23:19:32,SUCCESS
WLT0002883,TXN0011788,CUST01052,MER0143,Amazon Pay Balance,LOAD,4231.82,6804.76,2025-01-20 01:28:25,success
WLT0002884,TXN0011790,CUST00576,MER0101,Mobikwik,LOAD,503.44,8739.07,2025-05-08 11:14:56,Success
WLT0002885,TXN0011807,CUST01379,MER0075,Paytm Wallet,SPEND,373.01,6779.39,2025-03-28 21:10:06,Success
WLT0002886,TXN0011817,CUST01314,,Mobikwik,P2P_TRANSFER,929.53,7675.37,2025-02-25 03:47:42,SUCCESS
WLT0002887,TXN0011819,CUST00844,MER0021,Amazon Pay Balance,LOAD,299.35,19658.52,2025-02-20 12:40:38,Success
WLT0002888,TXN0011822,CUST00777,MER0107,Mobikwik,SPEND,2842.03,1617.32,2025-03-29 06:32:38,Success
WLT0002889,TXN0011824,CUST01150,MER0126,PhonePe Wallet,LOAD,291.41,4095.4,2025-06-23 10:41:08,Success
WLT0002890,TXN0011833,CUST01475,,Amazon Pay Balance,P2P_TRANSFER,2023.67,9895.07,2025-03-09 20:44:28,SUCCESS
WLT0002891,TXN0011837,CUST00977,MER0062,Paytm Wallet,LOAD,333.27,3432.56,2025-01-04 13:52:59,Success
WLT0002892,TXN0011838,CUST01387,,Mobikwik,P2P_TRANSFER,400.57,6401.08,2025-03-15 12:04:08,SUCCESS
WLT0002893,TXN0011842,CUST00580,MER0040,Paytm Wallet,LOAD,468.12,136.93,2025-01-03 10:47:28,Success
WLT0002894,TXN0011844,CUST00538,MER0036,PhonePe Wallet,SPEND,200.02,10218.53,2025-03-14 19:23:12,Success
WLT0002895,TXN0011854,CUST01045,MER0080,Mobikwik,LOAD,1051.39,12802.95,2025-03-15 07:18:28,PENDING
WLT0002896,TXN0011855,CUST00200,MER0004,PhonePe Wallet,SPEND,1102.22,14250.57,2025-02-09 06:18:37,SUCCESS
WLT0002897,TXN0011859,CUST00062,MER0075,Amazon Pay Balance,SPEND,528.87,1795.83,2025-02-13 09:07:37,success
WLT0002898,TXN0011860,CUST00641,,Paytm Wallet,P2P_TRANSFER,17.47,19049.78,2025-03-01 15:43:05,success
WLT0002899,TXN0011865,CUST00556,MER0100,PhonePe Wallet,LOAD,168.68,19635.79,2025-01-30 15:11:08,SUCCESS
WLT0002900,TXN0011869,CUST00298,MER0116,Amazon Pay Balance,SPEND,242.2,5303.43,2025-06-01 01:41:31,success
WLT0002901,TXN0011870,CUST00671,MER0015,Paytm Wallet,LOAD,845.68,2965.55,2025-01-01 19:28:08,Success
WLT0002902,TXN0011874,CUST00763,MER0120,Amazon Pay Balance,SPEND,516.67,18942.21,2025-03-29 16:38:43,success
WLT0002903,TXN0011879,CUST00538,,Paytm Wallet,P2P_TRANSFER,1033.1,10395.18,2025-04-11 07:27:00,SUCCESS
WLT0002904,TXN0011885,CUST01111,MER0047,Mobikwik,LOAD,1583.3,15455.41,2025-02-12 05:40:10,success
WLT0002905,TXN0011889,CUST01301,MER0150,Paytm Wallet,LOAD,1700.88,11764.13,2025-04-19 03:13:12,SUCCESS
WLT0002906,TXN0011891,CUST00170,MER0122,Paytm Wallet,SPEND,235.88,6915.27,2025-03-17 21:45:48,Success
WLT0002907,TXN0011899,CUST01484,,Mobikwik,P2P_TRANSFER,971.74,9298.85,2025-06-18 14:36:03,SUCCESS
WLT0002908,TXN0011903,CUST01716,MER0029,Paytm Wallet,LOAD,125.87,13664.53,2025-06-27 08:45:05,SUCCESS
WLT0002909,TXN0011905,CUST00313,MER0098,Mobikwik,SPEND,453.02,9380.0,2025-05-03 14:03:50,SUCCESS
WLT0002910,TXN0011906,CUST01203,MER0068,Amazon Pay Balance,SPEND,109.66,15932.74,2025-06-03 00:16:55,success
WLT0002911,TXN0011907,CUST00249,MER0064,Mobikwik,SPEND,842.99,3758.32,2025-05-11 00:15:52,success
WLT0002912,TXN0011912,CUST01027,MER0032,Amazon Pay Balance,SPEND,608.21,17696.53,2025-06-11 07:53:54,success
WLT0002913,TXN0011931,CUST01029,MER0001,Mobikwik,LOAD,504.55,4774.27,2025-04-22 04:09:29,Success
WLT0002914,TXN0011932,CUST01526,,Mobikwik,P2P_TRANSFER,158.35,3095.33,2025-01-10 06:36:26,Success
WLT0002915,TXN0011937,CUST00045,,PhonePe Wallet,P2P_TRANSFER,216.0,10493.91,2025-02-21 00:09:33,success
WLT0002916,TXN0011950,CUST01247,,Paytm Wallet,P2P_TRANSFER,916.73,5343.5,2025-02-14 10:05:45,FAILED
WLT0002917,TXN0011954,CUST00790,,Paytm Wallet,P2P_TRANSFER,600.63,18568.5,2025-02-02 14:08:34,Success
WLT0002918,TXN0011957,CUST01323,MER0090,Mobikwik,SPEND,1874.35,11757.41,2025-04-05 22:29:15,SUCCESS
WLT0002919,TXN0011970,CUST01063,MER0131,Amazon Pay Balance,LOAD,445.24,19508.44,2025-02-18 23:55:21,success
WLT0002920,TXN0011974,CUST00110,MER0117,Amazon Pay Balance,LOAD,514.47,9151.8,2025-06-04 22:38:04,SUCCESS
WLT0002921,TXN0011986,CUST00107,MER0072,PhonePe Wallet,SPEND,273.17,10924.68,2025-04-30 15:10:31,Success
WLT0002922,TXN0011989,CUST00602,,Amazon Pay Balance,P2P_TRANSFER,973.49,12029.4,2025-06-07 07:35:23,success
WLT0002923,TXN0007164,CUST01629,MER0044,Mobikwik,LOAD,6120.09,18842.81,2025-01-14 02:41:24,Success
WLT0002924,TXN0001903,CUST00321,MER0101,Paytm Wallet,SPEND,,5837.59,2025-02-21 03:29:27,Success
WLT0002925,TXN0002489,CUST00402,,Amazon Pay Balance,P2P_TRANSFER,158.36,16572.33,2025-06-13 16:06:43,Success
WLT0002926,TXN0001294,CUST01121,,PhonePe Wallet,P2P_TRANSFER,947.95,10185.06,2025-05-03 01:39:12,Success
WLT0002927,TXN0002228,CUST00940,MER0133,Mobikwik,SPEND,77.07,16431.48,2025-06-04 07:08:19,Success
WLT0002928,TXN0003506,CUST01031,MER0123,Amazon Pay Balance,LOAD,310.54,7082.93,2025-05-24 12:24:45,Success
WLT0002929,TXN0006004,CUST01452,,PhonePe Wallet,P2P_TRANSFER,2549.94,6943.88,2025-05-22 10:49:40,success
WLT0002930,TXN0011223,CUST00591,MER0001,PhonePe Wallet,LOAD,191.38,156.99,2025-03-28 13:37:47,SUCCESS
WLT0002931,TXN0011788,CUST01052,MER0143,Mobikwik,LOAD,4231.82,8331.53,2025-01-20 01:28:25,SUCCESS
WLT0002932,TXN0011159,CUST01031,MER0126,Amazon Pay Balance,SPEND,1335.34,10299.17,2025-02-23 07:26:23,Success
WLT0002933,TXN0004465,CUST01812,,Mobikwik,P2P_TRANSFER,1799.94,19541.84,2025-03-04 09:12:48,SUCCESS
WLT0002934,TXN0006284,CUST00515,,Mobikwik,P2P_TRANSFER,1067.7,14182.99,2025-04-12 16:04:56,SUCCESS
WLT0002935,TXN0001990,CUST01879,MER0062,Paytm Wallet,LOAD,330.36,3405.04,2025-02-19 02:59:08,SUCCESS
WLT0002936,TXN0007183,CUST01861,MER0045,Amazon Pay Balance,SPEND,244.43,15715.05,2025-06-06 01:32:26,Failed
WLT0002937,TXN0009199,CUST00440,MER0100,Paytm Wallet,LOAD,1063.13,10022.04,2025-06-21 21:12:47,success
WLT0002938,TXN0002405,CUST01912,MER0059,Mobikwik,SPEND,630.25,1885.71,2025-06-21 01:46:19,success
WLT0002939,TXN0005394,CUST00932,MER0141,Mobikwik,SPEND,104.47,12171.55,2025-04-24 07:41:48,Success
WLT0002940,TXN0005989,CUST01967,MER0130,Mobikwik,SPEND,281.65,10302.96,2025-06-27 22:08:54,SUCCESS
WLT0002941,TXN0007672,CUST00661,MER0106,PhonePe Wallet,LOAD,389.32,1770.41,2025-02-12 09:39:38,success
WLT0002942,TXN0007635,CUST00209,,Amazon Pay Balance,P2P_TRANSFER,5309.35,10797.87,2025-01-28 14:15:25,SUCCESS
WLT0002943,TXN0000385,CUST01171,MER0126,Mobikwik,LOAD,1173.3,19193.46,2025-01-30 19:46:51,success
WLT0002944,TXN0002162,CUST01199,,Amazon Pay Balance,P2P_TRANSFER,154.41,7958.66,2025-02-27 06:00:50,SUCCESS
WLT0002945,TXN0005679,CUST00874,,Amazon Pay Balance,P2P_TRANSFER,1310.16,7298.92,2025-02-01 19:51:48,success
WLT0002946,TXN0009252,CUST00263,MER0120,Amazon Pay Balance,LOAD,218.34,19918.68,2025-04-01 15:44:06,success
WLT0002947,TXN0001650,CUST00844,MER0126,Amazon Pay Balance,LOAD,277.3,510.38,2025-06-17 10:08:19,success
WLT0002948,TXN0005920,CUST01659,MER0022,PhonePe Wallet,LOAD,1275.28,4944.82,2025-03-04 14:56:35,FAILED
WLT0002949,TXN0009823,CUST01342,,Mobikwik,P2P_TRANSFER,2104.94,8130.98,2025-01-18 20:49:26,success
WLT0002950,TXN0005290,CUST01848,MER0042,PhonePe Wallet,LOAD,10283.35,2285.0,2025-01-08 17:33:29,SUCCESS
WLT0002951,TXN0010542,CUST00469,MER0040,Mobikwik,SPEND,1565.48,7833.16,2025-01-31 10:25:08,SUCCESS
WLT0002952,TXN0005665,CUST01843,MER0107,Paytm Wallet,LOAD,1230.68,7156.74,2025-01-04 04:09:56,success
WLT0002953,TXN0003895,CUST01821,MER0068,Paytm Wallet,LOAD,1538.62,17268.68,2025-01-17 20:48:53,Success
WLT0002954,TXN0007399,CUST00762,MER0100,Paytm Wallet,SPEND,614.63,5932.16,2025-02-17 00:56:05,Success
