settlement_id,merchant_id,batch_date,total_transactions,total_amount,settled_amount,settlement_status
SET000001,MER0001,2025-01-05,2,267.68,265.36,VARIANCE
SET000002,MER0001,2025-01-12,2,1459.39,1455.11,VARIANCE
SET000003,MER0001,2025-01-19,2,1508.08,1466.27,VARIANCE
SET000004,MER0001,2025-01-26,3,1489.82,1482.27,VARIANCE
SET000005,MER0001,2025-02-02,4,3824.2,3746.34,VARIANCE
SET000006,MER0001,2025-02-09,1,1888.49,1855.38,VARIANCE
SET000007,MER0001,2025-02-16,1,442.62,433.91,VARIANCE
SET000008,MER0001,2025-02-23,1,977.01,971.37,VARIANCE
SET000009,MER0001,2025-03-02,5,5052.7,4967.98,VARIANCE
SET000010,MER0001,2025-03-09,3,1557.47,1514.08,VARIANCE
SET000011,MER0001,2025-03-16,5,2875.29,2829.93,VARIANCE
SET000012,MER0001,2025-03-23,1,87.24,85.01,VARIANCE
SET000013,MER0001,2025-03-30,6,1876.95,1821.54,VARIANCE
SET000014,MER0001,2025-04-06,0,0.0,0.0,MATCHED
SET000015,MER0001,2025-04-13,3,1770.31,1737.41,VARIANCE
SET000016,MER0001,2025-04-20,1,373.92,367.76,VARIANCE
SET000017,MER0001,2025-04-27,3,7148.88,6934.56,VARIANCE
SET000018,MER0001,2025-05-04,3,7435.3,7242.75,VARIANCE
SET000019,MER0001,2025-05-11,3,2561.07,2553.53,VARIANCE
SET000020,MER0001,2025-05-18,1,253.01,249.55,VARIANCE
SET000021,MER0001,2025-05-25,1,761.58,761.13,MATCHED
SET000022,MER0001,2025-06-01,1,144.21,142.23,VARIANCE
SET000023,MER0001,2025-06-08,4,2396.11,2392.82,VARIANCE
SET000024,MER0001,2025-06-15,2,2865.89,2839.36,VARIANCE
SET000025,MER0001,2025-06-22,4,7083.61,6953.41,VARIANCE
SET000026,MER0001,2025-06-29,2,3596.42,3493.94,VARIANCE
SET000027,MER0002,2025-01-12,2,1860.66,1813.08,VARIANCE
SET000028,MER0002,2025-01-19,3,1492.0,1482.7,VARIANCE
SET000029,MER0002,2025-01-26,1,111.16,110.03,VARIANCE
SET000030,MER0002,2025-02-02,1,434.2,425.05,VARIANCE
SET000031,MER0002,2025-02-09,3,2517.53,2454.34,VARIANCE
SET000032,MER0002,2025-02-16,2,1119.03,1106.94,VARIANCE
SET000033,MER0002,2025-02-23,3,4019.27,4010.81,VARIANCE
SET000034,MER0002,2025-03-02,5,4370.23,4271.68,VARIANCE
SET000035,MER0002,2025-03-09,4,8386.93,8386.16,MATCHED
SET000036,MER0002,2025-03-16,2,2056.5,2027.76,VARIANCE
SET000037,MER0002,2025-03-23,1,695.41,678.89,VARIANCE
SET000038,MER0002,2025-03-30,1,2281.37,2225.41,VARIANCE
SET000039,MER0002,2025-04-06,2,680.27,674.38,VARIANCE
SET000040,MER0002,2025-04-13,2,1031.72,1029.49,VARIANCE
SET000041,MER0002,2025-04-20,2,1552.55,1515.44,VARIANCE
SET000042,MER0002,2025-04-27,2,4063.01,3970.14,VARIANCE
SET000043,MER0002,2025-05-04,2,530.97,517.32,VARIANCE
SET000044,MER0002,2025-05-11,0,0.0,0.0,MATCHED
SET000045,MER0002,2025-05-18,3,2185.12,2134.35,VARIANCE
SET000046,MER0002,2025-05-25,2,941.76,925.3,VARIANCE
SET000047,MER0002,2025-06-01,4,860.42,840.75,VARIANCE
SET000048,MER0002,2025-06-08,4,5058.92,5007.77,VARIANCE
SET000049,MER0002,2025-06-15,1,919.53,898.56,VARIANCE
SET000050,MER0002,2025-06-22,0,0.0,0.0,MATCHED
SET000051,MER0002,2025-06-29,3,1091.9,1072.86,VARIANCE
SET000052,MER0003,2025-01-12,4,11771.8,11478.43,VARIANCE
SET000053,MER0003,2025-01-19,2,1000.13,971.66,VARIANCE
SET000054,MER0003,2025-01-26,5,2158.43,2099.53,VARIANCE
SET000055,MER0003,2025-02-02,4,1463.98,1420.27,VARIANCE
SET000056,MER0003,2025-02-09,4,6914.24,6846.63,VARIANCE
SET000057,MER0003,2025-02-16,5,3179.92,3089.21,VARIANCE
SET000058,MER0003,2025-02-23,2,124.0,122.06,VARIANCE
SET000059,MER0003,2025-03-02,4,4670.45,4654.91,VARIANCE
SET000060,MER0003,2025-03-09,3,1936.31,1913.91,VARIANCE
SET000061,MER0003,2025-03-16,2,3059.9,2996.21,VARIANCE
SET000062,MER0003,2025-03-23,3,2725.53,2676.64,VARIANCE
SET000063,MER0003,2025-03-30,7,12251.09,12040.61,VARIANCE
SET000064,MER0003,2025-04-06,2,4865.13,4766.02,VARIANCE
SET000065,MER0003,2025-04-13,3,1731.92,1682.75,VARIANCE
SET000066,MER0003,2025-04-20,2,840.66,819.38,VARIANCE
SET000067,MER0003,2025-04-27,5,2478.0,2414.3,VARIANCE
SET000068,MER0003,2025-05-04,8,11886.37,11603.91,VARIANCE
SET000069,MER0003,2025-05-11,4,5961.19,5841.53,VARIANCE
SET000070,MER0003,2025-05-18,1,1075.6,1046.65,VARIANCE
SET000071,MER0003,2025-05-25,0,0.0,0.0,MATCHED
SET000072,MER0003,2025-06-01,4,2768.62,2702.15,VARIANCE
SET000073,MER0003,2025-06-08,4,3353.54,3304.29,VARIANCE
SET000074,MER0003,2025-06-15,2,2725.96,2700.87,VARIANCE
SET000075,MER0003,2025-06-22,1,271.12,267.03,VARIANCE
SET000076,MER0003,2025-06-29,4,2465.63,2446.48,VARIANCE
SET000077,MER0004,2025-01-12,2,2415.24,2399.31,VARIANCE
SET000078,MER0004,2025-01-19,2,966.64,950.62,VARIANCE
SET000079,MER0004,2025-01-26,3,1756.28,1714.78,VARIANCE
SET000080,MER0004,2025-02-02,5,4878.1,4737.98,VARIANCE
SET000081,MER0004,2025-02-09,6,3650.19,3616.56,VARIANCE
SET000082,MER0004,2025-02-16,3,1270.8,1246.69,VARIANCE
SET000083,MER0004,2025-02-23,2,740.55,724.8,VARIANCE
SET000084,MER0004,2025-03-02,3,3425.86,3331.68,VARIANCE
SET000085,MER0004,2025-03-09,2,2803.39,2734.43,VARIANCE
SET000086,MER0004,2025-03-16,3,4367.31,4353.11,VARIANCE
SET000087,MER0004,2025-03-23,2,1095.48,1078.13,VARIANCE
SET000088,MER0004,2025-03-30,0,0.0,0.0,MATCHED
SET000089,MER0004,2025-04-06,6,4815.2,4792.72,VARIANCE
SET000090,MER0004,2025-04-13,1,817.28,798.85,VARIANCE
SET000091,MER0004,2025-04-20,0,0.0,0.0,MATCHED
SET000092,MER0004,2025-04-27,3,902.22,899.15,VARIANCE
SET000093,MER0004,2025-05-04,2,205.82,201.11,VARIANCE
SET000094,MER0004,2025-05-11,1,746.32,737.33,VARIANCE
SET000095,MER0004,2025-05-18,1,463.65,462.77,MATCHED
SET000096,MER0004,2025-05-25,2,5763.58,5671.2,VARIANCE
SET000097,MER0004,2025-06-01,1,284.81,279.89,VARIANCE
SET000098,MER0004,2025-06-08,3,1453.11,1451.26,VARIANCE
SET000099,MER0004,2025-06-15,1,815.39,812.04,VARIANCE
SET000100,MER0004,2025-06-22,4,1634.41,1630.83,VARIANCE
SET000101,MER0005,2025-01-05,1,196.85,195.12,VARIANCE
SET000102,MER0005,2025-01-12,2,806.82,788.04,VARIANCE
SET000103,MER0005,2025-01-19,2,2151.63,2090.18,VARIANCE
SET000104,MER0005,2025-01-26,5,4402.74,4273.51,VARIANCE
SET000105,MER0005,2025-02-02,4,1719.7,1715.73,VARIANCE
SET000106,MER0005,2025-02-09,2,1309.1,1291.15,VARIANCE
SET000107,MER0005,2025-02-16,2,1890.7,1884.08,VARIANCE
SET000108,MER0005,2025-02-23,1,84.78,84.67,MATCHED
SET000109,MER0005,2025-03-02,0,0.0,0.0,MATCHED
SET000110,MER0005,2025-03-09,3,2230.11,2228.11,VARIANCE
SET000111,MER0005,2025-03-16,1,191.3,187.13,VARIANCE
SET000112,MER0005,2025-03-23,2,702.71,685.41,VARIANCE
SET000113,MER0005,2025-03-30,0,0.0,0.0,MATCHED
SET000114,MER0005,2025-04-06,4,7872.81,7871.75,VARIANCE
SET000115,MER0005,2025-04-13,1,3044.12,3038.61,VARIANCE
SET000116,MER0005,2025-04-20,4,1632.38,1600.66,VARIANCE
SET000117,MER0005,2025-04-27,3,1401.14,1379.37,VARIANCE
SET000118,MER0005,2025-05-04,3,3566.19,3547.33,VARIANCE
SET000119,MER0005,2025-05-11,4,2191.67,2178.79,VARIANCE
SET000120,MER0005,2025-05-18,4,1918.52,1912.62,VARIANCE
SET000121,MER0005,2025-05-25,3,1937.02,1899.96,VARIANCE
SET000122,MER0005,2025-06-01,5,1496.0,1461.55,VARIANCE
SET000123,MER0005,2025-06-08,0,0.0,0.0,MATCHED
SET000124,MER0005,2025-06-15,3,5391.2,5380.53,VARIANCE
SET000125,MER0005,2025-06-22,2,1303.88,1288.75,VARIANCE
SET000126,MER0005,2025-06-29,4,1592.06,1585.95,VARIANCE
SET000127,MER0006,2025-01-12,4,1365.8,1332.87,VARIANCE
SET000128,MER0006,2025-01-19,1,3911.34,3853.52,VARIANCE
SET000129,MER0006,2025-01-26,3,990.92,988.46,VARIANCE
SET000130,MER0006,2025-02-02,4,5436.9,5366.89,VARIANCE
SET000131,MER0006,2025-02-09,5,3311.19,3290.7,VARIANCE
SET000132,MER0006,2025-02-16,1,972.99,967.37,VARIANCE
SET000133,MER0006,2025-02-23,0,0.0,0.0,MATCHED
SET000134,MER0006,2025-03-02,4,1359.0,1346.33,VARIANCE
SET000135,MER0006,2025-03-09,3,6808.29,6745.35,VARIANCE
SET000136,MER0006,2025-03-16,0,0.0,0.0,MATCHED
SET000137,MER0006,2025-03-23,8,7153.38,7050.41,VARIANCE
SET000138,MER0006,2025-03-30,2,484.62,481.86,VARIANCE
SET000139,MER0006,2025-04-06,1,2395.57,2387.06,VARIANCE
SET000140,MER0006,2025-04-13,3,2667.42,2666.36,VARIANCE
SET000141,MER0006,2025-04-20,2,1893.42,1857.49,VARIANCE
SET000142,MER0006,2025-04-27,4,1505.81,1491.18,VARIANCE
SET000143,MER0006,2025-05-04,2,826.52,815.38,VARIANCE
SET000144,MER0006,2025-05-11,6,2520.38,2509.18,VARIANCE
SET000145,MER0006,2025-05-18,4,3444.57,3366.08,VARIANCE
SET000146,MER0006,2025-05-25,2,769.2,756.9,VARIANCE
SET000147,MER0006,2025-06-01,2,1065.43,1041.66,VARIANCE
SET000148,MER0006,2025-06-08,4,6540.13,6501.52,VARIANCE
SET000149,MER0006,2025-06-15,1,756.55,749.98,VARIANCE
SET000150,MER0006,2025-06-22,3,1372.88,1331.96,VARIANCE
SET000151,MER0006,2025-06-29,1,674.26,656.23,VARIANCE
SET000152,MER0007,2025-01-05,1,1070.63,1043.06,VARIANCE
SET000153,MER0007,2025-01-12,5,5295.23,5230.3,VARIANCE
SET000154,MER0007,2025-01-19,0,0.0,0.0,MATCHED
SET000155,MER0007,2025-01-26,1,116.33,114.04,VARIANCE
SET000156,MER0007,2025-02-02,1,276.4,268.77,VARIANCE
SET000157,MER0007,2025-02-09,2,2869.19,2833.51,VARIANCE
SET000158,MER0007,2025-02-16,3,4274.79,4225.34,VARIANCE
SET000159,MER0007,2025-02-23,1,673.52,662.01,VARIANCE
SET000160,MER0007,2025-03-02,2,2201.13,2152.98,VARIANCE
SET000161,MER0007,2025-03-09,1,1628.91,1596.99,VARIANCE
SET000162,MER0007,2025-03-16,3,2832.54,2767.31,VARIANCE
SET000163,MER0007,2025-03-23,2,3147.02,3129.35,VARIANCE
SET000164,MER0007,2025-03-30,3,9126.84,8957.53,VARIANCE
SET000165,MER0007,2025-04-06,3,1768.45,1753.25,VARIANCE
SET000166,MER0007,2025-04-13,3,912.54,900.2,VARIANCE
SET000167,MER0007,2025-04-20,4,2012.91,1966.36,VARIANCE
SET000168,MER0007,2025-04-27,2,3846.56,3763.43,VARIANCE
SET000169,MER0007,2025-05-04,2,964.72,955.18,VARIANCE
SET000170,MER0007,2025-05-11,4,3799.66,3784.06,VARIANCE
SET000171,MER0007,2025-05-18,7,4520.14,4508.95,VARIANCE
SET000172,MER0007,2025-05-25,2,323.05,314.85,VARIANCE
SET000173,MER0007,2025-06-01,5,4308.24,4212.49,VARIANCE
SET000174,MER0007,2025-06-08,3,3217.97,3131.0,VARIANCE
SET000175,MER0007,2025-06-15,1,156.39,152.59,VARIANCE
SET000176,MER0007,2025-06-22,2,1263.85,1240.59,VARIANCE
SET000177,MER0008,2025-01-12,3,2040.52,2023.27,VARIANCE
SET000178,MER0008,2025-01-19,0,0.0,0.0,MATCHED
SET000179,MER0008,2025-01-26,3,2102.24,2076.43,VARIANCE
SET000180,MER0008,2025-02-02,2,1406.36,1370.31,VARIANCE
SET000181,MER0008,2025-02-09,4,5160.5,5063.96,VARIANCE
SET000182,MER0008,2025-02-16,4,3534.66,3443.85,VARIANCE
SET000183,MER0008,2025-02-23,3,4235.99,4144.44,VARIANCE
SET000184,MER0008,2025-03-02,1,237.88,234.84,VARIANCE
SET000185,MER0008,2025-03-09,4,1291.87,1272.56,VARIANCE
SET000186,MER0008,2025-03-16,3,3221.6,3141.58,VARIANCE
SET000187,MER0008,2025-03-23,2,460.45,450.45,VARIANCE
SET000188,MER0008,2025-03-30,2,1129.97,1126.45,VARIANCE
SET000189,MER0008,2025-04-06,7,6335.23,6265.0,VARIANCE
SET000190,MER0008,2025-04-13,4,7803.88,7710.58,VARIANCE
SET000191,MER0008,2025-04-20,3,7169.24,7023.44,VARIANCE
SET000192,MER0008,2025-04-27,4,2369.58,2319.75,VARIANCE
SET000193,MER0008,2025-05-04,4,6390.54,6344.82,VARIANCE
SET000194,MER0008,2025-05-11,4,4735.68,4595.75,VARIANCE
SET000195,MER0008,2025-05-18,2,941.27,931.5,VARIANCE
SET000196,MER0008,2025-05-25,3,2534.72,2531.39,VARIANCE
SET000197,MER0008,2025-06-01,0,0.0,0.0,MATCHED
SET000198,MER0008,2025-06-08,6,3909.29,3797.65,VARIANCE
SET000199,MER0008,2025-06-15,4,6284.13,6101.98,VARIANCE
SET000200,MER0008,2025-06-22,2,2746.19,2728.48,VARIANCE
SET000201,MER0008,2025-06-29,3,1428.89,1393.96,VARIANCE
SET000202,MER0009,2025-01-05,4,3153.44,3098.76,VARIANCE
SET000203,MER0009,2025-01-12,3,1314.18,1300.44,VARIANCE
SET000204,MER0009,2025-01-19,0,0.0,0.0,MATCHED
SET000205,MER0009,2025-01-26,1,557.44,545.53,VARIANCE
SET000206,MER0009,2025-02-02,2,1677.63,1661.64,VARIANCE
SET000207,MER0009,2025-02-09,2,3246.68,3238.28,VARIANCE
SET000208,MER0009,2025-02-16,4,2958.05,2910.86,VARIANCE
SET000209,MER0009,2025-02-23,1,837.53,822.36,VARIANCE
SET000210,MER0009,2025-03-02,2,1151.35,1140.49,VARIANCE
SET000211,MER0009,2025-03-09,3,3772.28,3757.93,VARIANCE
SET000212,MER0009,2025-03-16,2,2877.19,2850.17,VARIANCE
SET000213,MER0009,2025-03-23,1,189.9,189.49,MATCHED
SET000214,MER0009,2025-03-30,3,1381.74,1372.69,VARIANCE
SET000215,MER0009,2025-04-06,1,283.65,283.28,MATCHED
SET000216,MER0009,2025-04-13,5,2827.44,2763.85,VARIANCE
SET000217,MER0009,2025-04-20,2,2261.03,2238.85,VARIANCE
SET000218,MER0009,2025-04-27,4,2359.61,2303.65,VARIANCE
SET000219,MER0009,2025-05-04,2,1254.38,1221.17,VARIANCE
SET000220,MER0009,2025-05-11,3,2098.22,2056.77,VARIANCE
SET000221,MER0009,2025-05-18,2,1315.97,1313.83,VARIANCE
SET000222,MER0009,2025-05-25,1,252.85,247.5,VARIANCE
SET000223,MER0009,2025-06-01,0,0.0,0.0,MATCHED
SET000224,MER0009,2025-06-08,3,1779.01,1775.1,VARIANCE
SET000225,MER0009,2025-06-15,4,3216.5,3214.75,VARIANCE
SET000226,MER0009,2025-06-22,2,1562.78,1551.41,VARIANCE
SET000227,MER0009,2025-06-29,3,1455.52,1427.25,VARIANCE
SET000228,MER0010,2025-01-05,1,543.1,540.22,VARIANCE
SET000229,MER0010,2025-01-12,1,624.8,607.28,VARIANCE
SET000230,MER0010,2025-01-19,3,873.56,847.62,VARIANCE
SET000231,MER0010,2025-01-26,3,847.22,823.41,VARIANCE
SET000232,MER0010,2025-02-02,4,3342.96,3276.24,VARIANCE
SET000233,MER0010,2025-02-09,1,178.68,174.61,VARIANCE
SET000234,MER0010,2025-02-16,0,0.0,0.0,MATCHED
SET000235,MER0010,2025-02-23,1,3692.02,3630.74,VARIANCE
SET000236,MER0010,2025-03-02,2,740.26,736.96,VARIANCE
SET000237,MER0010,2025-03-09,3,1236.09,1217.1,VARIANCE
SET000238,MER0010,2025-03-16,5,2072.61,2033.58,VARIANCE
SET000239,MER0010,2025-03-23,1,601.6,589.68,VARIANCE
SET000240,MER0010,2025-03-30,3,576.14,559.68,VARIANCE
SET000241,MER0010,2025-04-06,4,4805.19,4726.58,VARIANCE
SET000242,MER0010,2025-04-13,1,305.47,305.02,MATCHED
SET000243,MER0010,2025-04-20,3,1033.77,1032.89,MATCHED
SET000244,MER0010,2025-04-27,6,4136.84,4128.36,VARIANCE
SET000245,MER0010,2025-05-04,1,3368.55,3277.38,VARIANCE
SET000246,MER0010,2025-05-11,4,2225.86,2188.61,VARIANCE
SET000247,MER0010,2025-05-18,2,387.66,385.73,VARIANCE
SET000248,MER0010,2025-05-25,0,0.0,0.0,MATCHED
SET000249,MER0010,2025-06-01,2,239.72,233.0,VARIANCE
SET000250,MER0010,2025-06-08,1,83.78,81.78,VARIANCE
SET000251,MER0010,2025-06-15,2,1963.45,1909.5,VARIANCE
SET000252,MER0010,2025-06-22,1,229.37,227.58,VARIANCE
SET000253,MER0010,2025-06-29,2,2184.37,2165.54,VARIANCE
SET000254,MER0011,2025-01-12,4,2073.31,2072.59,MATCHED
SET000255,MER0011,2025-01-19,2,1718.36,1669.41,VARIANCE
SET000256,MER0011,2025-01-26,4,3090.03,3062.48,VARIANCE
SET000257,MER0011,2025-02-02,1,279.26,277.53,VARIANCE
SET000258,MER0011,2025-02-09,8,3511.31,3424.78,VARIANCE
SET000259,MER0011,2025-02-16,4,2367.67,2302.26,VARIANCE
SET000260,MER0011,2025-02-23,3,1809.4,1808.31,VARIANCE
SET000261,MER0011,2025-03-02,3,1181.14,1173.72,VARIANCE
SET000262,MER0011,2025-03-09,3,1365.32,1327.19,VARIANCE
SET000263,MER0011,2025-03-16,5,7677.9,7490.66,VARIANCE
SET000264,MER0011,2025-03-23,1,764.46,756.63,VARIANCE
SET000265,MER0011,2025-03-30,4,3529.18,3441.4,VARIANCE
SET000266,MER0011,2025-04-06,1,173.92,170.98,VARIANCE
SET000267,MER0011,2025-04-13,6,5119.33,4988.78,VARIANCE
SET000268,MER0011,2025-04-20,4,5164.05,5023.32,VARIANCE
SET000269,MER0011,2025-04-27,4,2951.68,2906.02,VARIANCE
SET000270,MER0011,2025-05-04,5,3079.66,3037.39,VARIANCE
SET000271,MER0011,2025-05-11,2,4448.97,4428.56,VARIANCE
SET000272,MER0011,2025-05-18,1,342.45,332.22,VARIANCE
SET000273,MER0011,2025-05-25,3,5877.2,5763.43,VARIANCE
SET000274,MER0011,2025-06-01,1,371.99,361.63,VARIANCE
SET000275,MER0011,2025-06-08,1,617.93,609.64,VARIANCE
SET000276,MER0011,2025-06-15,3,2148.94,2095.13,VARIANCE
SET000277,MER0011,2025-06-22,6,8599.76,8427.19,VARIANCE
SET000278,MER0011,2025-06-29,1,2737.89,2735.37,VARIANCE
SET000279,MER0012,2025-01-05,2,2340.64,2316.02,VARIANCE
SET000280,MER0012,2025-01-12,6,3477.46,3442.88,VARIANCE
SET000281,MER0012,2025-01-19,2,1008.13,996.2,VARIANCE
SET000282,MER0012,2025-01-26,6,5439.92,5309.62,VARIANCE
SET000283,MER0012,2025-02-02,1,544.26,539.11,VARIANCE
SET000284,MER0012,2025-02-09,1,325.63,325.34,MATCHED
SET000285,MER0012,2025-02-16,6,8193.39,7969.54,VARIANCE
SET000286,MER0012,2025-02-23,2,2603.7,2591.12,VARIANCE
SET000287,MER0012,2025-03-02,4,1607.76,1576.12,VARIANCE
SET000288,MER0012,2025-03-09,2,935.09,912.68,VARIANCE
SET000289,MER0012,2025-03-16,3,1838.25,1819.23,VARIANCE
SET000290,MER0012,2025-03-23,5,3785.31,3768.39,VARIANCE
SET000291,MER0012,2025-03-30,3,1883.78,1836.71,VARIANCE
SET000292,MER0012,2025-04-06,1,658.37,642.51,VARIANCE
SET000293,MER0012,2025-04-13,2,1645.8,1621.15,VARIANCE
SET000294,MER0012,2025-04-20,1,499.61,487.69,VARIANCE
SET000295,MER0012,2025-04-27,2,369.77,364.3,VARIANCE
SET000296,MER0012,2025-05-04,2,1355.14,1354.74,MATCHED
SET000297,MER0012,2025-05-11,1,626.7,608.38,VARIANCE
SET000298,MER0012,2025-05-18,2,867.67,852.77,VARIANCE
SET000299,MER0012,2025-05-25,3,1631.21,1592.16,VARIANCE
SET000300,MER0012,2025-06-01,1,272.58,265.76,VARIANCE
SET000301,MER0012,2025-06-08,4,6794.84,6711.0,VARIANCE
SET000302,MER0012,2025-06-15,3,2455.46,2451.59,VARIANCE
SET000303,MER0012,2025-06-22,4,4017.55,3953.64,VARIANCE
SET000304,MER0012,2025-06-29,5,2596.19,2561.8,VARIANCE
SET000305,MER0013,2025-01-05,2,919.6,911.3,VARIANCE
SET000306,MER0013,2025-01-12,2,724.04,720.98,VARIANCE
SET000307,MER0013,2025-01-19,3,1482.98,1481.5,VARIANCE
SET000308,MER0013,2025-01-26,5,3119.31,3056.91,VARIANCE
SET000309,MER0013,2025-02-02,1,699.23,681.97,VARIANCE
SET000310,MER0013,2025-02-09,3,1580.83,1576.87,VARIANCE
SET000311,MER0013,2025-02-16,2,491.28,485.46,VARIANCE
SET000312,MER0013,2025-02-23,4,1816.8,1810.41,VARIANCE
SET000313,MER0013,2025-03-02,1,123.18,120.03,VARIANCE
SET000314,MER0013,2025-03-09,1,644.42,640.34,VARIANCE
SET000315,MER0013,2025-03-16,6,5991.09,5832.61,VARIANCE
SET000316,MER0013,2025-03-23,4,4807.23,4682.04,VARIANCE
SET000317,MER0013,2025-03-30,1,263.72,256.77,VARIANCE
SET000318,MER0013,2025-04-06,0,0.0,0.0,MATCHED
SET000319,MER0013,2025-04-13,3,1195.64,1174.67,VARIANCE
SET000320,MER0013,2025-04-20,4,4993.61,4942.31,VARIANCE
SET000321,MER0013,2025-04-27,1,173.33,173.01,MATCHED
SET000322,MER0013,2025-05-04,4,2316.38,2276.74,VARIANCE
SET000323,MER0013,2025-05-11,5,6029.39,5953.15,VARIANCE
SET000324,MER0013,2025-05-18,1,191.74,188.35,VARIANCE
SET000325,MER0013,2025-05-25,1,667.74,655.38,VARIANCE
SET000326,MER0013,2025-06-01,2,1335.97,1306.51,VARIANCE
SET000327,MER0013,2025-06-08,2,889.53,862.98,VARIANCE
SET000328,MER0013,2025-06-15,2,594.12,580.85,VARIANCE
SET000329,MER0013,2025-06-22,2,2343.93,2324.44,VARIANCE
SET000330,MER0013,2025-06-29,3,794.75,789.96,VARIANCE
SET000331,MER0014,2025-01-05,3,1713.79,1697.65,VARIANCE
SET000332,MER0014,2025-01-12,2,656.29,645.28,VARIANCE
SET000333,MER0014,2025-01-19,3,1115.75,1096.03,VARIANCE
SET000334,MER0014,2025-01-26,2,1971.45,1923.49,VARIANCE
SET000335,MER0014,2025-02-02,1,1606.63,1570.12,VARIANCE
SET000336,MER0014,2025-02-09,4,3537.31,3537.07,MATCHED
SET000337,MER0014,2025-02-16,2,1188.75,1174.04,VARIANCE
SET000338,MER0014,2025-02-23,5,1857.33,1824.12,VARIANCE
SET000339,MER0014,2025-03-02,1,347.66,342.81,VARIANCE
SET000340,MER0014,2025-03-09,5,5553.67,5469.13,VARIANCE
SET000341,MER0014,2025-03-16,0,0.0,0.0,MATCHED
SET000342,MER0014,2025-03-23,7,6490.77,6377.41,VARIANCE
SET000343,MER0014,2025-03-30,3,2527.91,2484.71,VARIANCE
SET000344,MER0014,2025-04-06,4,4527.58,4513.78,VARIANCE
SET000345,MER0014,2025-04-13,1,1129.91,1126.21,VARIANCE
SET000346,MER0014,2025-04-20,1,621.83,608.55,VARIANCE
SET000347,MER0014,2025-04-27,6,9255.65,9104.47,VARIANCE
SET000348,MER0014,2025-05-04,0,0.0,0.0,MATCHED
SET000349,MER0014,2025-05-11,4,2902.52,2898.41,VARIANCE
SET000350,MER0014,2025-05-18,3,1438.4,1401.12,VARIANCE
SET000351,MER0014,2025-05-25,4,4258.79,4192.54,VARIANCE
SET000352,MER0014,2025-06-01,1,365.55,354.72,VARIANCE
SET000353,MER0014,2025-06-08,3,804.29,791.28,VARIANCE
SET000354,MER0014,2025-06-15,4,7664.56,7540.38,VARIANCE
SET000355,MER0014,2025-06-22,2,1370.04,1329.53,VARIANCE
SET000356,MER0014,2025-06-29,1,164.24,160.06,VARIANCE
SET000357,MER0015,2025-01-05,3,3059.9,3013.99,VARIANCE
SET000358,MER0015,2025-01-12,1,1184.57,1165.87,VARIANCE
SET000359,MER0015,2025-01-19,1,79.29,77.63,VARIANCE
SET000360,MER0015,2025-01-26,0,0.0,0.0,MATCHED
SET000361,MER0015,2025-02-02,2,553.25,542.03,VARIANCE
SET000362,MER0015,2025-02-09,2,1478.19,1449.26,VARIANCE
SET000363,MER0015,2025-02-16,1,746.11,726.05,VARIANCE
SET000364,MER0015,2025-02-23,1,16.0,15.81,MATCHED
SET000365,MER0015,2025-03-02,1,203.17,198.42,VARIANCE
SET000366,MER0015,2025-03-09,3,314.06,309.65,VARIANCE
SET000367,MER0015,2025-03-16,6,7147.96,7085.73,VARIANCE
SET000368,MER0015,2025-03-23,1,279.33,271.07,VARIANCE
SET000369,MER0015,2025-03-30,4,1617.69,1593.32,VARIANCE
SET000370,MER0015,2025-04-06,1,1092.59,1080.7,VARIANCE
SET000371,MER0015,2025-04-13,4,1212.96,1209.11,VARIANCE
SET000372,MER0015,2025-04-20,3,1681.7,1666.08,VARIANCE
SET000373,MER0015,2025-04-27,1,142.64,141.95,MATCHED
SET000374,MER0015,2025-05-04,1,933.43,923.98,VARIANCE
SET000375,MER0015,2025-05-11,0,0.0,0.0,MATCHED
SET000376,MER0015,2025-05-18,2,1191.87,1185.2,VARIANCE
SET000377,MER0015,2025-05-25,5,6109.93,6065.18,VARIANCE
SET000378,MER0015,2025-06-01,2,5176.04,5096.35,VARIANCE
SET000379,MER0015,2025-06-08,4,4532.43,4522.28,VARIANCE
SET000380,MER0015,2025-06-15,4,3245.22,3152.61,VARIANCE
SET000381,MER0015,2025-06-22,0,0.0,0.0,MATCHED
SET000382,MER0015,2025-06-29,1,236.3,231.74,VARIANCE
SET000383,MER0016,2025-01-05,2,1398.24,1379.04,VARIANCE
SET000384,MER0016,2025-01-12,1,136.4,135.57,MATCHED
SET000385,MER0016,2025-01-19,5,3329.68,3246.49,VARIANCE
SET000386,MER0016,2025-01-26,3,5797.77,5710.11,VARIANCE
SET000387,MER0016,2025-02-02,5,3965.73,3848.56,VARIANCE
SET000388,MER0016,2025-02-09,0,0.0,0.0,MATCHED
SET000389,MER0016,2025-02-16,3,2362.82,2359.7,VARIANCE
SET000390,MER0016,2025-02-23,3,2840.62,2774.11,VARIANCE
SET000391,MER0016,2025-03-02,3,3512.15,3451.75,VARIANCE
SET000392,MER0016,2025-03-09,1,349.69,340.46,VARIANCE
SET000393,MER0016,2025-03-16,3,2172.6,2168.17,VARIANCE
SET000394,MER0016,2025-03-23,2,4302.82,4239.16,VARIANCE
SET000395,MER0016,2025-03-30,2,1408.11,1401.99,VARIANCE
SET000396,MER0016,2025-04-06,1,38.49,37.65,MATCHED
SET000397,MER0016,2025-04-13,2,447.23,440.03,VARIANCE
SET000398,MER0016,2025-04-20,2,1738.66,1699.38,VARIANCE
SET000399,MER0016,2025-04-27,1,2229.88,2202.43,VARIANCE
SET000400,MER0016,2025-05-04,4,3151.12,3123.44,VARIANCE
SET000401,MER0016,2025-05-11,3,1187.08,1171.89,VARIANCE
SET000402,MER0016,2025-05-18,3,1241.16,1225.68,VARIANCE
SET000403,MER0016,2025-05-25,2,796.35,779.87,VARIANCE
SET000404,MER0016,2025-06-01,1,207.89,207.59,MATCHED
SET000405,MER0016,2025-06-08,1,409.32,397.28,VARIANCE
SET000406,MER0016,2025-06-15,3,2326.94,2268.76,VARIANCE
SET000407,MER0016,2025-06-22,0,0.0,0.0,MATCHED
SET000408,MER0016,2025-06-29,5,6892.34,6886.74,VARIANCE
SET000409,MER0017,2025-01-12,2,1294.57,1288.65,VARIANCE
SET000410,MER0017,2025-01-19,0,0.0,0.0,MATCHED
SET000411,MER0017,2025-01-26,1,1537.5,1534.89,VARIANCE
SET000412,MER0017,2025-02-02,3,1344.69,1322.77,VARIANCE
SET000413,MER0017,2025-02-09,3,4215.95,4161.7,VARIANCE
SET000414,MER0017,2025-02-16,4,3322.59,3287.44,VARIANCE
SET000415,MER0017,2025-02-23,2,417.21,412.42,VARIANCE
SET000416,MER0017,2025-03-02,3,1553.92,1548.3,VARIANCE
SET000417,MER0017,2025-03-09,4,5218.0,5202.14,VARIANCE
SET000418,MER0017,2025-03-16,4,3598.75,3524.89,VARIANCE
SET000419,MER0017,2025-03-23,2,809.9,807.28,VARIANCE
SET000420,MER0017,2025-03-30,6,8028.57,7863.78,VARIANCE
SET000421,MER0017,2025-04-06,3,487.34,482.72,VARIANCE
SET000422,MER0017,2025-04-13,3,696.68,679.08,VARIANCE
SET000423,MER0017,2025-04-20,0,0.0,0.0,MATCHED
SET000424,MER0017,2025-04-27,2,937.73,918.05,VARIANCE
SET000425,MER0017,2025-05-04,2,1290.85,1290.64,MATCHED
SET000426,MER0017,2025-05-11,3,1857.71,1839.04,VARIANCE
SET000427,MER0017,2025-05-18,3,1911.88,1876.74,VARIANCE
SET000428,MER0017,2025-05-25,1,524.79,524.19,MATCHED
SET000429,MER0017,2025-06-01,3,2097.84,2042.18,VARIANCE
SET000430,MER0017,2025-06-08,1,39.08,38.78,MATCHED
SET000431,MER0017,2025-06-15,1,315.3,311.98,VARIANCE
SET000432,MER0017,2025-06-22,1,2385.89,2315.54,VARIANCE
SET000433,MER0017,2025-06-29,3,738.76,726.79,VARIANCE
SET000434,MER0018,2025-01-05,3,2484.86,2418.99,VARIANCE
SET000435,MER0018,2025-01-12,4,1462.83,1462.82,MATCHED
SET000436,MER0018,2025-01-19,3,1124.51,1094.14,VARIANCE
SET000437,MER0018,2025-01-26,1,1386.72,1371.56,VARIANCE
SET000438,MER0018,2025-02-02,5,3432.39,3385.35,VARIANCE
SET000439,MER0018,2025-02-09,4,4288.19,4175.65,VARIANCE
SET000440,MER0018,2025-02-16,3,5614.86,5603.8,VARIANCE
SET000441,MER0018,2025-02-23,4,1204.97,1189.57,VARIANCE
SET000442,MER0018,2025-03-02,2,287.39,284.1,VARIANCE
SET000443,MER0018,2025-03-09,0,0.0,0.0,MATCHED
SET000444,MER0018,2025-03-16,3,1012.9,987.19,VARIANCE
SET000445,MER0018,2025-03-23,4,4163.29,4079.08,VARIANCE
SET000446,MER0018,2025-03-30,1,339.28,329.45,VARIANCE
SET000447,MER0018,2025-04-06,5,2520.5,2460.1,VARIANCE
SET000448,MER0018,2025-04-13,3,3033.48,2987.61,VARIANCE
SET000449,MER0018,2025-04-20,1,2878.35,2825.72,VARIANCE
SET000450,MER0018,2025-04-27,2,719.83,714.65,VARIANCE
SET000451,MER0018,2025-05-04,6,7638.95,7442.28,VARIANCE
SET000452,MER0018,2025-05-11,0,0.0,0.0,MATCHED
SET000453,MER0018,2025-05-18,0,0.0,0.0,MATCHED
SET000454,MER0018,2025-05-25,4,3309.58,3278.52,VARIANCE
SET000455,MER0018,2025-06-01,2,2933.68,2873.34,VARIANCE
SET000456,MER0018,2025-06-08,3,8656.91,8450.88,VARIANCE
SET000457,MER0018,2025-06-15,2,1990.9,1938.65,VARIANCE
SET000458,MER0018,2025-06-22,4,1237.29,1213.67,VARIANCE
SET000459,MER0018,2025-06-29,4,849.38,833.56,VARIANCE
SET000460,MER0019,2025-01-05,3,1281.72,1273.91,VARIANCE
SET000461,MER0019,2025-01-12,4,4681.47,4574.75,VARIANCE
SET000462,MER0019,2025-01-19,2,287.44,281.75,VARIANCE
SET000463,MER0019,2025-01-26,3,912.48,905.51,VARIANCE
SET000464,MER0019,2025-02-02,2,717.13,700.07,VARIANCE
SET000465,MER0019,2025-02-09,4,4395.37,4268.6,VARIANCE
SET000466,MER0019,2025-02-16,5,2226.12,2224.27,VARIANCE
SET000467,MER0019,2025-02-23,2,2288.93,2283.06,VARIANCE
SET000468,MER0019,2025-03-02,3,656.55,643.08,VARIANCE
SET000469,MER0019,2025-03-09,3,2583.88,2528.33,VARIANCE
SET000470,MER0019,2025-03-16,3,905.74,891.07,VARIANCE
SET000471,MER0019,2025-03-23,1,627.04,612.18,VARIANCE
SET000472,MER0019,2025-03-30,5,4728.45,4698.17,VARIANCE
SET000473,MER0019,2025-04-06,4,4912.85,4895.92,VARIANCE
SET000474,MER0019,2025-04-13,3,2291.48,2271.69,VARIANCE
SET000475,MER0019,2025-04-20,0,0.0,0.0,MATCHED
SET000476,MER0019,2025-04-27,2,886.44,882.18,VARIANCE
SET000477,MER0019,2025-05-04,3,2524.71,2519.89,VARIANCE
SET000478,MER0019,2025-05-11,2,1886.78,1840.58,VARIANCE
SET000479,MER0019,2025-05-18,2,3347.98,3314.68,VARIANCE
SET000480,MER0019,2025-05-25,1,799.05,779.22,VARIANCE
SET000481,MER0019,2025-06-01,1,340.21,340.07,MATCHED
SET000482,MER0019,2025-06-08,7,3088.92,3069.99,VARIANCE
SET000483,MER0019,2025-06-15,3,2404.9,2362.31,VARIANCE
SET000484,MER0019,2025-06-22,1,143.76,142.64,VARIANCE
SET000485,MER0019,2025-06-29,1,488.54,478.18,VARIANCE
SET000486,MER0020,2025-01-05,4,3953.1,3842.05,VARIANCE
SET000487,MER0020,2025-01-12,4,3480.39,3429.6,VARIANCE
SET000488,MER0020,2025-01-19,2,2238.58,2176.48,VARIANCE
SET000489,MER0020,2025-01-26,4,4124.69,4057.48,VARIANCE
SET000490,MER0020,2025-02-02,3,2404.91,2394.3,VARIANCE
SET000491,MER0020,2025-02-09,2,923.7,911.98,VARIANCE
SET000492,MER0020,2025-02-16,0,0.0,0.0,MATCHED
SET000493,MER0020,2025-02-23,7,14429.98,14088.89,VARIANCE
SET000494,MER0020,2025-03-02,1,428.27,422.59,VARIANCE
SET000495,MER0020,2025-03-09,1,257.2,253.41,VARIANCE
SET000496,MER0020,2025-03-16,2,4168.27,4156.21,VARIANCE
SET000497,MER0020,2025-03-23,1,109.34,106.62,VARIANCE
SET000498,MER0020,2025-03-30,3,1044.32,1027.59,VARIANCE
SET000499,MER0020,2025-04-06,2,3038.82,2988.47,VARIANCE
SET000500,MER0020,2025-04-13,3,1151.18,1129.66,VARIANCE
SET000501,MER0020,2025-04-20,3,1233.19,1203.08,VARIANCE
SET000502,MER0020,2025-04-27,4,1744.78,1712.51,VARIANCE
SET000503,MER0020,2025-05-04,3,932.36,919.57,VARIANCE
SET000504,MER0020,2025-05-11,5,4377.65,4271.8,VARIANCE
SET000505,MER0020,2025-05-18,1,940.93,921.75,VARIANCE
SET000506,MER0020,2025-05-25,3,2486.12,2450.83,VARIANCE
SET000507,MER0020,2025-06-01,1,247.69,247.24,MATCHED
SET000508,MER0020,2025-06-08,5,2399.37,2362.13,VARIANCE
SET000509,MER0020,2025-06-15,3,1507.02,1477.46,VARIANCE
SET000510,MER0020,2025-06-22,1,998.36,969.44,VARIANCE
SET000511,MER0020,2025-06-29,6,7732.51,7620.7,VARIANCE
SET000512,MER0021,2025-01-05,2,2030.88,1990.92,VARIANCE
SET000513,MER0021,2025-01-12,2,884.83,861.36,VARIANCE
SET000514,MER0021,2025-01-19,3,2913.05,2867.09,VARIANCE
SET000515,MER0021,2025-01-26,1,102.9,101.71,VARIANCE
SET000516,MER0021,2025-02-02,1,777.36,762.23,VARIANCE
SET000517,MER0021,2025-02-09,3,895.95,888.83,VARIANCE
SET000518,MER0021,2025-02-16,2,1136.37,1123.82,VARIANCE
SET000519,MER0021,2025-02-23,5,2062.49,2004.5,VARIANCE
SET000520,MER0021,2025-03-02,1,330.62,321.19,VARIANCE
SET000521,MER0021,2025-03-09,2,1342.47,1323.36,VARIANCE
SET000522,MER0021,2025-03-16,3,1800.23,1778.91,VARIANCE
SET000523,MER0021,2025-03-23,6,4202.91,4147.05,VARIANCE
SET000524,MER0021,2025-03-30,2,1222.06,1193.8,VARIANCE
SET000525,MER0021,2025-04-06,1,326.12,319.71,VARIANCE
SET000526,MER0021,2025-04-13,5,4097.03,4062.34,VARIANCE
SET000527,MER0021,2025-04-20,1,183.92,180.59,VARIANCE
SET000528,MER0021,2025-04-27,2,1094.96,1079.49,VARIANCE
SET000529,MER0021,2025-05-04,1,356.27,348.02,VARIANCE
SET000530,MER0021,2025-05-11,6,5113.22,5056.3,VARIANCE
SET000531,MER0021,2025-05-18,3,2033.21,2001.45,VARIANCE
SET000532,MER0021,2025-05-25,2,576.02,558.79,VARIANCE
SET000533,MER0021,2025-06-01,5,2334.86,2317.66,VARIANCE
SET000534,MER0021,2025-06-08,5,4634.16,4606.78,VARIANCE
SET000535,MER0021,2025-06-15,1,45.38,45.36,MATCHED
SET000536,MER0021,2025-06-22,2,1975.2,1971.78,VARIANCE
SET000537,MER0021,2025-06-29,2,604.09,598.69,VARIANCE
SET000538,MER0022,2025-01-05,3,1197.17,1178.02,VARIANCE
SET000539,MER0022,2025-01-12,3,1064.16,1040.72,VARIANCE
SET000540,MER0022,2025-01-19,2,939.14,930.79,VARIANCE
SET000541,MER0022,2025-01-26,5,3189.77,3134.16,VARIANCE
SET000542,MER0022,2025-02-02,3,1162.34,1138.73,VARIANCE
SET000543,MER0022,2025-02-09,3,1670.8,1626.54,VARIANCE
SET000544,MER0022,2025-02-16,1,762.67,753.64,VARIANCE
SET000545,MER0022,2025-02-23,1,589.73,584.61,VARIANCE
SET000546,MER0022,2025-03-02,2,884.78,878.66,VARIANCE
SET000547,MER0022,2025-03-09,2,2518.32,2454.3,VARIANCE
SET000548,MER0022,2025-03-16,3,3281.33,3203.06,VARIANCE
SET000549,MER0022,2025-03-23,3,368.57,364.56,VARIANCE
SET000550,MER0022,2025-03-30,4,1080.13,1051.93,VARIANCE
SET000551,MER0022,2025-04-06,1,239.31,238.49,MATCHED
SET000552,MER0022,2025-04-13,1,1039.4,1037.14,VARIANCE
SET000553,MER0022,2025-04-20,4,2815.45,2784.28,VARIANCE
SET000554,MER0022,2025-04-27,3,1806.95,1766.91,VARIANCE
SET000555,MER0022,2025-05-04,3,1330.87,1313.4,VARIANCE
SET000556,MER0022,2025-05-11,5,4107.26,4078.45,VARIANCE
SET000557,MER0022,2025-05-18,3,1262.73,1237.91,VARIANCE
SET000558,MER0022,2025-05-25,5,9384.08,9285.41,VARIANCE
SET000559,MER0022,2025-06-01,2,2074.71,2049.9,VARIANCE
SET000560,MER0022,2025-06-08,1,131.13,130.77,MATCHED
SET000561,MER0022,2025-06-15,1,187.04,185.78,VARIANCE
SET000562,MER0022,2025-06-22,3,1801.2,1783.32,VARIANCE
SET000563,MER0022,2025-06-29,3,3227.77,3183.7,VARIANCE
SET000564,MER0023,2025-01-12,4,2776.41,2767.24,VARIANCE
SET000565,MER0023,2025-01-19,1,3381.0,3340.7,VARIANCE
SET000566,MER0023,2025-01-26,5,3498.75,3466.12,VARIANCE
SET000567,MER0023,2025-02-02,4,7985.93,7820.75,VARIANCE
SET000568,MER0023,2025-02-09,5,4011.82,3904.39,VARIANCE
SET000569,MER0023,2025-02-16,2,560.47,553.04,VARIANCE
SET000570,MER0023,2025-02-23,2,1501.28,1466.26,VARIANCE
SET000571,MER0023,2025-03-02,6,3973.53,3969.91,VARIANCE
SET000572,MER0023,2025-03-09,4,2696.82,2633.82,VARIANCE
SET000573,MER0023,2025-03-16,2,5882.96,5864.54,VARIANCE
SET000574,MER0023,2025-03-23,0,0.0,0.0,MATCHED
SET000575,MER0023,2025-03-30,3,1872.71,1827.3,VARIANCE
SET000576,MER0023,2025-04-06,1,368.77,364.09,VARIANCE
SET000577,MER0023,2025-04-13,8,7827.33,7668.19,VARIANCE
SET000578,MER0023,2025-04-20,2,2219.39,2218.97,MATCHED
SET000579,MER0023,2025-04-27,4,1944.95,1922.64,VARIANCE
SET000580,MER0023,2025-05-04,1,1477.91,1438.05,VARIANCE
SET000581,MER0023,2025-05-11,4,5769.24,5649.82,VARIANCE
SET000582,MER0023,2025-05-18,0,0.0,0.0,MATCHED
SET000583,MER0023,2025-05-25,4,996.76,981.62,VARIANCE
SET000584,MER0023,2025-06-01,2,922.82,909.75,VARIANCE
SET000585,MER0023,2025-06-08,2,533.8,522.84,VARIANCE
SET000586,MER0023,2025-06-15,3,871.83,863.27,VARIANCE
SET000587,MER0023,2025-06-22,5,6466.46,6358.77,VARIANCE
SET000588,MER0023,2025-06-29,3,1015.02,1009.53,VARIANCE
SET000589,MER0024,2025-01-05,4,3799.99,3763.41,VARIANCE
SET000590,MER0024,2025-01-12,2,1481.45,1448.5,VARIANCE
SET000591,MER0024,2025-01-19,5,2769.49,2755.36,VARIANCE
SET000592,MER0024,2025-01-26,2,1128.25,1095.4,VARIANCE
SET000593,MER0024,2025-02-02,4,3882.93,3793.85,VARIANCE
SET000594,MER0024,2025-02-09,3,1666.67,1618.09,VARIANCE
SET000595,MER0024,2025-02-16,1,479.15,478.45,MATCHED
SET000596,MER0024,2025-02-23,3,1225.44,1208.36,VARIANCE
SET000597,MER0024,2025-03-02,4,2856.51,2842.91,VARIANCE
SET000598,MER0024,2025-03-09,7,1992.68,1992.09,MATCHED
SET000599,MER0024,2025-03-16,4,2383.85,2318.88,VARIANCE
SET000600,MER0024,2025-03-23,3,1437.36,1433.05,VARIANCE
SET000601,MER0024,2025-03-30,3,2714.97,2635.21,VARIANCE
SET000602,MER0024,2025-04-06,2,236.04,233.92,VARIANCE
SET000603,MER0024,2025-04-13,3,3093.32,3074.13,VARIANCE
SET000604,MER0024,2025-04-20,1,199.9,196.21,VARIANCE
SET000605,MER0024,2025-04-27,3,912.49,909.48,VARIANCE
SET000606,MER0024,2025-05-04,4,1728.85,1716.75,VARIANCE
SET000607,MER0024,2025-05-11,4,18733.32,18450.96,VARIANCE
SET000608,MER0024,2025-05-18,4,2295.98,2246.45,VARIANCE
SET000609,MER0024,2025-05-25,5,5253.75,5121.24,VARIANCE
SET000610,MER0024,2025-06-01,0,0.0,0.0,MATCHED
SET000611,MER0024,2025-06-08,6,3117.66,3074.77,VARIANCE
SET000612,MER0024,2025-06-15,1,542.9,535.16,VARIANCE
SET000613,MER0024,2025-06-22,0,0.0,0.0,MATCHED
SET000614,MER0024,2025-06-29,4,3667.23,3615.57,VARIANCE
SET000615,MER0025,2025-01-05,1,568.72,553.01,VARIANCE
SET000616,MER0025,2025-01-12,5,1213.07,1187.67,VARIANCE
SET000617,MER0025,2025-01-19,1,32.77,32.44,MATCHED
SET000618,MER0025,2025-01-26,2,1945.46,1895.93,VARIANCE
SET000619,MER0025,2025-02-02,3,1037.7,1022.85,VARIANCE
SET000620,MER0025,2025-02-09,4,3727.63,3630.76,VARIANCE
SET000621,MER0025,2025-02-16,1,2337.94,2329.67,VARIANCE
SET000622,MER0025,2025-02-23,1,527.06,514.59,VARIANCE
SET000623,MER0025,2025-03-02,0,0.0,0.0,MATCHED
SET000624,MER0025,2025-03-09,3,539.46,538.14,VARIANCE
SET000625,MER0025,2025-03-16,5,2799.3,2796.34,VARIANCE
SET000626,MER0025,2025-03-23,2,3057.3,2991.47,VARIANCE
SET000627,MER0025,2025-03-30,4,2731.53,2705.44,VARIANCE
SET000628,MER0025,2025-04-06,2,600.74,583.98,VARIANCE
SET000629,MER0025,2025-04-13,3,2312.6,2310.66,VARIANCE
SET000630,MER0025,2025-04-20,3,3194.72,3165.22,VARIANCE
SET000631,MER0025,2025-04-27,1,785.62,762.92,VARIANCE
SET000632,MER0025,2025-05-04,3,1828.08,1780.83,VARIANCE
SET000633,MER0025,2025-05-11,4,3234.24,3147.45,VARIANCE
SET000634,MER0025,2025-05-18,1,246.76,241.93,VARIANCE
SET000635,MER0025,2025-05-25,0,0.0,0.0,MATCHED
SET000636,MER0025,2025-06-01,3,2852.51,2834.46,VARIANCE
SET000637,MER0025,2025-06-08,2,2555.53,2503.86,VARIANCE
SET000638,MER0025,2025-06-15,4,3226.56,3208.13,VARIANCE
SET000639,MER0025,2025-06-22,0,0.0,0.0,MATCHED
SET000640,MER0025,2025-06-29,3,7202.77,7104.42,VARIANCE
SET000641,MER0026,2025-01-05,4,4091.11,4016.16,VARIANCE
SET000642,MER0026,2025-01-12,3,2067.95,2010.6,VARIANCE
SET000643,MER0026,2025-01-19,3,1618.5,1614.59,VARIANCE
SET000644,MER0026,2025-01-26,4,1672.73,1655.55,VARIANCE
SET000645,MER0026,2025-02-02,4,4189.92,4189.38,MATCHED
SET000646,MER0026,2025-02-09,4,1540.88,1524.24,VARIANCE
SET000647,MER0026,2025-02-16,1,537.72,531.61,VARIANCE
SET000648,MER0026,2025-02-23,3,2775.54,2702.89,VARIANCE
SET000649,MER0026,2025-03-02,2,3294.79,3243.01,VARIANCE
SET000650,MER0026,2025-03-09,3,1458.6,1454.08,VARIANCE
SET000651,MER0026,2025-03-16,5,3529.57,3482.84,VARIANCE
SET000652,MER0026,2025-03-23,0,0.0,0.0,MATCHED
SET000653,MER0026,2025-03-30,4,3923.88,3860.28,VARIANCE
SET000654,MER0026,2025-04-06,3,2001.29,1962.75,VARIANCE
SET000655,MER0026,2025-04-13,3,1025.52,995.11,VARIANCE
SET000656,MER0026,2025-04-20,3,889.91,869.05,VARIANCE
SET000657,MER0026,2025-04-27,3,740.46,722.38,VARIANCE
SET000658,MER0026,2025-05-04,1,1261.34,1226.95,VARIANCE
SET000659,MER0026,2025-05-11,6,5442.66,5288.22,VARIANCE
SET000660,MER0026,2025-05-18,2,-203.83,-202.34,VARIANCE
SET000661,MER0026,2025-05-25,4,4322.34,4321.75,MATCHED
SET000662,MER0026,2025-06-01,2,289.8,287.17,VARIANCE
SET000663,MER0026,2025-06-08,3,855.46,851.11,VARIANCE
SET000664,MER0026,2025-06-15,5,8316.11,8118.93,VARIANCE
SET000665,MER0026,2025-06-22,2,2353.74,2343.12,VARIANCE
SET000666,MER0026,2025-06-29,4,1079.78,1059.72,VARIANCE
SET000667,MER0027,2025-01-05,1,1165.31,1160.23,VARIANCE
SET000668,MER0027,2025-01-12,3,758.31,740.97,VARIANCE
SET000669,MER0027,2025-01-19,3,1751.97,1715.13,VARIANCE
SET000670,MER0027,2025-01-26,4,1351.24,1332.05,VARIANCE
SET000671,MER0027,2025-02-02,1,1291.96,1261.87,VARIANCE
SET000672,MER0027,2025-02-09,2,1728.61,1690.16,VARIANCE
SET000673,MER0027,2025-02-16,0,0.0,0.0,MATCHED
SET000674,MER0027,2025-02-23,5,2670.68,2653.8,VARIANCE
SET000675,MER0027,2025-03-02,2,1119.11,1118.54,MATCHED
SET000676,MER0027,2025-03-09,2,1298.32,1284.87,VARIANCE
SET000677,MER0027,2025-03-16,2,530.25,519.92,VARIANCE
SET000678,MER0027,2025-03-23,3,2904.33,2858.07,VARIANCE
SET000679,MER0027,2025-03-30,1,591.76,584.41,VARIANCE
SET000680,MER0027,2025-04-06,0,0.0,0.0,MATCHED
SET000681,MER0027,2025-04-13,2,588.02,586.56,VARIANCE
SET000682,MER0027,2025-04-20,1,186.88,184.45,VARIANCE
SET000683,MER0027,2025-04-27,0,0.0,0.0,MATCHED
SET000684,MER0027,2025-05-04,5,2106.04,2073.05,VARIANCE
SET000685,MER0027,2025-05-11,0,0.0,0.0,MATCHED
SET000686,MER0027,2025-05-18,4,1343.62,1304.48,VARIANCE
SET000687,MER0027,2025-05-25,2,548.34,537.22,VARIANCE
SET000688,MER0027,2025-06-01,3,2188.29,2154.33,VARIANCE
SET000689,MER0027,2025-06-08,3,2637.56,2559.35,VARIANCE
SET000690,MER0027,2025-06-15,2,2717.01,2671.33,VARIANCE
SET000691,MER0027,2025-06-22,4,2421.75,2357.52,VARIANCE
SET000692,MER0027,2025-06-29,4,1994.22,1950.39,VARIANCE
SET000693,MER0028,2025-01-05,4,1810.66,1804.36,VARIANCE
SET000694,MER0028,2025-01-12,1,14.95,14.91,MATCHED
SET000695,MER0028,2025-01-19,2,4185.21,4074.02,VARIANCE
SET000696,MER0028,2025-01-26,3,1635.58,1615.36,VARIANCE
SET000697,MER0028,2025-02-02,2,857.24,844.03,VARIANCE
SET000698,MER0028,2025-02-09,3,1768.04,1717.84,VARIANCE
SET000699,MER0028,2025-02-16,2,776.44,760.07,VARIANCE
SET000700,MER0028,2025-02-23,2,1195.77,1179.06,VARIANCE
SET000701,MER0028,2025-03-02,2,419.91,412.67,VARIANCE
SET000702,MER0028,2025-03-09,6,5659.11,5586.06,VARIANCE
SET000703,MER0028,2025-03-16,2,858.3,834.25,VARIANCE
SET000704,MER0028,2025-03-23,2,1284.96,1270.04,VARIANCE
SET000705,MER0028,2025-03-30,1,1790.97,1770.09,VARIANCE
SET000706,MER0028,2025-04-06,3,13857.27,13520.39,VARIANCE
SET000707,MER0028,2025-04-13,2,2533.81,2500.9,VARIANCE
SET000708,MER0028,2025-04-20,2,1128.99,1126.76,VARIANCE
SET000709,MER0028,2025-04-27,3,869.04,866.2,VARIANCE
SET000710,MER0028,2025-05-04,3,2016.52,1993.33,VARIANCE
SET000711,MER0028,2025-05-11,0,0.0,0.0,MATCHED
SET000712,MER0028,2025-05-18,1,151.88,150.74,VARIANCE
SET000713,MER0028,2025-05-25,4,4595.24,4519.95,VARIANCE
SET000714,MER0028,2025-06-01,2,610.17,604.8,VARIANCE
SET000715,MER0028,2025-06-08,1,285.38,280.01,VARIANCE
SET000716,MER0028,2025-06-15,2,719.19,709.59,VARIANCE
SET000717,MER0028,2025-06-22,2,962.66,954.97,VARIANCE
SET000718,MER0028,2025-06-29,3,403.2,398.18,VARIANCE
SET000719,MER0029,2025-01-12,2,1800.89,1779.44,VARIANCE
SET000720,MER0029,2025-01-19,2,1075.4,1055.54,VARIANCE
SET000721,MER0029,2025-01-26,3,5515.37,5407.84,VARIANCE
SET000722,MER0029,2025-02-02,3,656.87,650.08,VARIANCE
SET000723,MER0029,2025-02-09,3,2028.07,1994.36,VARIANCE
SET000724,MER0029,2025-02-16,1,502.7,494.27,VARIANCE
SET000725,MER0029,2025-02-23,0,0.0,0.0,MATCHED
SET000726,MER0029,2025-03-02,3,2345.84,2295.92,VARIANCE
SET000727,MER0029,2025-03-09,6,3271.59,3234.87,VARIANCE
SET000728,MER0029,2025-03-16,3,1112.47,1108.4,VARIANCE
SET000729,MER0029,2025-03-23,1,551.52,538.2,VARIANCE
SET000730,MER0029,2025-03-30,0,0.0,0.0,MATCHED
SET000731,MER0029,2025-04-06,3,875.49,863.18,VARIANCE
SET000732,MER0029,2025-04-13,1,359.22,355.31,VARIANCE
SET000733,MER0029,2025-04-20,3,1760.02,1742.24,VARIANCE
SET000734,MER0029,2025-04-27,6,2479.52,2434.89,VARIANCE
SET000735,MER0029,2025-05-04,3,711.11,690.0,VARIANCE
SET000736,MER0029,2025-05-11,0,0.0,0.0,MATCHED
SET000737,MER0029,2025-05-18,0,0.0,0.0,MATCHED
SET000738,MER0029,2025-05-25,2,2532.3,2504.16,VARIANCE
SET000739,MER0029,2025-06-01,1,192.88,192.46,MATCHED
SET000740,MER0029,2025-06-08,1,624.68,618.26,VARIANCE
SET000741,MER0029,2025-06-15,2,1248.25,1235.26,VARIANCE
SET000742,MER0029,2025-06-22,0,0.0,0.0,MATCHED
SET000743,MER0029,2025-06-29,3,1134.46,1127.46,VARIANCE
SET000744,MER0030,2025-01-05,2,1345.55,1310.41,VARIANCE
SET000745,MER0030,2025-01-12,4,965.78,962.45,VARIANCE
SET000746,MER0030,2025-01-19,3,1261.74,1242.42,VARIANCE
SET000747,MER0030,2025-01-26,3,4366.75,4295.16,VARIANCE
SET000748,MER0030,2025-02-02,2,315.86,312.94,VARIANCE
SET000749,MER0030,2025-02-09,3,3966.21,3911.81,VARIANCE
SET000750,MER0030,2025-02-16,3,8251.23,8250.16,VARIANCE
SET000751,MER0030,2025-02-23,1,544.71,530.34,VARIANCE
SET000752,MER0030,2025-03-02,2,1102.17,1071.21,VARIANCE
SET000753,MER0030,2025-03-09,2,3347.84,3307.14,VARIANCE
SET000754,MER0030,2025-03-16,2,2509.28,2451.03,VARIANCE
SET000755,MER0030,2025-03-23,6,3286.13,3209.97,VARIANCE
SET000756,MER0030,2025-03-30,4,3008.25,3008.09,MATCHED
SET000757,MER0030,2025-04-06,1,437.28,431.1,VARIANCE
SET000758,MER0030,2025-04-13,3,4274.53,4183.87,VARIANCE
SET000759,MER0030,2025-04-20,0,0.0,0.0,MATCHED
SET000760,MER0030,2025-04-27,3,1283.18,1253.37,VARIANCE
SET000761,MER0030,2025-05-04,3,2082.45,2035.73,VARIANCE
SET000762,MER0030,2025-05-11,4,10473.1,10201.29,VARIANCE
SET000763,MER0030,2025-05-18,4,2143.39,2141.87,VARIANCE
SET000764,MER0030,2025-05-25,0,0.0,0.0,MATCHED
SET000765,MER0030,2025-06-01,4,8039.0,7884.56,VARIANCE
SET000766,MER0030,2025-06-08,3,3332.25,3243.16,VARIANCE
SET000767,MER0030,2025-06-15,2,483.41,483.06,MATCHED
SET000768,MER0030,2025-06-22,1,843.98,841.19,VARIANCE
SET000769,MER0030,2025-06-29,5,2899.49,2820.77,VARIANCE
SET000770,MER0031,2025-01-05,1,301.6,300.42,VARIANCE
SET000771,MER0031,2025-01-12,2,655.2,646.38,VARIANCE
SET000772,MER0031,2025-01-19,3,479.93,479.71,MATCHED
SET000773,MER0031,2025-01-26,3,3683.64,3621.8,VARIANCE
SET000774,MER0031,2025-02-02,3,1927.56,1894.92,VARIANCE
SET000775,MER0031,2025-02-09,1,298.02,289.15,VARIANCE
SET000776,MER0031,2025-02-16,2,433.24,427.73,VARIANCE
SET000777,MER0031,2025-02-23,3,3202.35,3129.21,VARIANCE
SET000778,MER0031,2025-03-02,3,2965.02,2954.44,VARIANCE
SET000779,MER0031,2025-03-09,1,269.18,262.91,VARIANCE
SET000780,MER0031,2025-03-16,4,4468.79,4453.09,VARIANCE
SET000781,MER0031,2025-03-23,3,2529.42,2478.85,VARIANCE
SET000782,MER0031,2025-03-30,4,2138.07,2125.67,VARIANCE
SET000783,MER0031,2025-04-06,2,1109.98,1100.46,VARIANCE
SET000784,MER0031,2025-04-13,3,1200.54,1198.14,VARIANCE
SET000785,MER0031,2025-04-20,3,3125.55,3085.71,VARIANCE
SET000786,MER0031,2025-04-27,3,1533.7,1504.26,VARIANCE
SET000787,MER0031,2025-05-04,2,3624.39,3544.24,VARIANCE
SET000788,MER0031,2025-05-11,3,3313.25,3237.2,VARIANCE
SET000789,MER0031,2025-05-18,4,3118.4,3034.5,VARIANCE
SET000790,MER0031,2025-05-25,3,862.76,844.62,VARIANCE
SET000791,MER0031,2025-06-01,5,4765.58,4667.95,VARIANCE
SET000792,MER0031,2025-06-08,3,4565.63,4541.37,VARIANCE
SET000793,MER0031,2025-06-15,1,508.64,493.49,VARIANCE
SET000794,MER0031,2025-06-22,4,1716.97,1691.32,VARIANCE
SET000795,MER0031,2025-06-29,1,216.9,213.7,VARIANCE
SET000796,MER0032,2025-01-05,1,273.84,266.92,VARIANCE
SET000797,MER0032,2025-01-12,6,2384.65,2362.72,VARIANCE
SET000798,MER0032,2025-01-19,3,4027.18,3931.41,VARIANCE
SET000799,MER0032,2025-01-26,5,2125.47,2109.09,VARIANCE
SET000800,MER0032,2025-02-02,4,3718.07,3625.43,VARIANCE
SET000801,MER0032,2025-02-09,2,2505.8,2496.67,VARIANCE
SET000802,MER0032,2025-02-16,0,0.0,0.0,MATCHED
SET000803,MER0032,2025-02-23,2,557.09,541.95,VARIANCE
SET000804,MER0032,2025-03-02,3,2736.32,2666.57,VARIANCE
SET000805,MER0032,2025-03-09,2,519.37,506.97,VARIANCE
SET000806,MER0032,2025-03-16,4,2740.03,2668.69,VARIANCE
SET000807,MER0032,2025-03-23,3,2182.69,2137.77,VARIANCE
SET000808,MER0032,2025-03-30,4,3472.71,3469.66,VARIANCE
SET000809,MER0032,2025-04-06,2,944.94,927.21,VARIANCE
SET000810,MER0032,2025-04-13,4,4032.73,3959.39,VARIANCE
SET000811,MER0032,2025-04-20,3,3055.62,3032.97,VARIANCE
SET000812,MER0032,2025-04-27,2,825.83,802.89,VARIANCE
SET000813,MER0032,2025-05-04,2,673.92,655.47,VARIANCE
SET000814,MER0032,2025-05-11,3,1349.66,1344.4,VARIANCE
SET000815,MER0032,2025-05-18,3,4374.3,4285.99,VARIANCE
SET000816,MER0032,2025-05-25,1,65.18,63.57,VARIANCE
SET000817,MER0032,2025-06-01,4,4326.59,4220.63,VARIANCE
SET000818,MER0032,2025-06-08,2,559.1,554.8,VARIANCE
SET000819,MER0032,2025-06-15,5,5175.21,5171.72,VARIANCE
SET000820,MER0032,2025-06-22,4,3992.18,3920.18,VARIANCE
SET000821,MER0032,2025-06-29,3,2309.1,2289.13,VARIANCE
SET000822,MER0033,2025-01-05,1,447.25,440.03,VARIANCE
SET000823,MER0033,2025-01-12,2,661.71,645.9,VARIANCE
SET000824,MER0033,2025-01-19,1,1547.2,1515.4,VARIANCE
SET000825,MER0033,2025-01-26,4,3150.59,3088.13,VARIANCE
SET000826,MER0033,2025-02-02,4,1201.75,1174.72,VARIANCE
SET000827,MER0033,2025-02-09,1,562.13,558.65,VARIANCE
SET000828,MER0033,2025-02-16,4,3888.19,3782.14,VARIANCE
SET000829,MER0033,2025-02-23,4,3258.02,3198.04,VARIANCE
SET000830,MER0033,2025-03-02,4,2383.42,2364.45,VARIANCE
SET000831,MER0033,2025-03-09,1,826.36,802.39,VARIANCE
SET000832,MER0033,2025-03-16,2,1123.53,1122.3,VARIANCE
SET000833,MER0033,2025-03-23,1,661.19,653.55,VARIANCE
SET000834,MER0033,2025-03-30,2,709.46,702.06,VARIANCE
SET000835,MER0033,2025-04-06,3,3274.05,3194.71,VARIANCE
SET000836,MER0033,2025-04-13,3,1199.41,1170.74,VARIANCE
SET000837,MER0033,2025-04-20,3,1266.33,1260.38,VARIANCE
SET000838,MER0033,2025-04-27,3,593.77,593.33,MATCHED
SET000839,MER0033,2025-05-04,2,437.52,424.59,VARIANCE
SET000840,MER0033,2025-05-11,4,2316.59,2303.89,VARIANCE
SET000841,MER0033,2025-05-18,4,1555.38,1518.05,VARIANCE
SET000842,MER0033,2025-05-25,5,2491.07,2422.09,VARIANCE
SET000843,MER0033,2025-06-01,3,1573.43,1554.39,VARIANCE
SET000844,MER0033,2025-06-08,1,858.18,834.89,VARIANCE
SET000845,MER0033,2025-06-15,3,4608.19,4586.18,VARIANCE
SET000846,MER0033,2025-06-22,2,494.77,492.46,VARIANCE
SET000847,MER0033,2025-06-29,4,1217.87,1191.79,VARIANCE
SET000848,MER0034,2025-01-05,1,473.15,461.01,VARIANCE
SET000849,MER0034,2025-01-12,2,1831.84,1805.08,VARIANCE
SET000850,MER0034,2025-01-19,1,1249.52,1240.12,VARIANCE
SET000851,MER0034,2025-01-26,3,3910.13,3797.27,VARIANCE
SET000852,MER0034,2025-02-02,0,0.0,0.0,MATCHED
SET000853,MER0034,2025-02-09,5,3075.42,2994.56,VARIANCE
SET000854,MER0034,2025-02-16,6,4449.54,4366.51,VARIANCE
SET000855,MER0034,2025-02-23,4,1641.81,1600.68,VARIANCE
SET000856,MER0034,2025-03-02,4,1258.37,1223.68,VARIANCE
SET000857,MER0034,2025-03-09,7,3845.88,3792.21,VARIANCE
SET000858,MER0034,2025-03-16,3,732.59,717.19,VARIANCE
SET000859,MER0034,2025-03-23,2,1697.27,1692.74,VARIANCE
SET000860,MER0034,2025-03-30,2,1925.27,1919.72,VARIANCE
SET000861,MER0034,2025-04-06,5,5317.07,5273.4,VARIANCE
SET000862,MER0034,2025-04-13,2,4128.21,4067.73,VARIANCE
SET000863,MER0034,2025-04-20,3,2381.29,2356.05,VARIANCE
SET000864,MER0034,2025-04-27,1,2759.24,2703.99,VARIANCE
SET000865,MER0034,2025-05-04,0,0.0,0.0,MATCHED
SET000866,MER0034,2025-05-11,1,1214.39,1197.91,VARIANCE
SET000867,MER0034,2025-05-18,3,2774.84,2726.65,VARIANCE
SET000868,MER0034,2025-05-25,0,0.0,0.0,MATCHED
SET000869,MER0034,2025-06-01,5,5053.44,5031.0,VARIANCE
SET000870,MER0034,2025-06-08,1,818.53,818.26,MATCHED
SET000871,MER0034,2025-06-15,5,5863.87,5817.41,VARIANCE
SET000872,MER0034,2025-06-22,4,6032.47,6006.86,VARIANCE
SET000873,MER0034,2025-06-29,6,3242.89,3175.29,VARIANCE
SET000874,MER0035,2025-01-05,3,1052.9,1023.66,VARIANCE
SET000875,MER0035,2025-01-12,5,2099.98,2051.01,VARIANCE
SET000876,MER0035,2025-01-19,2,1531.86,1508.88,VARIANCE
SET000877,MER0035,2025-01-26,2,2072.09,2057.46,VARIANCE
SET000878,MER0035,2025-02-02,5,6522.82,6470.76,VARIANCE
SET000879,MER0035,2025-02-09,4,4495.6,4484.14,VARIANCE
SET000880,MER0035,2025-02-16,5,5850.63,5811.83,VARIANCE
SET000881,MER0035,2025-02-23,1,414.13,405.42,VARIANCE
SET000882,MER0035,2025-03-02,6,3493.97,3394.94,VARIANCE
SET000883,MER0035,2025-03-09,4,47.4,46.66,MATCHED
SET000884,MER0035,2025-03-16,2,2185.94,2141.99,VARIANCE
SET000885,MER0035,2025-03-23,4,1973.39,1965.68,VARIANCE
SET000886,MER0035,2025-03-30,0,0.0,0.0,MATCHED
SET000887,MER0035,2025-04-06,3,3731.38,3679.69,VARIANCE
SET000888,MER0035,2025-04-13,0,0.0,0.0,MATCHED
SET000889,MER0035,2025-04-20,3,1656.13,1642.56,VARIANCE
SET000890,MER0035,2025-04-27,0,0.0,0.0,MATCHED
SET000891,MER0035,2025-05-04,4,3634.03,3573.2,VARIANCE
SET000892,MER0035,2025-05-11,1,310.59,310.15,MATCHED
SET000893,MER0035,2025-05-18,2,805.15,800.26,VARIANCE
SET000894,MER0035,2025-05-25,3,2415.42,2384.35,VARIANCE
SET000895,MER0035,2025-06-01,2,2523.63,2522.64,MATCHED
SET000896,MER0035,2025-06-08,1,108.75,105.97,VARIANCE
SET000897,MER0035,2025-06-15,6,4275.23,4245.65,VARIANCE
SET000898,MER0035,2025-06-22,2,1180.88,1164.94,VARIANCE
SET000899,MER0035,2025-06-29,1,635.58,622.64,VARIANCE
SET000900,MER0036,2025-01-05,2,836.48,814.57,VARIANCE
SET000901,MER0036,2025-01-12,2,297.57,293.83,VARIANCE
SET000902,MER0036,2025-01-19,2,183.59,182.87,MATCHED
SET000903,MER0036,2025-01-26,8,4660.13,4544.9,VARIANCE
SET000904,MER0036,2025-02-02,3,2762.85,2754.43,VARIANCE
SET000905,MER0036,2025-02-09,4,3199.71,3198.45,VARIANCE
SET000906,MER0036,2025-02-16,2,578.03,564.05,VARIANCE
SET000907,MER0036,2025-02-23,4,2807.0,2769.31,VARIANCE
SET000908,MER0036,2025-03-02,6,7210.26,7098.89,VARIANCE
SET000909,MER0036,2025-03-09,4,3346.54,3279.84,VARIANCE
SET000910,MER0036,2025-03-16,7,10926.11,10637.49,VARIANCE
SET000911,MER0036,2025-03-23,2,1147.93,1122.7,VARIANCE
SET000912,MER0036,2025-03-30,3,800.74,799.34,VARIANCE
SET000913,MER0036,2025-04-06,2,654.21,651.07,VARIANCE
SET000914,MER0036,2025-04-13,1,675.94,674.95,MATCHED
SET000915,MER0036,2025-04-20,3,1139.79,1122.64,VARIANCE
SET000916,MER0036,2025-04-27,4,2189.97,2157.07,VARIANCE
SET000917,MER0036,2025-05-04,3,919.96,894.06,VARIANCE
SET000918,MER0036,2025-05-11,2,497.92,489.36,VARIANCE
SET000919,MER0036,2025-05-18,3,2782.77,2747.84,VARIANCE
SET000920,MER0036,2025-05-25,2,2804.45,2803.89,MATCHED
SET000921,MER0036,2025-06-01,2,700.23,680.57,VARIANCE
SET000922,MER0036,2025-06-08,4,2728.3,2700.2,VARIANCE
SET000923,MER0036,2025-06-15,5,4652.84,4519.79,VARIANCE
SET000924,MER0036,2025-06-22,4,3624.0,3620.94,VARIANCE
SET000925,MER0036,2025-06-29,5,12885.51,12577.01,VARIANCE
SET000926,MER0037,2025-01-05,6,4972.79,4927.12,VARIANCE
SET000927,MER0037,2025-01-12,2,629.02,622.12,VARIANCE
SET000928,MER0037,2025-01-19,3,1761.44,1719.47,VARIANCE
SET000929,MER0037,2025-01-26,1,97.51,95.94,VARIANCE
SET000930,MER0037,2025-02-02,2,1872.38,1839.97,VARIANCE
SET000931,MER0037,2025-02-09,2,1833.36,1788.19,VARIANCE
SET000932,MER0037,2025-02-16,5,5207.95,5113.62,VARIANCE
SET000933,MER0037,2025-02-23,0,0.0,0.0,MATCHED
SET000934,MER0037,2025-03-02,2,1539.13,1525.63,VARIANCE
SET000935,MER0037,2025-03-09,1,204.84,204.66,MATCHED
SET000936,MER0037,2025-03-16,4,3531.42,3482.88,VARIANCE
SET000937,MER0037,2025-03-23,2,1379.24,1354.39,VARIANCE
SET000938,MER0037,2025-03-30,4,2345.91,2311.72,VARIANCE
SET000939,MER0037,2025-04-06,3,1032.53,1006.02,VARIANCE
SET000940,MER0037,2025-04-13,3,2911.31,2888.51,VARIANCE
SET000941,MER0037,2025-04-20,2,800.65,793.23,VARIANCE
SET000942,MER0037,2025-04-27,2,653.09,635.53,VARIANCE
SET000943,MER0037,2025-05-04,3,998.5,979.86,VARIANCE
SET000944,MER0037,2025-05-11,0,0.0,0.0,MATCHED
SET000945,MER0037,2025-05-18,2,1083.87,1074.15,VARIANCE
SET000946,MER0037,2025-05-25,4,3370.12,3270.52,VARIANCE
SET000947,MER0037,2025-06-01,5,3478.97,3465.45,VARIANCE
SET000948,MER0037,2025-06-08,5,5455.97,5302.9,VARIANCE
SET000949,MER0037,2025-06-15,2,215.88,214.81,VARIANCE
SET000950,MER0037,2025-06-22,2,2283.21,2227.86,VARIANCE
SET000951,MER0037,2025-06-29,2,1994.51,1966.33,VARIANCE
SET000952,MER0038,2025-01-05,1,248.72,246.57,VARIANCE
SET000953,MER0038,2025-01-12,6,4032.87,4025.47,VARIANCE
SET000954,MER0038,2025-01-19,4,1056.56,1052.59,VARIANCE
SET000955,MER0038,2025-01-26,2,2896.89,2823.22,VARIANCE
SET000956,MER0038,2025-02-02,2,969.6,961.33,VARIANCE
SET000957,MER0038,2025-02-09,1,852.1,837.53,VARIANCE
SET000958,MER0038,2025-02-16,1,313.06,305.24,VARIANCE
SET000959,MER0038,2025-02-23,2,1216.6,1196.97,VARIANCE
SET000960,MER0038,2025-03-02,0,0.0,0.0,MATCHED
SET000961,MER0038,2025-03-09,4,2749.39,2668.5,VARIANCE
SET000962,MER0038,2025-03-16,2,795.94,788.75,VARIANCE
SET000963,MER0038,2025-03-23,2,822.92,811.62,VARIANCE
SET000964,MER0038,2025-03-30,3,1834.64,1828.16,VARIANCE
SET000965,MER0038,2025-04-06,4,3089.5,3040.86,VARIANCE
SET000966,MER0038,2025-04-13,1,62.89,61.47,VARIANCE
SET000967,MER0038,2025-04-20,3,1554.3,1547.36,VARIANCE
SET000968,MER0038,2025-04-27,8,7836.55,7626.92,VARIANCE
SET000969,MER0038,2025-05-04,1,518.66,513.82,VARIANCE
SET000970,MER0038,2025-05-11,2,845.33,827.42,VARIANCE
SET000971,MER0038,2025-05-18,0,0.0,0.0,MATCHED
SET000972,MER0038,2025-05-25,5,3072.78,2996.07,VARIANCE
SET000973,MER0038,2025-06-01,3,9015.3,8974.77,VARIANCE
SET000974,MER0038,2025-06-08,1,312.97,305.06,VARIANCE
SET000975,MER0038,2025-06-15,2,1703.22,1699.05,VARIANCE
SET000976,MER0038,2025-06-22,7,6454.31,6289.23,VARIANCE
SET000977,MER0038,2025-06-29,2,2457.81,2452.52,VARIANCE
SET000978,MER0039,2025-01-05,3,2097.51,2037.89,VARIANCE
SET000979,MER0039,2025-01-12,6,5385.35,5330.3,VARIANCE
SET000980,MER0039,2025-01-19,2,795.1,783.99,VARIANCE
SET000981,MER0039,2025-01-26,5,5569.2,5501.8,VARIANCE
SET000982,MER0039,2025-02-02,4,1940.31,1935.95,VARIANCE
SET000983,MER0039,2025-02-09,2,496.69,485.17,VARIANCE
SET000984,MER0039,2025-02-16,5,2750.0,2749.45,MATCHED
SET000985,MER0039,2025-02-23,2,267.66,264.21,VARIANCE
SET000986,MER0039,2025-03-02,5,2113.9,2101.78,VARIANCE
SET000987,MER0039,2025-03-09,2,501.24,489.97,VARIANCE
SET000988,MER0039,2025-03-16,3,3110.47,3110.21,MATCHED
SET000989,MER0039,2025-03-23,3,1711.05,1696.7,VARIANCE
SET000990,MER0039,2025-03-30,0,0.0,0.0,MATCHED
SET000991,MER0039,2025-04-06,2,1805.56,1763.17,VARIANCE
SET000992,MER0039,2025-04-13,0,0.0,0.0,MATCHED
SET000993,MER0039,2025-04-20,4,1551.88,1531.4,VARIANCE
SET000994,MER0039,2025-04-27,2,2049.24,2048.59,MATCHED
SET000995,MER0039,2025-05-04,1,645.52,643.27,VARIANCE
SET000996,MER0039,2025-05-11,4,2892.57,2870.77,VARIANCE
SET000997,MER0039,2025-05-18,3,2157.43,2139.43,VARIANCE
SET000998,MER0039,2025-05-25,1,3025.02,2949.51,VARIANCE
SET000999,MER0039,2025-06-01,3,3227.51,3211.05,VARIANCE
SET001000,MER0039,2025-06-08,0,0.0,0.0,MATCHED
SET001001,MER0039,2025-06-15,1,832.31,809.78,VARIANCE
SET001002,MER0039,2025-06-22,3,1958.76,1904.07,VARIANCE
SET001003,MER0039,2025-06-29,2,5319.58,5176.19,VARIANCE
SET001004,MER0040,2025-01-05,4,2337.94,2283.16,VARIANCE
SET001005,MER0040,2025-01-12,5,22072.55,21916.43,VARIANCE
SET001006,MER0040,2025-01-19,1,553.62,549.76,VARIANCE
SET001007,MER0040,2025-01-26,3,4495.91,4454.75,VARIANCE
SET001008,MER0040,2025-02-02,6,4353.73,4271.27,VARIANCE
SET001009,MER0040,2025-02-09,4,13607.87,13582.6,VARIANCE
SET001010,MER0040,2025-02-16,2,1309.21,1275.89,VARIANCE
SET001011,MER0040,2025-02-23,2,800.65,782.1,VARIANCE
SET001012,MER0040,2025-03-02,5,2829.15,2781.7,VARIANCE
SET001013,MER0040,2025-03-09,0,0.0,0.0,MATCHED
SET001014,MER0040,2025-03-16,1,64.66,64.15,MATCHED
SET001015,MER0040,2025-03-23,3,2879.43,2865.14,VARIANCE
SET001016,MER0040,2025-03-30,2,832.85,826.44,VARIANCE
SET001017,MER0040,2025-04-06,1,576.96,565.25,VARIANCE
SET001018,MER0040,2025-04-13,7,5431.93,5363.51,VARIANCE
SET001019,MER0040,2025-04-20,3,937.52,918.25,VARIANCE
SET001020,MER0040,2025-04-27,3,512.58,505.64,VARIANCE
SET001021,MER0040,2025-05-04,2,345.66,340.8,VARIANCE
SET001022,MER0040,2025-05-11,1,606.27,590.86,VARIANCE
SET001023,MER0040,2025-05-18,0,0.0,0.0,MATCHED
SET001024,MER0040,2025-05-25,3,3134.3,3116.67,VARIANCE
SET001025,MER0040,2025-06-01,2,2732.99,2714.76,VARIANCE
SET001026,MER0040,2025-06-08,1,145.87,141.89,VARIANCE
SET001027,MER0040,2025-06-15,4,5738.82,5606.91,VARIANCE
SET001028,MER0040,2025-06-22,2,406.33,403.27,VARIANCE
SET001029,MER0041,2025-01-05,3,2743.02,2727.18,VARIANCE
SET001030,MER0041,2025-01-12,1,1825.77,1804.82,VARIANCE
SET001031,MER0041,2025-01-19,6,6766.89,6753.29,VARIANCE
SET001032,MER0041,2025-01-26,4,1488.28,1462.66,VARIANCE
SET001033,MER0041,2025-02-02,3,1766.51,1725.53,VARIANCE
SET001034,MER0041,2025-02-09,3,3648.3,3590.76,VARIANCE
SET001035,MER0041,2025-02-16,3,852.09,834.23,VARIANCE
SET001036,MER0041,2025-02-23,5,5061.19,4967.18,VARIANCE
SET001037,MER0041,2025-03-02,2,354.13,351.82,VARIANCE
SET001038,MER0041,2025-03-09,4,4476.05,4385.2,VARIANCE
SET001039,MER0041,2025-03-16,1,241.76,239.68,VARIANCE
SET001040,MER0041,2025-03-23,4,4747.94,4689.98,VARIANCE
SET001041,MER0041,2025-03-30,3,1219.6,1183.81,VARIANCE
SET001042,MER0041,2025-04-06,2,1173.63,1156.39,VARIANCE
SET001043,MER0041,2025-04-13,3,10104.25,10063.96,VARIANCE
SET001044,MER0041,2025-04-20,3,2688.96,2660.53,VARIANCE
SET001045,MER0041,2025-04-27,3,1439.0,1432.58,VARIANCE
SET001046,MER0041,2025-05-04,1,87.21,86.27,MATCHED
SET001047,MER0041,2025-05-11,6,2420.9,2420.52,MATCHED
SET001048,MER0041,2025-05-18,0,0.0,0.0,MATCHED
SET001049,MER0041,2025-05-25,2,975.97,959.14,VARIANCE
SET001050,MER0041,2025-06-01,2,1324.28,1292.4,VARIANCE
SET001051,MER0041,2025-06-08,3,1455.0,1444.37,VARIANCE
SET001052,MER0041,2025-06-15,3,3073.91,3008.82,VARIANCE
SET001053,MER0041,2025-06-22,2,7881.31,7802.06,VARIANCE
SET001054,MER0041,2025-06-29,4,2127.13,2105.14,VARIANCE
SET001055,MER0042,2025-01-05,1,286.54,278.09,VARIANCE
SET001056,MER0042,2025-01-12,2,20566.7,20328.72,VARIANCE
SET001057,MER0042,2025-01-19,3,1410.63,1382.24,VARIANCE
SET001058,MER0042,2025-01-26,2,363.65,355.5,VARIANCE
SET001059,MER0042,2025-02-02,4,2041.25,2019.54,VARIANCE
SET001060,MER0042,2025-02-09,1,154.22,152.52,VARIANCE
SET001061,MER0042,2025-02-16,3,1538.87,1502.57,VARIANCE
SET001062,MER0042,2025-02-23,0,0.0,0.0,MATCHED
SET001063,MER0042,2025-03-02,2,771.92,750.5,VARIANCE
SET001064,MER0042,2025-03-09,2,493.89,479.89,VARIANCE
SET001065,MER0042,2025-03-16,1,195.0,194.34,MATCHED
SET001066,MER0042,2025-03-23,2,1596.39,1592.96,VARIANCE
SET001067,MER0042,2025-03-30,1,190.7,190.4,MATCHED
SET001068,MER0042,2025-04-06,2,1118.21,1118.03,MATCHED
SET001069,MER0042,2025-04-13,3,2077.3,2061.16,VARIANCE
SET001070,MER0042,2025-04-20,3,1450.16,1431.4,VARIANCE
SET001071,MER0042,2025-04-27,7,12091.56,11920.91,VARIANCE
SET001072,MER0042,2025-05-04,2,2210.7,2179.87,VARIANCE
SET001073,MER0042,2025-05-11,4,3090.81,3085.57,VARIANCE
SET001074,MER0042,2025-05-18,1,87.71,87.62,MATCHED
SET001075,MER0042,2025-05-25,2,827.97,813.96,VARIANCE
SET001076,MER0042,2025-06-01,2,1977.04,1929.69,VARIANCE
SET001077,MER0042,2025-06-08,3,993.17,979.4,VARIANCE
SET001078,MER0042,2025-06-15,2,2896.42,2846.3,VARIANCE
SET001079,MER0042,2025-06-22,2,2347.19,2333.75,VARIANCE
SET001080,MER0042,2025-06-29,5,3164.87,3157.48,VARIANCE
SET001081,MER0043,2025-01-05,2,3515.72,3475.63,VARIANCE
SET001082,MER0043,2025-01-12,3,1785.03,1735.87,VARIANCE
SET001083,MER0043,2025-01-19,2,561.27,553.43,VARIANCE
SET001084,MER0043,2025-01-26,0,0.0,0.0,MATCHED
SET001085,MER0043,2025-02-02,1,106.54,105.06,VARIANCE
SET001086,MER0043,2025-02-09,2,784.41,780.14,VARIANCE
SET001087,MER0043,2025-02-16,0,0.0,0.0,MATCHED
SET001088,MER0043,2025-02-23,4,1872.77,1842.86,VARIANCE
SET001089,MER0043,2025-03-02,1,738.2,719.55,VARIANCE
SET001090,MER0043,2025-03-09,4,2454.63,2449.56,VARIANCE
SET001091,MER0043,2025-03-16,2,602.94,600.61,VARIANCE
SET001092,MER0043,2025-03-23,1,496.44,488.82,VARIANCE
SET001093,MER0043,2025-03-30,1,1495.92,1453.39,VARIANCE
SET001094,MER0043,2025-04-06,5,1604.67,1589.1,VARIANCE
SET001095,MER0043,2025-04-13,0,0.0,0.0,MATCHED
SET001096,MER0043,2025-04-20,2,1278.35,1255.24,VARIANCE
SET001097,MER0043,2025-04-27,3,979.97,961.69,VARIANCE
SET001098,MER0043,2025-05-04,3,2563.93,2508.16,VARIANCE
SET001099,MER0043,2025-05-11,2,2103.53,2049.29,VARIANCE
SET001100,MER0043,2025-05-18,6,10797.22,10683.96,VARIANCE
SET001101,MER0043,2025-05-25,3,1057.95,1042.66,VARIANCE
SET001102,MER0043,2025-06-01,4,2383.8,2343.1,VARIANCE
SET001103,MER0043,2025-06-08,2,921.17,914.27,VARIANCE
SET001104,MER0043,2025-06-15,1,300.27,295.79,VARIANCE
SET001105,MER0043,2025-06-22,1,388.2,378.44,VARIANCE
SET001106,MER0043,2025-06-29,5,2668.66,2610.05,VARIANCE
SET001107,MER0044,2025-01-12,5,2925.9,2887.16,VARIANCE
SET001108,MER0044,2025-01-19,5,13554.51,13418.83,VARIANCE
SET001109,MER0044,2025-01-26,2,1494.08,1477.66,VARIANCE
SET001110,MER0044,2025-02-02,1,374.34,371.49,VARIANCE
SET001111,MER0044,2025-02-09,1,339.85,333.3,VARIANCE
SET001112,MER0044,2025-02-16,1,6028.88,5986.7,VARIANCE
SET001113,MER0044,2025-02-23,0,0.0,0.0,MATCHED
SET001114,MER0044,2025-03-02,2,444.33,434.39,VARIANCE
SET001115,MER0044,2025-03-09,1,590.68,575.18,VARIANCE
SET001116,MER0044,2025-03-16,3,1647.42,1628.93,VARIANCE
SET001117,MER0044,2025-03-23,0,0.0,0.0,MATCHED
SET001118,MER0044,2025-03-30,0,0.0,0.0,MATCHED
SET001119,MER0044,2025-04-06,0,0.0,0.0,MATCHED
SET001120,MER0044,2025-04-13,1,3662.01,3642.55,VARIANCE
SET001121,MER0044,2025-04-20,1,641.17,633.28,VARIANCE
SET001122,MER0044,2025-04-27,4,2283.32,2231.63,VARIANCE
SET001123,MER0044,2025-05-04,1,500.96,490.38,VARIANCE
SET001124,MER0044,2025-05-11,3,2506.43,2496.02,VARIANCE
SET001125,MER0044,2025-05-18,4,4612.14,4511.58,VARIANCE
SET001126,MER0044,2025-05-25,1,428.68,422.05,VARIANCE
SET001127,MER0044,2025-06-01,2,3055.94,3014.61,VARIANCE
SET001128,MER0044,2025-06-08,3,1404.62,1363.23,VARIANCE
SET001129,MER0044,2025-06-15,3,778.97,758.2,VARIANCE
SET001130,MER0044,2025-06-22,5,3375.48,3294.46,VARIANCE
SET001131,MER0044,2025-06-29,7,4796.4,4767.06,VARIANCE
SET001132,MER0045,2025-01-05,2,668.81,664.5,VARIANCE
SET001133,MER0045,2025-01-12,2,2148.84,2090.01,VARIANCE
SET001134,MER0045,2025-01-19,3,4744.77,4625.54,VARIANCE
SET001135,MER0045,2025-01-26,3,2014.62,2013.81,MATCHED
SET001136,MER0045,2025-02-02,4,3412.2,3326.81,VARIANCE
SET001137,MER0045,2025-02-09,0,0.0,0.0,MATCHED
SET001138,MER0045,2025-02-16,1,190.32,187.96,VARIANCE
SET001139,MER0045,2025-02-23,5,3395.86,3382.82,VARIANCE
SET001140,MER0045,2025-03-02,4,1480.67,1468.98,VARIANCE
SET001141,MER0045,2025-03-09,0,0.0,0.0,MATCHED
SET001142,MER0045,2025-03-16,3,2315.04,2299.02,VARIANCE
SET001143,MER0045,2025-03-23,3,742.78,736.44,VARIANCE
SET001144,MER0045,2025-03-30,1,201.2,195.42,VARIANCE
SET001145,MER0045,2025-04-06,1,200.5,200.15,MATCHED
SET001146,MER0045,2025-04-13,3,2724.11,2666.28,VARIANCE
SET001147,MER0045,2025-04-20,3,2135.7,2101.38,VARIANCE
SET001148,MER0045,2025-04-27,1,6213.83,6125.22,VARIANCE
SET001149,MER0045,2025-05-04,2,543.04,535.8,VARIANCE
SET001150,MER0045,2025-05-11,3,2575.96,2542.74,VARIANCE
SET001151,MER0045,2025-05-18,2,1397.75,1358.57,VARIANCE
SET001152,MER0045,2025-05-25,1,1297.28,1291.58,VARIANCE
SET001153,MER0045,2025-06-01,3,3677.67,3625.07,VARIANCE
SET001154,MER0045,2025-06-08,1,221.33,215.34,VARIANCE
SET001155,MER0045,2025-06-15,1,305.19,300.64,VARIANCE
SET001156,MER0045,2025-06-22,1,214.55,209.33,VARIANCE
SET001157,MER0045,2025-06-29,4,2559.12,2515.49,VARIANCE
SET001158,MER0046,2025-01-05,1,240.35,238.33,VARIANCE
SET001159,MER0046,2025-01-12,2,691.8,686.69,VARIANCE
SET001160,MER0046,2025-01-19,3,565.18,550.96,VARIANCE
SET001161,MER0046,2025-01-26,0,0.0,0.0,MATCHED
SET001162,MER0046,2025-02-02,3,682.22,681.57,MATCHED
SET001163,MER0046,2025-02-09,3,3823.57,3780.95,VARIANCE
SET001164,MER0046,2025-02-16,1,344.66,336.24,VARIANCE
SET001165,MER0046,2025-02-23,3,2839.94,2806.69,VARIANCE
SET001166,MER0046,2025-03-02,5,3623.07,3541.34,VARIANCE
SET001167,MER0046,2025-03-09,2,1829.34,1778.53,VARIANCE
SET001168,MER0046,2025-03-16,3,629.14,622.69,VARIANCE
SET001169,MER0046,2025-03-23,2,446.56,434.66,VARIANCE
SET001170,MER0046,2025-03-30,6,5446.35,5305.89,VARIANCE
SET001171,MER0046,2025-04-06,3,2798.07,2771.05,VARIANCE
SET001172,MER0046,2025-04-13,5,1929.69,1927.75,VARIANCE
SET001173,MER0046,2025-04-20,4,2952.6,2870.11,VARIANCE
SET001174,MER0046,2025-04-27,1,280.53,278.42,VARIANCE
SET001175,MER0046,2025-05-04,1,5381.1,5242.71,VARIANCE
SET001176,MER0046,2025-05-11,1,827.14,803.78,VARIANCE
SET001177,MER0046,2025-05-18,2,421.68,409.24,VARIANCE
SET001178,MER0046,2025-05-25,1,2732.31,2651.99,VARIANCE
SET001179,MER0046,2025-06-01,3,2136.06,2118.81,VARIANCE
SET001180,MER0046,2025-06-08,2,1325.82,1322.13,VARIANCE
SET001181,MER0046,2025-06-15,1,409.14,397.02,VARIANCE
SET001182,MER0046,2025-06-22,2,4374.3,4262.79,VARIANCE
SET001183,MER0046,2025-06-29,3,1763.99,1713.57,VARIANCE
SET001184,MER0047,2025-01-05,2,952.26,935.32,VARIANCE
SET001185,MER0047,2025-01-12,3,3895.46,3816.24,VARIANCE
SET001186,MER0047,2025-01-19,2,1002.99,978.68,VARIANCE
SET001187,MER0047,2025-01-26,4,5407.57,5377.63,VARIANCE
SET001188,MER0047,2025-02-02,1,462.65,450.22,VARIANCE
SET001189,MER0047,2025-02-09,5,2149.08,2125.37,VARIANCE
SET001190,MER0047,2025-02-16,3,5479.29,5338.51,VARIANCE
SET001191,MER0047,2025-02-23,2,2081.1,2059.49,VARIANCE
SET001192,MER0047,2025-03-02,1,291.91,284.29,VARIANCE
SET001193,MER0047,2025-03-09,1,271.65,265.11,VARIANCE
SET001194,MER0047,2025-03-16,2,653.62,653.4,MATCHED
SET001195,MER0047,2025-03-23,6,4933.56,4825.0,VARIANCE
SET001196,MER0047,2025-03-30,3,1055.98,1038.59,VARIANCE
SET001197,MER0047,2025-04-06,4,2491.2,2465.85,VARIANCE
SET001198,MER0047,2025-04-13,0,0.0,0.0,MATCHED
SET001199,MER0047,2025-04-20,2,4999.37,4931.75,VARIANCE
SET001200,MER0047,2025-04-27,0,0.0,0.0,MATCHED
SET001201,MER0047,2025-05-04,1,439.3,434.93,VARIANCE
SET001202,MER0047,2025-05-11,3,1574.73,1559.78,VARIANCE
SET001203,MER0047,2025-05-18,8,7904.09,7805.51,VARIANCE
SET001204,MER0047,2025-05-25,2,1939.61,1903.82,VARIANCE
SET001205,MER0047,2025-06-01,1,424.55,422.26,VARIANCE
SET001206,MER0047,2025-06-08,3,994.2,966.26,VARIANCE
SET001207,MER0047,2025-06-15,2,1064.92,1050.43,VARIANCE
SET001208,MER0047,2025-06-22,4,2649.99,2613.73,VARIANCE
SET001209,MER0047,2025-06-29,3,1838.7,1834.18,VARIANCE
SET001210,MER0048,2025-01-05,1,89.67,89.08,MATCHED
SET001211,MER0048,2025-01-12,3,4913.32,4801.22,VARIANCE
SET001212,MER0048,2025-01-19,4,3564.56,3498.58,VARIANCE
SET001213,MER0048,2025-01-26,2,1051.34,1038.6,VARIANCE
SET001214,MER0048,2025-02-02,2,363.06,356.31,VARIANCE
SET001215,MER0048,2025-02-09,2,519.51,504.9,VARIANCE
SET001216,MER0048,2025-02-16,3,653.58,653.44,MATCHED
SET001217,MER0048,2025-02-23,8,13626.6,13403.55,VARIANCE
SET001218,MER0048,2025-03-02,2,988.42,962.92,VARIANCE
SET001219,MER0048,2025-03-09,3,6108.32,5953.05,VARIANCE
SET001220,MER0048,2025-03-16,3,10944.41,10621.04,VARIANCE
SET001221,MER0048,2025-03-23,1,534.67,533.24,VARIANCE
SET001222,MER0048,2025-03-30,4,2702.01,2632.28,VARIANCE
SET001223,MER0048,2025-04-06,3,712.23,702.9,VARIANCE
SET001224,MER0048,2025-04-13,1,2391.6,2387.64,VARIANCE
SET001225,MER0048,2025-04-20,1,169.51,168.33,VARIANCE
SET001226,MER0048,2025-04-27,4,5206.15,5142.32,VARIANCE
SET001227,MER0048,2025-05-04,2,592.54,579.82,VARIANCE
SET001228,MER0048,2025-05-11,4,1780.05,1762.63,VARIANCE
SET001229,MER0048,2025-05-18,0,0.0,0.0,MATCHED
SET001230,MER0048,2025-05-25,0,0.0,0.0,MATCHED
SET001231,MER0048,2025-06-01,3,1301.95,1271.82,VARIANCE
SET001232,MER0048,2025-06-08,2,2080.58,2043.84,VARIANCE
SET001233,MER0048,2025-06-15,3,1584.86,1565.76,VARIANCE
SET001234,MER0048,2025-06-22,6,6163.59,6143.2,VARIANCE
SET001235,MER0048,2025-06-29,3,1127.82,1113.98,VARIANCE
SET001236,MER0049,2025-01-05,4,2710.33,2650.73,VARIANCE
SET001237,MER0049,2025-01-12,1,137.38,136.25,VARIANCE
SET001238,MER0049,2025-01-19,1,921.72,898.22,VARIANCE
SET001239,MER0049,2025-01-26,3,688.73,670.28,VARIANCE
SET001240,MER0049,2025-02-02,3,877.64,851.56,VARIANCE
SET001241,MER0049,2025-02-09,4,2399.97,2369.47,VARIANCE
SET001242,MER0049,2025-02-16,0,0.0,0.0,MATCHED
SET001243,MER0049,2025-02-23,2,1574.53,1549.24,VARIANCE
SET001244,MER0049,2025-03-02,0,0.0,0.0,MATCHED
SET001245,MER0049,2025-03-09,1,1617.47,1578.06,VARIANCE
SET001246,MER0049,2025-03-16,2,3148.52,3073.93,VARIANCE
SET001247,MER0049,2025-03-23,6,2035.68,2010.33,VARIANCE
SET001248,MER0049,2025-03-30,2,3595.27,3530.94,VARIANCE
SET001249,MER0049,2025-04-06,1,215.69,212.45,VARIANCE
SET001250,MER0049,2025-04-13,3,1390.22,1386.66,VARIANCE
SET001251,MER0049,2025-04-20,0,0.0,0.0,MATCHED
SET001252,MER0049,2025-04-27,2,766.44,760.55,VARIANCE
SET001253,MER0049,2025-05-04,2,200.94,195.28,VARIANCE
SET001254,MER0049,2025-05-11,0,0.0,0.0,MATCHED
SET001255,MER0049,2025-05-18,1,845.38,821.38,VARIANCE
SET001256,MER0049,2025-05-25,5,1317.8,1286.11,VARIANCE
SET001257,MER0049,2025-06-01,6,4708.49,4593.87,VARIANCE
SET001258,MER0049,2025-06-08,2,1777.54,1744.7,VARIANCE
SET001259,MER0049,2025-06-15,1,167.41,163.19,VARIANCE
SET001260,MER0049,2025-06-22,3,1298.89,1296.33,VARIANCE
SET001261,MER0049,2025-06-29,4,1582.67,1549.46,VARIANCE
SET001262,MER0050,2025-01-05,3,1859.01,1820.21,VARIANCE
SET001263,MER0050,2025-01-12,3,1768.56,1719.27,VARIANCE
SET001264,MER0050,2025-01-19,1,312.1,306.19,VARIANCE
SET001265,MER0050,2025-01-26,3,3547.2,3524.23,VARIANCE
SET001266,MER0050,2025-02-02,0,0.0,0.0,MATCHED
SET001267,MER0050,2025-02-09,3,1221.19,1217.29,VARIANCE
SET001268,MER0050,2025-02-16,1,301.25,297.79,VARIANCE
SET001269,MER0050,2025-02-23,1,2050.65,2028.75,VARIANCE
SET001270,MER0050,2025-03-02,2,795.73,782.05,VARIANCE
SET001271,MER0050,2025-03-09,5,2508.09,2495.7,VARIANCE
SET001272,MER0050,2025-03-16,0,0.0,0.0,MATCHED
SET001273,MER0050,2025-03-23,4,810.45,789.53,VARIANCE
SET001274,MER0050,2025-03-30,5,5458.07,5331.05,VARIANCE
SET001275,MER0050,2025-04-06,2,2466.2,2451.2,VARIANCE
SET001276,MER0050,2025-04-13,4,8376.94,8140.16,VARIANCE
SET001277,MER0050,2025-04-20,4,1560.43,1522.06,VARIANCE
SET001278,MER0050,2025-04-27,2,3533.48,3493.94,VARIANCE
SET001279,MER0050,2025-05-04,4,1528.79,1514.22,VARIANCE
SET001280,MER0050,2025-05-11,1,235.62,231.84,VARIANCE
SET001281,MER0050,2025-05-18,3,4123.44,4080.44,VARIANCE
SET001282,MER0050,2025-05-25,0,0.0,0.0,MATCHED
SET001283,MER0050,2025-06-01,1,585.02,577.82,VARIANCE
SET001284,MER0050,2025-06-08,2,2352.68,2284.83,VARIANCE
SET001285,MER0050,2025-06-15,1,982.92,965.58,VARIANCE
SET001286,MER0050,2025-06-22,1,254.75,254.55,MATCHED
SET001287,MER0050,2025-06-29,2,3538.31,3493.22,VARIANCE
SET001288,MER0051,2025-01-05,5,3198.31,3135.06,VARIANCE
SET001289,MER0051,2025-01-12,0,0.0,0.0,MATCHED
SET001290,MER0051,2025-01-19,2,701.05,700.55,MATCHED
SET001291,MER0051,2025-01-26,2,2659.34,2616.71,VARIANCE
SET001292,MER0051,2025-02-02,3,2532.59,2488.23,VARIANCE
SET001293,MER0051,2025-02-09,2,252.57,251.22,VARIANCE
SET001294,MER0051,2025-02-16,3,3575.71,3559.7,VARIANCE
SET001295,MER0051,2025-02-23,5,3959.99,3868.05,VARIANCE
SET001296,MER0051,2025-03-02,2,2743.16,2715.87,VARIANCE
SET001297,MER0051,2025-03-09,2,8307.73,8132.96,VARIANCE
SET001298,MER0051,2025-03-16,1,525.03,514.85,VARIANCE
SET001299,MER0051,2025-03-23,4,2553.03,2537.94,VARIANCE
SET001300,MER0051,2025-03-30,2,350.44,343.74,VARIANCE
SET001301,MER0051,2025-04-06,4,1953.85,1948.83,VARIANCE
SET001302,MER0051,2025-04-13,1,324.34,319.34,VARIANCE
SET001303,MER0051,2025-04-20,3,1939.06,1931.34,VARIANCE
SET001304,MER0051,2025-04-27,2,969.84,944.5,VARIANCE
SET001305,MER0051,2025-05-04,3,4507.34,4426.8,VARIANCE
SET001306,MER0051,2025-05-11,1,145.42,141.2,VARIANCE
SET001307,MER0051,2025-05-18,2,1188.32,1183.26,VARIANCE
SET001308,MER0051,2025-05-25,5,3242.94,3232.2,VARIANCE
SET001309,MER0051,2025-06-01,4,2645.08,2604.29,VARIANCE
SET001310,MER0051,2025-06-08,2,1840.21,1810.66,VARIANCE
SET001311,MER0051,2025-06-15,0,0.0,0.0,MATCHED
SET001312,MER0051,2025-06-22,2,5988.0,5877.81,VARIANCE
SET001313,MER0051,2025-06-29,2,2415.42,2365.13,VARIANCE
SET001314,MER0052,2025-01-05,4,2882.71,2808.12,VARIANCE
SET001315,MER0052,2025-01-12,0,0.0,0.0,MATCHED
SET001316,MER0052,2025-01-19,4,4636.0,4608.51,VARIANCE
SET001317,MER0052,2025-01-26,5,5095.87,5023.57,VARIANCE
SET001318,MER0052,2025-02-02,6,4110.22,4076.86,VARIANCE
SET001319,MER0052,2025-02-09,1,4499.54,4477.38,VARIANCE
SET001320,MER0052,2025-02-16,3,2547.23,2521.92,VARIANCE
SET001321,MER0052,2025-02-23,6,4432.37,4313.8,VARIANCE
SET001322,MER0052,2025-03-02,1,485.59,480.47,VARIANCE
SET001323,MER0052,2025-03-09,2,1062.22,1058.13,VARIANCE
SET001324,MER0052,2025-03-16,3,2906.71,2860.97,VARIANCE
SET001325,MER0052,2025-03-23,2,1047.16,1029.16,VARIANCE
SET001326,MER0052,2025-03-30,2,670.1,662.95,VARIANCE
SET001327,MER0052,2025-04-06,2,535.94,522.93,VARIANCE
SET001328,MER0052,2025-04-13,1,690.61,674.56,VARIANCE
SET001329,MER0052,2025-04-20,1,231.6,229.38,VARIANCE
SET001330,MER0052,2025-04-27,1,754.03,753.88,MATCHED
SET001331,MER0052,2025-05-04,4,2544.87,2477.2,VARIANCE
SET001332,MER0052,2025-05-11,1,2192.34,2170.3,VARIANCE
SET001333,MER0052,2025-05-18,0,0.0,0.0,MATCHED
SET001334,MER0052,2025-05-25,2,1004.42,975.42,VARIANCE
SET001335,MER0052,2025-06-01,3,3896.02,3798.0,VARIANCE
SET001336,MER0052,2025-06-08,3,1622.76,1588.93,VARIANCE
SET001337,MER0052,2025-06-15,2,847.23,839.41,VARIANCE
SET001338,MER0052,2025-06-22,2,2606.66,2538.84,VARIANCE
SET001339,MER0052,2025-06-29,1,312.78,306.9,VARIANCE
SET001340,MER0053,2025-01-12,3,2180.26,2155.43,VARIANCE
SET001341,MER0053,2025-01-19,1,1060.62,1052.82,VARIANCE
SET001342,MER0053,2025-01-26,1,2039.37,2039.11,MATCHED
SET001343,MER0053,2025-02-02,3,3707.35,3689.32,VARIANCE
SET001344,MER0053,2025-02-09,2,1135.53,1107.98,VARIANCE
SET001345,MER0053,2025-02-16,5,3395.12,3350.23,VARIANCE
SET001346,MER0053,2025-02-23,1,828.82,819.02,VARIANCE
SET001347,MER0053,2025-03-02,1,109.75,108.28,VARIANCE
SET001348,MER0053,2025-03-09,3,2703.12,2670.46,VARIANCE
SET001349,MER0053,2025-03-16,2,649.69,637.66,VARIANCE
SET001350,MER0053,2025-03-23,0,0.0,0.0,MATCHED
SET001351,MER0053,2025-03-30,2,1626.3,1610.06,VARIANCE
SET001352,MER0053,2025-04-06,2,816.05,812.95,VARIANCE
SET001353,MER0053,2025-04-13,2,1163.25,1152.16,VARIANCE
SET001354,MER0053,2025-04-20,5,1961.86,1941.73,VARIANCE
SET001355,MER0053,2025-04-27,5,2993.7,2989.91,VARIANCE
SET001356,MER0053,2025-05-04,1,685.98,670.62,VARIANCE
SET001357,MER0053,2025-05-11,1,522.16,515.5,VARIANCE
SET001358,MER0053,2025-05-18,2,1162.61,1156.58,VARIANCE
SET001359,MER0053,2025-05-25,3,610.8,604.43,VARIANCE
SET001360,MER0053,2025-06-01,1,418.36,405.82,VARIANCE
SET001361,MER0053,2025-06-08,4,2255.8,2222.7,VARIANCE
SET001362,MER0053,2025-06-15,3,2132.59,2120.87,VARIANCE
SET001363,MER0053,2025-06-22,3,862.9,842.25,VARIANCE
SET001364,MER0053,2025-06-29,2,2450.0,2405.44,VARIANCE
SET001365,MER0054,2025-01-05,3,1733.65,1732.74,MATCHED
SET001366,MER0054,2025-01-12,5,2436.15,2396.26,VARIANCE
SET001367,MER0054,2025-01-19,0,0.0,0.0,MATCHED
SET001368,MER0054,2025-01-26,2,3301.68,3261.81,VARIANCE
SET001369,MER0054,2025-02-02,4,7526.64,7492.74,VARIANCE
SET001370,MER0054,2025-02-09,2,3965.48,3900.72,VARIANCE
SET001371,MER0054,2025-02-16,7,2650.67,2642.6,VARIANCE
SET001372,MER0054,2025-02-23,1,514.81,510.25,VARIANCE
SET001373,MER0054,2025-03-02,2,945.62,928.64,VARIANCE
SET001374,MER0054,2025-03-09,4,2510.87,2481.87,VARIANCE
SET001375,MER0054,2025-03-16,5,5070.44,4964.02,VARIANCE
SET001376,MER0054,2025-03-23,1,266.47,258.89,VARIANCE
SET001377,MER0054,2025-03-30,3,1619.0,1594.0,VARIANCE
SET001378,MER0054,2025-04-06,2,3074.03,2986.03,VARIANCE
SET001379,MER0054,2025-04-13,0,0.0,0.0,MATCHED
SET001380,MER0054,2025-04-20,3,2987.69,2973.64,VARIANCE
SET001381,MER0054,2025-04-27,1,345.74,345.43,MATCHED
SET001382,MER0054,2025-05-04,4,773.0,754.4,VARIANCE
SET001383,MER0054,2025-05-11,3,6836.76,6665.69,VARIANCE
SET001384,MER0054,2025-05-18,3,469.1,460.0,VARIANCE
SET001385,MER0054,2025-05-25,2,1015.34,998.6,VARIANCE
SET001386,MER0054,2025-06-01,2,506.58,493.54,VARIANCE
SET001387,MER0054,2025-06-08,3,2302.78,2289.43,VARIANCE
SET001388,MER0054,2025-06-15,3,1111.09,1083.0,VARIANCE
SET001389,MER0054,2025-06-22,2,1672.96,1649.84,VARIANCE
SET001390,MER0055,2025-01-05,2,4686.58,4584.24,VARIANCE
SET001391,MER0055,2025-01-12,1,535.87,530.19,VARIANCE
SET001392,MER0055,2025-01-19,2,534.24,520.08,VARIANCE
SET001393,MER0055,2025-01-26,3,2343.29,2307.72,VARIANCE
SET001394,MER0055,2025-02-02,2,497.42,495.15,VARIANCE
SET001395,MER0055,2025-02-09,3,572.87,555.97,VARIANCE
SET001396,MER0055,2025-02-16,1,159.05,155.2,VARIANCE
SET001397,MER0055,2025-02-23,3,2332.58,2267.66,VARIANCE
SET001398,MER0055,2025-03-02,1,615.3,612.27,VARIANCE
SET001399,MER0055,2025-03-09,1,437.28,432.96,VARIANCE
SET001400,MER0055,2025-03-16,2,640.96,626.39,VARIANCE
SET001401,MER0055,2025-03-23,2,937.67,934.86,VARIANCE
SET001402,MER0055,2025-03-30,4,4611.47,4497.05,VARIANCE
SET001403,MER0055,2025-04-06,1,171.71,169.08,VARIANCE
SET001404,MER0055,2025-04-13,1,2962.15,2938.15,VARIANCE
SET001405,MER0055,2025-04-20,2,1272.58,1257.35,VARIANCE
SET001406,MER0055,2025-04-27,2,1367.36,1329.04,VARIANCE
SET001407,MER0055,2025-05-04,3,1176.56,1142.93,VARIANCE
SET001408,MER0055,2025-05-11,1,948.71,925.49,VARIANCE
SET001409,MER0055,2025-05-18,1,217.63,217.28,MATCHED
SET001410,MER0055,2025-05-25,4,527.67,526.07,VARIANCE
SET001411,MER0055,2025-06-01,1,217.88,213.31,VARIANCE
SET001412,MER0055,2025-06-08,2,1053.32,1023.23,VARIANCE
SET001413,MER0055,2025-06-15,3,4810.6,4757.89,VARIANCE
SET001414,MER0055,2025-06-22,4,1909.78,1863.85,VARIANCE
SET001415,MER0055,2025-06-29,4,4529.32,4514.65,VARIANCE
SET001416,MER0056,2025-01-05,1,125.98,125.67,MATCHED
SET001417,MER0056,2025-01-12,2,592.47,588.6,VARIANCE
SET001418,MER0056,2025-01-19,3,2332.91,2317.3,VARIANCE
SET001419,MER0056,2025-01-26,4,2526.83,2510.04,VARIANCE
SET001420,MER0056,2025-02-02,2,433.38,431.19,VARIANCE
SET001421,MER0056,2025-02-09,1,283.15,277.88,VARIANCE
SET001422,MER0056,2025-02-16,2,1618.43,1604.93,VARIANCE
SET001423,MER0056,2025-02-23,0,0.0,0.0,MATCHED
SET001424,MER0056,2025-03-02,2,1850.67,1833.71,VARIANCE
SET001425,MER0056,2025-03-09,2,1242.25,1221.56,VARIANCE
SET001426,MER0056,2025-03-16,2,4403.24,4401.16,VARIANCE
SET001427,MER0056,2025-03-23,4,1442.34,1433.06,VARIANCE
SET001428,MER0056,2025-03-30,2,895.3,880.6,VARIANCE
SET001429,MER0056,2025-04-06,1,180.74,179.15,VARIANCE
SET001430,MER0056,2025-04-13,1,336.74,332.55,VARIANCE
SET001431,MER0056,2025-04-20,1,783.4,774.4,VARIANCE
SET001432,MER0056,2025-04-27,3,1446.17,1403.13,VARIANCE
SET001433,MER0056,2025-05-04,4,3717.44,3630.99,VARIANCE
SET001434,MER0056,2025-05-11,1,437.16,427.42,VARIANCE
SET001435,MER0056,2025-05-18,1,144.44,143.15,VARIANCE
SET001436,MER0056,2025-05-25,5,1883.51,1878.78,VARIANCE
SET001437,MER0056,2025-06-01,4,1829.21,1808.82,VARIANCE
SET001438,MER0056,2025-06-08,2,829.99,823.97,VARIANCE
SET001439,MER0056,2025-06-15,0,0.0,0.0,MATCHED
SET001440,MER0056,2025-06-22,3,1373.91,1338.71,VARIANCE
SET001441,MER0056,2025-06-29,1,1768.03,1728.53,VARIANCE
SET001442,MER0057,2025-01-05,3,265.75,262.41,VARIANCE
SET001443,MER0057,2025-01-12,2,579.03,574.76,VARIANCE
SET001444,MER0057,2025-01-19,5,3535.29,3473.7,VARIANCE
SET001445,MER0057,2025-01-26,2,6820.37,6757.95,VARIANCE
SET001446,MER0057,2025-02-02,0,0.0,0.0,MATCHED
SET001447,MER0057,2025-02-09,2,2092.94,2049.92,VARIANCE
SET001448,MER0057,2025-02-16,2,1565.3,1526.27,VARIANCE
SET001449,MER0057,2025-02-23,5,3574.79,3511.93,VARIANCE
SET001450,MER0057,2025-03-02,5,5390.86,5322.9,VARIANCE
SET001451,MER0057,2025-03-09,4,4080.59,3971.62,VARIANCE
SET001452,MER0057,2025-03-16,1,1082.64,1080.37,VARIANCE
SET001453,MER0057,2025-03-23,0,0.0,0.0,MATCHED
SET001454,MER0057,2025-03-30,3,3454.73,3426.88,VARIANCE
SET001455,MER0057,2025-04-06,1,340.77,334.09,VARIANCE
SET001456,MER0057,2025-04-13,1,218.11,217.7,MATCHED
SET001457,MER0057,2025-04-20,1,308.18,301.58,VARIANCE
SET001458,MER0057,2025-04-27,3,897.29,871.06,VARIANCE
SET001459,MER0057,2025-05-04,2,1883.95,1866.46,VARIANCE
SET001460,MER0057,2025-05-11,4,1820.42,1786.47,VARIANCE
SET001461,MER0057,2025-05-18,3,9879.16,9825.26,VARIANCE
SET001462,MER0057,2025-05-25,3,1122.17,1110.95,VARIANCE
SET001463,MER0057,2025-06-01,7,9720.34,9557.38,VARIANCE
SET001464,MER0057,2025-06-08,1,538.27,532.79,VARIANCE
SET001465,MER0057,2025-06-15,3,1294.84,1282.46,VARIANCE
SET001466,MER0057,2025-06-22,6,2514.75,2464.1,VARIANCE
SET001467,MER0058,2025-01-05,3,1633.56,1594.1,VARIANCE
SET001468,MER0058,2025-01-12,4,961.28,951.29,VARIANCE
SET001469,MER0058,2025-01-19,2,898.58,886.96,VARIANCE
SET001470,MER0058,2025-01-26,1,443.48,430.81,VARIANCE
SET001471,MER0058,2025-02-02,3,1008.54,983.18,VARIANCE
SET001472,MER0058,2025-02-09,2,1511.48,1485.67,VARIANCE
SET001473,MER0058,2025-02-16,2,855.0,831.66,VARIANCE
SET001474,MER0058,2025-02-23,1,468.8,462.11,VARIANCE
SET001475,MER0058,2025-03-02,4,1578.8,1550.16,VARIANCE
SET001476,MER0058,2025-03-09,5,4211.59,4122.59,VARIANCE
SET001477,MER0058,2025-03-16,1,548.35,544.25,VARIANCE
SET001478,MER0058,2025-03-23,2,520.39,516.3,VARIANCE
SET001479,MER0058,2025-03-30,2,651.24,633.01,VARIANCE
SET001480,MER0058,2025-04-06,3,2243.91,2216.77,VARIANCE
SET001481,MER0058,2025-04-13,3,1818.54,1818.14,MATCHED
SET001482,MER0058,2025-04-20,2,375.93,371.49,VARIANCE
SET001483,MER0058,2025-04-27,5,3651.76,3650.1,VARIANCE
SET001484,MER0058,2025-05-04,2,959.99,937.89,VARIANCE
SET001485,MER0058,2025-05-11,2,455.94,445.28,VARIANCE
SET001486,MER0058,2025-05-18,6,6141.14,6017.17,VARIANCE
SET001487,MER0058,2025-05-25,4,4439.59,4337.64,VARIANCE
SET001488,MER0058,2025-06-01,1,245.17,238.99,VARIANCE
SET001489,MER0058,2025-06-08,0,0.0,0.0,MATCHED
SET001490,MER0058,2025-06-15,3,4134.92,4073.02,VARIANCE
SET001491,MER0058,2025-06-22,3,646.1,642.45,VARIANCE
SET001492,MER0058,2025-06-29,1,95.05,94.4,MATCHED
SET001493,MER0059,2025-01-05,1,2345.76,2278.19,VARIANCE
SET001494,MER0059,2025-01-12,3,4476.91,4445.56,VARIANCE
SET001495,MER0059,2025-01-19,2,1842.42,1822.42,VARIANCE
SET001496,MER0059,2025-01-26,1,1507.44,1474.25,VARIANCE
SET001497,MER0059,2025-02-02,4,6519.02,6324.79,VARIANCE
SET001498,MER0059,2025-02-09,0,0.0,0.0,MATCHED
SET001499,MER0059,2025-02-16,3,1132.53,1103.13,VARIANCE
SET001500,MER0059,2025-02-23,2,1401.89,1370.51,VARIANCE
SET001501,MER0059,2025-03-02,2,609.87,597.14,VARIANCE
SET001502,MER0059,2025-03-09,2,657.31,653.3,VARIANCE
SET001503,MER0059,2025-03-16,4,1777.62,1774.7,VARIANCE
SET001504,MER0059,2025-03-23,2,1320.97,1317.63,VARIANCE
SET001505,MER0059,2025-03-30,2,850.79,846.95,VARIANCE
SET001506,MER0059,2025-04-06,3,1240.6,1234.85,VARIANCE
SET001507,MER0059,2025-04-13,1,491.51,483.73,VARIANCE
SET001508,MER0059,2025-04-20,2,5347.04,5195.63,VARIANCE
SET001509,MER0059,2025-04-27,3,4473.06,4370.39,VARIANCE
SET001510,MER0059,2025-05-04,0,0.0,0.0,MATCHED
SET001511,MER0059,2025-05-11,3,3068.62,2987.23,VARIANCE
SET001512,MER0059,2025-05-18,3,859.15,836.85,VARIANCE
SET001513,MER0059,2025-05-25,2,1221.92,1196.96,VARIANCE
SET001514,MER0059,2025-06-01,2,1160.79,1127.72,VARIANCE
SET001515,MER0059,2025-06-08,3,4152.14,4064.36,VARIANCE
SET001516,MER0059,2025-06-15,1,104.59,104.14,MATCHED
SET001517,MER0059,2025-06-22,2,1260.5,1231.83,VARIANCE
SET001518,MER0059,2025-06-29,1,514.74,507.16,VARIANCE
SET001519,MER0060,2025-01-05,1,124.77,124.21,MATCHED
SET001520,MER0060,2025-01-12,2,965.61,937.09,VARIANCE
SET001521,MER0060,2025-01-19,6,5247.65,5204.69,VARIANCE
SET001522,MER0060,2025-01-26,2,1033.68,1019.51,VARIANCE
SET001523,MER0060,2025-02-02,2,1101.53,1069.48,VARIANCE
SET001524,MER0060,2025-02-09,3,910.16,907.17,VARIANCE
SET001525,MER0060,2025-02-16,6,13940.92,13855.33,VARIANCE
SET001526,MER0060,2025-02-23,0,0.0,0.0,MATCHED
SET001527,MER0060,2025-03-02,1,194.55,194.32,MATCHED
SET001528,MER0060,2025-03-09,2,351.19,346.73,VARIANCE
SET001529,MER0060,2025-03-16,4,3641.64,3601.77,VARIANCE
SET001530,MER0060,2025-03-23,1,468.5,457.43,VARIANCE
SET001531,MER0060,2025-03-30,2,564.13,547.72,VARIANCE
SET001532,MER0060,2025-04-06,2,467.25,463.12,VARIANCE
SET001533,MER0060,2025-04-13,2,1003.65,995.02,VARIANCE
SET001534,MER0060,2025-04-20,1,337.42,329.13,VARIANCE
SET001535,MER0060,2025-04-27,2,687.27,667.35,VARIANCE
SET001536,MER0060,2025-05-04,3,1730.04,1707.96,VARIANCE
SET001537,MER0060,2025-05-11,2,1154.31,1130.34,VARIANCE
SET001538,MER0060,2025-05-18,2,275.84,270.42,VARIANCE
SET001539,MER0060,2025-05-25,3,6761.58,6734.81,VARIANCE
SET001540,MER0060,2025-06-01,1,366.62,361.84,VARIANCE
SET001541,MER0060,2025-06-08,1,353.6,344.24,VARIANCE
SET001542,MER0060,2025-06-15,6,9336.85,9252.54,VARIANCE
SET001543,MER0060,2025-06-22,3,751.55,745.25,VARIANCE
SET001544,MER0060,2025-06-29,4,8923.77,8808.1,VARIANCE
SET001545,MER0061,2025-01-05,2,2415.08,2411.72,VARIANCE
SET001546,MER0061,2025-01-12,2,306.43,301.61,VARIANCE
SET001547,MER0061,2025-01-19,3,1131.71,1119.82,VARIANCE
SET001548,MER0061,2025-01-26,5,3160.1,3070.59,VARIANCE
SET001549,MER0061,2025-02-02,1,456.25,446.68,VARIANCE
SET001550,MER0061,2025-02-09,3,1083.18,1060.44,VARIANCE
SET001551,MER0061,2025-02-16,1,139.37,136.99,VARIANCE
SET001552,MER0061,2025-02-23,1,149.2,147.01,VARIANCE
SET001553,MER0061,2025-03-02,4,4110.76,4001.58,VARIANCE
SET001554,MER0061,2025-03-09,6,3388.42,3357.01,VARIANCE
SET001555,MER0061,2025-03-16,4,7285.32,7078.67,VARIANCE
SET001556,MER0061,2025-03-23,3,2743.89,2682.34,VARIANCE
SET001557,MER0061,2025-03-30,3,3466.91,3423.77,VARIANCE
SET001558,MER0061,2025-04-06,4,4306.46,4180.39,VARIANCE
SET001559,MER0061,2025-04-13,1,712.07,697.73,VARIANCE
SET001560,MER0061,2025-04-20,2,7657.23,7613.43,VARIANCE
SET001561,MER0061,2025-04-27,1,238.84,236.92,VARIANCE
SET001562,MER0061,2025-05-04,3,5535.9,5432.2,VARIANCE
SET001563,MER0061,2025-05-11,2,2420.2,2359.72,VARIANCE
SET001564,MER0061,2025-05-18,3,1735.11,1722.11,VARIANCE
SET001565,MER0061,2025-05-25,0,0.0,0.0,MATCHED
SET001566,MER0061,2025-06-01,3,1383.36,1345.23,VARIANCE
SET001567,MER0061,2025-06-08,3,1605.9,1577.88,VARIANCE
SET001568,MER0061,2025-06-15,0,0.0,0.0,MATCHED
SET001569,MER0061,2025-06-22,0,0.0,0.0,MATCHED
SET001570,MER0061,2025-06-29,3,4044.8,3948.06,VARIANCE
SET001571,MER0062,2025-01-05,2,775.33,771.19,VARIANCE
SET001572,MER0062,2025-01-12,0,0.0,0.0,MATCHED
SET001573,MER0062,2025-01-19,2,1614.6,1604.85,VARIANCE
SET001574,MER0062,2025-01-26,0,0.0,0.0,MATCHED
SET001575,MER0062,2025-02-02,1,457.33,452.99,VARIANCE
SET001576,MER0062,2025-02-09,5,4256.03,4213.96,VARIANCE
SET001577,MER0062,2025-02-16,3,1146.64,1122.48,VARIANCE
SET001578,MER0062,2025-02-23,6,2835.8,2773.96,VARIANCE
SET001579,MER0062,2025-03-02,1,1227.61,1204.54,VARIANCE
SET001580,MER0062,2025-03-09,2,1454.86,1446.59,VARIANCE
SET001581,MER0062,2025-03-16,3,2087.25,2061.95,VARIANCE
SET001582,MER0062,2025-03-23,2,463.76,453.72,VARIANCE
SET001583,MER0062,2025-03-30,4,1444.78,1440.56,VARIANCE
SET001584,MER0062,2025-04-06,5,2065.58,2035.64,VARIANCE
SET001585,MER0062,2025-04-13,3,2406.43,2404.9,VARIANCE
SET001586,MER0062,2025-04-20,3,1562.38,1546.12,VARIANCE
SET001587,MER0062,2025-04-27,2,724.43,718.67,VARIANCE
SET001588,MER0062,2025-05-04,2,1816.74,1781.03,VARIANCE
SET001589,MER0062,2025-05-11,3,1721.87,1721.44,MATCHED
SET001590,MER0062,2025-05-18,2,572.21,563.28,VARIANCE
SET001591,MER0062,2025-05-25,3,2413.19,2389.56,VARIANCE
SET001592,MER0062,2025-06-01,2,1782.73,1750.83,VARIANCE
SET001593,MER0062,2025-06-08,3,1623.3,1600.07,VARIANCE
SET001594,MER0062,2025-06-15,3,2298.03,2241.26,VARIANCE
SET001595,MER0062,2025-06-22,2,2536.48,2488.42,VARIANCE
SET001596,MER0062,2025-06-29,2,1703.17,1673.2,VARIANCE
SET001597,MER0063,2025-01-05,1,694.68,689.32,VARIANCE
SET001598,MER0063,2025-01-12,1,812.68,792.16,VARIANCE
SET001599,MER0063,2025-01-19,4,8459.77,8256.17,VARIANCE
SET001600,MER0063,2025-01-26,0,0.0,0.0,MATCHED
SET001601,MER0063,2025-02-02,5,5500.24,5413.36,VARIANCE
SET001602,MER0063,2025-02-09,2,1028.99,1025.35,VARIANCE
SET001603,MER0063,2025-02-16,6,2073.05,2012.07,VARIANCE
SET001604,MER0063,2025-02-23,2,1022.99,1005.88,VARIANCE
SET001605,MER0063,2025-03-02,4,9664.8,9615.91,VARIANCE
SET001606,MER0063,2025-03-09,3,2287.28,2270.47,VARIANCE
SET001607,MER0063,2025-03-16,4,3838.05,3763.54,VARIANCE
SET001608,MER0063,2025-03-23,4,1162.56,1145.69,VARIANCE
SET001609,MER0063,2025-03-30,2,497.15,488.16,VARIANCE
SET001610,MER0063,2025-04-06,0,0.0,0.0,MATCHED
SET001611,MER0063,2025-04-13,2,500.89,487.08,VARIANCE
SET001612,MER0063,2025-04-20,0,0.0,0.0,MATCHED
SET001613,MER0063,2025-04-27,4,1800.85,1793.95,VARIANCE
SET001614,MER0063,2025-05-04,2,1087.28,1060.92,VARIANCE
SET001615,MER0063,2025-05-11,3,1441.83,1410.92,VARIANCE
SET001616,MER0063,2025-05-18,2,1473.14,1453.6,VARIANCE
SET001617,MER0063,2025-05-25,2,2025.04,2006.64,VARIANCE
SET001618,MER0063,2025-06-01,2,1904.98,1884.88,VARIANCE
SET001619,MER0063,2025-06-08,4,2902.34,2842.19,VARIANCE
SET001620,MER0063,2025-06-15,2,964.81,945.74,VARIANCE
SET001621,MER0063,2025-06-22,4,4038.65,3919.06,VARIANCE
SET001622,MER0063,2025-06-29,5,1656.12,1645.9,VARIANCE
SET001623,MER0064,2025-01-05,2,2749.95,2698.57,VARIANCE
SET001624,MER0064,2025-01-12,2,2751.79,2693.32,VARIANCE
SET001625,MER0064,2025-01-19,4,2811.18,2744.32,VARIANCE
SET001626,MER0064,2025-01-26,3,1763.46,1736.66,VARIANCE
SET001627,MER0064,2025-02-02,2,1334.96,1300.91,VARIANCE
SET001628,MER0064,2025-02-09,6,2048.51,2007.07,VARIANCE
SET001629,MER0064,2025-02-16,1,282.38,274.8,VARIANCE
SET001630,MER0064,2025-02-23,3,1183.52,1154.77,VARIANCE
SET001631,MER0064,2025-03-02,2,1489.87,1468.75,VARIANCE
SET001632,MER0064,2025-03-09,0,0.0,0.0,MATCHED
SET001633,MER0064,2025-03-16,4,2500.88,2433.9,VARIANCE
SET001634,MER0064,2025-03-23,4,2911.33,2900.13,VARIANCE
SET001635,MER0064,2025-03-30,1,678.42,659.28,VARIANCE
SET001636,MER0064,2025-04-06,2,1148.98,1128.74,VARIANCE
SET001637,MER0064,2025-04-13,4,3270.64,3201.27,VARIANCE
SET001638,MER0064,2025-04-20,2,1717.72,1669.17,VARIANCE
SET001639,MER0064,2025-04-27,2,551.46,539.81,VARIANCE
SET001640,MER0064,2025-05-04,2,1723.1,1694.21,VARIANCE
SET001641,MER0064,2025-05-11,4,2282.03,2260.75,VARIANCE
SET001642,MER0064,2025-05-18,1,1548.44,1514.03,VARIANCE
SET001643,MER0064,2025-05-25,1,231.52,227.21,VARIANCE
SET001644,MER0064,2025-06-01,0,0.0,0.0,MATCHED
SET001645,MER0064,2025-06-08,4,5543.41,5482.67,VARIANCE
SET001646,MER0064,2025-06-15,2,3833.98,3770.19,VARIANCE
SET001647,MER0064,2025-06-22,1,564.27,550.93,VARIANCE
SET001648,MER0065,2025-01-05,5,4133.34,4106.76,VARIANCE
SET001649,MER0065,2025-01-12,1,212.92,212.48,MATCHED
SET001650,MER0065,2025-01-19,2,1450.54,1417.46,VARIANCE
SET001651,MER0065,2025-01-26,3,1665.92,1658.46,VARIANCE
SET001652,MER0065,2025-02-02,2,698.75,685.63,VARIANCE
SET001653,MER0065,2025-02-09,4,2157.08,2123.35,VARIANCE
SET001654,MER0065,2025-02-16,3,3940.63,3825.45,VARIANCE
SET001655,MER0065,2025-02-23,3,1709.41,1670.57,VARIANCE
SET001656,MER0065,2025-03-02,3,886.39,866.2,VARIANCE
SET001657,MER0065,2025-03-09,1,1435.0,1400.68,VARIANCE
SET001658,MER0065,2025-03-16,3,1235.41,1228.96,VARIANCE
SET001659,MER0065,2025-03-23,1,106.8,106.64,MATCHED
SET001660,MER0065,2025-03-30,0,0.0,0.0,MATCHED
SET001661,MER0065,2025-04-06,5,2346.62,2332.69,VARIANCE
SET001662,MER0065,2025-04-13,3,2867.01,2806.92,VARIANCE
SET001663,MER0065,2025-04-20,0,0.0,0.0,MATCHED
SET001664,MER0065,2025-04-27,1,505.18,492.97,VARIANCE
SET001665,MER0065,2025-05-04,0,0.0,0.0,MATCHED
SET001666,MER0065,2025-05-11,0,0.0,0.0,MATCHED
SET001667,MER0065,2025-05-18,3,2752.82,2718.99,VARIANCE
SET001668,MER0065,2025-05-25,1,401.29,398.81,VARIANCE
SET001669,MER0065,2025-06-01,1,74.46,73.4,VARIANCE
SET001670,MER0065,2025-06-08,3,3406.41,3354.28,VARIANCE
SET001671,MER0065,2025-06-15,2,342.41,339.45,VARIANCE
SET001672,MER0065,2025-06-22,3,590.58,581.27,VARIANCE
SET001673,MER0065,2025-06-29,5,6873.23,6785.89,VARIANCE
SET001674,MER0066,2025-01-05,2,1894.63,1854.78,VARIANCE
SET001675,MER0066,2025-01-12,0,0.0,0.0,MATCHED
SET001676,MER0066,2025-01-19,2,2044.06,1996.43,VARIANCE
SET001677,MER0066,2025-01-26,3,4571.87,4567.92,VARIANCE
SET001678,MER0066,2025-02-02,0,0.0,0.0,MATCHED
SET001679,MER0066,2025-02-09,0,0.0,0.0,MATCHED
SET001680,MER0066,2025-02-16,1,2764.73,2697.34,VARIANCE
SET001681,MER0066,2025-02-23,3,2215.66,2187.96,VARIANCE
SET001682,MER0066,2025-03-02,3,4731.19,4661.82,VARIANCE
SET001683,MER0066,2025-03-09,2,3371.47,3370.36,VARIANCE
SET001684,MER0066,2025-03-16,2,3144.21,3135.09,VARIANCE
SET001685,MER0066,2025-03-23,2,490.87,477.19,VARIANCE
SET001686,MER0066,2025-03-30,1,105.82,105.2,MATCHED
SET001687,MER0066,2025-04-06,1,388.39,388.19,MATCHED
SET001688,MER0066,2025-04-13,2,1217.77,1208.49,VARIANCE
SET001689,MER0066,2025-04-20,2,1602.38,1600.13,VARIANCE
SET001690,MER0066,2025-04-27,1,470.19,461.46,VARIANCE
SET001691,MER0066,2025-05-04,2,1765.53,1745.89,VARIANCE
SET001692,MER0066,2025-05-11,3,6466.8,6405.68,VARIANCE
SET001693,MER0066,2025-05-18,0,0.0,0.0,MATCHED
SET001694,MER0066,2025-05-25,1,999.1,990.6,VARIANCE
SET001695,MER0066,2025-06-01,2,2384.74,2371.89,VARIANCE
SET001696,MER0066,2025-06-08,2,409.67,401.53,VARIANCE
SET001697,MER0066,2025-06-15,1,193.66,192.47,VARIANCE
SET001698,MER0066,2025-06-22,6,3547.03,3504.14,VARIANCE
SET001699,MER0066,2025-06-29,3,3323.27,3319.4,VARIANCE
SET001700,MER0067,2025-01-05,1,216.41,212.02,VARIANCE
SET001701,MER0067,2025-01-12,2,732.38,724.02,VARIANCE
SET001702,MER0067,2025-01-19,3,1097.45,1092.87,VARIANCE
SET001703,MER0067,2025-01-26,1,2324.13,2307.39,VARIANCE
SET001704,MER0067,2025-02-02,3,1938.15,1920.55,VARIANCE
SET001705,MER0067,2025-02-09,6,8120.96,7912.85,VARIANCE
SET001706,MER0067,2025-02-16,3,2769.99,2699.81,VARIANCE
SET001707,MER0067,2025-02-23,4,12385.21,12131.81,VARIANCE
SET001708,MER0067,2025-03-02,4,4817.4,4767.1,VARIANCE
SET001709,MER0067,2025-03-09,1,663.03,643.79,VARIANCE
SET001710,MER0067,2025-03-16,1,167.29,165.58,VARIANCE
SET001711,MER0067,2025-03-23,2,1222.13,1189.87,VARIANCE
SET001712,MER0067,2025-03-30,3,1125.28,1098.05,VARIANCE
SET001713,MER0067,2025-04-06,2,1384.48,1354.47,VARIANCE
SET001714,MER0067,2025-04-13,2,2812.67,2774.57,VARIANCE
SET001715,MER0067,2025-04-20,4,3938.21,3904.91,VARIANCE
SET001716,MER0067,2025-04-27,2,292.62,292.15,MATCHED
SET001717,MER0067,2025-05-04,3,2374.8,2319.84,VARIANCE
SET001718,MER0067,2025-05-11,1,561.11,545.72,VARIANCE
SET001719,MER0067,2025-05-18,0,0.0,0.0,MATCHED
SET001720,MER0067,2025-05-25,1,26.8,26.47,MATCHED
SET001721,MER0067,2025-06-01,4,882.45,880.31,VARIANCE
SET001722,MER0067,2025-06-08,2,785.03,778.33,VARIANCE
SET001723,MER0067,2025-06-15,3,2005.2,1952.87,VARIANCE
SET001724,MER0067,2025-06-22,4,1221.48,1198.1,VARIANCE
SET001725,MER0067,2025-06-29,3,7257.99,7087.99,VARIANCE
SET001726,MER0068,2025-01-05,3,670.05,659.0,VARIANCE
SET001727,MER0068,2025-01-12,1,335.36,328.17,VARIANCE
SET001728,MER0068,2025-01-19,6,6998.5,6969.42,VARIANCE
SET001729,MER0068,2025-01-26,1,754.74,752.38,VARIANCE
SET001730,MER0068,2025-02-02,3,4079.49,3980.26,VARIANCE
SET001731,MER0068,2025-02-09,2,6611.03,6610.98,MATCHED
SET001732,MER0068,2025-02-16,5,4118.47,4113.81,VARIANCE
SET001733,MER0068,2025-02-23,0,0.0,0.0,MATCHED
SET001734,MER0068,2025-03-02,2,747.33,744.51,VARIANCE
SET001735,MER0068,2025-03-09,1,3429.79,3424.23,VARIANCE
SET001736,MER0068,2025-03-16,1,897.95,890.8,VARIANCE
SET001737,MER0068,2025-03-23,3,739.63,725.5,VARIANCE
SET001738,MER0068,2025-03-30,2,1272.7,1258.55,VARIANCE
SET001739,MER0068,2025-04-06,2,314.52,312.32,VARIANCE
SET001740,MER0068,2025-04-13,1,497.38,487.53,VARIANCE
SET001741,MER0068,2025-04-20,2,1560.28,1535.72,VARIANCE
SET001742,MER0068,2025-04-27,3,2424.59,2358.33,VARIANCE
SET001743,MER0068,2025-05-04,4,7735.52,7539.71,VARIANCE
SET001744,MER0068,2025-05-11,4,4476.78,4449.32,VARIANCE
SET001745,MER0068,2025-05-18,3,3877.67,3797.24,VARIANCE
SET001746,MER0068,2025-05-25,6,5322.11,5274.59,VARIANCE
SET001747,MER0068,2025-06-01,4,2464.28,2422.09,VARIANCE
SET001748,MER0068,2025-06-08,4,854.68,847.27,VARIANCE
SET001749,MER0068,2025-06-15,0,0.0,0.0,MATCHED
SET001750,MER0068,2025-06-22,2,858.18,834.67,VARIANCE
SET001751,MER0068,2025-06-29,2,1665.93,1649.31,VARIANCE
SET001752,MER0069,2025-01-05,2,1198.23,1171.52,VARIANCE
SET001753,MER0069,2025-01-12,3,1461.54,1426.66,VARIANCE
SET001754,MER0069,2025-01-19,5,3182.73,3131.49,VARIANCE
SET001755,MER0069,2025-01-26,0,0.0,0.0,MATCHED
SET001756,MER0069,2025-02-02,2,748.24,745.78,VARIANCE
SET001757,MER0069,2025-02-09,4,6123.73,6068.06,VARIANCE
SET001758,MER0069,2025-02-16,3,858.13,843.6,VARIANCE
SET001759,MER0069,2025-02-23,1,315.16,309.87,VARIANCE
SET001760,MER0069,2025-03-02,1,985.8,973.97,VARIANCE
SET001761,MER0069,2025-03-09,2,1087.51,1059.11,VARIANCE
SET001762,MER0069,2025-03-16,2,522.59,511.59,VARIANCE
SET001763,MER0069,2025-03-23,1,733.05,724.34,VARIANCE
SET001764,MER0069,2025-03-30,0,0.0,0.0,MATCHED
SET001765,MER0069,2025-04-06,1,358.38,354.09,VARIANCE
SET001766,MER0069,2025-04-13,6,4535.72,4428.2,VARIANCE
SET001767,MER0069,2025-04-20,4,2197.53,2195.39,VARIANCE
SET001768,MER0069,2025-04-27,1,112.8,112.11,MATCHED
SET001769,MER0069,2025-05-04,3,2217.97,2166.25,VARIANCE
SET001770,MER0069,2025-05-11,2,512.2,502.49,VARIANCE
SET001771,MER0069,2025-05-18,3,2096.82,2036.03,VARIANCE
SET001772,MER0069,2025-05-25,3,3371.35,3347.28,VARIANCE
SET001773,MER0069,2025-06-01,8,5419.25,5292.13,VARIANCE
SET001774,MER0069,2025-06-08,0,0.0,0.0,MATCHED
SET001775,MER0069,2025-06-15,1,271.65,269.35,VARIANCE
SET001776,MER0069,2025-06-22,2,262.15,260.39,VARIANCE
SET001777,MER0069,2025-06-29,4,1752.11,1729.22,VARIANCE
SET001778,MER0070,2025-01-05,2,911.93,891.21,VARIANCE
SET001779,MER0070,2025-01-12,2,1616.14,1569.4,VARIANCE
SET001780,MER0070,2025-01-19,3,2916.04,2880.56,VARIANCE
SET001781,MER0070,2025-01-26,2,5592.74,5427.16,VARIANCE
SET001782,MER0070,2025-02-02,3,774.14,762.97,VARIANCE
SET001783,MER0070,2025-02-09,2,892.8,886.75,VARIANCE
SET001784,MER0070,2025-02-16,4,1795.53,1749.22,VARIANCE
SET001785,MER0070,2025-02-23,1,195.97,192.66,VARIANCE
SET001786,MER0070,2025-03-02,1,182.98,180.46,VARIANCE
SET001787,MER0070,2025-03-09,3,3482.22,3393.51,VARIANCE
SET001788,MER0070,2025-03-16,1,217.78,212.56,VARIANCE
SET001789,MER0070,2025-03-23,5,4127.0,4078.77,VARIANCE
SET001790,MER0070,2025-03-30,1,345.99,337.41,VARIANCE
SET001791,MER0070,2025-04-06,1,150.86,147.02,VARIANCE
SET001792,MER0070,2025-04-13,3,6019.77,5879.06,VARIANCE
SET001793,MER0070,2025-04-20,5,2967.41,2961.79,VARIANCE
SET001794,MER0070,2025-04-27,5,3381.44,3371.03,VARIANCE
SET001795,MER0070,2025-05-04,3,865.98,842.89,VARIANCE
SET001796,MER0070,2025-05-11,2,867.92,856.8,VARIANCE
SET001797,MER0070,2025-05-18,2,1825.38,1793.13,VARIANCE
SET001798,MER0070,2025-05-25,0,0.0,0.0,MATCHED
SET001799,MER0070,2025-06-01,4,3146.38,3075.71,VARIANCE
SET001800,MER0070,2025-06-08,6,9965.15,9860.64,VARIANCE
SET001801,MER0070,2025-06-15,2,5331.03,5174.22,VARIANCE
SET001802,MER0070,2025-06-22,4,2698.37,2695.0,VARIANCE
SET001803,MER0070,2025-06-29,1,1366.43,1337.14,VARIANCE
SET001804,MER0071,2025-01-05,3,1828.7,1792.92,VARIANCE
SET001805,MER0071,2025-01-12,0,0.0,0.0,MATCHED
SET001806,MER0071,2025-01-19,4,1789.41,1743.21,VARIANCE
SET001807,MER0071,2025-01-26,1,883.91,860.86,VARIANCE
SET001808,MER0071,2025-02-02,3,1649.75,1623.64,VARIANCE
SET001809,MER0071,2025-02-09,3,1272.16,1245.95,VARIANCE
SET001810,MER0071,2025-02-16,1,1319.78,1292.82,VARIANCE
SET001811,MER0071,2025-02-23,0,0.0,0.0,MATCHED
SET001812,MER0071,2025-03-02,6,3298.08,3293.14,VARIANCE
SET001813,MER0071,2025-03-09,3,7837.42,7699.86,VARIANCE
SET001814,MER0071,2025-03-16,2,380.73,369.81,VARIANCE
SET001815,MER0071,2025-03-23,4,2563.17,2514.96,VARIANCE
SET001816,MER0071,2025-03-30,5,1945.58,1936.98,VARIANCE
SET001817,MER0071,2025-04-06,2,1450.69,1426.0,VARIANCE
SET001818,MER0071,2025-04-13,4,1676.33,1629.1,VARIANCE
SET001819,MER0071,2025-04-20,2,1497.36,1463.65,VARIANCE
SET001820,MER0071,2025-04-27,3,2831.52,2765.84,VARIANCE
SET001821,MER0071,2025-05-04,0,0.0,0.0,MATCHED
SET001822,MER0071,2025-05-11,3,2229.23,2183.63,VARIANCE
SET001823,MER0071,2025-05-18,3,2517.19,2492.34,VARIANCE
SET001824,MER0071,2025-05-25,3,4910.19,4868.82,VARIANCE
SET001825,MER0071,2025-06-01,2,2120.3,2059.53,VARIANCE
SET001826,MER0071,2025-06-08,5,7035.64,6855.3,VARIANCE
SET001827,MER0071,2025-06-15,1,901.26,896.45,VARIANCE
SET001828,MER0071,2025-06-22,4,1526.12,1520.42,VARIANCE
SET001829,MER0071,2025-06-29,3,1664.2,1653.64,VARIANCE
SET001830,MER0072,2025-01-05,2,450.89,439.76,VARIANCE
SET001831,MER0072,2025-01-12,2,-126.06,-124.9,VARIANCE
SET001832,MER0072,2025-01-19,4,8886.46,8639.94,VARIANCE
SET001833,MER0072,2025-01-26,2,1223.32,1211.4,VARIANCE
SET001834,MER0072,2025-02-02,5,4846.71,4733.5,VARIANCE
SET001835,MER0072,2025-02-09,4,2699.0,2686.03,VARIANCE
SET001836,MER0072,2025-02-16,4,2032.09,2022.54,VARIANCE
SET001837,MER0072,2025-02-23,3,5153.43,5071.06,VARIANCE
SET001838,MER0072,2025-03-02,2,1064.44,1055.68,VARIANCE
SET001839,MER0072,2025-03-09,6,4419.48,4412.14,VARIANCE
SET001840,MER0072,2025-03-16,2,240.67,239.9,MATCHED
SET001841,MER0072,2025-03-23,4,7502.02,7422.65,VARIANCE
SET001842,MER0072,2025-03-30,0,0.0,0.0,MATCHED
SET001843,MER0072,2025-04-06,2,2895.96,2840.09,VARIANCE
SET001844,MER0072,2025-04-13,0,0.0,0.0,MATCHED
SET001845,MER0072,2025-04-20,1,384.86,374.94,VARIANCE
SET001846,MER0072,2025-04-27,4,3794.62,3732.92,VARIANCE
SET001847,MER0072,2025-05-04,2,1105.4,1075.06,VARIANCE
SET001848,MER0072,2025-05-11,4,1440.52,1401.28,VARIANCE
SET001849,MER0072,2025-05-18,7,4962.72,4913.26,VARIANCE
SET001850,MER0072,2025-05-25,3,3821.16,3755.38,VARIANCE
SET001851,MER0072,2025-06-01,4,9041.5,8826.55,VARIANCE
SET001852,MER0072,2025-06-08,2,2532.12,2528.24,VARIANCE
SET001853,MER0072,2025-06-15,3,2475.94,2423.24,VARIANCE
SET001854,MER0072,2025-06-22,5,1597.06,1574.99,VARIANCE
SET001855,MER0072,2025-06-29,1,127.95,125.99,VARIANCE
SET001856,MER0073,2025-01-05,1,2285.56,2229.65,VARIANCE
SET001857,MER0073,2025-01-12,3,2971.26,2970.69,MATCHED
SET001858,MER0073,2025-01-19,3,638.46,633.83,VARIANCE
SET001859,MER0073,2025-01-26,2,3992.1,3979.16,VARIANCE
SET001860,MER0073,2025-02-02,2,646.66,633.07,VARIANCE
SET001861,MER0073,2025-02-09,3,1324.25,1320.71,VARIANCE
SET001862,MER0073,2025-02-16,0,0.0,0.0,MATCHED
SET001863,MER0073,2025-02-23,2,2718.27,2713.52,VARIANCE
SET001864,MER0073,2025-03-02,4,4560.93,4448.45,VARIANCE
SET001865,MER0073,2025-03-09,6,6010.6,5858.36,VARIANCE
SET001866,MER0073,2025-03-16,1,575.78,559.95,VARIANCE
SET001867,MER0073,2025-03-23,2,215.22,209.34,VARIANCE
SET001868,MER0073,2025-03-30,2,1031.71,1022.47,VARIANCE
SET001869,MER0073,2025-04-06,1,599.06,582.0,VARIANCE
SET001870,MER0073,2025-04-13,1,81.52,80.21,VARIANCE
SET001871,MER0073,2025-04-20,4,1168.97,1146.35,VARIANCE
SET001872,MER0073,2025-04-27,2,314.83,312.27,VARIANCE
SET001873,MER0073,2025-05-04,1,164.52,159.81,VARIANCE
SET001874,MER0073,2025-05-11,3,2044.09,2026.96,VARIANCE
SET001875,MER0073,2025-05-18,4,1935.24,1932.81,VARIANCE
SET001876,MER0073,2025-05-25,1,491.61,481.24,VARIANCE
SET001877,MER0073,2025-06-01,4,2704.85,2656.45,VARIANCE
SET001878,MER0073,2025-06-08,0,0.0,0.0,MATCHED
SET001879,MER0073,2025-06-15,4,937.61,918.07,VARIANCE
SET001880,MER0073,2025-06-22,3,1071.3,1066.36,VARIANCE
SET001881,MER0074,2025-01-05,2,459.75,459.7,MATCHED
SET001882,MER0074,2025-01-12,4,3659.43,3574.08,VARIANCE
SET001883,MER0074,2025-01-19,1,284.75,280.23,VARIANCE
SET001884,MER0074,2025-01-26,0,0.0,0.0,MATCHED
SET001885,MER0074,2025-02-02,2,1438.37,1419.28,VARIANCE
SET001886,MER0074,2025-02-09,2,1637.09,1607.3,VARIANCE
SET001887,MER0074,2025-02-16,2,927.96,927.19,MATCHED
SET001888,MER0074,2025-02-23,3,3660.33,3630.36,VARIANCE
SET001889,MER0074,2025-03-02,2,251.39,251.33,MATCHED
SET001890,MER0074,2025-03-09,1,3302.48,3283.69,VARIANCE
SET001891,MER0074,2025-03-16,2,1791.31,1781.9,VARIANCE
SET001892,MER0074,2025-03-23,2,865.0,848.98,VARIANCE
SET001893,MER0074,2025-03-30,1,414.27,410.1,VARIANCE
SET001894,MER0074,2025-04-06,3,1711.49,1665.95,VARIANCE
SET001895,MER0074,2025-04-13,3,3038.44,2979.01,VARIANCE
SET001896,MER0074,2025-04-20,4,2107.93,2102.95,VARIANCE
SET001897,MER0074,2025-04-27,1,2743.86,2742.21,VARIANCE
SET001898,MER0074,2025-05-04,2,660.46,644.08,VARIANCE
SET001899,MER0074,2025-05-11,1,587.73,578.82,VARIANCE
SET001900,MER0074,2025-05-18,1,371.61,364.98,VARIANCE
SET001901,MER0074,2025-05-25,3,2034.16,2010.97,VARIANCE
SET001902,MER0074,2025-06-01,4,2690.78,2657.98,VARIANCE
SET001903,MER0074,2025-06-08,2,2075.82,2029.8,VARIANCE
SET001904,MER0074,2025-06-15,3,1958.5,1951.44,VARIANCE
SET001905,MER0074,2025-06-22,2,349.86,344.09,VARIANCE
SET001906,MER0074,2025-06-29,2,647.58,643.22,VARIANCE
SET001907,MER0075,2025-01-19,1,207.77,206.04,VARIANCE
SET001908,MER0075,2025-01-26,4,1932.07,1930.92,VARIANCE
SET001909,MER0075,2025-02-02,5,1791.85,1765.78,VARIANCE
SET001910,MER0075,2025-02-09,1,433.99,428.64,VARIANCE
SET001911,MER0075,2025-02-16,2,928.55,922.2,VARIANCE
SET001912,MER0075,2025-02-23,2,1403.18,1370.75,VARIANCE
SET001913,MER0075,2025-03-02,3,1436.55,1395.39,VARIANCE
SET001914,MER0075,2025-03-09,2,1286.47,1279.26,VARIANCE
SET001915,MER0075,2025-03-16,3,1449.83,1436.53,VARIANCE
SET001916,MER0075,2025-03-23,2,1568.37,1556.6,VARIANCE
SET001917,MER0075,2025-03-30,4,1896.34,1884.98,VARIANCE
SET001918,MER0075,2025-04-06,0,0.0,0.0,MATCHED
SET001919,MER0075,2025-04-13,3,1216.62,1212.16,VARIANCE
SET001920,MER0075,2025-04-20,1,98.19,97.13,VARIANCE
SET001921,MER0075,2025-04-27,2,2931.64,2926.75,VARIANCE
SET001922,MER0075,2025-05-04,2,1224.36,1208.05,VARIANCE
SET001923,MER0075,2025-05-11,7,3167.83,3155.04,VARIANCE
SET001924,MER0075,2025-05-18,2,1271.54,1235.56,VARIANCE
SET001925,MER0075,2025-05-25,2,585.56,570.9,VARIANCE
SET001926,MER0075,2025-06-01,1,470.51,464.2,VARIANCE
SET001927,MER0075,2025-06-08,2,5958.28,5898.87,VARIANCE
SET001928,MER0075,2025-06-15,3,1439.45,1412.93,VARIANCE
SET001929,MER0075,2025-06-22,0,0.0,0.0,MATCHED
SET001930,MER0075,2025-06-29,3,1999.19,1992.35,VARIANCE
SET001931,MER0076,2025-01-05,1,352.67,342.85,VARIANCE
SET001932,MER0076,2025-01-12,1,568.74,566.84,VARIANCE
SET001933,MER0076,2025-01-19,5,2663.1,2601.82,VARIANCE
SET001934,MER0076,2025-01-26,5,6074.69,6021.11,VARIANCE
SET001935,MER0076,2025-02-02,4,2092.19,2066.65,VARIANCE
SET001936,MER0076,2025-02-09,4,3025.75,2956.43,VARIANCE
SET001937,MER0076,2025-02-16,4,2804.05,2747.55,VARIANCE
SET001938,MER0076,2025-02-23,1,1110.23,1084.96,VARIANCE
SET001939,MER0076,2025-03-02,1,3653.03,3601.86,VARIANCE
SET001940,MER0076,2025-03-09,0,0.0,0.0,MATCHED
SET001941,MER0076,2025-03-16,1,967.46,954.22,VARIANCE
SET001942,MER0076,2025-03-23,2,4124.01,4035.16,VARIANCE
SET001943,MER0076,2025-03-30,7,6411.53,6242.34,VARIANCE
SET001944,MER0076,2025-04-06,2,608.24,602.71,VARIANCE
SET001945,MER0076,2025-04-13,1,50.41,49.29,VARIANCE
SET001946,MER0076,2025-04-20,1,2385.83,2382.15,VARIANCE
SET001947,MER0076,2025-04-27,2,513.55,504.39,VARIANCE
SET001948,MER0076,2025-05-04,4,7877.12,7702.78,VARIANCE
SET001949,MER0076,2025-05-11,5,1948.01,1931.54,VARIANCE
SET001950,MER0076,2025-05-18,2,4200.34,4187.9,VARIANCE
SET001951,MER0076,2025-05-25,3,1454.63,1427.15,VARIANCE
SET001952,MER0076,2025-06-01,0,0.0,0.0,MATCHED
SET001953,MER0076,2025-06-08,1,141.26,138.43,VARIANCE
SET001954,MER0076,2025-06-15,5,3722.44,3721.78,MATCHED
SET001955,MER0076,2025-06-22,0,0.0,0.0,MATCHED
SET001956,MER0076,2025-06-29,1,439.73,427.02,VARIANCE
SET001957,MER0077,2025-01-05,3,1816.43,1762.15,VARIANCE
SET001958,MER0077,2025-01-12,2,1364.96,1346.23,VARIANCE
SET001959,MER0077,2025-01-19,1,563.25,556.91,VARIANCE
SET001960,MER0077,2025-01-26,2,539.02,527.48,VARIANCE
SET001961,MER0077,2025-02-02,2,912.18,896.15,VARIANCE
SET001962,MER0077,2025-02-09,2,753.68,740.31,VARIANCE
SET001963,MER0077,2025-02-16,1,210.18,206.17,VARIANCE
SET001964,MER0077,2025-02-23,2,3410.34,3327.41,VARIANCE
SET001965,MER0077,2025-03-02,2,902.23,889.9,VARIANCE
SET001966,MER0077,2025-03-09,5,4017.44,3977.23,VARIANCE
SET001967,MER0077,2025-03-16,7,3478.48,3376.95,VARIANCE
SET001968,MER0077,2025-03-23,4,2028.75,2021.52,VARIANCE
SET001969,MER0077,2025-03-30,2,795.04,777.38,VARIANCE
SET001970,MER0077,2025-04-06,1,185.23,182.31,VARIANCE
SET001971,MER0077,2025-04-13,1,457.98,447.23,VARIANCE
SET001972,MER0077,2025-04-20,1,203.85,201.85,VARIANCE
SET001973,MER0077,2025-04-27,4,5457.97,5360.71,VARIANCE
SET001974,MER0077,2025-05-04,6,6102.81,6026.15,VARIANCE
SET001975,MER0077,2025-05-11,3,4731.51,4647.46,VARIANCE
SET001976,MER0077,2025-05-18,3,4341.7,4277.63,VARIANCE
SET001977,MER0077,2025-05-25,3,4075.72,3964.03,VARIANCE
SET001978,MER0077,2025-06-01,1,287.77,287.61,MATCHED
SET001979,MER0077,2025-06-08,3,4262.71,4189.26,VARIANCE
SET001980,MER0077,2025-06-15,5,11315.24,11088.15,VARIANCE
SET001981,MER0077,2025-06-22,5,4367.27,4347.19,VARIANCE
SET001982,MER0077,2025-06-29,3,3055.88,2991.19,VARIANCE
SET001983,MER0078,2025-01-05,1,4506.51,4478.27,VARIANCE
SET001984,MER0078,2025-01-12,2,1238.04,1216.65,VARIANCE
SET001985,MER0078,2025-01-19,3,1470.96,1431.98,VARIANCE
SET001986,MER0078,2025-01-26,2,337.86,333.55,VARIANCE
SET001987,MER0078,2025-02-02,3,2849.13,2787.61,VARIANCE
SET001988,MER0078,2025-02-09,3,2360.31,2303.76,VARIANCE
SET001989,MER0078,2025-02-16,3,1323.39,1322.99,MATCHED
SET001990,MER0078,2025-02-23,4,6212.99,6201.25,VARIANCE
SET001991,MER0078,2025-03-02,3,761.1,749.03,VARIANCE
SET001992,MER0078,2025-03-09,4,1522.68,1513.89,VARIANCE
SET001993,MER0078,2025-03-16,5,2558.63,2533.29,VARIANCE
SET001994,MER0078,2025-03-23,3,3480.65,3407.84,VARIANCE
SET001995,MER0078,2025-03-30,2,534.09,520.14,VARIANCE
SET001996,MER0078,2025-04-06,5,1947.01,1922.55,VARIANCE
SET001997,MER0078,2025-04-13,2,2138.51,2086.6,VARIANCE
SET001998,MER0078,2025-04-20,0,0.0,0.0,MATCHED
SET001999,MER0078,2025-04-27,2,923.27,912.05,VARIANCE
SET002000,MER0078,2025-05-04,2,1114.14,1088.07,VARIANCE
SET002001,MER0078,2025-05-11,2,1716.21,1704.72,VARIANCE
SET002002,MER0078,2025-05-18,4,2365.63,2363.34,VARIANCE
SET002003,MER0078,2025-05-25,1,254.01,250.05,VARIANCE
SET002004,MER0078,2025-06-01,1,155.3,155.16,MATCHED
SET002005,MER0078,2025-06-08,2,1104.39,1086.16,VARIANCE
SET002006,MER0078,2025-06-15,4,4217.12,4092.82,VARIANCE
SET002007,MER0078,2025-06-22,3,1480.46,1456.58,VARIANCE
SET002008,MER0078,2025-06-29,3,1077.67,1056.74,VARIANCE
SET002009,MER0079,2025-01-05,2,4894.86,4882.75,VARIANCE
SET002010,MER0079,2025-01-12,2,1036.47,1021.62,VARIANCE
SET002011,MER0079,2025-01-19,1,535.51,534.88,MATCHED
SET002012,MER0079,2025-01-26,4,2240.97,2184.67,VARIANCE
SET002013,MER0079,2025-02-02,3,646.96,634.99,VARIANCE
SET002014,MER0079,2025-02-09,4,3972.7,3855.22,VARIANCE
SET002015,MER0079,2025-02-16,3,1519.55,1476.31,VARIANCE
SET002016,MER0079,2025-02-23,1,145.48,144.22,VARIANCE
SET002017,MER0079,2025-03-02,0,0.0,0.0,MATCHED
SET002018,MER0079,2025-03-09,4,1948.31,1902.85,VARIANCE
SET002019,MER0079,2025-03-16,4,1869.82,1838.09,VARIANCE
SET002020,MER0079,2025-03-23,5,8447.29,8427.23,VARIANCE
SET002021,MER0079,2025-03-30,4,1490.54,1456.38,VARIANCE
SET002022,MER0079,2025-04-06,2,966.89,938.01,VARIANCE
SET002023,MER0079,2025-04-13,4,3165.51,3137.14,VARIANCE
SET002024,MER0079,2025-04-20,0,0.0,0.0,MATCHED
SET002025,MER0079,2025-04-27,1,827.85,806.46,VARIANCE
SET002026,MER0079,2025-05-04,2,1525.82,1522.52,VARIANCE
SET002027,MER0079,2025-05-11,1,165.22,164.55,MATCHED
SET002028,MER0079,2025-05-18,3,1105.45,1103.34,VARIANCE
SET002029,MER0079,2025-05-25,3,1176.9,1170.68,VARIANCE
SET002030,MER0079,2025-06-01,2,1223.92,1207.27,VARIANCE
SET002031,MER0079,2025-06-08,0,0.0,0.0,MATCHED
SET002032,MER0079,2025-06-15,0,0.0,0.0,MATCHED
SET002033,MER0079,2025-06-22,2,1273.21,1259.6,VARIANCE
SET002034,MER0080,2025-01-05,3,6855.29,6722.54,VARIANCE
SET002035,MER0080,2025-01-12,1,186.85,183.13,VARIANCE
SET002036,MER0080,2025-01-19,1,43.63,42.73,MATCHED
SET002037,MER0080,2025-01-26,1,369.7,359.51,VARIANCE
SET002038,MER0080,2025-02-02,4,1807.85,1797.58,VARIANCE
SET002039,MER0080,2025-02-09,3,3252.38,3229.39,VARIANCE
SET002040,MER0080,2025-02-16,2,900.86,874.09,VARIANCE
SET002041,MER0080,2025-02-23,1,963.63,949.55,VARIANCE
SET002042,MER0080,2025-03-02,1,91.13,88.46,VARIANCE
SET002043,MER0080,2025-03-09,3,12573.47,12401.88,VARIANCE
SET002044,MER0080,2025-03-16,0,0.0,0.0,MATCHED
SET002045,MER0080,2025-03-23,1,494.14,493.56,MATCHED
SET002046,MER0080,2025-03-30,0,0.0,0.0,MATCHED
SET002047,MER0080,2025-04-06,0,0.0,0.0,MATCHED
SET002048,MER0080,2025-04-13,2,526.04,514.4,VARIANCE
SET002049,MER0080,2025-04-20,2,551.96,550.37,VARIANCE
SET002050,MER0080,2025-04-27,3,1025.88,995.36,VARIANCE
SET002051,MER0080,2025-05-04,4,3554.35,3480.01,VARIANCE
SET002052,MER0080,2025-05-11,2,3707.35,3621.24,VARIANCE
SET002053,MER0080,2025-05-18,3,2961.36,2938.83,VARIANCE
SET002054,MER0080,2025-05-25,3,1058.38,1038.43,VARIANCE
SET002055,MER0080,2025-06-01,1,583.71,581.29,VARIANCE
SET002056,MER0080,2025-06-08,3,1724.81,1690.02,VARIANCE
SET002057,MER0080,2025-06-15,2,895.63,872.14,VARIANCE
SET002058,MER0080,2025-06-22,1,574.8,565.4,VARIANCE
SET002059,MER0080,2025-06-29,4,2177.46,2117.77,VARIANCE
SET002060,MER0081,2025-01-05,3,2550.23,2485.38,VARIANCE
SET002061,MER0081,2025-01-12,0,0.0,0.0,MATCHED
SET002062,MER0081,2025-01-19,0,0.0,0.0,MATCHED
SET002063,MER0081,2025-01-26,6,3159.11,3084.58,VARIANCE
SET002064,MER0081,2025-02-02,2,1974.54,1925.95,VARIANCE
SET002065,MER0081,2025-02-09,2,2015.54,1986.61,VARIANCE
SET002066,MER0081,2025-02-16,1,630.96,620.46,VARIANCE
SET002067,MER0081,2025-02-23,2,753.64,741.92,VARIANCE
SET002068,MER0081,2025-03-02,1,511.72,506.67,VARIANCE
SET002069,MER0081,2025-03-09,3,2210.02,2153.06,VARIANCE
SET002070,MER0081,2025-03-16,6,4819.73,4676.84,VARIANCE
SET002071,MER0081,2025-03-23,1,1230.64,1196.11,VARIANCE
SET002072,MER0081,2025-03-30,2,1496.77,1487.56,VARIANCE
SET002073,MER0081,2025-04-06,2,2770.78,2746.06,VARIANCE
SET002074,MER0081,2025-04-13,5,3778.22,3682.26,VARIANCE
SET002075,MER0081,2025-04-20,3,1064.91,1043.52,VARIANCE
SET002076,MER0081,2025-04-27,5,5640.98,5523.86,VARIANCE
SET002077,MER0081,2025-05-04,5,2957.47,2950.63,VARIANCE
SET002078,MER0081,2025-05-11,1,977.14,959.91,VARIANCE
SET002079,MER0081,2025-05-18,3,1343.17,1331.66,VARIANCE
SET002080,MER0081,2025-05-25,4,2262.8,2200.75,VARIANCE
SET002081,MER0081,2025-06-01,3,2285.17,2219.45,VARIANCE
SET002082,MER0081,2025-06-08,3,2047.93,2000.32,VARIANCE
SET002083,MER0081,2025-06-15,7,8876.52,8781.08,VARIANCE
SET002084,MER0081,2025-06-22,5,2397.42,2357.64,VARIANCE
SET002085,MER0081,2025-06-29,3,2488.23,2478.69,VARIANCE
SET002086,MER0082,2025-01-12,3,1115.88,1109.93,VARIANCE
SET002087,MER0082,2025-01-19,3,4411.44,4367.03,VARIANCE
SET002088,MER0082,2025-01-26,3,1850.18,1850.02,MATCHED
SET002089,MER0082,2025-02-02,1,215.06,214.8,MATCHED
SET002090,MER0082,2025-02-09,2,871.85,868.79,VARIANCE
SET002091,MER0082,2025-02-16,2,1341.02,1304.38,VARIANCE
SET002092,MER0082,2025-02-23,3,4748.36,4662.84,VARIANCE
SET002093,MER0082,2025-03-02,4,1514.26,1475.44,VARIANCE
SET002094,MER0082,2025-03-09,1,705.93,697.71,VARIANCE
SET002095,MER0082,2025-03-16,2,2097.57,2066.43,VARIANCE
SET002096,MER0082,2025-03-23,0,0.0,0.0,MATCHED
SET002097,MER0082,2025-03-30,2,403.43,392.29,VARIANCE
SET002098,MER0082,2025-04-06,4,2421.01,2382.15,VARIANCE
SET002099,MER0082,2025-04-13,3,1528.75,1511.54,VARIANCE
SET002100,MER0082,2025-04-20,2,765.01,751.38,VARIANCE
SET002101,MER0082,2025-04-27,4,2981.25,2934.01,VARIANCE
SET002102,MER0082,2025-05-04,0,0.0,0.0,MATCHED
SET002103,MER0082,2025-05-11,2,815.61,808.22,VARIANCE
SET002104,MER0082,2025-05-18,1,1298.06,1286.68,VARIANCE
SET002105,MER0082,2025-05-25,1,810.24,796.02,VARIANCE
SET002106,MER0082,2025-06-01,1,630.64,614.97,VARIANCE
SET002107,MER0082,2025-06-08,4,4176.85,4160.55,VARIANCE
SET002108,MER0082,2025-06-15,2,1362.09,1322.89,VARIANCE
SET002109,MER0082,2025-06-22,5,2545.2,2484.55,VARIANCE
SET002110,MER0082,2025-06-29,3,8786.71,8573.34,VARIANCE
SET002111,MER0083,2025-01-05,2,556.88,550.1,VARIANCE
SET002112,MER0083,2025-01-12,1,719.8,711.63,VARIANCE
SET002113,MER0083,2025-01-19,1,267.59,260.36,VARIANCE
SET002114,MER0083,2025-01-26,2,1691.14,1666.5,VARIANCE
SET002115,MER0083,2025-02-02,1,3291.79,3249.8,VARIANCE
SET002116,MER0083,2025-02-09,2,1636.18,1620.8,VARIANCE
SET002117,MER0083,2025-02-16,1,841.88,818.49,VARIANCE
SET002118,MER0083,2025-02-23,5,2220.1,2201.92,VARIANCE
SET002119,MER0083,2025-03-02,0,0.0,0.0,MATCHED
SET002120,MER0083,2025-03-09,1,158.38,155.46,VARIANCE
SET002121,MER0083,2025-03-16,2,437.09,425.61,VARIANCE
SET002122,MER0083,2025-03-23,2,479.64,477.37,VARIANCE
SET002123,MER0083,2025-03-30,6,8742.33,8642.16,VARIANCE
SET002124,MER0083,2025-04-06,2,351.16,349.19,VARIANCE
SET002125,MER0083,2025-04-13,2,919.67,906.28,VARIANCE
SET002126,MER0083,2025-04-20,3,2440.09,2374.96,VARIANCE
SET002127,MER0083,2025-04-27,2,4725.25,4640.37,VARIANCE
SET002128,MER0083,2025-05-04,3,1088.66,1058.57,VARIANCE
SET002129,MER0083,2025-05-11,3,2587.62,2517.66,VARIANCE
SET002130,MER0083,2025-05-18,4,2680.92,2665.34,VARIANCE
SET002131,MER0083,2025-05-25,5,1736.29,1684.2,VARIANCE
SET002132,MER0083,2025-06-01,8,7861.83,7717.76,VARIANCE
SET002133,MER0083,2025-06-08,2,672.14,652.82,VARIANCE
SET002134,MER0083,2025-06-15,4,1276.85,1267.82,VARIANCE
SET002135,MER0083,2025-06-22,2,1861.81,1861.29,MATCHED
SET002136,MER0083,2025-06-29,1,2873.12,2789.75,VARIANCE
SET002137,MER0084,2025-01-05,2,991.78,972.85,VARIANCE
SET002138,MER0084,2025-01-12,2,592.19,591.76,MATCHED
SET002139,MER0084,2025-01-19,1,844.27,825.3,VARIANCE
SET002140,MER0084,2025-01-26,0,0.0,0.0,MATCHED
SET002141,MER0084,2025-02-02,3,8804.88,8801.51,VARIANCE
SET002142,MER0084,2025-02-09,6,3140.49,3133.08,VARIANCE
SET002143,MER0084,2025-02-16,3,762.5,748.46,VARIANCE
SET002144,MER0084,2025-02-23,1,1374.91,1361.32,VARIANCE
SET002145,MER0084,2025-03-02,2,-8.11,-8.06,MATCHED
SET002146,MER0084,2025-03-09,4,4782.44,4689.83,VARIANCE
SET002147,MER0084,2025-03-16,2,1616.9,1568.5,VARIANCE
SET002148,MER0084,2025-03-23,3,4903.25,4811.16,VARIANCE
SET002149,MER0084,2025-03-30,2,6843.67,6780.54,VARIANCE
SET002150,MER0084,2025-04-06,1,296.58,296.26,MATCHED
SET002151,MER0084,2025-04-13,2,2232.61,2195.21,VARIANCE
SET002152,MER0084,2025-04-20,3,2568.59,2523.19,VARIANCE
SET002153,MER0084,2025-04-27,2,1078.12,1058.09,VARIANCE
SET002154,MER0084,2025-05-04,1,1544.6,1526.39,VARIANCE
SET002155,MER0084,2025-05-11,0,0.0,0.0,MATCHED
SET002156,MER0084,2025-05-18,2,1673.05,1668.68,VARIANCE
SET002157,MER0084,2025-05-25,2,975.47,974.13,VARIANCE
SET002158,MER0084,2025-06-01,0,0.0,0.0,MATCHED
SET002159,MER0084,2025-06-08,2,1168.11,1133.28,VARIANCE
SET002160,MER0084,2025-06-15,1,498.82,488.55,VARIANCE
SET002161,MER0084,2025-06-22,7,2557.72,2492.19,VARIANCE
SET002162,MER0084,2025-06-29,2,731.64,726.58,VARIANCE
SET002163,MER0085,2025-01-05,2,2600.53,2590.38,VARIANCE
SET002164,MER0085,2025-01-12,2,1633.77,1611.51,VARIANCE
SET002165,MER0085,2025-01-19,1,247.76,247.34,MATCHED
SET002166,MER0085,2025-01-26,2,663.87,648.5,VARIANCE
SET002167,MER0085,2025-02-02,1,104.79,102.26,VARIANCE
SET002168,MER0085,2025-02-09,3,3604.32,3537.68,VARIANCE
SET002169,MER0085,2025-02-16,2,365.27,359.26,VARIANCE
SET002170,MER0085,2025-02-23,2,418.58,408.51,VARIANCE
SET002171,MER0085,2025-03-02,3,697.87,696.22,VARIANCE
SET002172,MER0085,2025-03-09,6,11024.14,10941.75,VARIANCE
SET002173,MER0085,2025-03-16,2,1629.31,1594.52,VARIANCE
SET002174,MER0085,2025-03-23,4,3669.75,3584.59,VARIANCE
SET002175,MER0085,2025-03-30,4,3810.31,3728.41,VARIANCE
SET002176,MER0085,2025-04-06,0,0.0,0.0,MATCHED
SET002177,MER0085,2025-04-13,3,2435.23,2409.98,VARIANCE
SET002178,MER0085,2025-04-20,5,2107.38,2093.23,VARIANCE
SET002179,MER0085,2025-04-27,2,635.49,634.53,MATCHED
SET002180,MER0085,2025-05-04,2,1299.22,1263.4,VARIANCE
SET002181,MER0085,2025-05-11,2,1389.23,1355.7,VARIANCE
SET002182,MER0085,2025-05-18,3,1420.12,1393.7,VARIANCE
SET002183,MER0085,2025-05-25,2,1110.74,1109.14,VARIANCE
SET002184,MER0085,2025-06-01,1,81.75,80.42,VARIANCE
SET002185,MER0085,2025-06-08,4,5444.1,5398.22,VARIANCE
SET002186,MER0085,2025-06-15,1,1116.87,1111.15,VARIANCE
SET002187,MER0085,2025-06-22,4,1369.2,1347.05,VARIANCE
SET002188,MER0085,2025-06-29,1,1241.37,1218.17,VARIANCE
SET002189,MER0086,2025-01-05,1,169.97,168.83,VARIANCE
SET002190,MER0086,2025-01-12,3,3768.57,3727.89,VARIANCE
SET002191,MER0086,2025-01-19,3,4905.12,4904.07,VARIANCE
SET002192,MER0086,2025-01-26,2,2181.59,2133.86,VARIANCE
SET002193,MER0086,2025-02-02,4,2395.16,2391.81,VARIANCE
SET002194,MER0086,2025-02-09,3,1987.97,1957.34,VARIANCE
SET002195,MER0086,2025-02-16,2,2684.11,2673.55,VARIANCE
SET002196,MER0086,2025-02-23,4,2163.1,2139.82,VARIANCE
SET002197,MER0086,2025-03-02,2,1981.29,1955.35,VARIANCE
SET002198,MER0086,2025-03-09,4,5327.48,5304.36,VARIANCE
SET002199,MER0086,2025-03-16,2,317.4,308.65,VARIANCE
SET002200,MER0086,2025-03-23,0,0.0,0.0,MATCHED
SET002201,MER0086,2025-03-30,3,1353.79,1332.98,VARIANCE
SET002202,MER0086,2025-04-06,2,2480.13,2466.71,VARIANCE
SET002203,MER0086,2025-04-13,3,819.36,799.35,VARIANCE
SET002204,MER0086,2025-04-20,5,91.2,90.6,MATCHED
SET002205,MER0086,2025-04-27,0,0.0,0.0,MATCHED
SET002206,MER0086,2025-05-04,4,3121.03,3060.18,VARIANCE
SET002207,MER0086,2025-05-11,3,1500.89,1476.74,VARIANCE
SET002208,MER0086,2025-05-18,1,6550.19,6494.19,VARIANCE
SET002209,MER0086,2025-05-25,4,1920.07,1892.58,VARIANCE
SET002210,MER0086,2025-06-01,4,2136.8,2127.15,VARIANCE
SET002211,MER0086,2025-06-08,3,7667.48,7596.78,VARIANCE
SET002212,MER0086,2025-06-15,3,4070.51,3995.26,VARIANCE
SET002213,MER0086,2025-06-22,3,838.52,826.47,VARIANCE
SET002214,MER0086,2025-06-29,6,3330.57,3269.52,VARIANCE
SET002215,MER0087,2025-01-05,1,158.18,157.58,MATCHED
SET002216,MER0087,2025-01-12,3,1006.49,985.47,VARIANCE
SET002217,MER0087,2025-01-19,3,4302.44,4196.69,VARIANCE
SET002218,MER0087,2025-01-26,0,0.0,0.0,MATCHED
SET002219,MER0087,2025-02-02,3,312.27,305.25,VARIANCE
SET002220,MER0087,2025-02-09,2,764.01,759.65,VARIANCE
SET002221,MER0087,2025-02-16,6,3636.68,3602.51,VARIANCE
SET002222,MER0087,2025-02-23,0,0.0,0.0,MATCHED
SET002223,MER0087,2025-03-02,3,4775.14,4692.05,VARIANCE
SET002224,MER0087,2025-03-09,4,3648.78,3637.26,VARIANCE
SET002225,MER0087,2025-03-16,1,409.11,408.63,MATCHED
SET002226,MER0087,2025-03-23,1,2017.17,1970.13,VARIANCE
SET002227,MER0087,2025-03-30,3,717.48,716.27,VARIANCE
SET002228,MER0087,2025-04-06,0,0.0,0.0,MATCHED
SET002229,MER0087,2025-04-13,1,238.49,238.48,MATCHED
SET002230,MER0087,2025-04-20,1,369.65,362.12,VARIANCE
SET002231,MER0087,2025-04-27,4,1158.92,1157.33,VARIANCE
SET002232,MER0087,2025-05-04,1,725.23,704.16,VARIANCE
SET002233,MER0087,2025-05-11,2,3077.86,3049.08,VARIANCE
SET002234,MER0087,2025-05-18,4,2723.58,2717.41,VARIANCE
SET002235,MER0087,2025-05-25,2,1994.96,1984.19,VARIANCE
SET002236,MER0087,2025-06-01,3,1411.4,1393.28,VARIANCE
SET002237,MER0087,2025-06-08,4,3727.71,3633.29,VARIANCE
SET002238,MER0087,2025-06-15,4,3848.28,3760.19,VARIANCE
SET002239,MER0087,2025-06-22,3,3601.44,3595.28,VARIANCE
SET002240,MER0087,2025-06-29,4,2131.46,2122.93,VARIANCE
SET002241,MER0088,2025-01-05,1,1725.29,1684.98,VARIANCE
SET002242,MER0088,2025-01-12,3,1506.67,1477.01,VARIANCE
SET002243,MER0088,2025-01-19,4,1485.43,1468.19,VARIANCE
SET002244,MER0088,2025-01-26,5,6449.38,6314.57,VARIANCE
SET002245,MER0088,2025-02-02,1,1529.34,1493.25,VARIANCE
SET002246,MER0088,2025-02-09,5,6431.1,6405.8,VARIANCE
SET002247,MER0088,2025-02-16,3,2062.09,2007.11,VARIANCE
SET002248,MER0088,2025-02-23,5,2448.44,2421.47,VARIANCE
SET002249,MER0088,2025-03-02,6,2636.1,2589.1,VARIANCE
SET002250,MER0088,2025-03-09,3,1173.73,1155.08,VARIANCE
SET002251,MER0088,2025-03-16,6,3881.94,3866.98,VARIANCE
SET002252,MER0088,2025-03-23,2,1162.06,1153.2,VARIANCE
SET002253,MER0088,2025-03-30,2,593.96,589.94,VARIANCE
SET002254,MER0088,2025-04-06,1,703.22,682.47,VARIANCE
SET002255,MER0088,2025-04-13,0,0.0,0.0,MATCHED
SET002256,MER0088,2025-04-20,0,0.0,0.0,MATCHED
SET002257,MER0088,2025-04-27,1,177.33,172.01,VARIANCE
SET002258,MER0088,2025-05-04,2,742.91,725.65,VARIANCE
SET002259,MER0088,2025-05-11,3,1112.58,1103.58,VARIANCE
SET002260,MER0088,2025-05-18,0,0.0,0.0,MATCHED
SET002261,MER0088,2025-05-25,1,27.6,27.22,MATCHED
SET002262,MER0088,2025-06-01,1,886.35,883.4,VARIANCE
SET002263,MER0088,2025-06-08,1,512.78,498.75,VARIANCE
SET002264,MER0088,2025-06-15,4,3410.23,3334.51,VARIANCE
SET002265,MER0088,2025-06-22,3,4583.25,4558.54,VARIANCE
SET002266,MER0088,2025-06-29,7,3662.27,3639.6,VARIANCE
SET002267,MER0089,2025-01-05,1,354.41,346.15,VARIANCE
SET002268,MER0089,2025-01-12,1,312.65,308.61,VARIANCE
SET002269,MER0089,2025-01-19,1,1152.15,1132.73,VARIANCE
SET002270,MER0089,2025-01-26,3,2536.19,2516.31,VARIANCE
SET002271,MER0089,2025-02-02,4,5767.74,5663.63,VARIANCE
SET002272,MER0089,2025-02-09,1,369.32,361.77,VARIANCE
SET002273,MER0089,2025-02-16,3,5701.8,5661.07,VARIANCE
SET002274,MER0089,2025-02-23,0,0.0,0.0,MATCHED
SET002275,MER0089,2025-03-02,3,2138.18,2097.24,VARIANCE
SET002276,MER0089,2025-03-09,3,2040.93,2023.43,VARIANCE
SET002277,MER0089,2025-03-16,5,5154.23,5040.16,VARIANCE
SET002278,MER0089,2025-03-23,2,1944.53,1915.4,VARIANCE
SET002279,MER0089,2025-03-30,3,3935.86,3839.94,VARIANCE
SET002280,MER0089,2025-04-06,4,1224.14,1200.04,VARIANCE
SET002281,MER0089,2025-04-13,1,520.92,511.83,VARIANCE
SET002282,MER0089,2025-04-20,0,0.0,0.0,MATCHED
SET002283,MER0089,2025-04-27,0,0.0,0.0,MATCHED
SET002284,MER0089,2025-05-04,3,4452.3,4365.7,VARIANCE
SET002285,MER0089,2025-05-11,2,421.69,413.18,VARIANCE
SET002286,MER0089,2025-05-18,3,1291.9,1272.78,VARIANCE
SET002287,MER0089,2025-05-25,4,2319.47,2312.48,VARIANCE
SET002288,MER0089,2025-06-01,3,4112.75,4094.19,VARIANCE
SET002289,MER0089,2025-06-08,2,737.1,721.53,VARIANCE
SET002290,MER0089,2025-06-15,3,3404.07,3315.7,VARIANCE
SET002291,MER0089,2025-06-22,1,462.78,450.12,VARIANCE
SET002292,MER0089,2025-06-29,4,3508.49,3496.43,VARIANCE
SET002293,MER0090,2025-01-12,3,991.86,984.71,VARIANCE
SET002294,MER0090,2025-01-19,4,2981.26,2957.89,VARIANCE
SET002295,MER0090,2025-01-26,1,374.6,373.56,VARIANCE
SET002296,MER0090,2025-02-02,0,0.0,0.0,MATCHED
SET002297,MER0090,2025-02-09,0,0.0,0.0,MATCHED
SET002298,MER0090,2025-02-16,1,425.62,414.01,VARIANCE
SET002299,MER0090,2025-02-23,1,986.32,968.55,VARIANCE
SET002300,MER0090,2025-03-02,1,420.87,417.94,VARIANCE
SET002301,MER0090,2025-03-09,3,1825.36,1775.26,VARIANCE
SET002302,MER0090,2025-03-16,2,476.41,468.37,VARIANCE
SET002303,MER0090,2025-03-23,4,1126.97,1095.91,VARIANCE
SET002304,MER0090,2025-03-30,1,4420.13,4315.94,VARIANCE
SET002305,MER0090,2025-04-06,6,3214.87,3171.8,VARIANCE
SET002306,MER0090,2025-04-13,2,3582.68,3545.06,VARIANCE
SET002307,MER0090,2025-04-20,1,448.07,447.3,MATCHED
SET002308,MER0090,2025-04-27,0,0.0,0.0,MATCHED
SET002309,MER0090,2025-05-04,0,0.0,0.0,MATCHED
SET002310,MER0090,2025-05-11,3,1407.85,1368.22,VARIANCE
SET002311,MER0090,2025-05-18,3,1554.85,1516.96,VARIANCE
SET002312,MER0090,2025-05-25,4,2027.71,1969.0,VARIANCE
SET002313,MER0090,2025-06-01,2,1822.27,1767.67,VARIANCE
SET002314,MER0090,2025-06-08,1,228.59,222.52,VARIANCE
SET002315,MER0090,2025-06-15,2,4224.25,4165.53,VARIANCE
SET002316,MER0090,2025-06-22,4,1841.43,1811.42,VARIANCE
SET002317,MER0091,2025-01-05,1,405.54,404.41,VARIANCE
SET002318,MER0091,2025-01-12,0,0.0,0.0,MATCHED
SET002319,MER0091,2025-01-19,3,1141.77,1110.49,VARIANCE
SET002320,MER0091,2025-01-26,5,3368.05,3281.75,VARIANCE
SET002321,MER0091,2025-02-02,2,424.93,421.11,VARIANCE
SET002322,MER0091,2025-02-09,5,11444.32,11437.49,VARIANCE
SET002323,MER0091,2025-02-16,3,5299.59,5259.74,VARIANCE
SET002324,MER0091,2025-02-23,3,1007.11,983.98,VARIANCE
SET002325,MER0091,2025-03-02,0,0.0,0.0,MATCHED
SET002326,MER0091,2025-03-09,2,500.3,491.86,VARIANCE
SET002327,MER0091,2025-03-16,0,0.0,0.0,MATCHED
SET002328,MER0091,2025-03-23,3,2030.49,1986.79,VARIANCE
SET002329,MER0091,2025-03-30,4,3231.02,3149.08,VARIANCE
SET002330,MER0091,2025-04-06,3,4779.17,4639.58,VARIANCE
SET002331,MER0091,2025-04-13,2,732.69,730.05,VARIANCE
SET002332,MER0091,2025-04-20,4,2044.84,2043.32,VARIANCE
SET002333,MER0091,2025-04-27,5,3763.95,3761.47,VARIANCE
SET002334,MER0091,2025-05-04,1,835.69,820.15,VARIANCE
SET002335,MER0091,2025-05-11,1,692.1,685.61,VARIANCE
SET002336,MER0091,2025-05-18,3,894.3,873.02,VARIANCE
SET002337,MER0091,2025-05-25,0,0.0,0.0,MATCHED
SET002338,MER0091,2025-06-01,3,1094.45,1061.7,VARIANCE
SET002339,MER0091,2025-06-08,1,778.52,762.94,VARIANCE
SET002340,MER0091,2025-06-15,2,1294.68,1286.83,VARIANCE
SET002341,MER0091,2025-06-22,1,546.63,538.88,VARIANCE
SET002342,MER0091,2025-06-29,2,4768.78,4659.16,VARIANCE
SET002343,MER0092,2025-01-05,2,1267.51,1247.79,VARIANCE
SET002344,MER0092,2025-01-12,1,109.2,107.7,VARIANCE
SET002345,MER0092,2025-01-19,3,1549.8,1512.39,VARIANCE
SET002346,MER0092,2025-01-26,3,415.41,408.53,VARIANCE
SET002347,MER0092,2025-02-02,0,0.0,0.0,MATCHED
SET002348,MER0092,2025-02-09,3,2974.5,2925.22,VARIANCE
SET002349,MER0092,2025-02-16,2,1613.54,1613.07,MATCHED
SET002350,MER0092,2025-02-23,2,1031.93,1023.36,VARIANCE
SET002351,MER0092,2025-03-02,4,1781.57,1735.0,VARIANCE
SET002352,MER0092,2025-03-09,4,2319.94,2314.28,VARIANCE
SET002353,MER0092,2025-03-16,0,0.0,0.0,MATCHED
SET002354,MER0092,2025-03-23,3,901.52,886.46,VARIANCE
SET002355,MER0092,2025-03-30,4,1656.81,1616.49,VARIANCE
SET002356,MER0092,2025-04-06,3,2980.75,2950.21,VARIANCE
SET002357,MER0092,2025-04-13,7,8761.59,8548.76,VARIANCE
SET002358,MER0092,2025-04-20,1,763.18,750.85,VARIANCE
SET002359,MER0092,2025-04-27,2,938.53,914.63,VARIANCE
SET002360,MER0092,2025-05-04,1,362.79,356.41,VARIANCE
SET002361,MER0092,2025-05-11,6,2959.93,2957.02,VARIANCE
SET002362,MER0092,2025-05-18,2,436.43,431.17,VARIANCE
SET002363,MER0092,2025-05-25,4,6130.14,6040.52,VARIANCE
SET002364,MER0092,2025-06-01,4,2460.62,2432.45,VARIANCE
SET002365,MER0092,2025-06-08,2,1265.91,1252.79,VARIANCE
SET002366,MER0092,2025-06-15,1,533.29,526.93,VARIANCE
SET002367,MER0092,2025-06-22,2,691.57,676.74,VARIANCE
SET002368,MER0092,2025-06-29,6,2432.36,2374.9,VARIANCE
SET002369,MER0093,2025-01-05,1,2059.41,2035.09,VARIANCE
SET002370,MER0093,2025-01-12,4,5675.17,5663.14,VARIANCE
SET002371,MER0093,2025-01-19,1,528.04,526.01,VARIANCE
SET002372,MER0093,2025-01-26,0,0.0,0.0,MATCHED
SET002373,MER0093,2025-02-02,0,0.0,0.0,MATCHED
SET002374,MER0093,2025-02-09,1,178.16,175.95,VARIANCE
SET002375,MER0093,2025-02-16,3,1823.43,1771.28,VARIANCE
SET002376,MER0093,2025-02-23,1,217.76,214.47,VARIANCE
SET002377,MER0093,2025-03-02,0,0.0,0.0,MATCHED
SET002378,MER0093,2025-03-09,1,921.35,920.45,MATCHED
SET002379,MER0093,2025-03-16,1,1698.86,1652.53,VARIANCE
SET002380,MER0093,2025-03-23,2,1239.61,1209.87,VARIANCE
SET002381,MER0093,2025-03-30,2,196.04,192.98,VARIANCE
SET002382,MER0093,2025-04-06,2,3309.38,3270.54,VARIANCE
SET002383,MER0093,2025-04-13,2,3930.36,3926.1,VARIANCE
SET002384,MER0093,2025-04-20,5,6448.47,6275.78,VARIANCE
SET002385,MER0093,2025-04-27,4,741.22,721.85,VARIANCE
SET002386,MER0093,2025-05-04,3,1887.9,1858.71,VARIANCE
SET002387,MER0093,2025-05-11,0,0.0,0.0,MATCHED
SET002388,MER0093,2025-05-18,6,3958.62,3843.27,VARIANCE
SET002389,MER0093,2025-05-25,3,1790.42,1757.14,VARIANCE
SET002390,MER0093,2025-06-01,5,4429.13,4390.72,VARIANCE
SET002391,MER0093,2025-06-08,5,11436.2,11237.38,VARIANCE
SET002392,MER0093,2025-06-15,3,1924.73,1877.34,VARIANCE
SET002393,MER0093,2025-06-22,4,2667.77,2593.43,VARIANCE
SET002394,MER0093,2025-06-29,5,2212.37,2196.5,VARIANCE
SET002395,MER0094,2025-01-05,2,780.74,769.27,VARIANCE
SET002396,MER0094,2025-01-12,2,413.76,408.03,VARIANCE
SET002397,MER0094,2025-01-19,1,264.65,262.14,VARIANCE
SET002398,MER0094,2025-01-26,0,0.0,0.0,MATCHED
SET002399,MER0094,2025-02-02,3,5947.72,5840.98,VARIANCE
SET002400,MER0094,2025-02-09,1,1055.35,1035.26,VARIANCE
SET002401,MER0094,2025-02-16,3,2458.05,2452.08,VARIANCE
SET002402,MER0094,2025-02-23,0,0.0,0.0,MATCHED
SET002403,MER0094,2025-03-02,1,314.04,311.94,VARIANCE
SET002404,MER0094,2025-03-09,1,2578.7,2537.0,VARIANCE
SET002405,MER0094,2025-03-16,2,1882.23,1855.85,VARIANCE
SET002406,MER0094,2025-03-23,2,1397.6,1366.18,VARIANCE
SET002407,MER0094,2025-03-30,0,0.0,0.0,MATCHED
SET002408,MER0094,2025-04-06,3,2005.48,1963.6,VARIANCE
SET002409,MER0094,2025-04-13,2,1889.42,1850.9,VARIANCE
SET002410,MER0094,2025-04-20,2,912.07,886.34,VARIANCE
SET002411,MER0094,2025-04-27,1,388.84,387.57,VARIANCE
SET002412,MER0094,2025-05-04,3,4775.02,4750.64,VARIANCE
SET002413,MER0094,2025-05-11,2,1508.86,1465.88,VARIANCE
SET002414,MER0094,2025-05-18,1,507.59,494.62,VARIANCE
SET002415,MER0094,2025-05-25,2,833.68,815.88,VARIANCE
SET002416,MER0094,2025-06-01,3,701.01,680.58,VARIANCE
SET002417,MER0094,2025-06-08,3,654.24,644.38,VARIANCE
SET002418,MER0094,2025-06-15,3,2796.07,2783.35,VARIANCE
SET002419,MER0094,2025-06-22,4,2554.9,2533.44,VARIANCE
SET002420,MER0094,2025-06-29,2,337.1,332.07,VARIANCE
SET002421,MER0095,2025-01-05,3,13387.61,13379.23,VARIANCE
SET002422,MER0095,2025-01-12,1,94.59,92.62,VARIANCE
SET002423,MER0095,2025-01-19,1,3406.0,3336.3,VARIANCE
SET002424,MER0095,2025-01-26,4,1620.16,1584.48,VARIANCE
SET002425,MER0095,2025-02-02,2,1611.79,1592.58,VARIANCE
SET002426,MER0095,2025-02-09,2,1057.03,1040.1,VARIANCE
SET002427,MER0095,2025-02-16,3,11267.84,10971.94,VARIANCE
SET002428,MER0095,2025-02-23,3,4095.64,4033.26,VARIANCE
SET002429,MER0095,2025-03-02,3,666.91,666.24,MATCHED
SET002430,MER0095,2025-03-09,2,274.06,273.05,VARIANCE
SET002431,MER0095,2025-03-16,2,222.09,219.58,VARIANCE
SET002432,MER0095,2025-03-23,3,2691.32,2680.22,VARIANCE
SET002433,MER0095,2025-03-30,2,398.66,392.52,VARIANCE
SET002434,MER0095,2025-04-06,1,180.11,177.39,VARIANCE
SET002435,MER0095,2025-04-13,1,233.46,231.33,VARIANCE
SET002436,MER0095,2025-04-20,2,1302.82,1271.62,VARIANCE
SET002437,MER0095,2025-04-27,4,2086.1,2060.65,VARIANCE
SET002438,MER0095,2025-05-04,3,1915.16,1886.53,VARIANCE
SET002439,MER0095,2025-05-11,1,404.86,396.33,VARIANCE
SET002440,MER0095,2025-05-18,3,5451.69,5369.48,VARIANCE
SET002441,MER0095,2025-05-25,1,1569.1,1530.4,VARIANCE
SET002442,MER0095,2025-06-01,3,2164.43,2141.23,VARIANCE
SET002443,MER0095,2025-06-08,5,1442.09,1403.78,VARIANCE
SET002444,MER0095,2025-06-15,3,3292.08,3237.44,VARIANCE
SET002445,MER0095,2025-06-22,3,1540.99,1497.33,VARIANCE
SET002446,MER0095,2025-06-29,1,1372.75,1353.81,VARIANCE
SET002447,MER0096,2025-01-05,8,4064.45,3954.34,VARIANCE
SET002448,MER0096,2025-01-12,2,570.02,567.01,VARIANCE
SET002449,MER0096,2025-01-19,5,4151.14,4028.86,VARIANCE
SET002450,MER0096,2025-01-26,2,6160.39,6124.68,VARIANCE
SET002451,MER0096,2025-02-02,4,3509.65,3435.83,VARIANCE
SET002452,MER0096,2025-02-09,1,760.3,759.26,VARIANCE
SET002453,MER0096,2025-02-16,2,1096.44,1074.36,VARIANCE
SET002454,MER0096,2025-02-23,1,661.26,644.29,VARIANCE
SET002455,MER0096,2025-03-02,1,457.44,452.9,VARIANCE
SET002456,MER0096,2025-03-09,2,2367.32,2313.59,VARIANCE
SET002457,MER0096,2025-03-16,3,1535.52,1526.91,VARIANCE
SET002458,MER0096,2025-03-23,3,2837.35,2792.9,VARIANCE
SET002459,MER0096,2025-03-30,2,1959.74,1916.67,VARIANCE
SET002460,MER0096,2025-04-06,5,3833.88,3786.84,VARIANCE
SET002461,MER0096,2025-04-13,3,3022.76,2952.3,VARIANCE
SET002462,MER0096,2025-04-20,7,6829.18,6678.56,VARIANCE
SET002463,MER0096,2025-04-27,1,160.35,155.93,VARIANCE
SET002464,MER0096,2025-05-04,4,3181.07,3108.32,VARIANCE
SET002465,MER0096,2025-05-11,5,2141.25,2091.06,VARIANCE
SET002466,MER0096,2025-05-18,3,2019.21,1968.27,VARIANCE
SET002467,MER0096,2025-05-25,1,530.88,521.58,VARIANCE
SET002468,MER0096,2025-06-01,3,568.69,559.29,VARIANCE
SET002469,MER0096,2025-06-08,1,221.43,218.74,VARIANCE
SET002470,MER0096,2025-06-15,1,251.63,248.24,VARIANCE
SET002471,MER0096,2025-06-22,2,1066.38,1056.22,VARIANCE
SET002472,MER0096,2025-06-29,3,1569.44,1551.25,VARIANCE
SET002473,MER0097,2025-01-12,2,869.84,856.03,VARIANCE
SET002474,MER0097,2025-01-19,4,2419.98,2409.42,VARIANCE
SET002475,MER0097,2025-01-26,4,4104.53,3998.81,VARIANCE
SET002476,MER0097,2025-02-02,2,1019.46,997.28,VARIANCE
SET002477,MER0097,2025-02-09,2,1136.17,1102.5,VARIANCE
SET002478,MER0097,2025-02-16,1,139.43,139.05,MATCHED
SET002479,MER0097,2025-02-23,2,841.36,838.33,VARIANCE
SET002480,MER0097,2025-03-02,0,0.0,0.0,MATCHED
SET002481,MER0097,2025-03-09,1,1302.34,1296.19,VARIANCE
SET002482,MER0097,2025-03-16,5,2283.57,2253.56,VARIANCE
SET002483,MER0097,2025-03-23,2,7030.13,7015.55,VARIANCE
SET002484,MER0097,2025-03-30,1,4159.4,4147.09,VARIANCE
SET002485,MER0097,2025-04-06,0,0.0,0.0,MATCHED
SET002486,MER0097,2025-04-13,2,977.4,956.26,VARIANCE
SET002487,MER0097,2025-04-20,3,1574.69,1547.09,VARIANCE
SET002488,MER0097,2025-04-27,3,3960.76,3955.54,VARIANCE
SET002489,MER0097,2025-05-04,6,4180.36,4113.66,VARIANCE
SET002490,MER0097,2025-05-11,3,1319.3,1294.04,VARIANCE
SET002491,MER0097,2025-05-18,2,2067.2,2006.66,VARIANCE
SET002492,MER0097,2025-05-25,4,2064.21,2026.11,VARIANCE
SET002493,MER0097,2025-06-01,5,4996.28,4985.07,VARIANCE
SET002494,MER0097,2025-06-08,1,3482.62,3421.93,VARIANCE
SET002495,MER0097,2025-06-15,3,6868.97,6826.71,VARIANCE
SET002496,MER0097,2025-06-22,3,709.41,707.21,VARIANCE
SET002497,MER0097,2025-06-29,2,-275.58,-275.06,MATCHED
SET002498,MER0098,2025-01-05,4,1078.93,1070.28,VARIANCE
SET002499,MER0098,2025-01-12,3,1215.93,1197.58,VARIANCE
SET002500,MER0098,2025-01-19,2,2481.16,2429.04,VARIANCE
SET002501,MER0098,2025-01-26,1,291.21,290.69,MATCHED
SET002502,MER0098,2025-02-02,0,0.0,0.0,MATCHED
SET002503,MER0098,2025-02-09,4,6995.52,6941.63,VARIANCE
SET002504,MER0098,2025-02-16,2,1818.17,1766.67,VARIANCE
SET002505,MER0098,2025-02-23,2,963.5,953.34,VARIANCE
SET002506,MER0098,2025-03-02,1,2082.66,2063.29,VARIANCE
SET002507,MER0098,2025-03-09,5,2291.17,2231.71,VARIANCE
SET002508,MER0098,2025-03-16,3,1705.71,1671.25,VARIANCE
SET002509,MER0098,2025-03-23,2,2211.99,2175.8,VARIANCE
SET002510,MER0098,2025-03-30,3,476.42,465.75,VARIANCE
SET002511,MER0098,2025-04-06,2,695.32,676.7,VARIANCE
SET002512,MER0098,2025-04-13,3,1586.86,1546.49,VARIANCE
SET002513,MER0098,2025-04-20,2,830.39,816.87,VARIANCE
SET002514,MER0098,2025-04-27,4,982.71,953.62,VARIANCE
SET002515,MER0098,2025-05-04,5,1306.22,1298.12,VARIANCE
SET002516,MER0098,2025-05-11,3,825.95,811.51,VARIANCE
SET002517,MER0098,2025-05-18,4,1661.4,1625.45,VARIANCE
SET002518,MER0098,2025-05-25,4,4476.51,4375.96,VARIANCE
SET002519,MER0098,2025-06-01,5,1956.85,1916.71,VARIANCE
SET002520,MER0098,2025-06-08,1,713.73,705.14,VARIANCE
SET002521,MER0098,2025-06-15,3,2015.7,1998.47,VARIANCE
SET002522,MER0098,2025-06-22,2,1219.41,1198.56,VARIANCE
SET002523,MER0098,2025-06-29,1,506.92,502.59,VARIANCE
SET002524,MER0099,2025-01-05,1,182.94,180.6,VARIANCE
SET002525,MER0099,2025-01-12,1,259.42,257.95,VARIANCE
SET002526,MER0099,2025-01-19,4,4133.73,4100.1,VARIANCE
SET002527,MER0099,2025-01-26,2,1060.9,1053.42,VARIANCE
SET002528,MER0099,2025-02-02,3,1206.64,1171.32,VARIANCE
SET002529,MER0099,2025-02-09,1,328.09,321.7,VARIANCE
SET002530,MER0099,2025-02-16,1,267.09,260.0,VARIANCE
SET002531,MER0099,2025-02-23,4,4550.27,4527.08,VARIANCE
SET002532,MER0099,2025-03-02,3,1494.18,1456.7,VARIANCE
SET002533,MER0099,2025-03-09,1,1374.94,1371.8,VARIANCE
SET002534,MER0099,2025-03-16,1,570.96,559.7,VARIANCE
SET002535,MER0099,2025-03-23,2,1988.92,1938.34,VARIANCE
SET002536,MER0099,2025-03-30,4,8054.9,7981.77,VARIANCE
SET002537,MER0099,2025-04-06,1,369.01,359.99,VARIANCE
SET002538,MER0099,2025-04-13,2,1229.94,1206.46,VARIANCE
SET002539,MER0099,2025-04-20,4,3829.01,3764.55,VARIANCE
SET002540,MER0099,2025-04-27,1,2567.07,2538.86,VARIANCE
SET002541,MER0099,2025-05-04,2,2847.45,2806.25,VARIANCE
SET002542,MER0099,2025-05-11,2,1190.69,1178.68,VARIANCE
SET002543,MER0099,2025-05-18,3,2269.63,2255.5,VARIANCE
SET002544,MER0099,2025-05-25,2,1234.09,1232.88,VARIANCE
SET002545,MER0099,2025-06-01,2,1472.94,1456.19,VARIANCE
SET002546,MER0099,2025-06-08,1,278.17,273.38,VARIANCE
SET002547,MER0099,2025-06-15,2,2025.33,1994.72,VARIANCE
SET002548,MER0099,2025-06-22,2,3105.13,3044.35,VARIANCE
SET002549,MER0099,2025-06-29,1,2685.47,2672.09,VARIANCE
SET002550,MER0100,2025-01-05,1,216.61,213.66,VARIANCE
SET002551,MER0100,2025-01-12,1,667.13,661.06,VARIANCE
SET002552,MER0100,2025-01-19,2,468.17,465.63,VARIANCE
SET002553,MER0100,2025-01-26,3,1723.88,1708.17,VARIANCE
SET002554,MER0100,2025-02-02,4,1716.87,1711.04,VARIANCE
SET002555,MER0100,2025-02-09,3,555.47,546.37,VARIANCE
SET002556,MER0100,2025-02-16,3,1829.41,1812.77,VARIANCE
SET002557,MER0100,2025-02-23,6,3618.07,3605.6,VARIANCE
SET002558,MER0100,2025-03-02,5,7494.39,7379.22,VARIANCE
SET002559,MER0100,2025-03-09,2,2162.6,2150.98,VARIANCE
SET002560,MER0100,2025-03-16,1,337.06,329.77,VARIANCE
SET002561,MER0100,2025-03-23,4,1280.28,1247.99,VARIANCE
SET002562,MER0100,2025-03-30,3,1131.41,1126.4,VARIANCE
SET002563,MER0100,2025-04-06,3,837.04,825.78,VARIANCE
SET002564,MER0100,2025-04-13,3,806.97,806.05,MATCHED
SET002565,MER0100,2025-04-20,3,2480.45,2450.57,VARIANCE
SET002566,MER0100,2025-04-27,1,101.48,99.22,VARIANCE
SET002567,MER0100,2025-05-04,3,3807.1,3706.78,VARIANCE
SET002568,MER0100,2025-05-11,3,1348.76,1344.65,VARIANCE
SET002569,MER0100,2025-05-18,3,3058.78,2990.22,VARIANCE
SET002570,MER0100,2025-05-25,0,0.0,0.0,MATCHED
SET002571,MER0100,2025-06-01,3,1941.33,1913.85,VARIANCE
SET002572,MER0100,2025-06-08,3,2080.98,2063.35,VARIANCE
SET002573,MER0100,2025-06-15,3,800.71,790.48,VARIANCE
SET002574,MER0100,2025-06-22,3,2829.74,2748.9,VARIANCE
SET002575,MER0100,2025-06-29,2,720.95,716.22,VARIANCE
SET002576,MER0101,2025-01-05,1,213.35,211.27,VARIANCE
SET002577,MER0101,2025-01-12,4,-1908.04,-1869.4,VARIANCE
SET002578,MER0101,2025-01-19,3,3131.91,3124.62,VARIANCE
SET002579,MER0101,2025-01-26,1,76.57,75.41,VARIANCE
SET002580,MER0101,2025-02-02,5,5123.67,5087.94,VARIANCE
SET002581,MER0101,2025-02-09,6,5221.83,5079.42,VARIANCE
SET002582,MER0101,2025-02-16,2,2132.67,2088.34,VARIANCE
SET002583,MER0101,2025-02-23,1,366.53,363.85,VARIANCE
SET002584,MER0101,2025-03-02,3,2384.65,2362.05,VARIANCE
SET002585,MER0101,2025-03-09,1,136.12,134.9,VARIANCE
SET002586,MER0101,2025-03-16,1,463.9,459.63,VARIANCE
SET002587,MER0101,2025-03-23,0,0.0,0.0,MATCHED
SET002588,MER0101,2025-03-30,2,2180.42,2170.97,VARIANCE
SET002589,MER0101,2025-04-06,4,2377.94,2309.57,VARIANCE
SET002590,MER0101,2025-04-13,0,0.0,0.0,MATCHED
SET002591,MER0101,2025-04-20,4,2903.02,2842.29,VARIANCE
SET002592,MER0101,2025-04-27,6,3440.58,3388.94,VARIANCE
SET002593,MER0101,2025-05-04,1,150.95,146.86,VARIANCE
SET002594,MER0101,2025-05-11,3,2199.61,2161.89,VARIANCE
SET002595,MER0101,2025-05-18,2,553.25,538.97,VARIANCE
SET002596,MER0101,2025-05-25,1,797.19,781.29,VARIANCE
SET002597,MER0101,2025-06-01,0,0.0,0.0,MATCHED
SET002598,MER0101,2025-06-08,2,1237.89,1204.96,VARIANCE
SET002599,MER0101,2025-06-15,2,658.36,654.47,VARIANCE
SET002600,MER0101,2025-06-22,4,2946.07,2860.39,VARIANCE
SET002601,MER0101,2025-06-29,5,2572.63,2510.97,VARIANCE
SET002602,MER0102,2025-01-05,4,813.92,811.31,VARIANCE
SET002603,MER0102,2025-01-12,2,12215.04,11997.09,VARIANCE
SET002604,MER0102,2025-01-19,1,199.94,199.61,MATCHED
SET002605,MER0102,2025-01-26,2,1180.56,1156.03,VARIANCE
SET002606,MER0102,2025-02-02,2,3018.58,2975.0,VARIANCE
SET002607,MER0102,2025-02-09,1,1168.48,1151.91,VARIANCE
SET002608,MER0102,2025-02-16,1,154.26,151.51,VARIANCE
SET002609,MER0102,2025-02-23,3,1918.73,1918.13,MATCHED
SET002610,MER0102,2025-03-02,4,5918.22,5812.06,VARIANCE
SET002611,MER0102,2025-03-09,2,3984.62,3960.36,VARIANCE
SET002612,MER0102,2025-03-16,1,111.93,110.27,VARIANCE
SET002613,MER0102,2025-03-23,3,4302.04,4218.05,VARIANCE
SET002614,MER0102,2025-03-30,4,2696.11,2683.64,VARIANCE
SET002615,MER0102,2025-04-06,3,2634.85,2628.84,VARIANCE
SET002616,MER0102,2025-04-13,3,2863.66,2779.07,VARIANCE
SET002617,MER0102,2025-04-20,1,2298.52,2270.86,VARIANCE
SET002618,MER0102,2025-04-27,4,6917.11,6866.07,VARIANCE
SET002619,MER0102,2025-05-04,2,799.07,787.26,VARIANCE
SET002620,MER0102,2025-05-11,0,0.0,0.0,MATCHED
SET002621,MER0102,2025-05-18,2,591.08,586.1,VARIANCE
SET002622,MER0102,2025-05-25,2,2937.09,2862.8,VARIANCE
SET002623,MER0102,2025-06-01,4,3179.62,3129.54,VARIANCE
SET002624,MER0102,2025-06-08,6,10644.7,10389.26,VARIANCE
SET002625,MER0102,2025-06-15,1,706.86,703.98,VARIANCE
SET002626,MER0102,2025-06-22,3,2876.33,2857.83,VARIANCE
SET002627,MER0102,2025-06-29,4,1839.57,1806.27,VARIANCE
SET002628,MER0103,2025-01-05,1,93.87,93.27,MATCHED
SET002629,MER0103,2025-01-12,2,1418.73,1399.26,VARIANCE
SET002630,MER0103,2025-01-19,3,-140.4,-138.94,VARIANCE
SET002631,MER0103,2025-01-26,7,6604.96,6454.2,VARIANCE
SET002632,MER0103,2025-02-02,1,1940.79,1927.52,VARIANCE
SET002633,MER0103,2025-02-09,3,1219.8,1206.96,VARIANCE
SET002634,MER0103,2025-02-16,2,1203.05,1202.94,MATCHED
SET002635,MER0103,2025-02-23,3,1411.94,1380.69,VARIANCE
SET002636,MER0103,2025-03-02,5,3102.82,3047.18,VARIANCE
SET002637,MER0103,2025-03-09,1,65.38,64.95,MATCHED
SET002638,MER0103,2025-03-16,4,1519.24,1485.46,VARIANCE
SET002639,MER0103,2025-03-23,3,2702.8,2683.78,VARIANCE
SET002640,MER0103,2025-03-30,2,420.22,418.32,VARIANCE
SET002641,MER0103,2025-04-06,1,2005.44,1955.27,VARIANCE
SET002642,MER0103,2025-04-13,1,1162.76,1153.27,VARIANCE
SET002643,MER0103,2025-04-20,2,1280.53,1253.27,VARIANCE
SET002644,MER0103,2025-04-27,5,3225.57,3155.23,VARIANCE
SET002645,MER0103,2025-05-04,6,3366.68,3301.24,VARIANCE
SET002646,MER0103,2025-05-11,5,3049.32,3029.08,VARIANCE
SET002647,MER0103,2025-05-18,3,1477.41,1461.37,VARIANCE
SET002648,MER0103,2025-05-25,2,504.14,494.82,VARIANCE
SET002649,MER0103,2025-06-01,4,1703.9,1687.67,VARIANCE
SET002650,MER0103,2025-06-08,2,4344.29,4319.74,VARIANCE
SET002651,MER0103,2025-06-15,1,258.3,252.07,VARIANCE
SET002652,MER0103,2025-06-22,2,2762.82,2751.62,VARIANCE
SET002653,MER0103,2025-06-29,1,77.68,76.56,VARIANCE
SET002654,MER0104,2025-01-05,4,4248.15,4201.73,VARIANCE
SET002655,MER0104,2025-01-12,4,727.56,724.51,VARIANCE
SET002656,MER0104,2025-01-19,2,403.17,393.66,VARIANCE
SET002657,MER0104,2025-01-26,4,3178.95,3128.2,VARIANCE
SET002658,MER0104,2025-02-02,4,3888.95,3855.05,VARIANCE
SET002659,MER0104,2025-02-09,3,1936.98,1879.8,VARIANCE
SET002660,MER0104,2025-02-16,2,1325.64,1301.44,VARIANCE
SET002661,MER0104,2025-02-23,2,620.07,611.55,VARIANCE
SET002662,MER0104,2025-03-02,4,8969.63,8821.38,VARIANCE
SET002663,MER0104,2025-03-09,0,0.0,0.0,MATCHED
SET002664,MER0104,2025-03-16,0,0.0,0.0,MATCHED
SET002665,MER0104,2025-03-23,5,705.23,686.49,VARIANCE
SET002666,MER0104,2025-03-30,3,2366.91,2347.03,VARIANCE
SET002667,MER0104,2025-04-06,5,6114.52,5982.86,VARIANCE
SET002668,MER0104,2025-04-13,1,296.31,288.16,VARIANCE
SET002669,MER0104,2025-04-20,2,480.58,472.82,VARIANCE
SET002670,MER0104,2025-04-27,4,5058.39,4926.23,VARIANCE
SET002671,MER0104,2025-05-04,2,992.66,976.54,VARIANCE
SET002672,MER0104,2025-05-11,1,218.47,213.02,VARIANCE
SET002673,MER0104,2025-05-18,0,0.0,0.0,MATCHED
SET002674,MER0104,2025-05-25,1,77.12,75.12,VARIANCE
SET002675,MER0104,2025-06-01,5,3254.99,3254.61,MATCHED
SET002676,MER0104,2025-06-08,3,2196.92,2144.81,VARIANCE
SET002677,MER0104,2025-06-15,4,1510.64,1485.43,VARIANCE
SET002678,MER0104,2025-06-22,4,893.66,883.04,VARIANCE
SET002679,MER0104,2025-06-29,1,1053.71,1043.4,VARIANCE
SET002680,MER0105,2025-01-05,2,696.92,678.72,VARIANCE
SET002681,MER0105,2025-01-12,1,379.09,377.36,VARIANCE
SET002682,MER0105,2025-01-19,2,1025.37,1006.05,VARIANCE
SET002683,MER0105,2025-01-26,7,2887.38,2807.93,VARIANCE
SET002684,MER0105,2025-02-02,3,2719.71,2673.21,VARIANCE
SET002685,MER0105,2025-02-09,2,2821.29,2789.32,VARIANCE
SET002686,MER0105,2025-02-16,2,1156.62,1134.45,VARIANCE
SET002687,MER0105,2025-02-23,3,1691.94,1678.14,VARIANCE
SET002688,MER0105,2025-03-02,1,218.95,214.43,VARIANCE
SET002689,MER0105,2025-03-09,0,0.0,0.0,MATCHED
SET002690,MER0105,2025-03-16,5,4724.29,4714.76,VARIANCE
SET002691,MER0105,2025-03-23,4,3726.64,3706.16,VARIANCE
SET002692,MER0105,2025-03-30,1,1868.33,1815.78,VARIANCE
SET002693,MER0105,2025-04-06,1,22.35,21.96,MATCHED
SET002694,MER0105,2025-04-13,1,1023.11,1008.75,VARIANCE
SET002695,MER0105,2025-04-20,0,0.0,0.0,MATCHED
SET002696,MER0105,2025-04-27,2,603.13,588.4,VARIANCE
SET002697,MER0105,2025-05-04,2,189.86,187.52,VARIANCE
SET002698,MER0105,2025-05-11,3,975.0,949.24,VARIANCE
SET002699,MER0105,2025-05-18,1,307.23,299.56,VARIANCE
SET002700,MER0105,2025-05-25,2,768.71,755.29,VARIANCE
SET002701,MER0105,2025-06-01,3,2087.84,2087.64,MATCHED
SET002702,MER0105,2025-06-08,4,2261.98,2220.14,VARIANCE
SET002703,MER0105,2025-06-15,1,62.21,62.15,MATCHED
SET002704,MER0105,2025-06-22,3,9107.69,9018.36,VARIANCE
SET002705,MER0105,2025-06-29,5,4195.73,4151.24,VARIANCE
SET002706,MER0106,2025-01-05,1,299.33,298.56,MATCHED
SET002707,MER0106,2025-01-12,3,2891.79,2855.6,VARIANCE
SET002708,MER0106,2025-01-19,4,2326.77,2308.55,VARIANCE
SET002709,MER0106,2025-01-26,3,2448.34,2409.57,VARIANCE
SET002710,MER0106,2025-02-02,2,848.8,843.6,VARIANCE
SET002711,MER0106,2025-02-09,4,2171.03,2162.89,VARIANCE
SET002712,MER0106,2025-02-16,6,5893.29,5716.69,VARIANCE
SET002713,MER0106,2025-02-23,1,405.38,404.58,MATCHED
SET002714,MER0106,2025-03-02,2,893.04,867.11,VARIANCE
SET002715,MER0106,2025-03-09,3,1761.97,1742.95,VARIANCE
SET002716,MER0106,2025-03-16,4,4808.93,4675.16,VARIANCE
SET002717,MER0106,2025-03-23,6,3109.51,3086.76,VARIANCE
SET002718,MER0106,2025-03-30,3,1528.58,1502.57,VARIANCE
SET002719,MER0106,2025-04-06,2,591.76,576.43,VARIANCE
SET002720,MER0106,2025-04-13,2,1371.42,1364.96,VARIANCE
SET002721,MER0106,2025-04-20,3,885.77,865.77,VARIANCE
SET002722,MER0106,2025-04-27,4,1428.33,1424.09,VARIANCE
SET002723,MER0106,2025-05-04,3,1571.28,1542.24,VARIANCE
SET002724,MER0106,2025-05-11,3,2708.62,2672.75,VARIANCE
SET002725,MER0106,2025-05-18,1,968.98,952.85,VARIANCE
SET002726,MER0106,2025-05-25,3,3819.94,3792.61,VARIANCE
SET002727,MER0106,2025-06-01,2,825.18,809.2,VARIANCE
SET002728,MER0106,2025-06-08,4,3471.83,3421.15,VARIANCE
SET002729,MER0106,2025-06-15,4,3791.7,3704.12,VARIANCE
SET002730,MER0106,2025-06-22,2,1881.63,1844.22,VARIANCE
SET002731,MER0106,2025-06-29,4,2884.81,2807.82,VARIANCE
SET002732,MER0107,2025-01-05,4,3720.69,3638.24,VARIANCE
SET002733,MER0107,2025-01-12,1,1189.59,1163.82,VARIANCE
SET002734,MER0107,2025-01-19,2,1010.74,1001.33,VARIANCE
SET002735,MER0107,2025-01-26,3,1257.2,1224.97,VARIANCE
SET002736,MER0107,2025-02-02,4,1479.36,1441.81,VARIANCE
SET002737,MER0107,2025-02-09,2,646.92,646.39,MATCHED
SET002738,MER0107,2025-02-16,2,2372.99,2347.49,VARIANCE
SET002739,MER0107,2025-02-23,4,3846.79,3741.29,VARIANCE
SET002740,MER0107,2025-03-02,0,0.0,0.0,MATCHED
SET002741,MER0107,2025-03-09,0,0.0,0.0,MATCHED
SET002742,MER0107,2025-03-16,2,942.69,931.65,VARIANCE
SET002743,MER0107,2025-03-23,7,2603.39,2600.42,VARIANCE
SET002744,MER0107,2025-03-30,1,2842.03,2802.29,VARIANCE
SET002745,MER0107,2025-04-06,1,489.48,476.84,VARIANCE
SET002746,MER0107,2025-04-13,2,541.62,525.56,VARIANCE
SET002747,MER0107,2025-04-20,3,2274.61,2212.53,VARIANCE
SET002748,MER0107,2025-04-27,0,0.0,0.0,MATCHED
SET002749,MER0107,2025-05-04,1,1509.55,1489.31,VARIANCE
SET002750,MER0107,2025-05-11,3,7358.07,7321.38,VARIANCE
SET002751,MER0107,2025-05-18,0,0.0,0.0,MATCHED
SET002752,MER0107,2025-05-25,2,1629.37,1583.96,VARIANCE
SET002753,MER0107,2025-06-01,5,5144.69,5005.1,VARIANCE
SET002754,MER0107,2025-06-08,2,678.97,666.01,VARIANCE
SET002755,MER0107,2025-06-15,5,2755.56,2750.27,VARIANCE
SET002756,MER0107,2025-06-22,2,3131.71,3111.1,VARIANCE
SET002757,MER0107,2025-06-29,2,629.92,611.85,VARIANCE
SET002758,MER0108,2025-01-05,2,1405.08,1387.84,VARIANCE
SET002759,MER0108,2025-01-12,1,681.8,665.05,VARIANCE
SET002760,MER0108,2025-01-19,7,6158.42,6015.23,VARIANCE
SET002761,MER0108,2025-01-26,1,1343.19,1315.85,VARIANCE
SET002762,MER0108,2025-02-02,1,552.34,539.86,VARIANCE
SET002763,MER0108,2025-02-09,3,3161.36,3094.56,VARIANCE
SET002764,MER0108,2025-02-16,3,715.27,698.62,VARIANCE
SET002765,MER0108,2025-02-23,1,298.8,292.92,VARIANCE
SET002766,MER0108,2025-03-02,0,0.0,0.0,MATCHED
SET002767,MER0108,2025-03-09,1,251.18,247.88,VARIANCE
SET002768,MER0108,2025-03-16,0,0.0,0.0,MATCHED
SET002769,MER0108,2025-03-23,3,1674.07,1637.89,VARIANCE
SET002770,MER0108,2025-03-30,4,2331.3,2263.26,VARIANCE
SET002771,MER0108,2025-04-06,2,2781.07,2745.35,VARIANCE
SET002772,MER0108,2025-04-13,0,0.0,0.0,MATCHED
SET002773,MER0108,2025-04-20,6,3949.28,3855.68,VARIANCE
SET002774,MER0108,2025-04-27,2,663.78,652.01,VARIANCE
SET002775,MER0108,2025-05-04,0,0.0,0.0,MATCHED
SET002776,MER0108,2025-05-11,2,888.97,878.28,VARIANCE
SET002777,MER0108,2025-05-18,4,1672.79,1658.59,VARIANCE
SET002778,MER0108,2025-05-25,0,0.0,0.0,MATCHED
SET002779,MER0108,2025-06-01,4,1572.19,1550.67,VARIANCE
SET002780,MER0108,2025-06-08,2,688.55,682.35,VARIANCE
SET002781,MER0108,2025-06-15,6,9284.38,9246.69,VARIANCE
SET002782,MER0108,2025-06-22,3,1656.62,1644.72,VARIANCE
SET002783,MER0108,2025-06-29,3,4097.62,3980.92,VARIANCE
SET002784,MER0109,2025-01-19,3,873.0,872.68,MATCHED
SET002785,MER0109,2025-01-26,4,5145.2,4993.37,VARIANCE
SET002786,MER0109,2025-02-02,4,1902.76,1889.64,VARIANCE
SET002787,MER0109,2025-02-09,4,1108.95,1091.35,VARIANCE
SET002788,MER0109,2025-02-16,1,844.76,842.95,VARIANCE
SET002789,MER0109,2025-02-23,5,4489.16,4482.03,VARIANCE
SET002790,MER0109,2025-03-02,2,446.33,442.95,VARIANCE
SET002791,MER0109,2025-03-09,0,0.0,0.0,MATCHED
SET002792,MER0109,2025-03-16,2,1587.11,1570.3,VARIANCE
SET002793,MER0109,2025-03-23,2,3322.94,3235.01,VARIANCE
SET002794,MER0109,2025-03-30,3,6184.32,6077.57,VARIANCE
SET002795,MER0109,2025-04-06,3,2014.11,1961.53,VARIANCE
SET002796,MER0109,2025-04-13,2,648.25,634.66,VARIANCE
SET002797,MER0109,2025-04-20,4,1704.17,1655.73,VARIANCE
SET002798,MER0109,2025-04-27,6,4582.92,4519.62,VARIANCE
SET002799,MER0109,2025-05-04,2,1743.17,1695.68,VARIANCE
SET002800,MER0109,2025-05-11,0,0.0,0.0,MATCHED
SET002801,MER0109,2025-05-18,5,1765.84,1754.05,VARIANCE
SET002802,MER0109,2025-05-25,2,418.63,409.75,VARIANCE
SET002803,MER0109,2025-06-01,2,329.43,325.27,VARIANCE
SET002804,MER0109,2025-06-08,3,6608.24,6581.49,VARIANCE
SET002805,MER0109,2025-06-15,4,2116.94,2093.84,VARIANCE
SET002806,MER0109,2025-06-22,1,583.29,580.12,VARIANCE
SET002807,MER0109,2025-06-29,1,1247.37,1244.84,VARIANCE
SET002808,MER0110,2025-01-05,1,227.54,222.39,VARIANCE
SET002809,MER0110,2025-01-12,2,2746.9,2679.83,VARIANCE
SET002810,MER0110,2025-01-19,3,690.61,690.49,MATCHED
SET002811,MER0110,2025-01-26,1,84.64,84.43,MATCHED
SET002812,MER0110,2025-02-02,2,4179.71,4094.69,VARIANCE
SET002813,MER0110,2025-02-09,1,251.65,251.09,MATCHED
SET002814,MER0110,2025-02-16,0,0.0,0.0,MATCHED
SET002815,MER0110,2025-02-23,5,1842.1,1799.39,VARIANCE
SET002816,MER0110,2025-03-02,3,2669.86,2658.93,VARIANCE
SET002817,MER0110,2025-03-09,8,5143.47,5005.26,VARIANCE
SET002818,MER0110,2025-03-16,1,524.15,521.97,VARIANCE
SET002819,MER0110,2025-03-23,4,1438.47,1404.94,VARIANCE
SET002820,MER0110,2025-03-30,4,3237.97,3215.62,VARIANCE
SET002821,MER0110,2025-04-06,3,147.14,143.29,VARIANCE
SET002822,MER0110,2025-04-13,3,4228.92,4165.6,VARIANCE
SET002823,MER0110,2025-04-20,0,0.0,0.0,MATCHED
SET002824,MER0110,2025-04-27,2,943.72,931.22,VARIANCE
SET002825,MER0110,2025-05-04,4,1150.84,1146.11,VARIANCE
SET002826,MER0110,2025-05-11,0,0.0,0.0,MATCHED
SET002827,MER0110,2025-05-18,5,1344.6,1332.84,VARIANCE
SET002828,MER0110,2025-05-25,1,765.77,762.39,VARIANCE
SET002829,MER0110,2025-06-01,2,1528.54,1506.61,VARIANCE
SET002830,MER0110,2025-06-08,3,961.71,939.66,VARIANCE
SET002831,MER0110,2025-06-15,2,4941.18,4911.14,VARIANCE
SET002832,MER0110,2025-06-22,3,783.21,769.82,VARIANCE
SET002833,MER0110,2025-06-29,2,690.51,675.21,VARIANCE
SET002834,MER0111,2025-01-05,2,1684.49,1673.02,VARIANCE
SET002835,MER0111,2025-01-12,3,1786.64,1773.99,VARIANCE
SET002836,MER0111,2025-01-19,4,1108.09,1102.25,VARIANCE
SET002837,MER0111,2025-01-26,5,3508.03,3454.76,VARIANCE
SET002838,MER0111,2025-02-02,1,602.74,584.93,VARIANCE
SET002839,MER0111,2025-02-09,0,0.0,0.0,MATCHED
SET002840,MER0111,2025-02-16,5,5151.48,5082.25,VARIANCE
SET002841,MER0111,2025-02-23,3,1253.83,1217.59,VARIANCE
SET002842,MER0111,2025-03-02,0,0.0,0.0,MATCHED
SET002843,MER0111,2025-03-09,1,1817.0,1769.75,VARIANCE
SET002844,MER0111,2025-03-16,1,837.48,831.85,VARIANCE
SET002845,MER0111,2025-03-23,6,3151.05,3058.4,VARIANCE
SET002846,MER0111,2025-03-30,1,343.5,340.31,VARIANCE
SET002847,MER0111,2025-04-06,2,1113.44,1087.48,VARIANCE
SET002848,MER0111,2025-04-13,4,1768.37,1768.33,MATCHED
SET002849,MER0111,2025-04-20,4,3965.54,3903.02,VARIANCE
SET002850,MER0111,2025-04-27,5,4868.96,4798.39,VARIANCE
SET002851,MER0111,2025-05-04,3,2378.53,2367.77,VARIANCE
SET002852,MER0111,2025-05-11,4,2423.29,2371.2,VARIANCE
SET002853,MER0111,2025-05-18,2,3209.74,3206.99,VARIANCE
SET002854,MER0111,2025-05-25,1,718.18,702.99,VARIANCE
SET002855,MER0111,2025-06-01,1,145.22,141.02,VARIANCE
SET002856,MER0111,2025-06-08,5,3357.08,3284.54,VARIANCE
SET002857,MER0111,2025-06-15,3,4028.38,3951.92,VARIANCE
SET002858,MER0111,2025-06-22,1,180.05,177.87,VARIANCE
SET002859,MER0111,2025-06-29,2,3237.78,3147.11,VARIANCE
SET002860,MER0112,2025-01-05,3,884.8,882.27,VARIANCE
SET002861,MER0112,2025-01-12,0,0.0,0.0,MATCHED
SET002862,MER0112,2025-01-19,2,963.41,956.06,VARIANCE
SET002863,MER0112,2025-01-26,2,921.21,920.89,MATCHED
SET002864,MER0112,2025-02-02,2,487.29,473.44,VARIANCE
SET002865,MER0112,2025-02-09,1,486.66,482.08,VARIANCE
SET002866,MER0112,2025-02-16,1,205.66,204.77,MATCHED
SET002867,MER0112,2025-02-23,3,760.59,741.84,VARIANCE
SET002868,MER0112,2025-03-02,6,4623.64,4542.06,VARIANCE
SET002869,MER0112,2025-03-09,3,3415.85,3333.84,VARIANCE
SET002870,MER0112,2025-03-16,2,1860.7,1856.55,VARIANCE
SET002871,MER0112,2025-03-23,3,2644.54,2602.59,VARIANCE
SET002872,MER0112,2025-03-30,0,0.0,0.0,MATCHED
SET002873,MER0112,2025-04-06,4,936.25,915.24,VARIANCE
SET002874,MER0112,2025-04-13,2,777.78,768.49,VARIANCE
SET002875,MER0112,2025-04-20,7,5669.38,5626.2,VARIANCE
SET002876,MER0112,2025-04-27,3,1762.4,1727.61,VARIANCE
SET002877,MER0112,2025-05-04,3,485.64,474.97,VARIANCE
SET002878,MER0112,2025-05-11,6,2285.01,2222.27,VARIANCE
SET002879,MER0112,2025-05-18,2,1046.27,1034.6,VARIANCE
SET002880,MER0112,2025-05-25,2,506.41,497.45,VARIANCE
SET002881,MER0112,2025-06-01,1,1103.76,1077.27,VARIANCE
SET002882,MER0112,2025-06-08,4,2843.89,2785.91,VARIANCE
SET002883,MER0112,2025-06-15,3,1950.16,1910.33,VARIANCE
SET002884,MER0112,2025-06-22,6,4168.75,4059.3,VARIANCE
SET002885,MER0112,2025-06-29,2,561.7,554.84,VARIANCE
SET002886,MER0113,2025-01-05,1,317.68,309.62,VARIANCE
SET002887,MER0113,2025-01-12,2,970.36,947.54,VARIANCE
SET002888,MER0113,2025-01-19,1,141.27,138.56,VARIANCE
SET002889,MER0113,2025-01-26,3,2098.89,2098.17,MATCHED
SET002890,MER0113,2025-02-02,4,2106.37,2088.0,VARIANCE
SET002891,MER0113,2025-02-09,5,3162.71,3087.99,VARIANCE
SET002892,MER0113,2025-02-16,3,6616.41,6585.54,VARIANCE
SET002893,MER0113,2025-02-23,0,0.0,0.0,MATCHED
SET002894,MER0113,2025-03-02,1,123.92,121.43,VARIANCE
SET002895,MER0113,2025-03-09,1,418.2,415.66,VARIANCE
SET002896,MER0113,2025-03-16,3,1134.43,1121.83,VARIANCE
SET002897,MER0113,2025-03-23,2,3377.16,3331.97,VARIANCE
SET002898,MER0113,2025-03-30,2,3219.92,3210.7,VARIANCE
SET002899,MER0113,2025-04-06,3,2029.03,2008.99,VARIANCE
SET002900,MER0113,2025-04-13,2,1618.92,1601.82,VARIANCE
SET002901,MER0113,2025-04-20,3,2926.38,2920.84,VARIANCE
SET002902,MER0113,2025-04-27,3,1376.58,1354.11,VARIANCE
SET002903,MER0113,2025-05-04,1,917.14,892.5,VARIANCE
SET002904,MER0113,2025-05-11,5,7494.45,7271.3,VARIANCE
SET002905,MER0113,2025-05-18,2,1187.49,1177.63,VARIANCE
SET002906,MER0113,2025-05-25,7,4514.2,4442.4,VARIANCE
SET002907,MER0113,2025-06-01,3,1897.28,1890.24,VARIANCE
SET002908,MER0113,2025-06-08,3,619.34,618.83,MATCHED
SET002909,MER0113,2025-06-15,0,0.0,0.0,MATCHED
SET002910,MER0113,2025-06-22,4,3890.39,3796.95,VARIANCE
SET002911,MER0113,2025-06-29,3,1253.63,1237.59,VARIANCE
SET002912,MER0114,2025-01-05,4,2203.74,2139.03,VARIANCE
SET002913,MER0114,2025-01-12,4,3004.6,2923.55,VARIANCE
SET002914,MER0114,2025-01-19,4,582.16,565.99,VARIANCE
SET002915,MER0114,2025-01-26,2,892.54,873.73,VARIANCE
SET002916,MER0114,2025-02-02,3,1357.61,1334.86,VARIANCE
SET002917,MER0114,2025-02-09,3,1225.98,1196.41,VARIANCE
SET002918,MER0114,2025-02-16,3,1662.82,1647.23,VARIANCE
SET002919,MER0114,2025-02-23,2,4286.75,4255.73,VARIANCE
SET002920,MER0114,2025-03-02,1,776.58,772.68,VARIANCE
SET002921,MER0114,2025-03-09,3,1500.81,1480.39,VARIANCE
SET002922,MER0114,2025-03-16,4,2375.56,2358.05,VARIANCE
SET002923,MER0114,2025-03-23,3,2771.58,2754.61,VARIANCE
SET002924,MER0114,2025-03-30,2,2316.3,2297.42,VARIANCE
SET002925,MER0114,2025-04-06,5,2799.59,2742.26,VARIANCE
SET002926,MER0114,2025-04-13,3,882.67,871.42,VARIANCE
SET002927,MER0114,2025-04-20,0,0.0,0.0,MATCHED
SET002928,MER0114,2025-04-27,1,283.72,277.31,VARIANCE
SET002929,MER0114,2025-05-04,4,2705.55,2653.49,VARIANCE
SET002930,MER0114,2025-05-11,4,2598.01,2520.92,VARIANCE
SET002931,MER0114,2025-05-18,3,2532.31,2502.01,VARIANCE
SET002932,MER0114,2025-05-25,5,4476.25,4357.33,VARIANCE
SET002933,MER0114,2025-06-01,2,997.36,980.76,VARIANCE
SET002934,MER0114,2025-06-08,3,3871.29,3776.93,VARIANCE
SET002935,MER0114,2025-06-15,2,704.02,685.34,VARIANCE
SET002936,MER0114,2025-06-22,5,4282.61,4268.21,VARIANCE
SET002937,MER0115,2025-01-05,3,820.67,804.15,VARIANCE
SET002938,MER0115,2025-01-12,2,580.21,579.48,MATCHED
SET002939,MER0115,2025-01-19,1,248.98,247.02,VARIANCE
SET002940,MER0115,2025-01-26,4,9165.98,9052.59,VARIANCE
SET002941,MER0115,2025-02-02,2,1325.46,1304.95,VARIANCE
SET002942,MER0115,2025-02-09,5,3789.32,3749.44,VARIANCE
SET002943,MER0115,2025-02-16,0,0.0,0.0,MATCHED
SET002944,MER0115,2025-02-23,1,1159.17,1131.01,VARIANCE
SET002945,MER0115,2025-03-02,5,5195.04,5123.43,VARIANCE
SET002946,MER0115,2025-03-09,4,4820.69,4715.06,VARIANCE
SET002947,MER0115,2025-03-16,3,840.11,819.62,VARIANCE
SET002948,MER0115,2025-03-23,0,0.0,0.0,MATCHED
SET002949,MER0115,2025-03-30,0,0.0,0.0,MATCHED
SET002950,MER0115,2025-04-06,1,111.14,110.92,MATCHED
SET002951,MER0115,2025-04-13,1,102.41,100.67,VARIANCE
SET002952,MER0115,2025-04-20,3,633.25,617.57,VARIANCE
SET002953,MER0115,2025-04-27,3,4188.29,4084.86,VARIANCE
SET002954,MER0115,2025-05-04,5,9312.27,9118.57,VARIANCE
SET002955,MER0115,2025-05-11,1,331.91,325.65,VARIANCE
SET002956,MER0115,2025-05-18,3,3490.19,3478.04,VARIANCE
SET002957,MER0115,2025-05-25,0,0.0,0.0,MATCHED
SET002958,MER0115,2025-06-01,3,663.57,653.44,VARIANCE
SET002959,MER0115,2025-06-08,7,1632.97,1614.67,VARIANCE
SET002960,MER0115,2025-06-15,0,0.0,0.0,MATCHED
SET002961,MER0115,2025-06-22,2,1723.96,1691.41,VARIANCE
SET002962,MER0115,2025-06-29,2,2025.05,1991.04,VARIANCE
SET002963,MER0116,2025-01-05,1,200.75,195.12,VARIANCE
SET002964,MER0116,2025-01-12,2,627.58,614.51,VARIANCE
SET002965,MER0116,2025-01-19,1,86.83,85.71,VARIANCE
SET002966,MER0116,2025-01-26,4,1503.72,1485.81,VARIANCE
SET002967,MER0116,2025-02-02,1,499.27,488.28,VARIANCE
SET002968,MER0116,2025-02-09,3,2366.18,2300.34,VARIANCE
SET002969,MER0116,2025-02-16,5,3275.97,3233.8,VARIANCE
SET002970,MER0116,2025-02-23,6,3571.91,3481.34,VARIANCE
SET002971,MER0116,2025-03-02,3,1252.65,1215.22,VARIANCE
SET002972,MER0116,2025-03-09,5,4134.29,4129.76,VARIANCE
SET002973,MER0116,2025-03-16,2,615.7,610.74,VARIANCE
SET002974,MER0116,2025-03-23,0,0.0,0.0,MATCHED
SET002975,MER0116,2025-03-30,6,2399.32,2350.26,VARIANCE
SET002976,MER0116,2025-04-06,2,1295.67,1286.74,VARIANCE
SET002977,MER0116,2025-04-13,3,8540.38,8502.43,VARIANCE
SET002978,MER0116,2025-04-20,6,3256.09,3219.78,VARIANCE
SET002979,MER0116,2025-04-27,2,4098.72,3979.91,VARIANCE
SET002980,MER0116,2025-05-04,3,573.35,560.87,VARIANCE
SET002981,MER0116,2025-05-11,2,2310.17,2266.81,VARIANCE
SET002982,MER0116,2025-05-18,4,2201.3,2164.2,VARIANCE
SET002983,MER0116,2025-05-25,1,1276.1,1259.73,VARIANCE
SET002984,MER0116,2025-06-01,3,1024.02,999.0,VARIANCE
SET002985,MER0116,2025-06-08,0,0.0,0.0,MATCHED
SET002986,MER0116,2025-06-15,1,916.79,889.89,VARIANCE
SET002987,MER0116,2025-06-22,1,170.56,167.5,VARIANCE
SET002988,MER0116,2025-06-29,4,2998.93,2919.54,VARIANCE
SET002989,MER0117,2025-01-05,4,2041.83,1994.88,VARIANCE
SET002990,MER0117,2025-01-12,4,4176.6,4053.64,VARIANCE
SET002991,MER0117,2025-01-19,1,253.32,252.12,VARIANCE
SET002992,MER0117,2025-01-26,5,1834.02,1791.52,VARIANCE
SET002993,MER0117,2025-02-02,3,1777.11,1750.86,VARIANCE
SET002994,MER0117,2025-02-09,3,5597.66,5526.82,VARIANCE
SET002995,MER0117,2025-02-16,2,478.02,464.27,VARIANCE
SET002996,MER0117,2025-02-23,2,1430.7,1411.22,VARIANCE
SET002997,MER0117,2025-03-02,3,3188.76,3169.81,VARIANCE
SET002998,MER0117,2025-03-09,5,3772.45,3686.28,VARIANCE
SET002999,MER0117,2025-03-16,2,1255.4,1241.5,VARIANCE
SET003000,MER0117,2025-03-23,2,1083.66,1074.7,VARIANCE
SET003001,MER0117,2025-03-30,2,577.24,569.63,VARIANCE
SET003002,MER0117,2025-04-06,7,9318.62,9138.99,VARIANCE
SET003003,MER0117,2025-04-13,4,3147.38,3101.27,VARIANCE
SET003004,MER0117,2025-04-20,2,1772.24,1754.56,VARIANCE
SET003005,MER0117,2025-04-27,3,3456.45,3398.1,VARIANCE
SET003006,MER0117,2025-05-04,4,4860.96,4822.55,VARIANCE
SET003007,MER0117,2025-05-11,3,977.84,970.49,VARIANCE
SET003008,MER0117,2025-05-18,3,837.56,831.31,VARIANCE
SET003009,MER0117,2025-05-25,0,0.0,0.0,MATCHED
SET003010,MER0117,2025-06-01,3,1766.54,1721.29,VARIANCE
SET003011,MER0117,2025-06-08,1,514.47,501.72,VARIANCE
SET003012,MER0117,2025-06-15,3,817.63,800.37,VARIANCE
SET003013,MER0117,2025-06-22,3,502.63,496.03,VARIANCE
SET003014,MER0118,2025-01-05,3,4467.89,4341.81,VARIANCE
SET003015,MER0118,2025-01-12,2,1733.52,1697.67,VARIANCE
SET003016,MER0118,2025-01-19,4,2415.96,2354.17,VARIANCE
SET003017,MER0118,2025-01-26,1,1039.31,1024.82,VARIANCE
SET003018,MER0118,2025-02-02,4,3141.98,3066.66,VARIANCE
SET003019,MER0118,2025-02-09,3,1367.05,1359.78,VARIANCE
SET003020,MER0118,2025-02-16,3,1241.54,1206.64,VARIANCE
SET003021,MER0118,2025-02-23,2,1723.55,1690.29,VARIANCE
SET003022,MER0118,2025-03-02,2,483.89,480.22,VARIANCE
SET003023,MER0118,2025-03-09,2,1487.37,1479.96,VARIANCE
SET003024,MER0118,2025-03-16,2,1148.97,1128.0,VARIANCE
SET003025,MER0118,2025-03-23,3,766.39,765.08,VARIANCE
SET003026,MER0118,2025-03-30,2,369.68,368.33,VARIANCE
SET003027,MER0118,2025-04-06,2,763.7,753.68,VARIANCE
SET003028,MER0118,2025-04-13,3,2804.5,2748.15,VARIANCE
SET003029,MER0118,2025-04-20,1,1333.44,1301.15,VARIANCE
SET003030,MER0118,2025-04-27,5,3834.55,3798.77,VARIANCE
SET003031,MER0118,2025-05-04,4,1410.39,1370.61,VARIANCE
SET003032,MER0118,2025-05-11,4,2089.85,2067.86,VARIANCE
SET003033,MER0118,2025-05-18,5,2183.08,2132.61,VARIANCE
SET003034,MER0118,2025-05-25,1,166.04,161.99,VARIANCE
SET003035,MER0118,2025-06-01,2,1156.32,1142.99,VARIANCE
SET003036,MER0118,2025-06-08,2,772.34,758.22,VARIANCE
SET003037,MER0118,2025-06-15,3,3303.13,3209.65,VARIANCE
SET003038,MER0118,2025-06-22,1,465.41,453.52,VARIANCE
SET003039,MER0118,2025-06-29,2,1023.02,1016.57,VARIANCE
SET003040,MER0119,2025-01-05,1,779.92,765.62,VARIANCE
SET003041,MER0119,2025-01-12,2,461.74,458.69,VARIANCE
SET003042,MER0119,2025-01-19,2,1729.45,1709.63,VARIANCE
SET003043,MER0119,2025-01-26,4,1318.64,1279.2,VARIANCE
SET003044,MER0119,2025-02-02,3,2558.31,2507.83,VARIANCE
SET003045,MER0119,2025-02-09,5,10301.8,10178.17,VARIANCE
SET003046,MER0119,2025-02-16,3,3249.5,3175.81,VARIANCE
SET003047,MER0119,2025-02-23,2,339.39,330.56,VARIANCE
SET003048,MER0119,2025-03-02,1,388.95,388.95,MATCHED
SET003049,MER0119,2025-03-09,5,1352.54,1325.12,VARIANCE
SET003050,MER0119,2025-03-16,3,3527.52,3491.41,VARIANCE
SET003051,MER0119,2025-03-23,2,1576.3,1549.88,VARIANCE
SET003052,MER0119,2025-03-30,2,775.25,774.99,MATCHED
SET003053,MER0119,2025-04-06,3,3617.43,3533.55,VARIANCE
SET003054,MER0119,2025-04-13,8,5471.55,5312.56,VARIANCE
SET003055,MER0119,2025-04-20,3,2639.17,2611.41,VARIANCE
SET003056,MER0119,2025-04-27,4,1945.62,1927.73,VARIANCE
SET003057,MER0119,2025-05-04,2,1773.05,1764.29,VARIANCE
SET003058,MER0119,2025-05-11,3,1317.07,1281.93,VARIANCE
SET003059,MER0119,2025-05-18,3,788.27,768.79,VARIANCE
SET003060,MER0119,2025-05-25,4,3279.27,3227.56,VARIANCE
SET003061,MER0119,2025-06-01,1,683.73,668.93,VARIANCE
SET003062,MER0119,2025-06-08,4,3526.73,3434.61,VARIANCE
SET003063,MER0119,2025-06-15,2,3057.53,2978.74,VARIANCE
SET003064,MER0119,2025-06-22,1,253.36,246.09,VARIANCE
SET003065,MER0119,2025-06-29,2,585.32,575.28,VARIANCE
SET003066,MER0120,2025-01-12,3,2174.01,2117.56,VARIANCE
SET003067,MER0120,2025-01-19,1,228.85,222.18,VARIANCE
SET003068,MER0120,2025-01-26,4,2983.71,2902.71,VARIANCE
SET003069,MER0120,2025-02-02,1,352.45,349.31,VARIANCE
SET003070,MER0120,2025-02-09,2,340.61,336.99,VARIANCE
SET003071,MER0120,2025-02-16,0,0.0,0.0,MATCHED
SET003072,MER0120,2025-02-23,1,121.13,120.42,MATCHED
SET003073,MER0120,2025-03-02,3,1772.3,1721.51,VARIANCE
SET003074,MER0120,2025-03-09,3,1767.34,1736.48,VARIANCE
SET003075,MER0120,2025-03-16,0,0.0,0.0,MATCHED
SET003076,MER0120,2025-03-23,2,627.83,609.99,VARIANCE
SET003077,MER0120,2025-03-30,6,1823.32,1776.77,VARIANCE
SET003078,MER0120,2025-04-06,5,2920.85,2875.26,VARIANCE
SET003079,MER0120,2025-04-13,1,4429.19,4342.93,VARIANCE
SET003080,MER0120,2025-04-20,0,0.0,0.0,MATCHED
SET003081,MER0120,2025-04-27,5,11813.84,11756.94,VARIANCE
SET003082,MER0120,2025-05-04,5,1488.81,1479.47,VARIANCE
SET003083,MER0120,2025-05-11,0,0.0,0.0,MATCHED
SET003084,MER0120,2025-05-18,1,998.14,980.67,VARIANCE
SET003085,MER0120,2025-05-25,2,1021.45,1007.86,VARIANCE
SET003086,MER0120,2025-06-01,4,6544.59,6446.43,VARIANCE
SET003087,MER0120,2025-06-08,3,3036.47,2997.21,VARIANCE
SET003088,MER0120,2025-06-15,1,4822.27,4723.96,VARIANCE
SET003089,MER0120,2025-06-22,2,1262.93,1255.92,VARIANCE
SET003090,MER0120,2025-06-29,1,93.15,91.81,VARIANCE
SET003091,MER0121,2025-01-05,3,1588.56,1552.16,VARIANCE
SET003092,MER0121,2025-01-12,2,1024.06,1011.31,VARIANCE
SET003093,MER0121,2025-01-19,0,0.0,0.0,MATCHED
SET003094,MER0121,2025-01-26,4,1992.35,1962.37,VARIANCE
SET003095,MER0121,2025-02-02,2,786.21,770.28,VARIANCE
SET003096,MER0121,2025-02-09,6,2814.88,2776.38,VARIANCE
SET003097,MER0121,2025-02-16,3,2063.77,2044.58,VARIANCE
SET003098,MER0121,2025-02-23,0,0.0,0.0,MATCHED
SET003099,MER0121,2025-03-02,1,588.07,586.06,VARIANCE
SET003100,MER0121,2025-03-09,2,1568.99,1541.19,VARIANCE
SET003101,MER0121,2025-03-16,3,943.09,926.64,VARIANCE
SET003102,MER0121,2025-03-23,3,1156.32,1139.64,VARIANCE
SET003103,MER0121,2025-03-30,4,1193.12,1184.52,VARIANCE
SET003104,MER0121,2025-04-06,0,0.0,0.0,MATCHED
SET003105,MER0121,2025-04-13,2,964.34,940.72,VARIANCE
SET003106,MER0121,2025-04-20,4,3720.96,3663.83,VARIANCE
SET003107,MER0121,2025-04-27,3,448.43,435.19,VARIANCE
SET003108,MER0121,2025-05-04,3,2004.36,1970.37,VARIANCE
SET003109,MER0121,2025-05-11,1,74.54,72.59,VARIANCE
SET003110,MER0121,2025-05-18,5,1950.21,1903.34,VARIANCE
SET003111,MER0121,2025-05-25,3,3224.41,3163.03,VARIANCE
SET003112,MER0121,2025-06-01,3,6766.52,6745.39,VARIANCE
SET003113,MER0121,2025-06-08,2,859.28,849.27,VARIANCE
SET003114,MER0121,2025-06-15,3,3672.91,3593.59,VARIANCE
SET003115,MER0121,2025-06-22,1,212.94,210.63,VARIANCE
SET003116,MER0121,2025-06-29,2,-1420.7,-1399.81,VARIANCE
SET003117,MER0122,2025-01-05,4,1171.96,1136.87,VARIANCE
SET003118,MER0122,2025-01-12,2,373.85,367.57,VARIANCE
SET003119,MER0122,2025-01-19,1,153.62,152.25,VARIANCE
SET003120,MER0122,2025-01-26,4,1093.76,1087.43,VARIANCE
SET003121,MER0122,2025-02-02,1,189.52,189.32,MATCHED
SET003122,MER0122,2025-02-09,2,4423.59,4293.13,VARIANCE
SET003123,MER0122,2025-02-16,2,758.23,747.17,VARIANCE
SET003124,MER0122,2025-02-23,3,3275.86,3214.97,VARIANCE
SET003125,MER0122,2025-03-02,2,2113.73,2078.54,VARIANCE
SET003126,MER0122,2025-03-09,4,2690.05,2675.49,VARIANCE
SET003127,MER0122,2025-03-16,4,4877.94,4795.55,VARIANCE
SET003128,MER0122,2025-03-23,2,406.45,400.88,VARIANCE
SET003129,MER0122,2025-03-30,2,967.56,960.57,VARIANCE
SET003130,MER0122,2025-04-06,4,1605.23,1598.92,VARIANCE
SET003131,MER0122,2025-04-13,3,3762.43,3715.45,VARIANCE
SET003132,MER0122,2025-04-20,2,230.34,227.07,VARIANCE
SET003133,MER0122,2025-04-27,6,5106.94,4969.23,VARIANCE
SET003134,MER0122,2025-05-04,3,1514.61,1486.27,VARIANCE
SET003135,MER0122,2025-05-11,3,1897.96,1851.87,VARIANCE
SET003136,MER0122,2025-05-18,5,5307.95,5271.72,VARIANCE
SET003137,MER0122,2025-05-25,3,2734.91,2707.93,VARIANCE
SET003138,MER0122,2025-06-01,1,722.84,704.1,VARIANCE
SET003139,MER0122,2025-06-08,1,488.15,481.99,VARIANCE
SET003140,MER0122,2025-06-15,2,4235.75,4219.76,VARIANCE
SET003141,MER0122,2025-06-22,3,1303.39,1297.46,VARIANCE
SET003142,MER0122,2025-06-29,3,2680.98,2630.82,VARIANCE
SET003143,MER0123,2025-01-05,2,1420.49,1393.49,VARIANCE
SET003144,MER0123,2025-01-12,0,0.0,0.0,MATCHED
SET003145,MER0123,2025-01-19,3,2068.35,2032.23,VARIANCE
SET003146,MER0123,2025-01-26,1,439.74,439.4,MATCHED
SET003147,MER0123,2025-02-02,5,10632.01,10584.73,VARIANCE
SET003148,MER0123,2025-02-09,4,1176.0,1172.24,VARIANCE
SET003149,MER0123,2025-02-16,2,654.32,654.32,MATCHED
SET003150,MER0123,2025-02-23,1,369.59,359.67,VARIANCE
SET003151,MER0123,2025-03-02,2,2422.32,2418.41,VARIANCE
SET003152,MER0123,2025-03-09,5,3457.04,3390.8,VARIANCE
SET003153,MER0123,2025-03-16,4,1673.09,1636.01,VARIANCE
SET003154,MER0123,2025-03-23,3,1224.73,1210.07,VARIANCE
SET003155,MER0123,2025-03-30,1,184.43,181.1,VARIANCE
SET003156,MER0123,2025-04-06,4,5132.58,5010.81,VARIANCE
SET003157,MER0123,2025-04-13,0,0.0,0.0,MATCHED
SET003158,MER0123,2025-04-20,4,2131.98,2079.72,VARIANCE
SET003159,MER0123,2025-04-27,2,212.02,206.19,VARIANCE
SET003160,MER0123,2025-05-04,3,3189.59,3131.49,VARIANCE
SET003161,MER0123,2025-05-11,3,6938.43,6901.96,VARIANCE
SET003162,MER0123,2025-05-18,1,151.04,150.16,MATCHED
SET003163,MER0123,2025-05-25,5,3275.9,3222.25,VARIANCE
SET003164,MER0123,2025-06-01,1,376.05,369.33,VARIANCE
SET003165,MER0123,2025-06-08,4,10275.46,10010.19,VARIANCE
SET003166,MER0123,2025-06-15,2,611.64,607.93,VARIANCE
SET003167,MER0123,2025-06-22,1,492.72,489.14,VARIANCE
SET003168,MER0123,2025-06-29,3,2832.17,2765.71,VARIANCE
SET003169,MER0124,2025-01-05,2,776.97,769.25,VARIANCE
SET003170,MER0124,2025-01-12,3,2526.51,2518.37,VARIANCE
SET003171,MER0124,2025-01-19,0,0.0,0.0,MATCHED
SET003172,MER0124,2025-01-26,4,1844.56,1802.03,VARIANCE
SET003173,MER0124,2025-02-02,1,227.87,226.12,VARIANCE
SET003174,MER0124,2025-02-09,2,2253.02,2227.54,VARIANCE
SET003175,MER0124,2025-02-16,3,3064.12,3008.47,VARIANCE
SET003176,MER0124,2025-02-23,3,1547.49,1501.27,VARIANCE
SET003177,MER0124,2025-03-02,1,855.4,838.05,VARIANCE
SET003178,MER0124,2025-03-09,2,774.61,767.74,VARIANCE
SET003179,MER0124,2025-03-16,5,3703.05,3612.74,VARIANCE
SET003180,MER0124,2025-03-23,1,593.45,584.21,VARIANCE
SET003181,MER0124,2025-03-30,0,0.0,0.0,MATCHED
SET003182,MER0124,2025-04-06,2,623.6,611.4,VARIANCE
SET003183,MER0124,2025-04-13,0,0.0,0.0,MATCHED
SET003184,MER0124,2025-04-20,4,860.33,851.97,VARIANCE
SET003185,MER0124,2025-04-27,2,1325.73,1313.22,VARIANCE
SET003186,MER0124,2025-05-04,1,1170.75,1157.0,VARIANCE
SET003187,MER0124,2025-05-11,5,3370.47,3361.11,VARIANCE
SET003188,MER0124,2025-05-18,2,588.62,577.52,VARIANCE
SET003189,MER0124,2025-05-25,2,1760.52,1734.65,VARIANCE
SET003190,MER0124,2025-06-01,3,2750.0,2704.81,VARIANCE
SET003191,MER0124,2025-06-08,3,1646.01,1638.88,VARIANCE
SET003192,MER0124,2025-06-15,4,2520.99,2470.32,VARIANCE
SET003193,MER0124,2025-06-22,1,566.22,553.32,VARIANCE
SET003194,MER0124,2025-06-29,3,2779.35,2726.68,VARIANCE
SET003195,MER0125,2025-01-05,2,612.13,608.9,VARIANCE
SET003196,MER0125,2025-01-12,2,6543.41,6492.95,VARIANCE
SET003197,MER0125,2025-01-19,0,0.0,0.0,MATCHED
SET003198,MER0125,2025-01-26,2,445.83,443.38,VARIANCE
SET003199,MER0125,2025-02-02,1,473.66,473.48,MATCHED
SET003200,MER0125,2025-02-09,1,1937.89,1899.34,VARIANCE
SET003201,MER0125,2025-02-16,1,976.61,970.44,VARIANCE
SET003202,MER0125,2025-02-23,6,2020.9,2002.3,VARIANCE
SET003203,MER0125,2025-03-02,4,3155.0,3118.68,VARIANCE
SET003204,MER0125,2025-03-09,4,4245.13,4147.31,VARIANCE
SET003205,MER0125,2025-03-16,2,5950.25,5771.91,VARIANCE
SET003206,MER0125,2025-03-23,3,6590.77,6564.71,VARIANCE
SET003207,MER0125,2025-03-30,3,921.67,903.19,VARIANCE
SET003208,MER0125,2025-04-06,1,233.57,232.33,VARIANCE
SET003209,MER0125,2025-04-13,0,0.0,0.0,MATCHED
SET003210,MER0125,2025-04-20,2,2197.59,2188.15,VARIANCE
SET003211,MER0125,2025-04-27,2,724.76,718.95,VARIANCE
SET003212,MER0125,2025-05-04,3,347.09,344.24,VARIANCE
SET003213,MER0125,2025-05-11,5,4671.46,4646.24,VARIANCE
SET003214,MER0125,2025-05-18,4,9660.27,9643.46,VARIANCE
SET003215,MER0125,2025-05-25,1,871.53,869.43,VARIANCE
SET003216,MER0125,2025-06-01,5,2421.49,2412.75,VARIANCE
SET003217,MER0125,2025-06-08,6,2212.87,2167.84,VARIANCE
SET003218,MER0125,2025-06-15,1,978.17,975.85,VARIANCE
SET003219,MER0125,2025-06-22,1,429.62,417.91,VARIANCE
SET003220,MER0125,2025-06-29,1,192.83,188.11,VARIANCE
SET003221,MER0126,2025-01-05,3,2648.41,2637.84,VARIANCE
SET003222,MER0126,2025-01-12,2,415.38,409.73,VARIANCE
SET003223,MER0126,2025-01-19,4,4769.6,4763.0,VARIANCE
SET003224,MER0126,2025-01-26,0,0.0,0.0,MATCHED
SET003225,MER0126,2025-02-02,3,4897.96,4760.74,VARIANCE
SET003226,MER0126,2025-02-09,4,5454.97,5315.84,VARIANCE
SET003227,MER0126,2025-02-16,2,589.07,587.01,VARIANCE
SET003228,MER0126,2025-02-23,3,2874.92,2858.39,VARIANCE
SET003229,MER0126,2025-03-02,3,499.07,490.51,VARIANCE
SET003230,MER0126,2025-03-09,3,2200.93,2178.07,VARIANCE
SET003231,MER0126,2025-03-16,3,1522.88,1478.85,VARIANCE
SET003232,MER0126,2025-03-23,3,2284.26,2279.92,VARIANCE
SET003233,MER0126,2025-03-30,3,1483.03,1451.14,VARIANCE
SET003234,MER0126,2025-04-06,5,4506.61,4398.35,VARIANCE
SET003235,MER0126,2025-04-13,2,1116.84,1099.63,VARIANCE
SET003236,MER0126,2025-04-20,1,583.86,574.72,VARIANCE
SET003237,MER0126,2025-04-27,3,2139.21,2106.33,VARIANCE
SET003238,MER0126,2025-05-04,1,817.04,810.15,VARIANCE
SET003239,MER0126,2025-05-11,2,526.13,513.25,VARIANCE
SET003240,MER0126,2025-05-18,2,1584.41,1574.69,VARIANCE
SET003241,MER0126,2025-05-25,3,2663.83,2609.92,VARIANCE
SET003242,MER0126,2025-06-01,2,2199.32,2159.68,VARIANCE
SET003243,MER0126,2025-06-08,4,1397.41,1393.09,VARIANCE
SET003244,MER0126,2025-06-15,2,1624.29,1611.58,VARIANCE
SET003245,MER0126,2025-06-22,5,9773.24,9693.58,VARIANCE
SET003246,MER0126,2025-06-29,3,5167.63,5135.65,VARIANCE
SET003247,MER0127,2025-01-05,2,549.47,539.96,VARIANCE
SET003248,MER0127,2025-01-12,1,302.26,296.34,VARIANCE
SET003249,MER0127,2025-01-19,1,1825.19,1799.05,VARIANCE
SET003250,MER0127,2025-01-26,4,1919.3,1910.55,VARIANCE
SET003251,MER0127,2025-02-02,2,1715.25,1672.75,VARIANCE
SET003252,MER0127,2025-02-09,0,0.0,0.0,MATCHED
SET003253,MER0127,2025-02-16,5,1342.69,1321.54,VARIANCE
SET003254,MER0127,2025-02-23,3,6867.6,6856.12,VARIANCE
SET003255,MER0127,2025-03-02,1,682.64,676.69,VARIANCE
SET003256,MER0127,2025-03-09,3,553.2,551.91,VARIANCE
SET003257,MER0127,2025-03-16,3,3127.72,3072.68,VARIANCE
SET003258,MER0127,2025-03-23,2,916.37,901.57,VARIANCE
SET003259,MER0127,2025-03-30,2,1021.85,998.84,VARIANCE
SET003260,MER0127,2025-04-06,1,570.4,556.84,VARIANCE
SET003261,MER0127,2025-04-13,1,291.28,285.28,VARIANCE
SET003262,MER0127,2025-04-20,3,4249.09,4148.85,VARIANCE
SET003263,MER0127,2025-04-27,1,453.22,448.13,VARIANCE
SET003264,MER0127,2025-05-04,6,4033.04,3980.86,VARIANCE
SET003265,MER0127,2025-05-11,4,3780.37,3750.56,VARIANCE
SET003266,MER0127,2025-05-18,2,570.48,566.21,VARIANCE
SET003267,MER0127,2025-05-25,3,2566.12,2563.83,VARIANCE
SET003268,MER0127,2025-06-01,2,1011.85,997.51,VARIANCE
SET003269,MER0127,2025-06-08,1,454.62,449.38,VARIANCE
SET003270,MER0127,2025-06-15,0,0.0,0.0,MATCHED
SET003271,MER0127,2025-06-22,0,0.0,0.0,MATCHED
SET003272,MER0127,2025-06-29,2,2375.99,2329.0,VARIANCE
SET003273,MER0128,2025-01-05,1,1752.79,1716.5,VARIANCE
SET003274,MER0128,2025-01-12,4,3066.71,3005.28,VARIANCE
SET003275,MER0128,2025-01-19,4,2824.06,2782.43,VARIANCE
SET003276,MER0128,2025-01-26,2,1701.57,1673.21,VARIANCE
SET003277,MER0128,2025-02-02,2,1770.06,1746.01,VARIANCE
SET003278,MER0128,2025-02-09,3,2874.78,2846.23,VARIANCE
SET003279,MER0128,2025-02-16,3,4002.96,4001.44,VARIANCE
SET003280,MER0128,2025-02-23,1,1698.1,1676.87,VARIANCE
SET003281,MER0128,2025-03-02,5,4438.1,4436.91,VARIANCE
SET003282,MER0128,2025-03-09,0,0.0,0.0,MATCHED
SET003283,MER0128,2025-03-16,5,11691.7,11554.43,VARIANCE
SET003284,MER0128,2025-03-23,2,4222.46,4169.51,VARIANCE
SET003285,MER0128,2025-03-30,3,7860.35,7730.86,VARIANCE
SET003286,MER0128,2025-04-06,4,1632.37,1605.9,VARIANCE
SET003287,MER0128,2025-04-13,5,5086.08,4969.56,VARIANCE
SET003288,MER0128,2025-04-20,1,89.36,89.31,MATCHED
SET003289,MER0128,2025-04-27,2,6710.46,6524.23,VARIANCE
SET003290,MER0128,2025-05-04,2,1952.37,1941.03,VARIANCE
SET003291,MER0128,2025-05-11,2,1152.34,1134.34,VARIANCE
SET003292,MER0128,2025-05-18,2,1630.28,1598.31,VARIANCE
SET003293,MER0128,2025-05-25,4,2127.78,2083.55,VARIANCE
SET003294,MER0128,2025-06-01,2,2301.54,2297.81,VARIANCE
SET003295,MER0128,2025-06-08,1,794.44,778.6,VARIANCE
SET003296,MER0128,2025-06-15,2,557.89,550.83,VARIANCE
SET003297,MER0128,2025-06-22,2,1182.05,1161.34,VARIANCE
SET003298,MER0128,2025-06-29,3,6830.08,6760.79,VARIANCE
SET003299,MER0129,2025-01-12,5,7337.11,7239.72,VARIANCE
SET003300,MER0129,2025-01-19,2,2069.64,2040.57,VARIANCE
SET003301,MER0129,2025-01-26,2,2131.32,2074.14,VARIANCE
SET003302,MER0129,2025-02-02,4,4164.48,4042.84,VARIANCE
SET003303,MER0129,2025-02-09,3,5352.9,5296.73,VARIANCE
SET003304,MER0129,2025-02-16,1,322.17,312.52,VARIANCE
SET003305,MER0129,2025-02-23,0,0.0,0.0,MATCHED
SET003306,MER0129,2025-03-02,3,963.27,942.44,VARIANCE
SET003307,MER0129,2025-03-09,2,6890.62,6837.16,VARIANCE
SET003308,MER0129,2025-03-16,3,1372.71,1344.91,VARIANCE
SET003309,MER0129,2025-03-23,0,0.0,0.0,MATCHED
SET003310,MER0129,2025-03-30,1,399.55,389.47,VARIANCE
SET003311,MER0129,2025-04-06,2,1377.49,1349.85,VARIANCE
SET003312,MER0129,2025-04-13,3,1842.96,1823.37,VARIANCE
SET003313,MER0129,2025-04-20,0,0.0,0.0,MATCHED
SET003314,MER0129,2025-04-27,4,1680.54,1672.08,VARIANCE
SET003315,MER0129,2025-05-04,0,0.0,0.0,MATCHED
SET003316,MER0129,2025-05-11,2,451.42,445.42,VARIANCE
SET003317,MER0129,2025-05-18,2,2563.24,2489.91,VARIANCE
SET003318,MER0129,2025-05-25,2,1111.07,1099.93,VARIANCE
SET003319,MER0129,2025-06-01,6,3539.75,3471.19,VARIANCE
SET003320,MER0129,2025-06-08,4,720.43,711.92,VARIANCE
SET003321,MER0129,2025-06-15,2,1248.89,1217.97,VARIANCE
SET003322,MER0129,2025-06-22,1,113.18,111.13,VARIANCE
SET003323,MER0129,2025-06-29,1,104.81,102.43,VARIANCE
SET003324,MER0130,2025-01-05,1,1153.14,1142.01,VARIANCE
SET003325,MER0130,2025-01-12,4,1640.46,1637.86,VARIANCE
SET003326,MER0130,2025-01-19,1,3615.49,3546.92,VARIANCE
SET003327,MER0130,2025-01-26,3,3107.59,3061.32,VARIANCE
SET003328,MER0130,2025-02-02,4,4173.94,4128.39,VARIANCE
SET003329,MER0130,2025-02-09,1,144.94,143.91,VARIANCE
SET003330,MER0130,2025-02-16,0,0.0,0.0,MATCHED
SET003331,MER0130,2025-02-23,2,2583.0,2526.29,VARIANCE
SET003332,MER0130,2025-03-02,3,2120.5,2098.51,VARIANCE
SET003333,MER0130,2025-03-09,0,0.0,0.0,MATCHED
SET003334,MER0130,2025-03-16,2,963.58,949.04,VARIANCE
SET003335,MER0130,2025-03-23,2,1887.23,1866.24,VARIANCE
SET003336,MER0130,2025-03-30,3,1508.66,1488.56,VARIANCE
SET003337,MER0130,2025-04-06,0,0.0,0.0,MATCHED
SET003338,MER0130,2025-04-13,2,738.35,723.92,VARIANCE
SET003339,MER0130,2025-04-20,1,250.1,244.21,VARIANCE
SET003340,MER0130,2025-04-27,1,481.88,473.3,VARIANCE
SET003341,MER0130,2025-05-04,4,2974.89,2965.75,VARIANCE
SET003342,MER0130,2025-05-11,1,146.34,145.71,MATCHED
SET003343,MER0130,2025-05-18,5,4606.91,4476.99,VARIANCE
SET003344,MER0130,2025-05-25,0,0.0,0.0,MATCHED
SET003345,MER0130,2025-06-01,1,1943.73,1899.17,VARIANCE
SET003346,MER0130,2025-06-08,1,886.72,880.86,VARIANCE
SET003347,MER0130,2025-06-15,2,4342.39,4302.24,VARIANCE
SET003348,MER0130,2025-06-22,4,1614.42,1574.0,VARIANCE
SET003349,MER0130,2025-06-29,3,1025.69,1019.23,VARIANCE
SET003350,MER0131,2025-01-05,3,1404.75,1399.07,VARIANCE
SET003351,MER0131,2025-01-12,3,1485.12,1476.88,VARIANCE
SET003352,MER0131,2025-01-19,3,3384.57,3318.38,VARIANCE
SET003353,MER0131,2025-01-26,1,504.42,501.68,VARIANCE
SET003354,MER0131,2025-02-02,1,779.72,762.42,VARIANCE
SET003355,MER0131,2025-02-09,2,1194.09,1191.65,VARIANCE
SET003356,MER0131,2025-02-16,3,1972.03,1921.21,VARIANCE
SET003357,MER0131,2025-02-23,2,602.62,591.66,VARIANCE
SET003358,MER0131,2025-03-02,2,3833.46,3753.47,VARIANCE
SET003359,MER0131,2025-03-09,2,597.31,594.1,VARIANCE
SET003360,MER0131,2025-03-16,1,3479.56,3454.95,VARIANCE
SET003361,MER0131,2025-03-23,3,1942.84,1915.54,VARIANCE
SET003362,MER0131,2025-03-30,5,4649.32,4584.81,VARIANCE
SET003363,MER0131,2025-04-06,5,1866.81,1827.18,VARIANCE
SET003364,MER0131,2025-04-13,0,0.0,0.0,MATCHED
SET003365,MER0131,2025-04-20,4,2510.53,2438.76,VARIANCE
SET003366,MER0131,2025-04-27,1,270.62,268.37,VARIANCE
SET003367,MER0131,2025-05-04,3,1241.54,1239.88,VARIANCE
SET003368,MER0131,2025-05-11,4,5247.9,5162.36,VARIANCE
SET003369,MER0131,2025-05-18,0,0.0,0.0,MATCHED
SET003370,MER0131,2025-05-25,1,280.82,277.33,VARIANCE
SET003371,MER0131,2025-06-01,2,1135.55,1114.41,VARIANCE
SET003372,MER0131,2025-06-08,5,3116.04,3109.33,VARIANCE
SET003373,MER0131,2025-06-15,2,3776.43,3687.39,VARIANCE
SET003374,MER0131,2025-06-22,1,609.09,599.73,VARIANCE
SET003375,MER0131,2025-06-29,5,2682.07,2657.22,VARIANCE
SET003376,MER0132,2025-01-05,2,2138.34,2122.07,VARIANCE
SET003377,MER0132,2025-01-12,2,1433.23,1403.43,VARIANCE
SET003378,MER0132,2025-01-19,2,872.34,849.36,VARIANCE
SET003379,MER0132,2025-01-26,1,1454.93,1441.38,VARIANCE
SET003380,MER0132,2025-02-02,2,1091.3,1062.68,VARIANCE
SET003381,MER0132,2025-02-09,3,2998.78,2982.98,VARIANCE
SET003382,MER0132,2025-02-16,1,632.87,614.25,VARIANCE
SET003383,MER0132,2025-02-23,1,202.47,201.75,MATCHED
SET003384,MER0132,2025-03-02,1,1451.5,1443.45,VARIANCE
SET003385,MER0132,2025-03-09,2,4828.55,4757.04,VARIANCE
SET003386,MER0132,2025-03-16,1,706.41,704.08,VARIANCE
SET003387,MER0132,2025-03-23,0,0.0,0.0,MATCHED
SET003388,MER0132,2025-03-30,6,5229.25,5177.84,VARIANCE
SET003389,MER0132,2025-04-06,1,3955.29,3867.42,VARIANCE
SET003390,MER0132,2025-04-13,0,0.0,0.0,MATCHED
SET003391,MER0132,2025-04-20,2,1316.95,1282.04,VARIANCE
SET003392,MER0132,2025-04-27,2,1886.01,1834.85,VARIANCE
SET003393,MER0132,2025-05-04,3,1227.25,1215.28,VARIANCE
SET003394,MER0132,2025-05-11,6,3579.59,3547.54,VARIANCE
SET003395,MER0132,2025-05-18,0,0.0,0.0,MATCHED
SET003396,MER0132,2025-05-25,2,1363.97,1338.71,VARIANCE
SET003397,MER0132,2025-06-01,7,4826.08,4733.92,VARIANCE
SET003398,MER0132,2025-06-08,2,1264.72,1259.44,VARIANCE
SET003399,MER0132,2025-06-15,6,3398.34,3377.08,VARIANCE
SET003400,MER0132,2025-06-22,2,410.62,410.37,MATCHED
SET003401,MER0132,2025-06-29,3,1120.16,1086.87,VARIANCE
SET003402,MER0133,2025-01-12,3,913.55,912.31,VARIANCE
SET003403,MER0133,2025-01-19,1,178.53,175.39,VARIANCE
SET003404,MER0133,2025-01-26,2,200.71,199.49,VARIANCE
SET003405,MER0133,2025-02-02,2,912.32,890.64,VARIANCE
SET003406,MER0133,2025-02-09,3,3146.64,3103.37,VARIANCE
SET003407,MER0133,2025-02-16,1,1367.73,1357.57,VARIANCE
SET003408,MER0133,2025-02-23,2,466.89,462.97,VARIANCE
SET003409,MER0133,2025-03-02,3,737.33,730.59,VARIANCE
SET003410,MER0133,2025-03-09,1,749.07,728.59,VARIANCE
SET003411,MER0133,2025-03-16,0,0.0,0.0,MATCHED
SET003412,MER0133,2025-03-23,5,2507.75,2436.64,VARIANCE
SET003413,MER0133,2025-03-30,3,8007.0,7963.73,VARIANCE
SET003414,MER0133,2025-04-06,3,2433.87,2402.13,VARIANCE
SET003415,MER0133,2025-04-13,2,1188.29,1174.8,VARIANCE
SET003416,MER0133,2025-04-20,3,869.57,849.28,VARIANCE
SET003417,MER0133,2025-04-27,2,643.86,639.78,VARIANCE
SET003418,MER0133,2025-05-04,2,458.38,455.08,VARIANCE
SET003419,MER0133,2025-05-11,1,537.46,525.35,VARIANCE
SET003420,MER0133,2025-05-18,2,1016.28,1014.14,VARIANCE
SET003421,MER0133,2025-05-25,3,1825.44,1793.44,VARIANCE
SET003422,MER0133,2025-06-01,1,275.85,274.69,VARIANCE
SET003423,MER0133,2025-06-08,3,287.79,281.16,VARIANCE
SET003424,MER0133,2025-06-15,2,1164.99,1143.1,VARIANCE
SET003425,MER0133,2025-06-22,4,2122.96,2072.77,VARIANCE
SET003426,MER0133,2025-06-29,2,1386.75,1346.58,VARIANCE
SET003427,MER0134,2025-01-05,1,4154.65,4047.73,VARIANCE
SET003428,MER0134,2025-01-12,1,245.26,239.03,VARIANCE
SET003429,MER0134,2025-01-19,0,0.0,0.0,MATCHED
SET003430,MER0134,2025-01-26,5,4176.48,4111.63,VARIANCE
SET003431,MER0134,2025-02-02,2,1829.58,1780.49,VARIANCE
SET003432,MER0134,2025-02-09,4,6126.65,6111.37,VARIANCE
SET003433,MER0134,2025-02-16,0,0.0,0.0,MATCHED
SET003434,MER0134,2025-02-23,2,987.35,973.07,VARIANCE
SET003435,MER0134,2025-03-02,5,7219.69,7062.4,VARIANCE
SET003436,MER0134,2025-03-09,4,6069.95,5963.88,VARIANCE
SET003437,MER0134,2025-03-16,4,7279.06,7259.53,VARIANCE
SET003438,MER0134,2025-03-23,3,2558.26,2514.04,VARIANCE
SET003439,MER0134,2025-03-30,3,2074.84,2043.89,VARIANCE
SET003440,MER0134,2025-04-06,2,551.77,550.49,VARIANCE
SET003441,MER0134,2025-04-13,1,114.0,111.95,VARIANCE
SET003442,MER0134,2025-04-20,1,1322.56,1316.74,VARIANCE
SET003443,MER0134,2025-04-27,5,1535.87,1492.93,VARIANCE
SET003444,MER0134,2025-05-04,2,2583.47,2560.88,VARIANCE
SET003445,MER0134,2025-05-11,3,3110.85,3028.82,VARIANCE
SET003446,MER0134,2025-05-18,3,3459.54,3384.12,VARIANCE
SET003447,MER0134,2025-05-25,3,2189.59,2129.51,VARIANCE
SET003448,MER0134,2025-06-01,5,4441.13,4425.28,VARIANCE
SET003449,MER0134,2025-06-08,4,1716.79,1711.3,VARIANCE
SET003450,MER0134,2025-06-15,1,180.13,179.01,VARIANCE
SET003451,MER0134,2025-06-22,2,734.36,723.32,VARIANCE
SET003452,MER0135,2025-01-05,2,410.63,399.69,VARIANCE
SET003453,MER0135,2025-01-12,1,474.72,467.89,VARIANCE
SET003454,MER0135,2025-01-19,4,3309.89,3299.84,VARIANCE
SET003455,MER0135,2025-01-26,1,1299.54,1288.68,VARIANCE
SET003456,MER0135,2025-02-02,3,3111.37,3018.19,VARIANCE
SET003457,MER0135,2025-02-09,3,1679.2,1678.57,MATCHED
SET003458,MER0135,2025-02-16,1,247.74,247.36,MATCHED
SET003459,MER0135,2025-02-23,6,3637.24,3592.3,VARIANCE
SET003460,MER0135,2025-03-02,2,1761.54,1709.86,VARIANCE
SET003461,MER0135,2025-03-09,3,3280.89,3252.68,VARIANCE
SET003462,MER0135,2025-03-16,2,1408.32,1392.46,VARIANCE
SET003463,MER0135,2025-03-23,3,2360.64,2290.1,VARIANCE
SET003464,MER0135,2025-03-30,4,1268.59,1247.43,VARIANCE
SET003465,MER0135,2025-04-06,4,1412.68,1371.04,VARIANCE
SET003466,MER0135,2025-04-13,2,2343.98,2278.01,VARIANCE
SET003467,MER0135,2025-04-20,0,0.0,0.0,MATCHED
SET003468,MER0135,2025-04-27,3,615.12,610.79,VARIANCE
SET003469,MER0135,2025-05-04,3,372.42,364.88,VARIANCE
SET003470,MER0135,2025-05-11,1,-1560.92,-1521.42,VARIANCE
SET003471,MER0135,2025-05-18,3,-18.15,-17.75,MATCHED
SET003472,MER0135,2025-05-25,1,711.99,695.5,VARIANCE
SET003473,MER0135,2025-06-01,5,2484.99,2451.93,VARIANCE
SET003474,MER0135,2025-06-08,1,277.34,271.29,VARIANCE
SET003475,MER0135,2025-06-15,2,2639.17,2632.24,VARIANCE
SET003476,MER0135,2025-06-22,3,1034.34,1003.79,VARIANCE
SET003477,MER0135,2025-06-29,5,5133.28,5014.7,VARIANCE
SET003478,MER0136,2025-01-05,2,2864.76,2832.48,VARIANCE
SET003479,MER0136,2025-01-12,2,341.94,336.27,VARIANCE
SET003480,MER0136,2025-01-19,1,352.02,342.34,VARIANCE
SET003481,MER0136,2025-01-26,0,0.0,0.0,MATCHED
SET003482,MER0136,2025-02-02,4,3947.73,3862.55,VARIANCE
SET003483,MER0136,2025-02-09,3,1682.34,1672.17,VARIANCE
SET003484,MER0136,2025-02-16,3,4038.51,3946.39,VARIANCE
SET003485,MER0136,2025-02-23,1,101.34,100.24,VARIANCE
SET003486,MER0136,2025-03-02,3,737.8,730.6,VARIANCE
SET003487,MER0136,2025-03-09,2,1078.93,1060.06,VARIANCE
SET003488,MER0136,2025-03-16,1,464.58,451.27,VARIANCE
SET003489,MER0136,2025-03-23,5,2274.52,2242.78,VARIANCE
SET003490,MER0136,2025-03-30,5,2428.04,2363.08,VARIANCE
SET003491,MER0136,2025-04-06,6,8330.07,8140.26,VARIANCE
SET003492,MER0136,2025-04-13,5,1655.23,1651.5,VARIANCE
SET003493,MER0136,2025-04-20,0,0.0,0.0,MATCHED
SET003494,MER0136,2025-04-27,4,2046.61,2044.01,VARIANCE
SET003495,MER0136,2025-05-04,1,1368.4,1333.89,VARIANCE
SET003496,MER0136,2025-05-11,0,0.0,0.0,MATCHED
SET003497,MER0136,2025-05-18,5,2908.78,2824.23,VARIANCE
SET003498,MER0136,2025-05-25,3,1940.74,1931.37,VARIANCE
SET003499,MER0136,2025-06-01,2,3167.55,3157.69,VARIANCE
SET003500,MER0136,2025-06-08,3,1766.84,1728.26,VARIANCE
SET003501,MER0136,2025-06-15,4,2577.53,2526.9,VARIANCE
SET003502,MER0136,2025-06-22,1,630.04,617.58,VARIANCE
SET003503,MER0136,2025-06-29,4,3555.09,3516.01,VARIANCE
SET003504,MER0137,2025-01-05,3,1363.17,1334.7,VARIANCE
SET003505,MER0137,2025-01-12,4,2465.1,2425.77,VARIANCE
SET003506,MER0137,2025-01-19,2,1074.21,1063.0,VARIANCE
SET003507,MER0137,2025-01-26,4,2836.94,2775.24,VARIANCE
SET003508,MER0137,2025-02-02,0,0.0,0.0,MATCHED
SET003509,MER0137,2025-02-09,2,824.69,816.12,VARIANCE
SET003510,MER0137,2025-02-16,3,2397.17,2372.11,VARIANCE
SET003511,MER0137,2025-02-23,2,1505.49,1460.5,VARIANCE
SET003512,MER0137,2025-03-02,4,1590.0,1562.95,VARIANCE
SET003513,MER0137,2025-03-09,4,4935.44,4912.67,VARIANCE
SET003514,MER0137,2025-03-16,3,2718.82,2685.68,VARIANCE
SET003515,MER0137,2025-03-23,2,1514.95,1500.19,VARIANCE
SET003516,MER0137,2025-03-30,2,1710.78,1709.56,VARIANCE
SET003517,MER0137,2025-04-06,3,1585.33,1547.42,VARIANCE
SET003518,MER0137,2025-04-13,3,1437.97,1411.88,VARIANCE
SET003519,MER0137,2025-04-20,4,3642.53,3549.43,VARIANCE
SET003520,MER0137,2025-04-27,2,714.9,712.72,VARIANCE
SET003521,MER0137,2025-05-04,4,2532.06,2500.63,VARIANCE
SET003522,MER0137,2025-05-11,5,4141.14,4125.46,VARIANCE
SET003523,MER0137,2025-05-18,0,0.0,0.0,MATCHED
SET003524,MER0137,2025-05-25,4,2851.08,2794.61,VARIANCE
SET003525,MER0137,2025-06-01,4,255.95,253.72,VARIANCE
SET003526,MER0137,2025-06-08,3,6252.7,6115.9,VARIANCE
SET003527,MER0137,2025-06-15,4,4831.55,4759.69,VARIANCE
SET003528,MER0137,2025-06-22,2,883.07,873.19,VARIANCE
SET003529,MER0137,2025-06-29,4,2570.01,2552.77,VARIANCE
SET003530,MER0138,2025-01-05,3,2514.16,2457.25,VARIANCE
SET003531,MER0138,2025-01-12,1,1794.37,1781.15,VARIANCE
SET003532,MER0138,2025-01-19,1,1133.57,1118.04,VARIANCE
SET003533,MER0138,2025-01-26,1,9346.46,9242.05,VARIANCE
SET003534,MER0138,2025-02-02,3,2045.51,1990.0,VARIANCE
SET003535,MER0138,2025-02-09,8,3831.65,3777.17,VARIANCE
SET003536,MER0138,2025-02-16,3,1271.83,1237.2,VARIANCE
SET003537,MER0138,2025-02-23,0,0.0,0.0,MATCHED
SET003538,MER0138,2025-03-02,2,1067.93,1061.27,VARIANCE
SET003539,MER0138,2025-03-09,4,1492.53,1464.93,VARIANCE
SET003540,MER0138,2025-03-16,2,483.55,475.33,VARIANCE
SET003541,MER0138,2025-03-23,1,2111.87,2088.06,VARIANCE
SET003542,MER0138,2025-03-30,1,314.73,310.56,VARIANCE
SET003543,MER0138,2025-04-06,1,371.99,371.76,MATCHED
SET003544,MER0138,2025-04-13,2,600.57,597.73,VARIANCE
SET003545,MER0138,2025-04-20,3,2078.97,2059.36,VARIANCE
SET003546,MER0138,2025-04-27,7,3830.58,3755.78,VARIANCE
SET003547,MER0138,2025-05-04,9,6637.61,6449.46,VARIANCE
SET003548,MER0138,2025-05-11,4,3012.63,2983.45,VARIANCE
SET003549,MER0138,2025-05-18,2,4829.59,4717.14,VARIANCE
SET003550,MER0138,2025-05-25,6,4069.42,4033.32,VARIANCE
SET003551,MER0138,2025-06-01,2,4533.15,4485.88,VARIANCE
SET003552,MER0138,2025-06-08,4,3091.16,3078.22,VARIANCE
SET003553,MER0138,2025-06-15,2,1552.66,1508.86,VARIANCE
SET003554,MER0138,2025-06-22,2,3841.09,3781.41,VARIANCE
SET003555,MER0138,2025-06-29,1,247.64,242.74,VARIANCE
SET003556,MER0139,2025-01-05,1,981.92,962.53,VARIANCE
SET003557,MER0139,2025-01-12,3,1417.4,1385.83,VARIANCE
SET003558,MER0139,2025-01-19,1,91.28,90.82,MATCHED
SET003559,MER0139,2025-01-26,0,0.0,0.0,MATCHED
SET003560,MER0139,2025-02-02,2,1264.14,1247.08,VARIANCE
SET003561,MER0139,2025-02-09,2,3284.53,3197.59,VARIANCE
SET003562,MER0139,2025-02-16,0,0.0,0.0,MATCHED
SET003563,MER0139,2025-02-23,3,629.74,622.81,VARIANCE
SET003564,MER0139,2025-03-02,4,1124.41,1094.86,VARIANCE
SET003565,MER0139,2025-03-09,1,1038.92,1018.31,VARIANCE
SET003566,MER0139,2025-03-16,0,0.0,0.0,MATCHED
SET003567,MER0139,2025-03-23,2,2375.95,2344.06,VARIANCE
SET003568,MER0139,2025-03-30,0,0.0,0.0,MATCHED
SET003569,MER0139,2025-04-06,1,1098.16,1097.6,MATCHED
SET003570,MER0139,2025-04-13,2,1197.1,1175.16,VARIANCE
SET003571,MER0139,2025-04-20,4,3846.59,3838.02,VARIANCE
SET003572,MER0139,2025-04-27,4,2378.39,2309.49,VARIANCE
SET003573,MER0139,2025-05-04,3,2798.86,2777.93,VARIANCE
SET003574,MER0139,2025-05-11,2,1350.5,1346.43,VARIANCE
SET003575,MER0139,2025-05-18,1,463.94,456.14,VARIANCE
SET003576,MER0139,2025-05-25,3,1729.29,1696.84,VARIANCE
SET003577,MER0139,2025-06-01,2,852.38,842.73,VARIANCE
SET003578,MER0139,2025-06-08,6,3174.02,3107.9,VARIANCE
SET003579,MER0139,2025-06-15,2,618.19,604.21,VARIANCE
SET003580,MER0139,2025-06-22,0,0.0,0.0,MATCHED
SET003581,MER0139,2025-06-29,2,1820.99,1801.51,VARIANCE
SET003582,MER0140,2025-01-05,1,431.35,424.86,VARIANCE
SET003583,MER0140,2025-01-12,3,4820.77,4742.63,VARIANCE
SET003584,MER0140,2025-01-19,1,389.25,386.86,VARIANCE
SET003585,MER0140,2025-01-26,3,1000.63,992.81,VARIANCE
SET003586,MER0140,2025-02-02,3,5052.08,4943.15,VARIANCE
SET003587,MER0140,2025-02-09,4,2434.93,2384.71,VARIANCE
SET003588,MER0140,2025-02-16,3,362.99,356.57,VARIANCE
SET003589,MER0140,2025-02-23,1,207.43,201.55,VARIANCE
SET003590,MER0140,2025-03-02,3,1642.94,1614.32,VARIANCE
SET003591,MER0140,2025-03-09,0,0.0,0.0,MATCHED
SET003592,MER0140,2025-03-16,1,336.69,333.32,VARIANCE
SET003593,MER0140,2025-03-23,2,272.69,267.23,VARIANCE
SET003594,MER0140,2025-03-30,2,5631.84,5517.95,VARIANCE
SET003595,MER0140,2025-04-06,0,0.0,0.0,MATCHED
SET003596,MER0140,2025-04-13,5,1999.73,1954.77,VARIANCE
SET003597,MER0140,2025-04-20,3,2184.53,2134.03,VARIANCE
SET003598,MER0140,2025-04-27,2,2043.74,2036.75,VARIANCE
SET003599,MER0140,2025-05-04,2,2957.26,2908.9,VARIANCE
SET003600,MER0140,2025-05-11,2,741.7,731.61,VARIANCE
SET003601,MER0140,2025-05-18,1,150.57,147.49,VARIANCE
SET003602,MER0140,2025-05-25,4,3590.97,3585.95,VARIANCE
SET003603,MER0140,2025-06-01,3,1160.11,1146.14,VARIANCE
SET003604,MER0140,2025-06-08,5,5780.4,5636.49,VARIANCE
SET003605,MER0140,2025-06-15,1,95.32,94.41,MATCHED
SET003606,MER0140,2025-06-22,2,1464.14,1420.26,VARIANCE
SET003607,MER0140,2025-06-29,4,1423.02,1422.81,MATCHED
SET003608,MER0141,2025-01-05,2,1787.24,1773.34,VARIANCE
SET003609,MER0141,2025-01-12,4,4376.49,4273.24,VARIANCE
SET003610,MER0141,2025-01-19,3,1288.4,1266.34,VARIANCE
SET003611,MER0141,2025-01-26,0,0.0,0.0,MATCHED
SET003612,MER0141,2025-02-02,2,4093.41,4065.62,VARIANCE
SET003613,MER0141,2025-02-09,3,5598.27,5562.27,VARIANCE
SET003614,MER0141,2025-02-16,5,2574.36,2541.93,VARIANCE
SET003615,MER0141,2025-02-23,4,1194.07,1165.31,VARIANCE
SET003616,MER0141,2025-03-02,2,793.62,785.32,VARIANCE
SET003617,MER0141,2025-03-09,4,4755.99,4695.84,VARIANCE
SET003618,MER0141,2025-03-16,2,225.46,219.72,VARIANCE
SET003619,MER0141,2025-03-23,4,1379.44,1340.41,VARIANCE
SET003620,MER0141,2025-03-30,3,1754.89,1729.92,VARIANCE
SET003621,MER0141,2025-04-06,2,1150.79,1147.94,VARIANCE
SET003622,MER0141,2025-04-13,2,1105.04,1082.76,VARIANCE
SET003623,MER0141,2025-04-20,1,901.38,891.59,VARIANCE
SET003624,MER0141,2025-04-27,3,342.98,333.76,VARIANCE
SET003625,MER0141,2025-05-04,0,0.0,0.0,MATCHED
SET003626,MER0141,2025-05-11,4,3186.5,3175.74,VARIANCE
SET003627,MER0141,2025-05-18,0,0.0,0.0,MATCHED
SET003628,MER0141,2025-05-25,2,4464.61,4426.93,VARIANCE
SET003629,MER0141,2025-06-01,2,1054.68,1046.45,VARIANCE
SET003630,MER0141,2025-06-08,1,330.45,324.81,VARIANCE
SET003631,MER0141,2025-06-15,3,1480.92,1475.61,VARIANCE
SET003632,MER0141,2025-06-22,7,4220.41,4099.71,VARIANCE
SET003633,MER0141,2025-06-29,2,1183.96,1158.67,VARIANCE
SET003634,MER0142,2025-01-05,1,299.82,291.88,VARIANCE
SET003635,MER0142,2025-01-12,3,1269.36,1262.76,VARIANCE
SET003636,MER0142,2025-01-19,1,510.61,506.6,VARIANCE
SET003637,MER0142,2025-01-26,2,1071.81,1047.02,VARIANCE
SET003638,MER0142,2025-02-02,4,2524.27,2498.48,VARIANCE
SET003639,MER0142,2025-02-09,0,0.0,0.0,MATCHED
SET003640,MER0142,2025-02-16,6,4340.19,4283.89,VARIANCE
SET003641,MER0142,2025-02-23,0,0.0,0.0,MATCHED
SET003642,MER0142,2025-03-02,5,2051.42,2024.73,VARIANCE
SET003643,MER0142,2025-03-09,4,8145.72,8038.22,VARIANCE
SET003644,MER0142,2025-03-16,2,594.59,582.45,VARIANCE
SET003645,MER0142,2025-03-23,3,5207.22,5108.31,VARIANCE
SET003646,MER0142,2025-03-30,1,263.82,257.2,VARIANCE
SET003647,MER0142,2025-04-06,1,69.82,69.05,MATCHED
SET003648,MER0142,2025-04-13,0,0.0,0.0,MATCHED
SET003649,MER0142,2025-04-20,3,1272.78,1243.32,VARIANCE
SET003650,MER0142,2025-04-27,1,237.17,234.24,VARIANCE
SET003651,MER0142,2025-05-04,3,3246.71,3187.3,VARIANCE
SET003652,MER0142,2025-05-11,4,3175.46,3097.46,VARIANCE
SET003653,MER0142,2025-05-18,1,1746.2,1697.1,VARIANCE
SET003654,MER0142,2025-05-25,4,4725.88,4589.35,VARIANCE
SET003655,MER0142,2025-06-01,2,452.44,448.96,VARIANCE
SET003656,MER0142,2025-06-08,0,0.0,0.0,MATCHED
SET003657,MER0142,2025-06-15,2,711.09,695.77,VARIANCE
SET003658,MER0142,2025-06-22,2,1306.21,1287.01,VARIANCE
SET003659,MER0142,2025-06-29,3,2540.93,2479.76,VARIANCE
SET003660,MER0143,2025-01-05,1,399.43,394.41,VARIANCE
SET003661,MER0143,2025-01-12,2,741.5,729.8,VARIANCE
SET003662,MER0143,2025-01-19,1,1300.63,1270.32,VARIANCE
SET003663,MER0143,2025-01-26,2,8463.64,8382.01,VARIANCE
SET003664,MER0143,2025-02-02,2,4037.86,3994.22,VARIANCE
SET003665,MER0143,2025-02-09,0,0.0,0.0,MATCHED
SET003666,MER0143,2025-02-16,1,858.49,841.38,VARIANCE
SET003667,MER0143,2025-02-23,3,2738.64,2720.26,VARIANCE
SET003668,MER0143,2025-03-02,0,0.0,0.0,MATCHED
SET003669,MER0143,2025-03-09,1,201.63,199.04,VARIANCE
SET003670,MER0143,2025-03-16,0,0.0,0.0,MATCHED
SET003671,MER0143,2025-03-23,3,2192.9,2147.36,VARIANCE
SET003672,MER0143,2025-03-30,3,1628.44,1600.55,VARIANCE
SET003673,MER0143,2025-04-06,5,3801.81,3692.98,VARIANCE
SET003674,MER0143,2025-04-13,1,274.69,267.27,VARIANCE
SET003675,MER0143,2025-04-20,3,1948.18,1937.9,VARIANCE
SET003676,MER0143,2025-04-27,3,2042.07,1987.62,VARIANCE
SET003677,MER0143,2025-05-04,1,87.57,86.41,VARIANCE
SET003678,MER0143,2025-05-11,4,5061.22,4945.59,VARIANCE
SET003679,MER0143,2025-05-18,2,1363.51,1344.14,VARIANCE
SET003680,MER0143,2025-05-25,2,963.97,946.38,VARIANCE
SET003681,MER0143,2025-06-01,1,1635.16,1599.16,VARIANCE
SET003682,MER0143,2025-06-08,2,4610.39,4535.28,VARIANCE
SET003683,MER0143,2025-06-15,2,913.55,893.76,VARIANCE
SET003684,MER0143,2025-06-22,4,532.46,531.58,MATCHED
SET003685,MER0143,2025-06-29,4,2185.75,2150.35,VARIANCE
SET003686,MER0144,2025-01-05,1,137.49,133.89,VARIANCE
SET003687,MER0144,2025-01-12,3,1716.49,1703.21,VARIANCE
SET003688,MER0144,2025-01-19,2,1455.52,1419.03,VARIANCE
SET003689,MER0144,2025-01-26,1,691.32,686.01,VARIANCE
SET003690,MER0144,2025-02-02,3,2749.55,2731.0,VARIANCE
SET003691,MER0144,2025-02-09,2,675.06,673.5,VARIANCE
SET003692,MER0144,2025-02-16,2,463.3,456.61,VARIANCE
SET003693,MER0144,2025-02-23,1,940.58,933.45,VARIANCE
SET003694,MER0144,2025-03-02,4,2474.65,2459.17,VARIANCE
SET003695,MER0144,2025-03-09,1,466.65,464.06,VARIANCE
SET003696,MER0144,2025-03-16,3,1174.08,1160.18,VARIANCE
SET003697,MER0144,2025-03-23,1,253.03,252.23,MATCHED
SET003698,MER0144,2025-03-30,3,2516.38,2497.12,VARIANCE
SET003699,MER0144,2025-04-06,2,1015.27,996.45,VARIANCE
SET003700,MER0144,2025-04-13,2,1246.35,1222.75,VARIANCE
SET003701,MER0144,2025-04-20,1,473.51,471.24,VARIANCE
SET003702,MER0144,2025-04-27,2,1782.65,1778.75,VARIANCE
SET003703,MER0144,2025-05-04,3,1870.01,1835.08,VARIANCE
SET003704,MER0144,2025-05-11,2,2513.16,2507.37,VARIANCE
SET003705,MER0144,2025-05-18,2,386.93,384.54,VARIANCE
SET003706,MER0144,2025-05-25,2,423.0,419.14,VARIANCE
SET003707,MER0144,2025-06-01,2,1492.9,1463.27,VARIANCE
SET003708,MER0144,2025-06-08,1,346.31,338.78,VARIANCE
SET003709,MER0144,2025-06-15,3,2766.75,2707.81,VARIANCE
SET003710,MER0144,2025-06-22,4,1124.15,1113.57,VARIANCE
SET003711,MER0144,2025-06-29,3,1542.04,1517.19,VARIANCE
SET003712,MER0145,2025-01-05,2,2239.2,2186.99,VARIANCE
SET003713,MER0145,2025-01-12,0,0.0,0.0,MATCHED
SET003714,MER0145,2025-01-19,1,866.0,861.06,VARIANCE
SET003715,MER0145,2025-01-26,2,761.53,743.04,VARIANCE
SET003716,MER0145,2025-02-02,3,1346.49,1313.0,VARIANCE
SET003717,MER0145,2025-02-09,8,9120.61,8992.36,VARIANCE
SET003718,MER0145,2025-02-16,0,0.0,0.0,MATCHED
SET003719,MER0145,2025-02-23,1,719.71,706.86,VARIANCE
SET003720,MER0145,2025-03-02,1,838.43,818.39,VARIANCE
SET003721,MER0145,2025-03-09,2,1099.37,1094.72,VARIANCE
SET003722,MER0145,2025-03-16,1,167.93,165.68,VARIANCE
SET003723,MER0145,2025-03-23,2,955.18,940.67,VARIANCE
SET003724,MER0145,2025-03-30,4,1566.1,1541.12,VARIANCE
SET003725,MER0145,2025-04-06,0,0.0,0.0,MATCHED
SET003726,MER0145,2025-04-13,1,127.74,127.14,MATCHED
SET003727,MER0145,2025-04-20,4,2206.61,2202.95,VARIANCE
SET003728,MER0145,2025-04-27,2,1719.53,1668.36,VARIANCE
SET003729,MER0145,2025-05-04,3,2742.44,2706.65,VARIANCE
SET003730,MER0145,2025-05-11,3,1709.39,1698.43,VARIANCE
SET003731,MER0145,2025-05-18,1,51.71,51.47,MATCHED
SET003732,MER0145,2025-05-25,2,1907.62,1905.2,VARIANCE
SET003733,MER0145,2025-06-01,3,985.05,982.22,VARIANCE
SET003734,MER0145,2025-06-08,4,5546.66,5527.57,VARIANCE
SET003735,MER0145,2025-06-15,1,497.1,484.38,VARIANCE
SET003736,MER0145,2025-06-22,1,882.76,882.62,MATCHED
SET003737,MER0145,2025-06-29,2,2467.72,2466.59,VARIANCE
SET003738,MER0146,2025-01-12,8,4512.69,4464.51,VARIANCE
SET003739,MER0146,2025-01-19,2,7964.7,7935.51,VARIANCE
SET003740,MER0146,2025-01-26,5,2769.04,2707.65,VARIANCE
SET003741,MER0146,2025-02-02,3,818.42,804.48,VARIANCE
SET003742,MER0146,2025-02-09,3,3386.5,3295.99,VARIANCE
SET003743,MER0146,2025-02-16,0,0.0,0.0,MATCHED
SET003744,MER0146,2025-02-23,3,2170.51,2169.93,MATCHED
SET003745,MER0146,2025-03-02,1,531.86,527.16,VARIANCE
SET003746,MER0146,2025-03-09,1,64.6,63.55,VARIANCE
SET003747,MER0146,2025-03-16,3,2708.22,2652.58,VARIANCE
SET003748,MER0146,2025-03-23,6,5502.54,5372.46,VARIANCE
SET003749,MER0146,2025-03-30,2,448.98,441.3,VARIANCE
SET003750,MER0146,2025-04-06,4,2887.12,2825.48,VARIANCE
SET003751,MER0146,2025-04-13,0,0.0,0.0,MATCHED
SET003752,MER0146,2025-04-20,4,2612.32,2578.72,VARIANCE
SET003753,MER0146,2025-04-27,3,4656.77,4573.71,VARIANCE
SET003754,MER0146,2025-05-04,1,1532.32,1513.63,VARIANCE
SET003755,MER0146,2025-05-11,2,641.33,630.05,VARIANCE
SET003756,MER0146,2025-05-18,2,496.89,489.41,VARIANCE
SET003757,MER0146,2025-05-25,1,2117.24,2084.58,VARIANCE
SET003758,MER0146,2025-06-01,5,2215.27,2204.83,VARIANCE
SET003759,MER0146,2025-06-08,6,5528.19,5510.73,VARIANCE
SET003760,MER0146,2025-06-15,3,1307.33,1291.05,VARIANCE
SET003761,MER0146,2025-06-22,1,1183.21,1174.63,VARIANCE
SET003762,MER0146,2025-06-29,1,120.88,118.35,VARIANCE
SET003763,MER0147,2025-01-12,5,2593.18,2528.05,VARIANCE
SET003764,MER0147,2025-01-19,2,289.59,283.64,VARIANCE
SET003765,MER0147,2025-01-26,3,5455.5,5314.59,VARIANCE
SET003766,MER0147,2025-02-02,1,374.71,372.07,VARIANCE
SET003767,MER0147,2025-02-09,6,4072.72,4062.5,VARIANCE
SET003768,MER0147,2025-02-16,3,1798.42,1779.11,VARIANCE
SET003769,MER0147,2025-02-23,3,1157.17,1130.05,VARIANCE
SET003770,MER0147,2025-03-02,5,6268.7,6105.24,VARIANCE
SET003771,MER0147,2025-03-09,5,4021.99,3994.39,VARIANCE
SET003772,MER0147,2025-03-16,3,1279.02,1262.67,VARIANCE
SET003773,MER0147,2025-03-23,2,882.46,859.84,VARIANCE
SET003774,MER0147,2025-03-30,5,4591.77,4590.85,MATCHED
SET003775,MER0147,2025-04-06,2,367.97,365.24,VARIANCE
SET003776,MER0147,2025-04-13,2,2580.84,2577.95,VARIANCE
SET003777,MER0147,2025-04-20,4,1938.77,1937.8,MATCHED
SET003778,MER0147,2025-04-27,4,3264.44,3243.28,VARIANCE
SET003779,MER0147,2025-05-04,3,1595.2,1591.81,VARIANCE
SET003780,MER0147,2025-05-11,3,1563.27,1560.61,VARIANCE
SET003781,MER0147,2025-05-18,3,3697.74,3604.51,VARIANCE
SET003782,MER0147,2025-05-25,6,4444.23,4357.13,VARIANCE
SET003783,MER0147,2025-06-01,2,1444.61,1424.55,VARIANCE
SET003784,MER0147,2025-06-08,7,6627.82,6555.82,VARIANCE
SET003785,MER0147,2025-06-15,0,0.0,0.0,MATCHED
SET003786,MER0147,2025-06-22,1,185.4,181.35,VARIANCE
SET003787,MER0147,2025-06-29,2,1046.42,1039.27,VARIANCE
SET003788,MER0148,2025-01-05,2,869.32,868.45,MATCHED
SET003789,MER0148,2025-01-12,1,363.85,358.12,VARIANCE
SET003790,MER0148,2025-01-19,2,5039.59,5029.4,VARIANCE
SET003791,MER0148,2025-01-26,3,1156.07,1151.74,VARIANCE
SET003792,MER0148,2025-02-02,1,153.97,153.51,MATCHED
SET003793,MER0148,2025-02-09,4,3085.88,3010.81,VARIANCE
SET003794,MER0148,2025-02-16,2,4745.78,4658.13,VARIANCE
SET003795,MER0148,2025-02-23,2,664.07,657.37,VARIANCE
SET003796,MER0148,2025-03-02,3,3536.79,3516.89,VARIANCE
SET003797,MER0148,2025-03-09,2,978.63,973.69,VARIANCE
SET003798,MER0148,2025-03-16,2,678.58,660.67,VARIANCE
SET003799,MER0148,2025-03-23,5,5879.26,5822.37,VARIANCE
SET003800,MER0148,2025-03-30,1,551.33,535.21,VARIANCE
SET003801,MER0148,2025-04-06,1,783.81,767.6,VARIANCE
SET003802,MER0148,2025-04-13,3,2985.84,2900.93,VARIANCE
SET003803,MER0148,2025-04-20,4,868.43,855.69,VARIANCE
SET003804,MER0148,2025-04-27,2,8515.32,8292.09,VARIANCE
SET003805,MER0148,2025-05-04,3,2715.41,2687.67,VARIANCE
SET003806,MER0148,2025-05-11,3,573.22,563.04,VARIANCE
SET003807,MER0148,2025-05-18,0,0.0,0.0,MATCHED
SET003808,MER0148,2025-05-25,3,603.03,590.8,VARIANCE
SET003809,MER0148,2025-06-01,2,4564.81,4563.51,VARIANCE
SET003810,MER0148,2025-06-08,6,5125.18,4989.69,VARIANCE
SET003811,MER0148,2025-06-15,2,279.76,272.05,VARIANCE
SET003812,MER0148,2025-06-22,4,2752.9,2711.61,VARIANCE
SET003813,MER0148,2025-06-29,1,525.15,517.31,VARIANCE
SET003814,MER0149,2025-01-05,3,864.15,860.13,VARIANCE
SET003815,MER0149,2025-01-12,1,328.04,318.46,VARIANCE
SET003816,MER0149,2025-01-19,2,693.94,676.88,VARIANCE
SET003817,MER0149,2025-01-26,4,1335.12,1304.9,VARIANCE
SET003818,MER0149,2025-02-02,0,0.0,0.0,MATCHED
SET003819,MER0149,2025-02-09,0,0.0,0.0,MATCHED
SET003820,MER0149,2025-02-16,2,2001.16,1980.97,VARIANCE
SET003821,MER0149,2025-02-23,0,0.0,0.0,MATCHED
SET003822,MER0149,2025-03-02,5,6893.75,6767.13,VARIANCE
SET003823,MER0149,2025-03-09,1,782.97,777.5,VARIANCE
SET003824,MER0149,2025-03-16,1,2895.41,2856.85,VARIANCE
SET003825,MER0149,2025-03-23,4,3764.88,3664.12,VARIANCE
SET003826,MER0149,2025-03-30,2,484.1,474.81,VARIANCE
SET003827,MER0149,2025-04-06,1,139.09,135.02,VARIANCE
SET003828,MER0149,2025-04-13,1,353.95,348.17,VARIANCE
SET003829,MER0149,2025-04-20,2,2597.32,2537.44,VARIANCE
SET003830,MER0149,2025-04-27,2,2834.17,2774.76,VARIANCE
SET003831,MER0149,2025-05-04,2,625.95,613.54,VARIANCE
SET003832,MER0149,2025-05-11,0,0.0,0.0,MATCHED
SET003833,MER0149,2025-05-18,1,345.81,336.3,VARIANCE
SET003834,MER0149,2025-05-25,3,3058.18,2974.64,VARIANCE
SET003835,MER0149,2025-06-01,4,5275.28,5137.84,VARIANCE
SET003836,MER0149,2025-06-08,2,1410.19,1385.99,VARIANCE
SET003837,MER0149,2025-06-15,2,5972.31,5871.1,VARIANCE
SET003838,MER0149,2025-06-22,5,5081.16,5070.61,VARIANCE
SET003839,MER0149,2025-06-29,1,893.23,885.91,VARIANCE
SET003840,MER0150,2025-01-12,5,3393.28,3318.84,VARIANCE
SET003841,MER0150,2025-01-19,2,2231.7,2173.55,VARIANCE
SET003842,MER0150,2025-01-26,3,1267.46,1250.27,VARIANCE
SET003843,MER0150,2025-02-02,1,212.27,211.2,VARIANCE
SET003844,MER0150,2025-02-09,1,118.74,115.98,VARIANCE
SET003845,MER0150,2025-02-16,3,1977.75,1963.81,VARIANCE
SET003846,MER0150,2025-02-23,2,437.32,428.98,VARIANCE
SET003847,MER0150,2025-03-02,0,0.0,0.0,MATCHED
SET003848,MER0150,2025-03-09,3,1882.39,1879.88,VARIANCE
SET003849,MER0150,2025-03-16,1,372.92,363.68,VARIANCE
SET003850,MER0150,2025-03-23,2,1381.74,1373.69,VARIANCE
SET003851,MER0150,2025-03-30,4,2696.78,2663.67,VARIANCE
SET003852,MER0150,2025-04-06,2,2620.84,2572.68,VARIANCE
SET003853,MER0150,2025-04-13,2,1226.09,1208.36,VARIANCE
SET003854,MER0150,2025-04-20,3,2476.06,2469.04,VARIANCE
SET003855,MER0150,2025-04-27,2,776.8,764.71,VARIANCE
SET003856,MER0150,2025-05-04,1,2387.13,2355.93,VARIANCE
SET003857,MER0150,2025-05-11,3,1368.32,1347.58,VARIANCE
SET003858,MER0150,2025-05-18,2,2556.7,2481.89,VARIANCE
SET003859,MER0150,2025-05-25,1,238.18,236.46,VARIANCE
SET003860,MER0150,2025-06-01,3,2792.28,2717.28,VARIANCE
SET003861,MER0150,2025-06-08,4,4091.22,4078.92,VARIANCE
SET003862,MER0150,2025-06-15,2,1839.07,1784.29,VARIANCE
SET003863,MER0150,2025-06-22,1,45.55,44.96,MATCHED
SET003864,MER0150,2025-06-29,2,4150.6,4057.87,VARIANCE
