transaction_id,customer_id,merchant_id,upi_vpa,amount,timestamp,status,bank_rrn,upi_app
TXN0000001,CUST00026,MER0075,cust00026@okhdfcbank,350.63,2025-03-22 08:29:40,Success,403700826674,Amazon Pay
TXN0000005,CUST00348,MER0036,cust00348@okhdfcbank,191.32,2025-02-22 05:15:11,SUCCESS,065716624554,PhonePe
TXN0000006,CUST00617,MER0069,cust00617@okhdfcbank,4287.57,2025-04-06 18:07:26,Failed,573903105932,BHIM
TXN0000007,CUST00299,MER0017,cust00299@okhdfcbank,286.78,2025-02-02 11:14:34,success,548657337147,BHIM
TXN0000011,CUST01263,MER0051,cust01263@okhdfcbank,516.92,2025-03-30 21:47:23,FAILED,821402199188,Amazon Pay
TXN0000014,CUST01724,MER0098,cust01724@okhdfcbank,713.73,2025-06-06 03:16:04,SUCCESS,500451941740,PhonePe
TXN0000015,CUST01766,MER0085,cust01766@okhdfcbank,856.58,2025-03-27 11:35:15,success,637761830497,GPay
TXN0000016,CUST00686,MER0111,cust00686@okhdfcbank,258.98,2025-06-08 08:23:28,SUCCESS,386865378958,PhonePe
TXN0000017,CUST01687,MER0035,cust01687@okhdfcbank,229.05,2025-02-28 08:07:47,Success,565121016174,Paytm
TXN0000018,CUST00657,MER0052,cust00657@okhdfcbank,267.97,2025-04-04 00:20:49,success,636913769954,Paytm
TXN0000019,CUST00644,MER0046,cust00644@okhdfcbank,121.36,2025-03-19 07:55:51,SUCCESS,437840301317,GPay
TXN0000020,CUST01984,MER0082,cust01984@okhdfcbank,100.44,2025-02-26 14:14:48,success,013268842362,Amazon Pay
TXN0000022,CUST01602,MER0063,cust01602@okhdfcbank,1259.66,2025-03-05 06:44:23,SUCCESS,184202704640,GPay
TXN0000023,CUST00771,MER0072,cust00771@okhdfcbank,1177.38,2025-06-08 13:08:24,SUCCESS,811074122009,Amazon Pay
TXN0000024,CUST01610,MER0101,cust01610@okhdfcbank,45.51,2025-03-12 21:05:44,PENDING,640091714175,GPay
TXN0000025,CUST00234,MER0145,cust00234@okhdfcbank,385.65,2025-02-08 19:08:08,Success,139052709974,BHIM
TXN0000027,CUST01573,MER0141,cust01573@okhdfcbank,568.92,2025-01-06 05:26:17,Success,442372148916,Paytm
TXN0000028,CUST01952,MER0119,cust01952@okhdfcbank,324.46,2025-05-18 13:13:47,SUCCESS,368766410838,BHIM
TXN0000030,CUST01419,MER0018,cust01419@okhdfcbank,483.4,2025-06-09 00:39:22,SUCCESS,538895033952,Amazon Pay
TXN0000032,CUST01023,MER0036,cust01023@okhdfcbank,187.34,2025-05-03 23:33:35,SUCCESS,891633309893,Amazon Pay
TXN0000033,CUST00621,MER0062,cust00621@okhdfcbank,495.61,2025-02-19 01:34:55,success,162348770718,GPay
TXN0000037,CUST00821,MER0137,cust00821@okhdfcbank,521.26,2025-04-09 08:59:09,Success,186661527591,GPay
TXN0000038,CUST01892,MER0108,cust01892@okhdfcbank,121.07,2025-04-16 13:34:13,SUCCESS,611268779396,GPay
TXN0000040,CUST01834,MER0138,cust01834@okhdfcbank,315.72,2025-04-26 07:24:05,success,000358082407,BHIM
TXN0000041,CUST01307,MER0022,cust01307@okhdfcbank,302.34,2025-01-22 05:41:54,SUCCESS,814106209600,GPay
TXN0000042,CUST01575,MER0064,cust01575@okhdfcbank,204.71,2025-05-08 16:38:44,SUCCESS,771132710493,Paytm
TXN0000043,CUST01362,MER0091,cust01362@okhdfcbank,243.78,2025-02-02 07:11:36,success,857327838868,GPay
TXN0000045,CUST01322,MER0103,cust01322@okhdfcbank,239.81,2025-05-27 03:45:21,success,975634463920,PhonePe
TXN0000047,CUST00022,MER0026,cust00022@okhdfcbank,336.81,2025-02-20 05:48:29,success,164557409983,Amazon Pay
TXN0000048,CUST00455,MER0131,cust00455@okhdfcbank,582.69,2025-05-26 00:35:14,PENDING,347632025822,PhonePe
TXN0000049,CUST01063,MER0143,cust01063@okhdfcbank,1185.84,2025-04-23 17:24:40,success,245339426738,BHIM
TXN0000050,CUST01409,MER0148,cust01409@okhdfcbank,1140.53,2025-02-12 22:04:57,success,932678547894,BHIM
TXN0000057,CUST00639,MER0088,cust00639@okhdfcbank,494.99,2025-03-30 10:00:13,Success,962926301535,GPay
TXN0000058,CUST01607,MER0053,cust01607@okhdfcbank,989.69,2025-04-12 04:34:16,SUCCESS,864647988634,BHIM
TXN0000059,CUST00990,MER0090,cust00990@okhdfcbank,238.49,2025-04-03 11:04:41,SUCCESS,768102567854,GPay
TXN0000060,CUST00200,MER0113,cust00200@okhdfcbank,474.75,2025-05-21 04:44:08,SUCCESS,131273865269,PhonePe
TXN0000061,CUST01427,MER0116,cust01427@okhdfcbank,250.29,2025-03-03 22:13:33,failed,627368335087,GPay
TXN0000062,CUST00138,MER0077,cust00138@okhdfcbank,607.5,2025-01-09 16:14:17,SUCCESS,321289461588,GPay
TXN0000064,CUST01740,MER0088,cust01740@okhdfcbank,235.21,2025-05-06 19:45:31,Success,070989287476,Amazon Pay
TXN0000065,CUST00224,MER0043,cust00224@okhdfcbank,249.64,2025-05-24 18:55:52,Failed,491394016466,Amazon Pay
TXN0000066,CUST00500,MER0133,cust00500@okhdfcbank,815.11,2025-02-03 21:00:39,SUCCESS,687625756113,Amazon Pay
TXN0000067,CUST01131,MER0041,cust01131@okhdfcbank,447.31,2025-03-06 06:31:24,success,742512253061,Paytm
TXN0000069,CUST00475,MER0104,cust00475@okhdfcbank,639.96,2025-05-03 06:53:44,SUCCESS,436308019949,PhonePe
TXN0000072,CUST01258,MER0051,cust01258@okhdfcbank,186.07,2025-03-29 07:10:17,success,497998628681,BHIM
TXN0000073,CUST01213,MER0110,cust01213@okhdfcbank,408.72,2025-03-17 12:06:21,Success,978766015329,GPay
TXN0000078,CUST00538,MER0126,cust00538@okhdfcbank,1060.51,2025-04-13 11:19:48,success,439605851405,Amazon Pay
TXN0000079,CUST01979,MER0081,cust01979@okhdfcbank,1079.41,2025-04-26 22:05:08,success,105143288384,GPay
TXN0000080,CUST00796,MER0101,cust00796@okhdfcbank,507.18,2025-04-24 23:38:24,SUCCESS,605025924007,Amazon Pay
TXN0000083,CUST01380,MER0077,cust01380@okhdfcbank,2275.99,2025-06-28 09:22:16,SUCCESS,047547036998,BHIM
TXN0000084,CUST01259,MER0022,cust01259@okhdfcbank,2070.77,2025-05-11 12:15:36,success,477711971323,PhonePe
TXN0000085,CUST00275,MER0081,cust00275@okhdfcbank,556.99,2025-01-23 21:16:30,success,953057750389,BHIM
TXN0000086,CUST00489,MER0079,cust00489@okhdfcbank,294.23,2025-01-23 17:01:17,success,428015644864,BHIM
TXN0000090,CUST00997,MER0138,cust00997@okhdfcbank,1904.47,2025-05-15 15:37:53,SUCCESS,771439519842,BHIM
TXN0000091,CUST01883,MER0045,cust01883@okhdfcbank,213.51,2025-04-18 18:04:48,Success,212064648740,PhonePe
TXN0000096,CUST01338,MER0127,cust01338@okhdfcbank,238.78,2025-03-21 10:42:15,SUCCESS,293544812888,BHIM
TXN0000097,CUST01403,MER0126,cust01403@okhdfcbank,658.16,2025-03-22 16:58:41,success,797693160725,BHIM
TXN0000098,CUST01455,MER0114,cust01455@okhdfcbank,118.71,2025-04-05 21:30:17,success,678726598271,Amazon Pay
TXN0000099,CUST00343,MER0022,cust00343@okhdfcbank,561.57,2025-04-20 18:56:41,SUCCESS,557409806797,BHIM
TXN0000100,CUST00064,MER0057,cust00064@okhdfcbank,846.45,2025-02-26 17:14:15,success,607685395806,PhonePe
TXN0000101,CUST00067,MER0071,cust00067@okhdfcbank,1319.78,2025-02-13 15:50:46,SUCCESS,758983951468,BHIM
TXN0000103,CUST00937,MER0145,cust00937@okhdfcbank,1837.66,2025-05-25 04:23:09,pending,338564943525,PhonePe
TXN0000104,CUST01583,MER0127,cust01583@okhdfcbank,2684.81,2025-04-17 17:54:34,SUCCESS,877315393415,PhonePe
TXN0000106,CUST00234,MER0069,cust00234@okhdfcbank,174.5,2025-05-31 12:17:18,Success,245320496124,PhonePe
TXN0000107,CUST01113,MER0094,cust01113@okhdfcbank,354.92,2025-04-16 06:06:18,success,105308525564,Paytm
TXN0000109,CUST00448,MER0109,cust00448@okhdfcbank,645.78,2025-01-20 21:17:42,success,543971577933,BHIM
TXN0000110,CUST01508,MER0064,cust01508@okhdfcbank,503.7,2025-02-27 19:25:27,Success,864991545271,Paytm
TXN0000111,CUST01792,MER0009,cust01792@okhdfcbank,652.73,2025-03-29 07:54:16,Success,377942033172,Paytm
TXN0000112,CUST00539,MER0090,cust00539@okhdfcbank,450.0,2025-06-17 10:08:29,Success,883926128698,BHIM
TXN0000118,CUST01262,MER0036,cust01262@okhdfcbank,2130.05,2025-06-02 09:39:46,success,866832269190,BHIM
TXN0000120,CUST00122,MER0146,cust00122@okhdfcbank,1854.39,2025-03-10 02:55:07,Success,929070706749,Paytm
TXN0000123,CUST01442,MER0075,cust01442@okhdfcbank,109.34,2025-02-26 04:23:26,Success,648793292813,GPay
TXN0000124,CUST01173,MER0069,cust01173@okhdfcbank,379.11,2025-06-16 14:38:53,Pending,391741932448,Amazon Pay
TXN0000125,CUST01054,MER0025,cust01054@okhdfcbank,352.47,2025-01-27 07:53:24,SUCCESS,039820931700,BHIM
TXN0000126,CUST01972,MER0106,cust01972@okhdfcbank,158.69,2025-06-28 09:46:21,FAILED,082612377408,PhonePe
TXN0000129,CUST01774,MER0034,cust01774@okhdfcbank,681.64,2025-02-18 11:34:49,success,408190698503,PhonePe
TXN0000130,CUST00300,MER0083,cust00300@okhdfcbank,153.33,2025-06-10 21:00:18,SUCCESS,560004983809,Amazon Pay
TXN0000131,CUST00507,MER0101,cust00507@okhdfcbank,233.72,2025-04-06 01:02:34,SUCCESS,225080173557,BHIM
TXN0000132,CUST00292,MER0148,cust00292@okhdfcbank,1573.76,2025-05-03 19:12:24,success,144545809543,Amazon Pay
TXN0000133,CUST00551,MER0107,cust00551@okhdfcbank,204.86,2025-03-14 20:25:47,Success,709227399362,Amazon Pay
TXN0000134,CUST00926,MER0020,cust00926@okhdfcbank,584.52,2025-05-04 00:55:09,success,752988821193,Amazon Pay
TXN0000136,CUST01056,MER0072,cust01056@okhdfcbank,817.59,2025-05-15 21:33:12,Success,386170712715,BHIM
TXN0000137,CUST01918,MER0095,cust01918@okhdfcbank,209.33,2025-03-30 07:02:07,Success,433463737196,BHIM
TXN0000139,CUST01780,MER0024,cust01780@okhdfcbank,583.31,2025-05-22 22:23:22,success,441141274805,GPay
TXN0000142,CUST00130,MER0137,cust00130@okhdfcbank,695.48,2025-03-19 05:29:25,Failed,663463215757,Amazon Pay
TXN0000143,CUST00447,MER0110,cust00447@okhdfcbank,4410.62,2025-06-10 04:04:07,Success,381938888359,BHIM
TXN0000144,CUST00434,MER0127,cust00434@okhdfcbank,6382.39,2025-02-22 03:28:20,success,205405039348,GPay
TXN0000145,CUST00662,MER0073,cust00662@okhdfcbank,260.03,2025-03-07 14:03:11,SUCCESS,946152625356,Paytm
TXN0000146,CUST01121,MER0148,cust01121@okhdfcbank,48.51,2025-01-26 08:36:47,SUCCESS,205792903709,Paytm
TXN0000148,CUST01398,MER0013,cust01398@okhdfcbank,593.63,2025-01-09 22:06:34,success,703667033979,BHIM
TXN0000149,CUST00204,MER0118,cust00204@okhdfcbank,1423.74,2025-01-04 03:52:35,Success,594838428116,Paytm
TXN0000150,CUST00255,MER0041,cust00255@okhdfcbank,655.16,2025-03-27 16:32:29,SUCCESS,764140853086,BHIM
TXN0000152,CUST00415,MER0034,cust00415@okhdfcbank,1523.71,2025-06-21 07:06:23,Success,598414565421,Amazon Pay
TXN0000153,CUST01332,MER0078,cust01332@okhdfcbank,1752.47,2025-01-31 20:53:19,SUCCESS,070814614034,Amazon Pay
TXN0000154,CUST01791,MER0071,cust01791@okhdfcbank,123.15,2025-01-19 02:59:45,Success,072386908460,GPay
TXN0000156,CUST00169,MER0096,cust00169@okhdfcbank,443.37,2025-05-10 00:50:07,Success,179048495717,Amazon Pay
TXN0000159,CUST01343,MER0024,cust01343@okhdfcbank,760.68,2025-05-17 15:28:14,SUCCESS,305626468673,BHIM
TXN0000161,CUST00160,MER0034,cust00160@okhdfcbank,2759.24,2025-04-26 06:44:49,success,344254027017,PhonePe
TXN0000164,CUST00865,MER0034,cust00865@okhdfcbank,425.23,2025-04-03 18:14:40,SUCCESS,017993687001,Paytm
TXN0000165,CUST00146,MER0059,cust00146@okhdfcbank,456.98,2025-03-16 09:14:06,success,641819098362,Amazon Pay
TXN0000167,CUST00642,MER0095,cust00642@okhdfcbank,726.45,2025-06-21 01:42:22,success,660156846333,Amazon Pay
TXN0000168,CUST00613,MER0036,cust00613@okhdfcbank,3829.14,2025-03-16 07:36:33,Success,375892066391,PhonePe
TXN0000169,CUST01585,MER0035,cust01585@okhdfcbank,310.59,2025-05-05 13:57:41,Success,272719690951,PhonePe
TXN0000172,CUST00337,MER0113,cust00337@okhdfcbank,274.46,2025-03-10 04:39:12,success,619798385195,Paytm
TXN0000173,CUST01480,MER0055,cust01480@okhdfcbank,569.72,2025-05-02 23:03:54,Success,948700995815,GPay
TXN0000174,CUST01533,MER0039,cust01533@okhdfcbank,191.54,2025-06-28 15:01:02,pending,564228632303,Amazon Pay
TXN0000176,CUST00445,MER0023,cust00445@okhdfcbank,225.83,2025-06-24 02:25:33,Success,790084322998,Paytm
TXN0000178,CUST01208,MER0099,cust01208@okhdfcbank,570.96,2025-03-10 06:16:29,success,225675120308,Amazon Pay
TXN0000180,CUST01621,MER0036,cust01621@okhdfcbank,1142.04,2025-02-18 02:46:05,Success,484211494805,GPay
TXN0000181,CUST00568,MER0022,cust00568@okhdfcbank,589.73,2025-02-18 04:32:31,SUCCESS,897809406910,Paytm
TXN0000182,CUST01134,MER0073,cust01134@okhdfcbank,1277.7,2025-06-01 06:15:42,FAILED,043956966700,BHIM
TXN0000185,CUST01061,MER0131,cust01061@okhdfcbank,,2025-02-06 15:09:23,Success,933418294129,Paytm
TXN0000189,CUST01307,MER0019,cust01307@okhdfcbank,1682.63,2025-04-13 13:59:36,Success,483247529906,Amazon Pay
TXN0000190,CUST01821,MER0004,cust01821@okhdfcbank,1519.19,2025-03-12 02:50:22,success,093796942135,PhonePe
TXN0000191,CUST01913,MER0082,cust01913@okhdfcbank,321.04,2025-01-26 15:05:05,success,502739146396,Paytm
TXN0000195,CUST01203,MER0018,cust01203@okhdfcbank,770.04,2025-01-03 16:16:55,SUCCESS,321168567941,PhonePe
TXN0000196,CUST00537,MER0056,cust00537@okhdfcbank,443.63,2025-01-08 17:36:23,SUCCESS,617213620399,PhonePe
TXN0000202,CUST00172,MER0080,cust00172@okhdfcbank,43.63,2025-01-16 08:16:01,success,321139111361,Amazon Pay
TXN0000203,CUST01048,MER0053,cust01048@okhdfcbank,117.03,2025-06-06 21:49:58,success,727814025959,PhonePe
TXN0000206,CUST01431,MER0112,cust01431@okhdfcbank,47.36,2025-05-22 17:51:09,Success,814428008098,GPay
TXN0000207,CUST01953,MER0062,cust01953@okhdfcbank,2423.22,2025-01-12 05:51:40,failed,827178888681,Amazon Pay
TXN0000209,CUST00238,MER0117,cust00238@okhdfcbank,1920.41,2025-04-29 21:30:35,success,032888606796,PhonePe
TXN0000210,CUST01247,MER0015,cust01247@okhdfcbank,203.17,2025-03-02 01:23:46,success,301850608245,Amazon Pay
TXN0000211,CUST01365,MER0045,cust01365@okhdfcbank,815.55,2025-01-24 04:38:41,Success,269395218231,BHIM
TXN0000214,CUST01604,MER0067,cust01604@okhdfcbank,390.02,2025-02-02 10:06:13,Pending,636391242228,Amazon Pay
TXN0000216,CUST01789,MER0069,cust01789@okhdfcbank,1483.55,2025-05-23 07:43:42,success,468243902273,PhonePe
TXN0000217,CUST01816,MER0031,cust01816@okhdfcbank,256.94,2025-05-30 19:07:32,Success,860815668121,BHIM
TXN0000223,CUST00754,MER0041,cust00754@okhdfcbank,449.72,2025-02-19 12:55:37,success,173476979253,GPay
TXN0000224,CUST01584,MER0027,cust01584@okhdfcbank,1188.54,2025-06-23 15:35:34,Success,327232619554,PhonePe
TXN0000225,CUST01176,MER0030,cust01176@okhdfcbank,508.48,2025-02-14 08:26:30,SUCCESS,447397724244,BHIM
TXN0000226,CUST01518,MER0131,cust01518@okhdfcbank,581.2,2025-01-01 11:58:12,Success,680283089453,Amazon Pay
TXN0000228,CUST00095,MER0121,cust00095@okhdfcbank,321.13,2025-03-12 16:15:12,Success,797500695476,GPay
TXN0000232,CUST00660,MER0064,cust00660@okhdfcbank,461.27,2025-03-22 19:53:46,PENDING,527865946654,BHIM
TXN0000234,CUST00160,MER0147,cust00160@okhdfcbank,324.04,2025-03-14 09:24:43,success,110448081381,PhonePe
TXN0000235,CUST00245,MER0129,cust00245@okhdfcbank,142.99,2025-05-11 17:55:30,SUCCESS,700378145273,Amazon Pay
TXN0000237,CUST01648,MER0133,cust01648@okhdfcbank,241.14,2025-01-09 22:02:33,Success,883358111656,Amazon Pay
TXN0000238,CUST01954,MER0103,cust01954@okhdfcbank,129.24,2025-01-14 09:13:13,FAILED,216241792657,Amazon Pay
TXN0000240,CUST01731,MER0080,cust01731@okhdfcbank,242.19,2025-03-05 13:19:58,PENDING,022531928931,Paytm
TXN0000244,CUST00623,MER0063,cust00623@okhdfcbank,86.35,2025-04-01 02:03:18,Failed,754501946632,PhonePe
TXN0000245,CUST00755,MER0127,cust00755@okhdfcbank,963.79,2025-05-31 00:38:19,SUCCESS,004000795154,BHIM
TXN0000247,CUST01845,MER0140,cust01845@okhdfcbank,185.55,2025-05-28 16:06:14,success,107001780875,BHIM
TXN0000251,CUST01303,MER0003,cust01303@okhdfcbank,551.33,2025-03-07 01:17:38,SUCCESS,176531910011,Paytm
TXN0000252,CUST00003,MER0097,cust00003@okhdfcbank,5387.7,2025-06-14 20:39:16,Success,852685617899,Amazon Pay
TXN0000254,CUST00421,MER0136,cust00421@okhdfcbank,194.19,2025-02-16 05:56:29,Success,229233980658,GPay
TXN0000255,CUST00860,MER0126,cust00860@okhdfcbank,148.85,2025-01-12 15:07:52,Success,690136564325,BHIM
TXN0000260,CUST01036,MER0035,cust01036@okhdfcbank,647.76,2025-05-04 17:38:25,SUCCESS,848294596917,GPay
TXN0000263,CUST00598,MER0067,cust00598@okhdfcbank,529.13,2025-06-15 05:32:43,SUCCESS,167576399971,PhonePe
TXN0000264,CUST00646,MER0101,cust00646@okhdfcbank,199.51,2025-05-17 01:37:04,Success,230279766420,GPay
TXN0000269,CUST00337,MER0116,cust00337@okhdfcbank,86.43,2025-04-01 11:58:27,Success,132788766120,Amazon Pay
TXN0000270,CUST00644,MER0105,cust00644@okhdfcbank,292.33,2025-01-24 10:40:26,success,302475468492,BHIM
TXN0000275,CUST01654,MER0078,cust01654@okhdfcbank,643.44,2025-06-10 11:14:27,Success,359741411692,PhonePe
TXN0000276,CUST01444,MER0011,cust01444@okhdfcbank,249.81,2025-02-11 18:04:10,SUCCESS,687968562619,Paytm
TXN0000282,CUST01533,MER0141,cust01533@okhdfcbank,604.53,2025-02-18 12:23:51,Pending,292125121192,GPay
TXN0000283,CUST00194,MER0119,cust00194@okhdfcbank,356.85,2025-01-20 18:55:21,success,011345425607,Paytm
TXN0000284,CUST01647,MER0036,cust01647@okhdfcbank,571.65,2025-01-24 14:00:47,Success,908040962059,GPay
TXN0000286,CUST00456,MER0034,cust00456@okhdfcbank,1053.54,2025-02-08 11:22:00,success,331499892510,Paytm
TXN0000287,CUST01687,MER0103,cust01687@okhdfcbank,181.84,2025-03-14 06:45:46,Success,181592977901,PhonePe
TXN0000288,CUST01406,MER0022,cust01406@okhdfcbank,268.92,2025-04-24 01:49:32,Success,705685229063,PhonePe
TXN0000289,CUST01201,MER0067,cust01201@okhdfcbank,942.75,2025-06-28 03:31:37,success,659332301819,BHIM
TXN0000291,CUST00405,MER0114,cust00405@okhdfcbank,2406.13,2025-06-07 03:36:18,Success,081868195045,PhonePe
TXN0000292,CUST00264,MER0024,cust00264@okhdfcbank,1416.29,2025-06-25 17:58:08,SUCCESS,184415716816,GPay
TXN0000294,CUST00088,MER0119,cust00088@okhdfcbank,105.53,2025-01-10 19:59:19,SUCCESS,948508716498,GPay
TXN0000295,CUST00345,MER0147,cust00345@okhdfcbank,2008.32,2025-03-26 02:39:18,SUCCESS,359316721281,PhonePe
TXN0000296,CUST01683,MER0102,cust01683@okhdfcbank,1940.49,2025-04-07 08:06:59,FAILED,175163300779,PhonePe
TXN0000298,CUST00725,MER0055,cust00725@okhdfcbank,1237.92,2025-06-26 09:00:16,SUCCESS,029412679413,PhonePe
TXN0000300,CUST01810,MER0039,cust01810@okhdfcbank,2211.17,2025-01-07 17:28:41,SUCCESS,498024385092,BHIM
TXN0000301,CUST01258,MER0063,cust01258@okhdfcbank,294.46,2025-05-06 16:32:09,failed,576834795693,Paytm
TXN0000302,CUST00605,MER0128,cust00605@okhdfcbank,3564.04,2025-03-22 00:01:22,SUCCESS,532072808311,GPay
TXN0000303,CUST01808,MER0141,cust01808@okhdfcbank,1081.52,2025-04-04 00:26:45,SUCCESS,680796732732,Paytm
TXN0000307,CUST00040,MER0098,cust00040@okhdfcbank,186.93,2025-06-01 19:59:29,Success,732322050065,Paytm
TXN0000308,CUST01461,MER0092,cust01461@okhdfcbank,1145.95,2025-04-04 03:29:29,failed,569662326219,Amazon Pay
TXN0000310,CUST01159,MER0129,cust01159@okhdfcbank,5415.52,2025-03-04 10:47:06,SUCCESS,233205345388,Paytm
TXN0000311,CUST00796,MER0070,cust00796@okhdfcbank,797.95,2025-02-04 22:00:09,Success,826678278534,BHIM
TXN0000312,CUST00054,MER0082,cust00054@okhdfcbank,1016.47,2025-04-26 22:45:50,Success,640049104576,Amazon Pay
TXN0000313,CUST00449,MER0008,cust00449@okhdfcbank,307.71,2025-06-23 22:33:59,SUCCESS,219883435800,GPay
TXN0000317,CUST00206,MER0064,cust00206@okhdfcbank,586.7,2025-05-08 13:12:36,SUCCESS,451220600686,PhonePe
TXN0000318,CUST00494,MER0069,cust00494@okhdfcbank,346.43,2025-04-14 15:10:25,Success,807129297308,Amazon Pay
TXN0000319,CUST01672,MER0015,cust01672@okhdfcbank,524.76,2025-05-29 08:43:47,success,178769310610,PhonePe
TXN0000320,CUST01942,MER0057,cust01942@okhdfcbank,338.56,2025-04-22 18:55:10,Pending,357065983359,Amazon Pay
TXN0000321,CUST01734,MER0100,cust01734@okhdfcbank,337.06,2025-03-10 21:30:33,success,203012965586,BHIM
TXN0000324,CUST01212,MER0008,cust01212@okhdfcbank,697.2,2025-05-17 14:19:40,success,436558151100,Paytm
TXN0000329,CUST00185,MER0015,cust00185@okhdfcbank,3964.08,2025-02-15 04:06:12,Failed,375120223077,Amazon Pay
TXN0000330,CUST01233,MER0057,cust01233@okhdfcbank,49.94,2025-01-04 20:52:16,SUCCESS,735246755032,PhonePe
TXN0000331,CUST01079,MER0123,cust01079@okhdfcbank,1079.62,2025-01-01 03:11:07,success,642596562312,GPay
TXN0000333,CUST00268,MER0088,cust00268@okhdfcbank,846.9,2025-05-20 05:10:17,failed,187756747699,Paytm
TXN0000334,CUST00364,MER0083,cust00364@okhdfcbank,587.7,2025-01-12 13:33:03,failed,715438729165,Amazon Pay
TXN0000335,CUST00045,MER0038,cust00045@okhdfcbank,854.64,2025-04-24 21:47:48,success,077336096002,GPay
TXN0000336,CUST01444,MER0037,cust01444@okhdfcbank,1174.0,2025-05-31 08:48:34,success,417818648047,GPay
TXN0000339,CUST01930,MER0102,cust01930@okhdfcbank,410.22,2025-04-24 19:02:08,success,199927539804,Amazon Pay
TXN0000340,CUST00207,MER0087,cust00207@okhdfcbank,165.05,2025-02-28 14:19:39,SUCCESS,993893278463,PhonePe
TXN0000341,CUST00661,MER0035,cust00661@okhdfcbank,1009.46,2025-01-31 14:01:16,Success,729720210396,GPay
TXN0000342,CUST01500,MER0112,cust01500@okhdfcbank,280.24,2025-06-03 18:15:13,success,014612796966,Paytm
TXN0000343,CUST01310,MER0125,cust01310@okhdfcbank,110.18,2025-05-07 01:23:57,success,003999738206,GPay
TXN0000344,CUST00650,MER0045,cust00650@okhdfcbank,287.4,2025-05-18 07:42:40,Success,389616556761,BHIM
TXN0000345,CUST01984,MER0144,cust01984@okhdfcbank,221.65,2025-05-15 16:13:32,Success,560929414194,GPay
TXN0000348,CUST00629,MER0076,cust00629@okhdfcbank,1963.3,2025-01-25 17:29:11,Success,085190485668,PhonePe
TXN0000349,CUST00364,MER0001,cust00364@okhdfcbank,253.01,2025-05-17 07:35:47,Success,382425382961,BHIM
TXN0000351,CUST00373,MER0082,cust00373@okhdfcbank,8430.6,2025-06-28 20:20:57,SUCCESS,518181093530,Paytm
TXN0000354,CUST00289,MER0085,cust00289@okhdfcbank,985.86,2025-05-25 17:33:06,Success,407603356422,GPay
TXN0000355,CUST00160,MER0061,cust00160@okhdfcbank,118.86,2025-03-09 08:15:08,success,220134274545,GPay
TXN0000357,CUST01973,MER0023,cust01973@okhdfcbank,669.45,2025-06-09 13:13:17,Success,779709028824,Amazon Pay
TXN0000361,CUST01612,MER0028,cust01612@okhdfcbank,186.34,2025-05-20 21:22:14,SUCCESS,151133506514,Amazon Pay
TXN0000363,CUST01501,MER0108,cust01501@okhdfcbank,552.34,2025-02-02 07:11:35,SUCCESS,299837336020,BHIM
TXN0000364,CUST01812,MER0106,cust01812@okhdfcbank,144.99,2025-04-06 17:55:43,SUCCESS,928414092259,PhonePe
TXN0000366,CUST01119,MER0097,cust01119@okhdfcbank,373.11,2025-01-20 16:41:28,SUCCESS,500393733902,Paytm
TXN0000369,CUST01553,MER0058,cust01553@okhdfcbank,438.69,2025-02-01 14:02:03,Success,456034686454,Amazon Pay
TXN0000370,CUST00925,MER0019,cust00925@okhdfcbank,287.77,2025-06-05 04:30:59,SUCCESS,546255859491,GPay
TXN0000371,CUST01733,MER0009,cust01733@okhdfcbank,811.8,2025-02-27 06:22:25,SUCCESS,206920455060,Amazon Pay
TXN0000372,CUST00042,MER0082,cust00042@okhdfcbank,292.4,2025-02-20 16:56:35,Success,728000232364,Paytm
TXN0000373,CUST01950,MER0027,cust01950@okhdfcbank,157.74,2025-01-15 09:47:56,success,321163518160,Paytm
TXN0000375,CUST00330,MER0020,cust00330@okhdfcbank,365.26,2025-04-17 05:25:13,FAILED,956536853113,GPay
TXN0000376,CUST01929,MER0024,cust01929@okhdfcbank,272.53,2025-03-07 14:57:49,SUCCESS,149040119204,BHIM
TXN0000378,CUST00064,MER0111,cust00064@okhdfcbank,1611.14,2025-05-07 22:09:38,SUCCESS,872658469539,PhonePe
TXN0000380,CUST00110,MER0026,cust00110@okhdfcbank,158.52,2025-03-06 07:00:45,failed,598451747319,GPay
TXN0000381,CUST00421,MER0049,cust00421@okhdfcbank,310.41,2025-03-21 11:22:56,SUCCESS,955146376655,BHIM
TXN0000387,CUST00876,MER0023,cust00876@okhdfcbank,729.33,2025-02-27 04:41:59,success,986884009262,PhonePe
TXN0000388,CUST01688,MER0123,cust01688@okhdfcbank,60.72,2025-02-08 18:33:07,SUCCESS,505359793003,Paytm
TXN0000392,CUST01608,MER0102,cust01608@okhdfcbank,576.13,2025-04-02 10:45:36,Failed,508305856970,GPay
TXN0000393,CUST01002,MER0068,cust01002@okhdfcbank,1955.16,2025-01-18 16:43:43,success,385088813953,PhonePe
TXN0000395,CUST01814,MER0098,cust01814@okhdfcbank,1219.6,2025-03-13 17:32:11,SUCCESS,185621687114,BHIM
TXN0000398,CUST00540,MER0058,cust00540@okhdfcbank,696.41,2025-06-12 13:04:11,SUCCESS,721336732224,BHIM
TXN0000401,CUST00705,MER0139,cust00705@okhdfcbank,1130.16,2025-03-22 09:19:03,SUCCESS,514779158624,Amazon Pay
TXN0000403,CUST00125,MER0100,cust00125@okhdfcbank,39.41,2025-06-08 22:02:41,success,473344904727,BHIM
TXN0000405,CUST01408,MER0122,cust01408@okhdfcbank,441.93,2025-04-22 05:02:31,Pending,876524364698,PhonePe
TXN0000407,CUST00613,MER0021,cust00613@okhdfcbank,231.75,2025-03-18 15:55:18,SUCCESS,764842384136,Amazon Pay
TXN0000408,CUST01849,MER0009,cust01849@okhdfcbank,131.0,2025-04-08 11:57:44,success,979828754795,BHIM
TXN0000410,CUST01171,MER0038,cust01171@okhdfcbank,345.05,2025-01-24 08:33:14,Pending,462733475284,Amazon Pay
TXN0000411,CUST01945,MER0115,cust01945@okhdfcbank,875.41,2025-02-03 13:40:27,Success,627759048969,GPay
TXN0000416,CUST01866,MER0018,cust01866@okhdfcbank,398.1,2025-01-17 21:34:38,success,350131833671,PhonePe
TXN0000417,CUST00795,MER0143,cust00795@okhdfcbank,1155.64,2025-03-19 03:48:30,Success,931955969370,Paytm
TXN0000418,CUST01131,MER0084,cust01131@okhdfcbank,729.64,2025-06-16 08:09:28,Success,753280995978,Paytm
TXN0000423,CUST01976,MER0026,cust01976@okhdfcbank,172.37,2025-06-29 14:28:39,SUCCESS,320285992312,GPay
TXN0000424,CUST00217,MER0145,cust00217@okhdfcbank,225.82,2025-06-01 08:56:29,SUCCESS,970791929620,Amazon Pay
TXN0000425,CUST00207,MER0074,cust00207@okhdfcbank,109.68,2025-06-18 10:43:39,Success,328837981080,BHIM
TXN0000426,CUST01097,MER0089,cust01097@okhdfcbank,462.78,2025-06-20 11:16:49,Success,551238544228,PhonePe
TXN0000427,CUST00842,MER0068,cust00842@okhdfcbank,897.95,2025-03-16 09:06:43,Success,192899849916,GPay
TXN0000429,CUST01248,MER0122,cust01248@okhdfcbank,288.84,2025-01-08 06:36:09,Success,300848331807,Amazon Pay
TXN0000430,CUST00353,MER0071,cust00353@okhdfcbank,1519.99,2025-03-20 05:59:41,Success,909493032763,PhonePe
TXN0000431,CUST00295,MER0103,cust00295@okhdfcbank,567.11,2025-01-08 12:44:22,PENDING,562334515548,GPay
TXN0000434,CUST01886,MER0069,cust01886@okhdfcbank,435.61,2025-06-24 04:28:08,SUCCESS,225472676478,Paytm
TXN0000435,CUST00763,MER0006,cust00763@okhdfcbank,3866.92,2025-03-07 14:34:12,SUCCESS,375907589509,Amazon Pay
TXN0000437,CUST01727,MER0126,cust01727@okhdfcbank,3633.49,2025-06-16 15:39:50,success,661826820741,Amazon Pay
TXN0000440,CUST00908,MER0083,cust00908@okhdfcbank,259.17,2025-02-22 07:35:17,Success,450702426027,Amazon Pay
TXN0000441,CUST01493,MER0107,cust01493@okhdfcbank,1509.55,2025-04-28 11:24:25,success,480289504252,Amazon Pay
TXN0000443,CUST00905,MER0055,cust00905@okhdfcbank,659.1,2025-06-27 08:54:19,Failed,248846979264,BHIM
TXN0000444,CUST01688,MER0105,cust01688@okhdfcbank,257.1,2025-05-24 21:03:10,Success,887011054402,PhonePe
TXN0000449,CUST01599,MER0135,cust01599@okhdfcbank,128.3,2025-06-20 17:59:12,success,827414434421,Paytm
TXN0000450,CUST01165,MER0008,cust01165@okhdfcbank,1276.09,2025-02-03 17:40:29,SUCCESS,606159420854,GPay
TXN0000453,CUST00104,MER0093,cust00104@okhdfcbank,357.01,2025-05-17 19:49:55,success,476716419314,Paytm
TXN0000455,CUST01687,MER0119,cust01687@okhdfcbank,456.23,2025-04-09 02:03:34,SUCCESS,019895233005,PhonePe
TXN0000456,CUST00813,MER0032,cust00813@okhdfcbank,1745.71,2025-05-13 06:30:09,SUCCESS,041490297065,Paytm
TXN0000457,CUST00063,MER0062,cust00063@okhdfcbank,1343.64,2025-03-14 07:49:15,success,061018818511,GPay
TXN0000458,CUST01002,MER0115,cust01002@okhdfcbank,621.29,2025-02-04 11:35:59,Success,916810450433,Paytm
TXN0000459,CUST01968,MER0122,cust01968@okhdfcbank,1498.57,2025-04-24 23:03:36,SUCCESS,584373060144,Amazon Pay
TXN0000460,CUST01130,MER0090,cust01130@okhdfcbank,170.8,2025-03-08 20:18:59,success,388942232157,Paytm
TXN0000461,CUST00335,MER0067,cust00335@okhdfcbank,355.86,2025-05-26 10:24:42,success,937583679283,Amazon Pay
TXN0000466,CUST00424,MER0069,cust00424@okhdfcbank,61.48,2025-05-07 12:37:01,SUCCESS,970937039898,GPay
TXN0000467,CUST00839,MER0132,cust00839@okhdfcbank,1116.4,2025-01-04 21:27:02,success,178621682842,BHIM
TXN0000469,CUST01867,MER0034,cust01867@okhdfcbank,1214.39,2025-05-06 16:58:12,Success,465128815462,BHIM
TXN0000471,CUST00517,MER0079,cust00517@okhdfcbank,241.59,2025-05-19 09:36:41,success,007995880986,GPay
TXN0000473,CUST01834,MER0097,cust01834@okhdfcbank,1157.71,2025-06-15 08:40:45,SUCCESS,612790871623,Amazon Pay
TXN0000475,CUST00447,MER0120,cust00447@okhdfcbank,1098.59,2025-02-28 16:05:53,success,642683922298,GPay
TXN0000477,CUST01278,MER0102,cust01278@okhdfcbank,419.29,2025-04-24 11:54:27,Success,828297933254,PhonePe
TXN0000480,CUST01326,MER0073,cust01326@okhdfcbank,606.45,2025-02-27 22:59:55,success,980101158148,Amazon Pay
TXN0000483,CUST00568,MER0067,cust00568@okhdfcbank,561.11,2025-05-08 09:44:20,Success,174938617274,Paytm
TXN0000487,CUST00655,MER0036,cust00655@okhdfcbank,2655.65,2025-05-21 01:25:24,SUCCESS,852642371759,PhonePe
TXN0000488,CUST00053,MER0128,cust00053@okhdfcbank,499.18,2025-02-27 09:37:02,Success,124148890649,PhonePe
TXN0000491,CUST01451,MER0147,cust01451@okhdfcbank,360.26,2025-06-08 10:54:14,SUCCESS,608812492671,BHIM
TXN0000493,CUST01095,MER0122,cust01095@okhdfcbank,1408.03,2025-06-26 00:43:10,success,975584012707,Amazon Pay
TXN0000494,CUST01927,MER0092,cust01927@okhdfcbank,517.84,2025-04-09 12:15:30,success,006826059674,GPay
TXN0000495,CUST00615,MER0044,cust00615@okhdfcbank,440.58,2025-06-13 05:39:36,success,041925767177,BHIM
TXN0000496,CUST01347,MER0143,cust01347@okhdfcbank,,2025-02-05 04:09:15,Pending,607161875197,Amazon Pay
TXN0000498,CUST01518,MER0067,cust01518@okhdfcbank,26.8,2025-05-21 19:36:52,success,150161090606,GPay
TXN0000502,CUST00728,MER0058,cust00728@okhdfcbank,1188.22,2025-05-25 12:16:10,SUCCESS,780472163909,Amazon Pay
TXN0000503,CUST01785,MER0079,cust01785@okhdfcbank,4657.29,2025-03-23 15:32:39,success,066268059373,PhonePe
TXN0000506,CUST00242,MER0121,cust00242@okhdfcbank,2993.26,2025-01-11 10:09:09,PENDING,047781861732,Paytm
TXN0000512,CUST00411,MER0088,cust00411@okhdfcbank,455.7,2025-03-21 10:58:19,PENDING,337403811425,BHIM
TXN0000515,CUST00166,MER0125,cust00166@okhdfcbank,224.34,2025-03-06 14:09:56,Success,869458958604,BHIM
TXN0000516,CUST01293,MER0046,cust01293@okhdfcbank,394.06,2025-03-02 20:36:55,success,166998210904,Amazon Pay
TXN0000517,CUST01300,MER0015,cust01300@okhdfcbank,483.24,2025-01-01 21:57:59,SUCCESS,425842480154,GPay
TXN0000520,CUST01566,MER0041,cust01566@okhdfcbank,128.47,2025-04-06 01:35:40,SUCCESS,350498275333,BHIM
TXN0000522,CUST01259,MER0112,cust01259@okhdfcbank,103.44,2025-05-04 00:15:57,success,492461290496,BHIM
TXN0000526,CUST00409,MER0096,cust00409@okhdfcbank,661.46,2025-01-03 17:36:14,Success,466751387052,Paytm
TXN0000527,CUST01827,MER0083,cust01827@okhdfcbank,207.26,2025-05-27 23:09:57,Success,289561208479,BHIM
TXN0000528,CUST01707,MER0136,cust01707@okhdfcbank,651.15,2025-02-07 00:09:06,success,432070760183,PhonePe
TXN0000529,CUST00037,MER0002,cust00037@okhdfcbank,236.96,2025-05-02 16:34:21,SUCCESS,334351350041,PhonePe
TXN0000538,CUST01537,MER0049,cust01537@okhdfcbank,521.85,2025-02-02 00:24:46,SUCCESS,436898747178,GPay
TXN0000539,CUST01942,MER0104,cust01942@okhdfcbank,905.14,2025-01-04 17:07:39,Success,582703116817,Amazon Pay
TXN0000540,CUST00468,MER0058,cust00468@okhdfcbank,543.18,2025-05-22 04:51:08,Success,292156006597,Paytm
TXN0000543,CUST00751,MER0010,cust00751@okhdfcbank,3387.84,2025-03-14 20:31:24,Failed,666892512625,Paytm
TXN0000546,CUST00222,MER0006,cust00222@okhdfcbank,348.73,2025-01-10 08:47:29,SUCCESS,815204440501,BHIM
TXN0000547,CUST01413,MER0030,cust01413@okhdfcbank,464.98,2025-03-22 22:18:53,success,140357605816,BHIM
TXN0000549,CUST00972,MER0040,cust00972@okhdfcbank,5801.82,2025-02-09 21:40:32,success,901180860529,PhonePe
TXN0000551,CUST00862,MER0026,cust00862@okhdfcbank,288.63,2025-05-09 15:23:39,Success,935601997297,Paytm
TXN0000556,CUST00234,MER0028,cust00234@okhdfcbank,1159.79,2025-04-07 15:37:55,Success,327616254855,GPay
TXN0000557,CUST00407,MER0052,cust00407@okhdfcbank,310.19,2025-06-01 01:33:04,success,418876636497,GPay
TXN0000558,CUST00539,MER0134,cust00539@okhdfcbank,965.31,2025-02-09 03:51:54,Success,727262271659,GPay
TXN0000562,CUST00027,MER0023,cust00027@okhdfcbank,420.65,2025-06-26 02:22:02,Success,674542394347,Amazon Pay
TXN0000563,CUST00227,MER0147,cust00227@okhdfcbank,827.59,2025-05-10 21:52:05,SUCCESS,925565109672,PhonePe
TXN0000564,CUST01012,MER0039,cust01012@okhdfcbank,743.17,2025-01-18 11:48:56,FAILED,512301509219,Paytm
TXN0000565,CUST01597,MER0131,cust01597@okhdfcbank,932.56,2025-01-15 13:45:00,SUCCESS,475306751722,BHIM
TXN0000567,CUST00474,MER0117,cust00474@okhdfcbank,274.43,2025-02-27 11:33:48,SUCCESS,683772236642,Amazon Pay
TXN0000568,CUST00541,MER0119,cust00541@okhdfcbank,356.21,2025-01-10 17:23:26,Success,906045312542,GPay
TXN0000570,CUST00081,MER0075,cust00081@okhdfcbank,756.73,2025-03-11 22:43:19,SUCCESS,011185366705,Paytm
TXN0000571,CUST01642,MER0081,cust01642@okhdfcbank,1614.68,2025-03-24 17:16:53,Failed,664888579767,PhonePe
TXN0000573,CUST01553,MER0012,cust01553@okhdfcbank,351.0,2025-01-02 21:04:34,SUCCESS,943468791447,BHIM
TXN0000577,CUST00550,MER0024,cust00550@okhdfcbank,204.77,2025-03-14 08:32:42,Success,012806213849,PhonePe
TXN0000579,CUST00234,MER0103,cust00234@okhdfcbank,1244.54,2025-03-19 17:18:04,success,920461570990,GPay
TXN0000580,CUST01971,MER0117,cust01971@okhdfcbank,1277.49,2025-02-22 18:50:02,success,074372599788,PhonePe
TXN0000581,CUST01712,MER0099,cust01712@okhdfcbank,1641.65,2025-05-14 23:10:42,SUCCESS,861450432139,BHIM
TXN0000583,CUST00864,MER0043,cust00864@okhdfcbank,,2025-01-22 22:52:54,Success,700560351662,BHIM
TXN0000584,CUST00272,MER0016,cust00272@okhdfcbank,428.82,2025-06-13 22:57:19,success,192063371544,BHIM
TXN0000586,CUST01210,MER0124,cust01210@okhdfcbank,746.26,2025-06-05 18:49:29,Success,968486318681,Paytm
TXN0000587,CUST01166,MER0113,cust01166@okhdfcbank,416.04,2025-02-05 04:44:07,success,535158229754,Amazon Pay
TXN0000588,CUST01252,MER0098,cust01252@okhdfcbank,473.18,2025-06-01 07:10:07,SUCCESS,896357724780,Paytm
TXN0000589,CUST00735,MER0008,cust00735@okhdfcbank,1642.54,2025-06-17 11:53:40,failed,150400660442,GPay
TXN0000590,CUST01402,MER0034,cust01402@okhdfcbank,312.0,2025-04-04 19:18:51,SUCCESS,932588062688,Paytm
TXN0000591,CUST01885,MER0125,cust01885@okhdfcbank,382.94,2025-01-22 22:19:36,Failed,205682742535,Amazon Pay
TXN0000593,CUST00536,MER0081,cust00536@okhdfcbank,78.26,2025-01-03 09:36:09,success,097568697991,PhonePe
TXN0000594,CUST01443,MER0135,cust01443@okhdfcbank,377.64,2025-05-30 00:56:35,SUCCESS,573639374811,GPay
TXN0000596,CUST01158,MER0058,cust01158@okhdfcbank,274.37,2025-05-11 01:42:03,Success,581020939016,Paytm
TXN0000598,CUST01435,MER0025,cust01435@okhdfcbank,770.67,2025-03-26 01:13:02,SUCCESS,767974704814,GPay
TXN0000599,CUST01356,MER0064,cust01356@okhdfcbank,271.83,2025-04-04 13:57:18,Success,489996505494,Paytm
TXN0000600,CUST00709,MER0099,cust00709@okhdfcbank,513.27,2025-01-29 20:46:47,success,160761633576,Paytm
TXN0000601,CUST01719,MER0143,cust01719@okhdfcbank,168.18,2025-06-23 05:18:34,Success,173024333830,Amazon Pay
TXN0000602,CUST01256,MER0014,cust01256@okhdfcbank,491.6,2025-01-03 06:16:08,SUCCESS,279504747549,BHIM
TXN0000603,CUST01318,MER0041,cust01318@okhdfcbank,9230.98,2025-04-09 04:06:56,success,579898920646,PhonePe
TXN0000604,CUST01739,MER0121,cust01739@okhdfcbank,3120.66,2025-06-15 10:00:26,Success,921712800256,Amazon Pay
TXN0000605,CUST01016,MER0043,cust01016@okhdfcbank,519.37,2025-01-15 12:53:50,Success,445008364836,Amazon Pay
TXN0000606,CUST01539,MER0126,cust01539@okhdfcbank,578.33,2025-03-04 06:15:42,Success,210693547791,PhonePe
TXN0000607,CUST00494,MER0085,cust00494@okhdfcbank,185.01,2025-02-24 00:18:22,success,418035895950,PhonePe
TXN0000608,CUST00104,MER0130,cust00104@okhdfcbank,221.01,2025-02-13 05:53:15,FAILED,039594888079,PhonePe
TXN0000609,CUST01128,MER0097,cust01128@okhdfcbank,707.82,2025-03-20 07:24:25,success,125844939751,Amazon Pay
TXN0000611,CUST00910,MER0147,cust00910@okhdfcbank,1217.01,2025-03-29 00:17:26,SUCCESS,765322370758,GPay
TXN0000614,CUST00827,MER0106,cust00827@okhdfcbank,545.52,2025-01-07 22:59:20,SUCCESS,892986108221,Amazon Pay
TXN0000617,CUST01238,MER0078,cust01238@okhdfcbank,157.01,2025-06-22 20:13:02,SUCCESS,534194121028,Paytm
TXN0000618,CUST01042,MER0144,cust01042@okhdfcbank,324.4,2025-02-10 03:59:48,SUCCESS,101161074542,Amazon Pay
TXN0000621,CUST00931,MER0085,cust00931@okhdfcbank,309.05,2025-04-19 18:29:31,SUCCESS,055403846772,BHIM
TXN0000622,CUST01572,MER0122,cust01572@okhdfcbank,327.37,2025-05-20 03:52:07,success,434786595529,BHIM
TXN0000623,CUST01346,MER0094,cust01346@okhdfcbank,244.86,2025-05-20 00:23:55,Failed,565380123694,Paytm
TXN0000624,CUST00927,MER0030,cust00927@okhdfcbank,148.73,2025-01-19 22:05:21,success,402848228118,Amazon Pay
TXN0000626,CUST00728,MER0075,cust00728@okhdfcbank,98.19,2025-04-17 08:25:23,SUCCESS,929769967554,BHIM
TXN0000627,CUST01070,MER0096,cust01070@okhdfcbank,975.61,2025-05-17 08:00:17,success,880954730998,Paytm
TXN0000629,CUST01009,MER0036,cust01009@okhdfcbank,863.1,2025-06-09 14:02:44,success,136821097228,Amazon Pay
TXN0000630,CUST01469,MER0105,cust01469@okhdfcbank,189.73,2025-01-21 18:28:36,Success,367261385655,PhonePe
TXN0000633,CUST00937,MER0049,cust00937@okhdfcbank,-525.37,2025-05-20 04:28:25,success,686619439043,GPay
TXN0000634,CUST00693,MER0028,cust00693@okhdfcbank,425.27,2025-05-28 00:34:18,Success,886345618655,BHIM
TXN0000635,CUST00849,MER0012,cust00849@okhdfcbank,368.9,2025-06-29 22:23:33,SUCCESS,557436591969,Paytm
TXN0000636,CUST01297,MER0032,cust01297@okhdfcbank,2726.5,2025-05-30 22:27:26,success,467996678404,Paytm
TXN0000637,CUST01827,MER0116,cust01827@okhdfcbank,754.48,2025-03-30 19:34:55,success,829312400355,GPay
TXN0000638,CUST01349,MER0130,cust01349@okhdfcbank,3535.74,2025-01-27 03:26:57,SUCCESS,014912459786,PhonePe
TXN0000639,CUST01974,MER0128,cust01974@okhdfcbank,1752.79,2025-01-01 20:12:53,SUCCESS,368889923767,BHIM
TXN0000640,CUST01087,MER0013,cust01087@okhdfcbank,2706.12,2025-04-18 10:13:17,SUCCESS,949366641102,Paytm
TXN0000641,CUST01916,MER0111,cust01916@okhdfcbank,168.26,2025-06-12 21:09:59,success,086090310379,Paytm
TXN0000642,CUST01199,MER0124,cust01199@okhdfcbank,891.74,2025-06-29 11:52:49,success,331887753761,Paytm
TXN0000643,CUST01042,MER0046,cust01042@okhdfcbank,319.97,2025-05-15 08:06:15,SUCCESS,548360610432,Amazon Pay
TXN0000644,CUST01185,MER0045,cust01185@okhdfcbank,93.37,2025-05-22 20:21:06,pending,846018269542,BHIM
TXN0000645,CUST01670,MER0033,cust01670@okhdfcbank,2199.54,2025-01-21 02:35:47,success,257865948419,Amazon Pay
TXN0000650,CUST01234,MER0132,cust01234@okhdfcbank,246.24,2025-02-28 01:02:10,FAILED,454808498240,GPay
TXN0000651,CUST01727,MER0141,cust01727@okhdfcbank,394.81,2025-06-17 03:11:16,Success,098524088873,Paytm
TXN0000652,CUST00643,MER0142,cust00643@okhdfcbank,2781.69,2025-05-03 20:03:06,SUCCESS,813645427964,Paytm
TXN0000655,CUST01887,MER0034,cust01887@okhdfcbank,1151.52,2025-05-18 22:41:14,SUCCESS,732350406186,GPay
TXN0000656,CUST01332,MER0046,cust01332@okhdfcbank,732.36,2025-04-08 20:18:49,SUCCESS,565953308114,Paytm
TXN0000657,CUST01112,MER0083,cust01112@okhdfcbank,1041.19,2025-05-18 22:29:01,Success,762126690798,GPay
TXN0000658,CUST00237,MER0091,cust00237@okhdfcbank,499.52,2025-04-20 04:24:56,SUCCESS,265530905731,Paytm
TXN0000661,CUST01798,MER0109,cust01798@okhdfcbank,93.25,2025-06-06 22:58:23,Success,110632625388,GPay
TXN0000664,CUST00116,MER0052,cust00116@okhdfcbank,369.07,2025-02-21 20:12:32,success,765024890744,Amazon Pay
TXN0000665,CUST01537,MER0042,cust01537@okhdfcbank,559.06,2025-02-25 15:43:30,SUCCESS,508450305740,GPay
TXN0000666,CUST01400,MER0065,cust01400@okhdfcbank,266.97,2025-01-29 10:24:20,success,153094898879,Amazon Pay
TXN0000667,CUST01720,MER0016,cust01720@okhdfcbank,124.26,2025-05-15 02:24:18,Success,800369692915,PhonePe
TXN0000668,CUST01607,MER0076,cust01607@okhdfcbank,104.55,2025-02-09 14:42:47,Success,583559293378,Amazon Pay
TXN0000669,CUST01544,MER0139,cust01544@okhdfcbank,105.95,2025-01-07 06:33:31,success,318317071688,Amazon Pay
TXN0000670,CUST00735,MER0116,cust00735@okhdfcbank,962.03,2025-01-20 21:35:29,Success,517203735092,PhonePe
TXN0000671,CUST01262,MER0144,cust01262@okhdfcbank,40.84,2025-06-17 22:27:12,SUCCESS,145218603371,GPay
TXN0000673,CUST00487,MER0131,cust00487@okhdfcbank,229.14,2025-06-02 07:08:10,SUCCESS,357730432343,PhonePe
TXN0000674,CUST01632,MER0074,cust01632@okhdfcbank,371.61,2025-05-15 13:18:58,success,396260312020,GPay
TXN0000675,CUST01361,MER0013,cust01361@okhdfcbank,76.98,2025-06-29 21:43:55,Success,670796322082,Paytm
TXN0000677,CUST01960,MER0081,cust01960@okhdfcbank,137.94,2025-04-18 05:05:13,Success,665534583321,Paytm
TXN0000678,CUST00111,MER0004,cust00111@okhdfcbank,1529.06,2025-05-25 09:45:11,success,708253220486,GPay
TXN0000682,CUST01206,MER0140,cust01206@okhdfcbank,629.07,2025-05-24 09:25:35,success,253713791098,Paytm
TXN0000683,CUST01236,MER0051,cust01236@okhdfcbank,511.33,2025-05-31 17:06:21,success,471934444274,Amazon Pay
TXN0000688,CUST01140,MER0068,cust01140@okhdfcbank,754.74,2025-01-26 06:09:14,Success,689742106986,Amazon Pay
TXN0000690,CUST00677,MER0120,cust00677@okhdfcbank,998.14,2025-05-18 19:23:30,success,296869102850,PhonePe
TXN0000691,CUST01920,MER0040,cust01920@okhdfcbank,1251.85,2025-01-08 18:08:11,SUCCESS,995125174403,Paytm
TXN0000692,CUST00315,MER0083,cust00315@okhdfcbank,585.18,2025-04-26 21:39:50,success,168443907724,GPay
TXN0000693,CUST00105,MER0078,cust00105@okhdfcbank,193.22,2025-04-06 06:07:59,SUCCESS,252672458753,GPay
TXN0000694,CUST01618,MER0147,cust01618@okhdfcbank,219.28,2025-04-17 19:55:56,success,812729768170,Paytm
TXN0000695,CUST00734,MER0019,cust00734@okhdfcbank,678.5,2025-06-02 05:51:04,success,798079075900,BHIM
TXN0000697,CUST01067,MER0018,cust01067@okhdfcbank,7989.73,2025-06-02 16:13:44,SUCCESS,370558695552,Amazon Pay
TXN0000699,CUST01100,MER0104,cust01100@okhdfcbank,152.87,2025-01-18 20:29:50,Failed,020253266087,PhonePe
TXN0000700,CUST00716,MER0057,cust00716@okhdfcbank,228.77,2025-06-21 12:55:37,SUCCESS,267563728024,BHIM
TXN0000701,CUST00437,MER0085,cust00437@okhdfcbank,4810.31,2025-03-06 06:52:54,success,602430904881,GPay
TXN0000702,CUST00739,MER0076,cust00739@okhdfcbank,397.67,2025-02-12 10:01:43,SUCCESS,366526721364,Amazon Pay
TXN0000703,CUST01947,MER0136,cust01947@okhdfcbank,516.73,2025-04-03 04:59:41,SUCCESS,336826737771,Amazon Pay
TXN0000704,CUST01150,MER0003,cust01150@okhdfcbank,188.59,2025-01-23 06:38:34,SUCCESS,481471224007,BHIM
TXN0000705,CUST01370,MER0089,cust01370@okhdfcbank,2356.9,2025-03-28 12:57:35,SUCCESS,370144680790,BHIM
TXN0000707,CUST01398,MER0083,cust01398@okhdfcbank,227.1,2025-03-16 01:19:30,Success,293170058789,GPay
TXN0000709,CUST00526,MER0139,cust00526@okhdfcbank,669.95,2025-05-21 13:58:15,success,787312821924,BHIM
TXN0000713,CUST01840,MER0050,cust01840@okhdfcbank,378.24,2025-03-04 04:45:56,success,713222321382,Amazon Pay
TXN0000714,CUST01053,MER0022,cust01053@okhdfcbank,286.06,2025-01-19 15:11:21,SUCCESS,055450009654,Amazon Pay
TXN0000715,CUST00343,MER0138,cust00343@okhdfcbank,419.92,2025-04-14 12:55:09,success,007047386804,Paytm
TXN0000719,CUST00213,MER0053,cust00213@okhdfcbank,200.75,2025-04-15 10:06:58,SUCCESS,541738466914,PhonePe
TXN0000722,CUST01406,MER0040,cust01406@okhdfcbank,212.32,2025-01-05 14:41:48,Success,078990914033,Paytm
TXN0000723,CUST00941,MER0085,cust00941@okhdfcbank,346.68,2025-01-08 08:33:46,failed,115860525875,Paytm
TXN0000727,CUST00530,MER0105,cust00530@okhdfcbank,1209.96,2025-03-17 08:21:46,success,622281507274,GPay
TXN0000729,CUST00035,MER0100,cust00035@okhdfcbank,655.56,2025-05-11 17:47:58,success,829868236160,Paytm
TXN0000730,CUST00243,MER0137,cust00243@okhdfcbank,169.12,2025-01-02 03:29:27,success,200744623975,PhonePe
TXN0000731,CUST01314,MER0017,cust01314@okhdfcbank,376.49,2025-05-27 19:01:54,Success,762934104797,GPay
TXN0000734,CUST00218,MER0075,cust00218@okhdfcbank,3595.37,2025-06-02 19:10:55,SUCCESS,283292382320,GPay
TXN0000735,CUST01405,MER0078,cust01405@okhdfcbank,944.17,2025-04-28 18:48:06,success,173218724815,Amazon Pay
TXN0000737,CUST01898,MER0113,cust01898@okhdfcbank,633.3,2025-03-16 01:30:57,SUCCESS,401410995458,BHIM
TXN0000739,CUST00321,MER0137,cust00321@okhdfcbank,99.74,2025-02-12 16:38:54,FAILED,983154959560,GPay
TXN0000740,CUST00280,MER0101,cust00280@okhdfcbank,457.63,2025-06-04 17:13:09,SUCCESS,914791369160,Amazon Pay
TXN0000741,CUST01634,MER0140,cust01634@okhdfcbank,204.15,2025-02-27 06:41:57,Success,219209029095,Amazon Pay
TXN0000742,CUST01967,MER0037,cust01967@okhdfcbank,652.86,2025-02-27 21:02:38,SUCCESS,129543886355,Amazon Pay
TXN0000744,CUST01134,MER0143,cust01134@okhdfcbank,3452.39,2025-01-28 10:50:59,SUCCESS,504840664556,GPay
TXN0000745,CUST00253,MER0011,cust00253@okhdfcbank,1232.29,2025-01-01 23:26:26,failed,975279244852,GPay
TXN0000747,CUST01122,MER0022,cust01122@okhdfcbank,377.31,2025-03-01 03:57:49,Success,395162745501,Paytm
TXN0000748,CUST00431,MER0089,cust00431@okhdfcbank,2633.37,2025-02-11 02:45:56,success,069660883452,BHIM
TXN0000751,CUST01710,MER0065,cust01710@okhdfcbank,514.01,2025-02-07 17:37:32,SUCCESS,484057110473,GPay
TXN0000754,CUST01539,MER0141,cust01539@okhdfcbank,69.27,2025-03-31 13:39:05,SUCCESS,644518005931,Amazon Pay
TXN0000755,CUST01321,MER0141,cust01321@okhdfcbank,104.83,2025-01-15 04:52:42,Success,681979849141,BHIM
TXN0000758,CUST00732,MER0033,cust00732@okhdfcbank,698.0,2025-05-11 08:27:50,Success,760467110914,Paytm
TXN0000761,CUST00996,MER0116,cust00996@okhdfcbank,1079.8,2025-03-05 18:12:13,success,756697017943,Amazon Pay
TXN0000762,CUST01263,MER0079,cust01263@okhdfcbank,279.44,2025-05-15 15:44:56,success,090106852720,PhonePe
TXN0000763,CUST01197,MER0040,cust01197@okhdfcbank,937.52,2025-04-20 19:39:48,success,860410425141,PhonePe
TXN0000765,CUST00346,MER0002,cust00346@okhdfcbank,794.97,2025-03-02 19:41:12,success,667842617366,Amazon Pay
TXN0000769,CUST00735,MER0079,cust00735@okhdfcbank,261.05,2025-04-05 13:27:04,SUCCESS,328383399866,PhonePe
TXN0000771,CUST01323,MER0021,cust01323@okhdfcbank,45.38,2025-06-13 11:02:22,success,698934014826,PhonePe
TXN0000773,CUST01104,MER0051,cust01104@okhdfcbank,2251.56,2025-02-21 02:45:44,Success,254041876125,Paytm
TXN0000774,CUST01503,MER0020,cust01503@okhdfcbank,1022.58,2025-05-22 06:02:52,Success,055867840351,BHIM
TXN0000776,CUST00064,MER0149,cust00064@okhdfcbank,236.51,2025-04-23 09:52:23,success,471869803324,GPay
TXN0000777,CUST00830,MER0055,cust00830@okhdfcbank,1335.87,2025-06-25 23:40:50,success,775812535050,PhonePe
TXN0000782,CUST00952,MER0129,cust00952@okhdfcbank,211.18,2025-04-10 02:41:32,Failed,892704387304,Amazon Pay
TXN0000783,CUST00186,MER0102,cust00186@okhdfcbank,111.93,2025-03-12 15:44:11,success,395287059902,GPay
TXN0000784,CUST01029,MER0003,cust01029@okhdfcbank,193.05,2025-05-09 16:18:20,SUCCESS,956194293231,Paytm
TXN0000785,CUST00490,MER0043,cust00490@okhdfcbank,546.33,2025-05-28 00:50:09,success,213121039144,Paytm
TXN0000788,CUST01351,MER0038,cust01351@okhdfcbank,1442.7,2025-05-23 21:38:05,pending,268254874597,BHIM
TXN0000789,CUST01500,MER0124,cust01500@okhdfcbank,91.46,2025-03-11 16:06:30,Success,520806357142,PhonePe
TXN0000791,CUST00999,MER0060,cust00999@okhdfcbank,508.37,2025-01-13 04:57:15,success,086426446510,GPay
TXN0000793,CUST00424,MER0133,cust00424@okhdfcbank,1335.36,2025-06-26 06:18:36,SUCCESS,277376650059,GPay
TXN0000795,CUST00932,MER0012,cust00932@okhdfcbank,244.19,2025-01-08 17:58:09,Success,203194216534,Amazon Pay
TXN0000802,CUST00516,MER0097,cust00516@okhdfcbank,-595.59,2025-06-26 04:03:22,SUCCESS,643038424031,GPay
TXN0000805,CUST01238,MER0002,cust01238@okhdfcbank,748.21,2025-04-08 10:43:47,Success,495918370404,Paytm
TXN0000809,CUST00308,MER0048,cust00308@okhdfcbank,241.2,2025-01-31 13:20:18,SUCCESS,449848039538,PhonePe
TXN0000810,CUST00742,MER0031,cust00742@okhdfcbank,225.79,2025-05-09 08:59:39,Success,044485273898,PhonePe
TXN0000813,CUST01383,MER0123,cust01383@okhdfcbank,510.42,2025-04-04 00:24:01,Success,735516687989,Paytm
TXN0000816,CUST00500,MER0012,cust00500@okhdfcbank,599.95,2025-01-25 19:59:16,Success,448247470643,Paytm
TXN0000818,CUST01050,MER0011,cust01050@okhdfcbank,268.1,2025-06-22 23:25:04,FAILED,776284704501,GPay
TXN0000819,CUST01173,MER0038,cust01173@okhdfcbank,530.46,2025-01-11 20:34:07,success,015572129862,Amazon Pay
TXN0000820,CUST00341,MER0067,cust00341@okhdfcbank,1343.08,2025-06-29 02:54:50,SUCCESS,665232648910,PhonePe
TXN0000822,CUST01228,MER0145,cust01228@okhdfcbank,618.06,2025-05-04 19:32:13,Success,030395404210,Paytm
TXN0000823,CUST00039,MER0073,cust00039@okhdfcbank,243.39,2025-01-17 15:37:01,SUCCESS,094273135800,Paytm
TXN0000824,CUST00444,MER0115,cust00444@okhdfcbank,3529.31,2025-04-28 18:36:55,SUCCESS,531599831116,Amazon Pay
TXN0000825,CUST00966,MER0124,cust00966@okhdfcbank,257.66,2025-02-03 02:53:55,failed,337019593897,Amazon Pay
TXN0000827,CUST00293,MER0150,cust00293@okhdfcbank,1164.66,2025-06-09 07:35:20,Success,193662357963,Amazon Pay
TXN0000828,CUST01572,MER0047,cust01572@okhdfcbank,439.3,2025-05-02 00:22:37,SUCCESS,838428162099,BHIM
TXN0000830,CUST01405,MER0088,cust01405@okhdfcbank,285.56,2025-06-29 02:28:17,SUCCESS,607857479491,PhonePe
TXN0000831,CUST00929,MER0018,cust00929@okhdfcbank,3202.59,2025-02-14 15:00:35,success,865283698815,PhonePe
TXN0000832,CUST00775,MER0099,cust00775@okhdfcbank,702.46,2025-01-26 16:09:29,success,521164342248,GPay
TXN0000833,CUST00223,MER0005,cust00223@okhdfcbank,853.85,2025-02-09 07:00:45,success,220621777954,PhonePe
TXN0000834,CUST01071,MER0130,cust01071@okhdfcbank,579.76,2025-05-13 21:23:06,Success,868338407530,GPay
TXN0000835,CUST00860,MER0039,cust00860@okhdfcbank,645.52,2025-04-28 13:53:09,SUCCESS,919696963552,Paytm
TXN0000836,CUST00198,MER0046,cust00198@okhdfcbank,1995.45,2025-04-03 09:42:40,Success,304095261807,Amazon Pay
TXN0000838,CUST01606,MER0137,cust01606@okhdfcbank,114.79,2025-04-08 17:41:02,SUCCESS,181404905342,Paytm
TXN0000841,CUST01105,MER0001,cust01105@okhdfcbank,548.93,2025-06-24 04:10:41,Success,354011391224,BHIM
TXN0000843,CUST00862,MER0095,cust00862@okhdfcbank,340.11,2025-06-19 20:58:36,SUCCESS,544955466255,PhonePe
TXN0000845,CUST00470,MER0124,cust00470@okhdfcbank,431.95,2025-06-03 07:35:44,success,017794314173,Amazon Pay
TXN0000846,CUST01575,MER0098,cust01575@okhdfcbank,272.74,2025-03-10 01:31:53,SUCCESS,356456684357,GPay
TXN0000847,CUST01207,MER0148,cust01207@okhdfcbank,1618.37,2025-01-19 23:23:37,Failed,098761521581,BHIM
TXN0000849,CUST00978,MER0060,cust00978@okhdfcbank,5223.29,2025-06-26 17:18:18,Success,867040229205,BHIM
TXN0000851,CUST01796,MER0140,cust01796@okhdfcbank,83.26,2025-03-21 08:25:54,SUCCESS,779016059311,BHIM
TXN0000853,CUST01523,MER0002,cust01523@okhdfcbank,416.32,2025-04-23 05:36:55,success,572219379244,Amazon Pay
TXN0000855,CUST00015,MER0097,cust00015@okhdfcbank,183.21,2025-05-08 02:24:21,SUCCESS,164171304380,PhonePe
TXN0000856,CUST00421,MER0081,cust00421@okhdfcbank,,2025-03-21 09:21:22,SUCCESS,090417272498,PhonePe
TXN0000857,CUST00742,MER0028,cust00742@okhdfcbank,436.54,2025-01-31 01:19:13,success,716438188798,Paytm
TXN0000858,CUST00873,MER0150,cust00873@okhdfcbank,235.66,2025-02-19 06:00:51,Success,795742242952,Amazon Pay
TXN0000860,CUST00749,MER0071,cust00749@okhdfcbank,1234.97,2025-05-13 03:51:08,success,394629715445,PhonePe
TXN0000862,CUST01606,MER0143,cust01606@okhdfcbank,794.63,2025-04-04 16:27:45,Failed,183706284960,PhonePe
TXN0000863,CUST00367,MER0095,cust00367@okhdfcbank,1093.91,2025-04-19 13:33:57,Success,269493023145,GPay
TXN0000864,CUST01137,MER0124,cust01137@okhdfcbank,396.01,2025-02-19 06:41:22,Success,108435960964,BHIM
TXN0000865,CUST00629,MER0148,cust00629@okhdfcbank,519.24,2025-03-08 20:49:00,SUCCESS,813214922071,GPay
TXN0000867,CUST01770,MER0031,cust01770@okhdfcbank,243.51,2025-05-26 05:04:00,Success,249997030430,BHIM
TXN0000868,CUST00471,MER0115,cust00471@okhdfcbank,269.98,2025-06-02 01:33:13,Success,174084771188,Paytm
TXN0000871,CUST01610,MER0087,cust01610@okhdfcbank,1794.16,2025-06-05 12:14:56,SUCCESS,484479594239,Paytm
TXN0000872,CUST01128,MER0014,cust01128@okhdfcbank,122.01,2025-02-01 05:05:36,failed,839078321616,Paytm
TXN0000874,CUST00187,MER0038,cust00187@okhdfcbank,1117.57,2025-04-02 14:08:06,Success,017641904996,BHIM
TXN0000875,CUST01897,MER0112,cust01897@okhdfcbank,2329.93,2025-01-18 02:45:55,FAILED,579898910092,PhonePe
TXN0000876,CUST00132,MER0068,cust00132@okhdfcbank,724.23,2025-02-13 01:31:27,Success,762495337479,Amazon Pay
TXN0000879,CUST01344,MER0134,cust01344@okhdfcbank,991.19,2025-02-25 15:02:36,success,083703090038,PhonePe
TXN0000880,CUST01458,MER0015,cust01458@okhdfcbank,4651.28,2025-05-31 05:16:36,Success,267253901883,Amazon Pay
TXN0000881,CUST01680,MER0045,cust01680@okhdfcbank,1285.25,2025-05-05 07:58:25,Success,738866666618,PhonePe
TXN0000883,CUST01346,MER0133,cust01346@okhdfcbank,152.31,2025-02-25 12:53:13,success,622249728051,BHIM
TXN0000884,CUST00399,MER0009,cust00399@okhdfcbank,275.64,2025-06-02 05:30:56,SUCCESS,281314297605,Paytm
TXN0000886,CUST00348,MER0010,cust00348@okhdfcbank,397.4,2025-03-11 20:30:35,Success,356272628657,BHIM
TXN0000888,CUST00566,MER0103,cust00566@okhdfcbank,490.94,2025-03-10 13:41:39,Success,774400535767,GPay
TXN0000889,CUST01372,MER0102,cust01372@okhdfcbank,1368.85,2025-03-20 17:32:18,failed,149472725978,GPay
TXN0000890,CUST01201,MER0052,cust01201@okhdfcbank,690.61,2025-04-11 12:51:21,success,218207343359,Paytm
TXN0000894,CUST01194,MER0090,cust01194@okhdfcbank,566.36,2025-03-09 11:21:04,Pending,481347838711,Amazon Pay
TXN0000896,CUST01973,MER0050,cust01973@okhdfcbank,228.37,2025-03-30 07:19:50,success,152927643502,GPay
TXN0000897,CUST01905,MER0104,cust01905@okhdfcbank,319.59,2025-04-22 15:15:34,SUCCESS,733600078526,Amazon Pay
TXN0000899,CUST00834,MER0130,cust00834@okhdfcbank,1683.22,2025-01-21 16:09:45,FAILED,910258624170,Amazon Pay
TXN0000900,CUST01145,MER0019,cust01145@okhdfcbank,112.86,2025-04-08 16:56:17,SUCCESS,253408806507,Amazon Pay
TXN0000901,CUST00603,MER0088,cust00603@okhdfcbank,46.2,2025-01-23 17:18:05,FAILED,823215229362,GPay
TXN0000902,CUST01645,MER0132,cust01645@okhdfcbank,,2025-02-20 00:56:17,SUCCESS,395580695603,Amazon Pay
TXN0000903,CUST01795,MER0138,cust01795@okhdfcbank,1204.08,2025-06-07 21:32:28,Success,713040852309,Paytm
TXN0000905,CUST01154,MER0124,cust01154@okhdfcbank,1368.76,2025-05-30 12:18:25,Success,106422022267,GPay
TXN0000908,CUST01202,MER0008,cust01202@okhdfcbank,1049.55,2025-04-04 14:08:37,SUCCESS,449662933121,BHIM
TXN0000909,CUST00239,MER0067,cust00239@okhdfcbank,289.49,2025-01-14 02:49:32,SUCCESS,315773976444,BHIM
TXN0000910,CUST00784,MER0057,cust00784@okhdfcbank,369.92,2025-05-12 10:38:35,Failed,233520673350,PhonePe
TXN0000912,CUST00845,MER0091,cust00845@okhdfcbank,477.52,2025-04-11 07:05:02,FAILED,564541317464,GPay
TXN0000914,CUST00540,MER0064,cust00540@okhdfcbank,986.17,2025-02-25 18:51:59,Success,744355345316,GPay
TXN0000916,CUST01136,MER0046,cust01136@okhdfcbank,468.95,2025-04-03 12:54:33,success,620825271435,BHIM
TXN0000917,CUST00643,MER0091,cust00643@okhdfcbank,1181.75,2025-02-12 10:35:31,Success,170596058788,Amazon Pay
TXN0000920,CUST01510,MER0052,cust01510@okhdfcbank,197.1,2025-02-15 14:31:59,Success,350360916739,BHIM
TXN0000922,CUST00544,MER0053,cust00544@okhdfcbank,658.92,2025-02-14 12:11:04,SUCCESS,259206954092,GPay
TXN0000925,CUST01885,MER0021,cust01885@okhdfcbank,1057.14,2025-05-12 05:30:45,success,009863284941,Paytm
TXN0000926,CUST01958,MER0127,cust01958@okhdfcbank,527.65,2025-04-30 04:38:27,success,585438933551,PhonePe
TXN0000927,CUST00014,MER0139,cust00014@okhdfcbank,191.32,2025-01-09 04:57:37,success,855716303031,BHIM
TXN0000928,CUST01737,MER0124,cust01737@okhdfcbank,1217.74,2025-03-14 01:54:04,Success,999958530536,Paytm
TXN0000930,CUST00563,MER0126,cust00563@okhdfcbank,843.9,2025-02-05 12:14:40,success,811820415039,BHIM
TXN0000931,CUST01566,MER0131,cust01566@okhdfcbank,2778.84,2025-02-24 10:08:13,Success,839837089831,PhonePe
TXN0000934,CUST01077,MER0109,cust01077@okhdfcbank,389.0,2025-04-03 21:07:59,SUCCESS,790173752059,Paytm
TXN0000935,CUST01925,MER0139,cust01925@okhdfcbank,1120.13,2025-01-07 07:45:10,Success,771787941976,Amazon Pay
TXN0000936,CUST01030,MER0089,cust01030@okhdfcbank,858.23,2025-03-18 10:51:13,SUCCESS,147780844571,Amazon Pay
TXN0000937,CUST01763,MER0045,cust01763@okhdfcbank,201.2,2025-03-30 18:41:16,success,319416560132,Paytm
TXN0000939,CUST01062,MER0118,cust01062@okhdfcbank,148.23,2025-03-03 07:02:29,SUCCESS,856591520165,PhonePe
TXN0000941,CUST00432,MER0098,cust00432@okhdfcbank,439.02,2025-04-23 19:41:40,Success,810104324596,PhonePe
TXN0000945,CUST00377,MER0128,cust00377@okhdfcbank,2880.04,2025-03-24 07:43:01,SUCCESS,961820697689,Amazon Pay
TXN0000946,CUST00432,MER0108,cust00432@okhdfcbank,384.83,2025-05-17 01:33:27,Success,767482901009,PhonePe
TXN0000947,CUST01541,MER0096,cust01541@okhdfcbank,436.07,2025-03-12 21:23:12,SUCCESS,914348440241,Paytm
TXN0000953,CUST01639,MER0039,cust01639@okhdfcbank,1599.7,2025-04-02 20:16:45,success,768909173923,PhonePe
TXN0000955,CUST00864,MER0128,cust00864@okhdfcbank,1275.8,2025-01-27 02:41:00,SUCCESS,006744223168,PhonePe
TXN0000956,CUST01830,MER0133,cust01830@okhdfcbank,72.9,2025-04-14 16:32:21,Success,410280886383,Paytm
TXN0000957,CUST01476,MER0081,cust01476@okhdfcbank,253.92,2025-06-02 11:55:00,PENDING,313283923329,GPay
TXN0000958,CUST00997,MER0077,cust00997@okhdfcbank,273.5,2025-02-18 17:37:25,failed,140291517578,GPay
TXN0000959,CUST01152,MER0146,cust01152@okhdfcbank,212.49,2025-01-10 06:20:29,SUCCESS,951869861017,BHIM
TXN0000961,CUST00123,MER0056,cust00123@okhdfcbank,486.98,2025-06-08 00:40:01,SUCCESS,442636319627,Paytm
TXN0000963,CUST01525,MER0086,cust01525@okhdfcbank,855.78,2025-02-20 10:36:42,Success,830908010798,PhonePe
TXN0000964,CUST00740,MER0093,cust00740@okhdfcbank,870.7,2025-04-19 19:25:13,SUCCESS,308692403868,GPay
TXN0000965,CUST01142,MER0066,cust01142@okhdfcbank,17.55,2025-03-08 19:48:35,Success,645732507832,Amazon Pay
TXN0000966,CUST00041,MER0106,cust00041@okhdfcbank,258.18,2025-01-24 13:00:27,SUCCESS,279626082461,BHIM
TXN0000968,CUST01180,MER0138,cust01180@okhdfcbank,735.32,2025-02-03 21:24:35,Success,097884151993,Amazon Pay
TXN0000970,CUST01379,MER0131,cust01379@okhdfcbank,500.39,2025-04-05 15:53:07,success,093349204133,Amazon Pay
TXN0000974,CUST01655,MER0087,cust01655@okhdfcbank,2017.17,2025-03-23 21:48:26,Success,332610842155,Amazon Pay
TXN0000975,CUST01293,MER0147,cust01293@okhdfcbank,1011.17,2025-03-20 14:22:39,Pending,299641706956,GPay
TXN0000976,CUST01739,MER0019,cust01739@okhdfcbank,129.61,2025-01-16 08:41:17,success,774050614717,Paytm
TXN0000978,CUST01338,MER0075,cust01338@okhdfcbank,1016.38,2025-05-18 22:51:36,SUCCESS,835525561095,PhonePe
TXN0000979,CUST00548,MER0102,cust00548@okhdfcbank,438.26,2025-02-22 16:06:27,SUCCESS,598195763847,BHIM
TXN0000981,CUST01203,MER0134,cust01203@okhdfcbank,1278.69,2025-03-29 10:29:50,success,710554231405,Amazon Pay
TXN0000983,CUST00048,MER0033,cust00048@okhdfcbank,696.57,2025-05-22 07:39:55,success,849450959103,Paytm
TXN0000984,CUST00481,MER0065,cust00481@okhdfcbank,527.63,2025-05-25 10:42:37,FAILED,339787078715,GPay
TXN0000986,CUST00814,MER0027,cust00814@okhdfcbank,434.69,2025-01-19 13:18:45,FAILED,060855514052,BHIM
TXN0000988,CUST00111,MER0007,cust00111@okhdfcbank,2388.96,2025-05-30 16:48:41,SUCCESS,398266726550,GPay
TXN0000989,CUST00814,MER0135,cust00814@okhdfcbank,255.13,2025-05-29 13:08:29,Success,376216236253,BHIM
TXN0000993,CUST00507,MER0073,cust00507@okhdfcbank,493.32,2025-03-28 01:16:38,SUCCESS,691210142473,BHIM
TXN0000995,CUST01718,MER0044,cust01718@okhdfcbank,1907.81,2025-01-06 13:09:06,SUCCESS,981194853712,GPay
TXN0000996,CUST00072,MER0092,cust00072@okhdfcbank,2153.16,2025-06-17 01:36:33,FAILED,301381983199,GPay
TXN0000998,CUST00976,MER0120,cust00976@okhdfcbank,183.6,2025-06-19 02:40:48,Success,867220314124,GPay
TXN0001000,CUST00912,MER0035,cust00912@okhdfcbank,151.18,2025-05-16 11:09:29,success,533596587255,Amazon Pay
TXN0001001,CUST01105,MER0046,cust01105@okhdfcbank,396.48,2025-04-25 17:28:18,Pending,970562333545,Paytm
TXN0001002,CUST01224,MER0117,cust01224@okhdfcbank,350.14,2025-05-03 12:53:40,success,606909511789,Amazon Pay
TXN0001009,CUST00001,MER0134,cust00001@okhdfcbank,618.1,2025-06-08 07:56:42,SUCCESS,552373088640,Paytm
TXN0001010,CUST01553,MER0035,cust01553@okhdfcbank,433.49,2025-03-08 18:37:11,Success,479909862994,GPay
TXN0001011,CUST00588,MER0121,cust00588@okhdfcbank,1398.34,2025-04-14 21:44:29,Success,906150975792,GPay
TXN0001014,CUST01569,MER0111,cust01569@okhdfcbank,282.97,2025-06-04 22:47:07,success,159179252968,BHIM
TXN0001017,CUST01807,MER0144,cust01807@okhdfcbank,837.56,2025-03-26 21:03:47,success,894675784944,BHIM
TXN0001020,CUST00775,MER0057,cust00775@okhdfcbank,634.18,2025-02-21 01:34:36,PENDING,665713320540,Paytm
TXN0001022,CUST01566,MER0070,cust01566@okhdfcbank,182.98,2025-02-25 06:41:25,Success,383458248648,Amazon Pay
TXN0001026,CUST00280,MER0075,cust00280@okhdfcbank,134.31,2025-01-22 10:17:52,Success,090739994315,BHIM
TXN0001029,CUST01276,MER0126,cust01276@okhdfcbank,1789.32,2025-02-06 11:09:44,SUCCESS,677497131715,Amazon Pay
TXN0001031,CUST00102,MER0137,cust00102@okhdfcbank,523.87,2025-01-05 07:08:14,Success,233338348119,GPay
TXN0001033,CUST00257,MER0113,cust00257@okhdfcbank,70.91,2025-05-22 04:33:52,SUCCESS,415036216005,Paytm
TXN0001034,CUST00017,MER0060,cust00017@okhdfcbank,894.56,2025-01-18 12:20:54,SUCCESS,241185023143,BHIM
TXN0001035,CUST00309,MER0004,cust00309@okhdfcbank,82.68,2025-04-06 20:14:50,SUCCESS,114394026712,GPay
TXN0001037,CUST01638,MER0128,cust01638@okhdfcbank,1354.65,2025-03-14 02:50:09,success,520618647869,PhonePe
TXN0001039,CUST00165,MER0038,cust00165@okhdfcbank,253.51,2025-01-11 21:09:27,success,013869781931,BHIM
TXN0001040,CUST00546,MER0101,cust00546@okhdfcbank,100.63,2025-01-14 20:40:36,success,143216913387,GPay
TXN0001041,CUST01113,MER0121,cust01113@okhdfcbank,820.16,2025-02-05 06:20:05,SUCCESS,387716237303,PhonePe
TXN0001043,CUST00782,MER0004,cust00782@okhdfcbank,254.11,2025-01-24 16:22:55,failed,591324409776,Paytm
TXN0001047,CUST01506,MER0025,cust01506@okhdfcbank,1683.31,2025-04-12 04:41:03,Success,328601898303,Paytm
TXN0001048,CUST01364,MER0054,cust01364@okhdfcbank,142.65,2025-04-02 19:31:36,SUCCESS,150394175332,BHIM
TXN0001050,CUST00325,MER0011,cust00325@okhdfcbank,5115.33,2025-05-25 14:40:05,Success,378068824171,Amazon Pay
TXN0001052,CUST00251,MER0065,cust00251@okhdfcbank,634.54,2025-04-04 10:41:32,SUCCESS,992968635249,Amazon Pay
TXN0001056,CUST00031,MER0043,cust00031@okhdfcbank,665.01,2025-06-04 06:07:39,success,969797924788,GPay
TXN0001058,CUST00498,MER0003,cust00498@okhdfcbank,355.4,2025-01-09 03:42:11,success,842885455393,Paytm
TXN0001059,CUST01191,MER0122,cust01191@okhdfcbank,378.84,2025-05-14 16:12:25,Success,661941791327,Amazon Pay
TXN0001064,CUST00729,MER0040,cust00729@okhdfcbank,673.52,2025-05-17 04:25:33,pending,221609661777,BHIM
TXN0001065,CUST01099,MER0028,cust01099@okhdfcbank,338.94,2025-01-25 10:23:54,Success,155607495213,Paytm
TXN0001067,CUST01615,MER0089,cust01615@okhdfcbank,509.02,2025-06-06 10:01:13,success,730174184398,Amazon Pay
TXN0001068,CUST01827,MER0113,cust01827@okhdfcbank,188.38,2025-05-23 08:54:27,Success,641896795884,PhonePe
TXN0001069,CUST00396,MER0006,cust00396@okhdfcbank,158.32,2025-05-14 20:08:15,failed,442819697815,BHIM
TXN0001070,CUST00774,MER0092,cust00774@okhdfcbank,36.04,2025-05-21 15:56:41,Success,135400672552,GPay
TXN0001071,CUST00276,MER0065,cust00276@okhdfcbank,2827.75,2025-06-24 12:04:24,success,164788415906,Paytm
TXN0001072,CUST00081,MER0125,cust00081@okhdfcbank,858.97,2025-05-18 05:06:56,SUCCESS,699071967340,PhonePe
TXN0001073,CUST00897,MER0144,cust00897@okhdfcbank,438.45,2025-02-27 05:28:10,SUCCESS,033317284438,PhonePe
TXN0001074,CUST01112,MER0126,cust01112@okhdfcbank,252.85,2025-02-06 20:25:10,Success,269556941639,Amazon Pay
TXN0001076,CUST00713,MER0083,cust00713@okhdfcbank,237.81,2025-05-23 05:14:33,SUCCESS,627668544980,Paytm
TXN0001077,CUST00960,MER0071,cust00960@okhdfcbank,1008.14,2025-06-18 11:35:50,success,507718989317,BHIM
TXN0001079,CUST00142,MER0136,cust00142@okhdfcbank,936.63,2025-01-31 02:28:15,success,947922613792,Amazon Pay
TXN0001082,CUST01590,MER0130,cust01590@okhdfcbank,354.77,2025-03-15 14:28:15,success,258080856140,BHIM
TXN0001083,CUST01503,MER0048,cust01503@okhdfcbank,1458.54,2025-06-21 10:45:47,SUCCESS,669559983712,GPay
TXN0001086,CUST01477,MER0017,cust01477@okhdfcbank,180.24,2025-05-08 19:51:03,Success,118036646877,Amazon Pay
TXN0001088,CUST01074,MER0128,cust01074@okhdfcbank,952.48,2025-05-29 16:34:46,Failed,283283611827,BHIM
TXN0001090,CUST00580,MER0083,cust00580@okhdfcbank,175.38,2025-03-21 13:49:39,SUCCESS,194432808881,GPay
TXN0001094,CUST00065,MER0052,cust00065@okhdfcbank,822.71,2025-01-21 18:54:47,SUCCESS,564659669192,PhonePe
TXN0001095,CUST00995,MER0050,cust00995@okhdfcbank,232.04,2025-01-20 04:13:30,FAILED,966016181036,Amazon Pay
TXN0001096,CUST00066,MER0147,cust00066@okhdfcbank,531.71,2025-05-05 14:46:46,PENDING,387119100216,Paytm
TXN0001097,CUST01713,MER0100,cust01713@okhdfcbank,558.43,2025-05-08 18:08:07,success,592014613874,BHIM
TXN0001098,CUST01004,MER0135,cust01004@okhdfcbank,196.54,2025-05-02 03:54:47,success,788633760380,GPay
TXN0001100,CUST00453,MER0019,cust00453@okhdfcbank,249.45,2025-01-03 12:59:08,Success,694852035928,BHIM
TXN0001101,CUST01906,MER0054,cust01906@okhdfcbank,3776.61,2025-05-08 08:00:48,Success,281594936261,GPay
TXN0001106,CUST01264,MER0069,cust01264@okhdfcbank,1214.99,2025-04-13 17:24:56,SUCCESS,638922355142,Paytm
TXN0001107,CUST00084,MER0019,cust00084@okhdfcbank,1277.41,2025-06-12 00:50:56,SUCCESS,480733958162,PhonePe
TXN0001110,CUST00474,MER0137,cust00474@okhdfcbank,719.35,2025-03-16 19:46:22,SUCCESS,485649465084,GPay
TXN0001112,CUST01346,MER0064,cust01346@okhdfcbank,97.52,2025-04-21 16:31:17,success,043270963387,PhonePe
TXN0001113,CUST01281,MER0046,cust01281@okhdfcbank,698.05,2025-04-19 10:26:31,Success,911595134440,PhonePe
TXN0001114,CUST01535,MER0143,cust01535@okhdfcbank,654.14,2025-03-22 14:54:01,success,742238211600,BHIM
TXN0001117,CUST01363,MER0110,cust01363@okhdfcbank,111.04,2025-06-21 10:15:29,success,307779392180,BHIM
TXN0001119,CUST00370,MER0141,cust00370@okhdfcbank,66.75,2025-03-19 23:23:31,Failed,793461949106,Amazon Pay
TXN0001120,CUST01034,MER0087,cust01034@okhdfcbank,2341.69,2025-05-08 16:19:14,success,237033287174,PhonePe
TXN0001127,CUST01569,MER0141,cust01569@okhdfcbank,831.28,2025-06-29 20:09:26,SUCCESS,012810445392,PhonePe
TXN0001128,CUST01525,MER0066,cust01525@okhdfcbank,458.74,2025-03-11 21:45:41,success,767268255706,Paytm
TXN0001129,CUST01970,MER0116,cust01970@okhdfcbank,129.12,2025-03-28 21:30:00,Success,988836933578,PhonePe
TXN0001130,CUST01966,MER0102,cust01966@okhdfcbank,108.11,2025-01-01 00:54:42,SUCCESS,324099599278,BHIM
TXN0001132,CUST01221,MER0005,cust01221@okhdfcbank,3044.12,2025-04-11 12:14:04,Success,534006510839,PhonePe
TXN0001133,CUST00277,MER0078,cust00277@okhdfcbank,4506.51,2025-01-02 06:36:46,SUCCESS,725505969735,PhonePe
TXN0001134,CUST00616,MER0057,cust00616@okhdfcbank,604.86,2025-02-11 17:08:48,SUCCESS,663542609648,PhonePe
TXN0001136,CUST01134,MER0131,cust01134@okhdfcbank,-352.02,2025-04-19 00:39:12,Pending,415165766407,Paytm
TXN0001138,CUST00194,MER0010,cust00194@okhdfcbank,1949.21,2025-03-31 09:28:43,Success,221416797218,PhonePe
TXN0001139,CUST00729,MER0040,cust00729@okhdfcbank,3208.56,2025-01-27 21:01:44,FAILED,167612855214,BHIM
TXN0001142,CUST00616,MER0024,cust00616@okhdfcbank,314.23,2025-04-21 18:39:46,Success,460827780851,Paytm
TXN0001145,CUST01000,MER0148,cust01000@okhdfcbank,132.69,2025-06-09 03:13:04,Success,144540112183,GPay
TXN0001157,CUST01380,MER0101,cust01380@okhdfcbank,218.42,2025-03-28 12:43:19,Success,178722604575,PhonePe
TXN0001160,CUST00594,MER0101,cust00594@okhdfcbank,217.44,2025-01-29 17:47:16,success,182141663252,GPay
TXN0001162,CUST00975,MER0147,cust00975@okhdfcbank,97.72,2025-05-25 17:25:11,Success,016777369212,GPay
TXN0001163,CUST00101,MER0141,cust00101@okhdfcbank,-62.1,2025-03-19 12:21:58,SUCCESS,395348420130,PhonePe
TXN0001165,CUST00890,MER0034,cust00890@okhdfcbank,115.85,2025-05-28 23:19:50,SUCCESS,942706066020,Amazon Pay
TXN0001168,CUST01336,MER0147,cust01336@okhdfcbank,1183.2,2025-02-08 01:53:20,Success,583851974592,Amazon Pay
TXN0001169,CUST01150,MER0135,cust01150@okhdfcbank,1084.49,2025-02-17 19:35:19,SUCCESS,181633570340,Amazon Pay
TXN0001170,CUST00497,MER0019,cust00497@okhdfcbank,1493.35,2025-02-21 16:50:52,Success,619203276856,Paytm
TXN0001174,CUST01217,MER0007,cust01217@okhdfcbank,290.15,2025-05-30 10:58:29,SUCCESS,973722911110,Amazon Pay
TXN0001176,CUST01263,MER0114,cust01263@okhdfcbank,863.0,2025-05-02 00:14:21,SUCCESS,581009324015,PhonePe
TXN0001178,CUST01404,MER0096,cust01404@okhdfcbank,85.53,2025-01-31 06:58:18,Success,627567443726,BHIM
TXN0001180,CUST01515,MER0014,cust01515@okhdfcbank,802.54,2025-02-17 04:41:13,Success,733359899420,GPay
TXN0001182,CUST01705,MER0074,cust01705@okhdfcbank,204.4,2025-01-03 16:00:06,SUCCESS,840494694562,GPay
TXN0001185,CUST00680,MER0054,cust00680@okhdfcbank,536.63,2025-05-24 16:42:37,Success,481895904410,PhonePe
TXN0001188,CUST00990,MER0037,cust00990@okhdfcbank,1138.92,2025-05-15 23:15:58,Failed,635899897665,Paytm
TXN0001189,CUST01432,MER0005,cust01432@okhdfcbank,1857.88,2025-03-15 03:06:51,failed,596090686177,GPay
TXN0001191,CUST00524,MER0044,cust00524@okhdfcbank,383.88,2025-01-12 16:07:59,success,654927201596,PhonePe
TXN0001193,CUST01266,MER0070,cust01266@okhdfcbank,648.65,2025-01-11 07:23:42,SUCCESS,789752406282,GPay
TXN0001195,CUST00796,MER0070,cust00796@okhdfcbank,27.27,2025-05-09 17:43:06,SUCCESS,130431577914,BHIM
TXN0001200,CUST00647,MER0125,cust00647@okhdfcbank,429.62,2025-06-18 07:27:13,success,528253547844,BHIM
TXN0001202,CUST01026,MER0118,cust01026@okhdfcbank,1333.44,2025-04-19 20:59:35,SUCCESS,462278626483,Paytm
TXN0001203,CUST01898,MER0006,cust01898@okhdfcbank,520.42,2025-01-08 17:15:34,SUCCESS,872098027941,BHIM
TXN0001204,CUST00507,MER0136,cust00507@okhdfcbank,223.05,2025-03-01 05:03:54,Success,657887938192,Paytm
TXN0001205,CUST00684,MER0126,cust00684@okhdfcbank,131.84,2025-03-18 09:22:33,SUCCESS,596637402009,Amazon Pay
TXN0001208,CUST01027,MER0071,cust01027@okhdfcbank,1423.05,2025-06-07 15:41:41,SUCCESS,559976023652,Paytm
TXN0001209,CUST00127,MER0066,cust00127@okhdfcbank,187.13,2025-06-20 14:55:58,Success,170083445253,PhonePe
TXN0001211,CUST01944,MER0072,cust01944@okhdfcbank,86.17,2025-02-13 19:17:29,success,860826161821,GPay
TXN0001212,CUST00311,MER0088,cust00311@okhdfcbank,1001.85,2025-06-24 05:08:24,SUCCESS,379651318785,PhonePe
TXN0001213,CUST00805,MER0036,cust00805@okhdfcbank,73.0,2025-01-18 01:09:15,Success,671597345423,Amazon Pay
TXN0001216,CUST01864,MER0085,cust01864@okhdfcbank,1131.57,2025-03-29 05:16:48,SUCCESS,421522503127,GPay
TXN0001217,CUST01111,MER0034,cust01111@okhdfcbank,285.37,2025-02-10 03:33:31,Success,440724435485,BHIM
TXN0001220,CUST01411,MER0135,cust01411@okhdfcbank,823.98,2025-06-26 14:52:10,Success,008938718280,Amazon Pay
TXN0001222,CUST01999,MER0038,cust01999@okhdfcbank,312.24,2025-05-08 10:15:41,pending,952183916381,Paytm
TXN0001223,CUST01911,MER0145,cust01911@okhdfcbank,98.32,2025-06-28 02:03:08,SUCCESS,026109739960,Paytm
TXN0001225,CUST01142,MER0137,cust01142@okhdfcbank,311.86,2025-05-20 16:50:08,SUCCESS,332065898611,Paytm
TXN0001227,CUST01802,MER0038,cust01802@okhdfcbank,663.59,2025-05-22 04:26:10,success,733953703458,Amazon Pay
TXN0001228,CUST00061,MER0082,cust00061@okhdfcbank,398.17,2025-06-20 21:42:42,success,114932635328,BHIM
TXN0001230,CUST00622,MER0114,cust00622@okhdfcbank,201.45,2025-05-25 18:47:35,SUCCESS,602325422298,Paytm
TXN0001232,CUST01596,MER0049,cust01596@okhdfcbank,132.01,2025-01-21 17:35:27,success,006408997902,Amazon Pay
TXN0001233,CUST00270,MER0048,cust00270@okhdfcbank,215.35,2025-01-06 02:05:33,success,065675870197,BHIM
TXN0001234,CUST01562,MER0069,cust01562@okhdfcbank,386.48,2025-04-28 14:19:17,success,760841958452,PhonePe
TXN0001236,CUST01408,MER0007,cust01408@okhdfcbank,1080.12,2025-03-11 18:16:45,Failed,430732913642,GPay
TXN0001238,CUST01029,MER0121,cust01029@okhdfcbank,2032.61,2025-05-19 06:14:58,Success,798064387476,GPay
TXN0001240,CUST01746,MER0100,cust01746@okhdfcbank,513.67,2025-04-06 10:18:08,failed,641088418462,GPay
TXN0001247,CUST00938,MER0064,cust00938@okhdfcbank,678.42,2025-03-25 00:33:14,Success,592059478549,GPay
TXN0001248,CUST00830,MER0011,cust00830@okhdfcbank,410.47,2025-04-29 01:09:32,SUCCESS,594635051269,Paytm
TXN0001252,CUST00224,MER0116,cust00224@okhdfcbank,363.33,2025-03-30 17:18:37,Success,978619124952,BHIM
TXN0001253,CUST01694,MER0011,cust01694@okhdfcbank,586.58,2025-06-20 10:45:03,success,293037800739,BHIM
TXN0001254,CUST00504,MER0133,cust00504@okhdfcbank,392.16,2025-04-15 10:39:06,success,175475363858,PhonePe
TXN0001256,CUST00794,MER0133,cust00794@okhdfcbank,275.85,2025-05-29 13:54:12,success,759523157841,GPay
TXN0001257,CUST01292,MER0013,cust01292@okhdfcbank,979.82,2025-02-06 20:46:00,SUCCESS,806713589993,Paytm
TXN0001258,CUST00597,MER0113,cust00597@okhdfcbank,2074.65,2025-03-19 07:00:01,SUCCESS,730473758857,PhonePe
TXN0001259,CUST01812,MER0078,cust01812@okhdfcbank,155.3,2025-05-31 05:35:46,success,872433266389,GPay
TXN0001261,CUST00866,MER0076,cust00866@okhdfcbank,507.87,2025-04-30 01:24:46,success,598749063722,PhonePe
TXN0001263,CUST01851,MER0037,cust01851@okhdfcbank,315.77,2025-04-01 00:26:04,success,799117051294,Paytm
TXN0001264,CUST01700,MER0116,cust01700@okhdfcbank,86.83,2025-01-18 13:29:04,Success,251803614950,Paytm
TXN0001265,CUST01480,MER0129,cust01480@okhdfcbank,1937.32,2025-01-22 23:25:04,success,778445501315,PhonePe
TXN0001266,CUST00369,MER0150,cust00369@okhdfcbank,228.3,2025-06-23 15:52:14,failed,868775806479,GPay
TXN0001267,CUST01426,MER0140,cust01426@okhdfcbank,2573.02,2025-01-27 06:34:29,success,422813063199,Amazon Pay
TXN0001268,CUST00806,MER0106,cust00806@okhdfcbank,1500.45,2025-03-04 19:26:13,SUCCESS,749033053262,Amazon Pay
TXN0001270,CUST01209,MER0052,cust01209@okhdfcbank,168.69,2025-06-21 08:58:25,success,097565285790,Amazon Pay
TXN0001274,CUST01447,MER0116,cust01447@okhdfcbank,226.66,2025-05-04 02:59:29,success,506337871198,GPay
TXN0001275,CUST00744,MER0022,cust00744@okhdfcbank,1039.4,2025-04-12 17:09:56,success,383778490326,Amazon Pay
TXN0001276,CUST01449,MER0099,cust01449@okhdfcbank,642.48,2025-05-22 03:28:39,SUCCESS,760935533891,PhonePe
TXN0001277,CUST01621,MER0131,cust01621@okhdfcbank,350.59,2025-04-29 20:27:53,success,396047054975,Paytm
TXN0001279,CUST01128,MER0098,cust01128@okhdfcbank,409.57,2025-01-09 12:37:01,success,225386482552,GPay
TXN0001280,CUST01574,MER0044,cust01574@okhdfcbank,217.7,2025-06-27 03:24:21,success,196000496521,Paytm
TXN0001284,CUST00634,MER0115,cust00634@okhdfcbank,2882.01,2025-02-26 01:48:53,success,810219266156,BHIM
TXN0001285,CUST01283,MER0047,cust01283@okhdfcbank,431.62,2025-01-23 19:50:28,success,430405371397,BHIM
TXN0001286,CUST01841,MER0034,cust01841@okhdfcbank,1345.6,2025-02-09 09:21:26,failed,980895190647,PhonePe
TXN0001287,CUST00008,MER0065,cust00008@okhdfcbank,619.92,2025-01-03 08:53:32,SUCCESS,132994742264,GPay
TXN0001288,CUST00940,MER0128,cust00940@okhdfcbank,388.29,2025-06-16 02:30:16,SUCCESS,074852232382,Paytm
TXN0001289,CUST01022,MER0140,cust01022@okhdfcbank,437.4,2025-06-06 19:00:39,SUCCESS,879174386904,Amazon Pay
TXN0001290,CUST00012,MER0127,cust00012@okhdfcbank,464.6,2025-02-16 04:35:36,SUCCESS,337317827641,GPay
TXN0001291,CUST00445,MER0122,cust00445@okhdfcbank,651.82,2025-03-30 02:34:28,SUCCESS,773363452515,PhonePe
TXN0001292,CUST00840,MER0114,cust00840@okhdfcbank,188.8,2025-01-16 10:03:13,success,979839099045,BHIM
TXN0001296,CUST00379,MER0038,cust00379@okhdfcbank,1038.61,2025-01-11 16:36:59,Success,429493014544,Amazon Pay
TXN0001297,CUST01338,MER0090,cust01338@okhdfcbank,575.35,2025-01-08 03:07:57,PENDING,759572164291,Paytm
TXN0001298,CUST00298,MER0009,cust00298@okhdfcbank,1061.27,2025-05-10 12:25:45,Success,086407008623,GPay
TXN0001301,CUST00854,MER0046,cust00854@okhdfcbank,208.61,2025-02-01 07:52:35,Success,931836138360,PhonePe
TXN0001303,CUST01354,MER0147,cust01354@okhdfcbank,334.1,2025-06-02 21:07:09,success,149729676037,Amazon Pay
TXN0001304,CUST01152,MER0046,cust01152@okhdfcbank,484.26,2025-03-30 10:01:41,SUCCESS,334365599715,Paytm
TXN0001309,CUST00600,MER0121,cust00600@okhdfcbank,585.64,2025-01-27 03:01:43,failed,924647470835,Paytm
TXN0001311,CUST01080,MER0106,cust01080@okhdfcbank,47.23,2025-04-12 21:01:42,SUCCESS,068323166811,GPay
TXN0001313,CUST00120,MER0028,cust00120@okhdfcbank,334.58,2025-04-21 22:45:48,success,216275687938,GPay
TXN0001315,CUST00991,MER0074,cust00991@okhdfcbank,414.27,2025-03-24 22:12:50,success,073302501503,Paytm
TXN0001317,CUST01178,MER0091,cust01178@okhdfcbank,966.29,2025-01-26 04:30:25,success,332948591458,PhonePe
TXN0001319,CUST01295,MER0128,cust01295@okhdfcbank,516.52,2025-04-06 15:14:13,FAILED,087678104825,PhonePe
TXN0001320,CUST01655,MER0047,cust01655@okhdfcbank,121.59,2025-06-21 14:10:16,Success,095292772128,PhonePe
TXN0001321,CUST01249,MER0060,cust01249@okhdfcbank,61.58,2025-05-18 14:15:18,Success,082518985787,Amazon Pay
TXN0001322,CUST00595,MER0050,cust00595@okhdfcbank,106.76,2025-01-01 07:22:03,SUCCESS,753394457331,GPay
TXN0001324,CUST01281,MER0031,cust01281@okhdfcbank,508.65,2025-05-24 04:51:06,Success,662646497885,PhonePe
TXN0001326,CUST01261,MER0107,cust01261@okhdfcbank,340.84,2025-03-22 09:34:17,SUCCESS,049915961673,Paytm
TXN0001327,CUST00094,MER0086,cust00094@okhdfcbank,3683.88,2025-03-09 21:29:14,success,367710498931,PhonePe
TXN0001330,CUST00522,MER0018,cust00522@okhdfcbank,493.69,2025-03-01 18:19:26,failed,085716282306,BHIM
TXN0001333,CUST00700,MER0102,cust00700@okhdfcbank,2127.13,2025-05-21 15:55:58,success,235801643917,Paytm
TXN0001337,CUST00972,MER0010,cust00972@okhdfcbank,496.43,2025-05-06 08:57:26,SUCCESS,232843638243,GPay
TXN0001339,CUST01772,MER0138,cust01772@okhdfcbank,247.64,2025-06-23 23:19:47,success,353348329828,PhonePe
TXN0001340,CUST00687,MER0119,cust00687@okhdfcbank,362.82,2025-06-02 05:39:13,success,789193730853,GPay
TXN0001341,CUST01668,MER0106,cust01668@okhdfcbank,275.71,2025-05-25 04:41:43,SUCCESS,988356815136,GPay
TXN0001342,CUST00115,MER0134,cust00115@okhdfcbank,1213.64,2025-02-28 03:02:34,success,634189271632,GPay
TXN0001346,CUST01986,MER0039,cust01986@okhdfcbank,20.1,2025-02-24 11:02:18,success,749930369583,BHIM
TXN0001347,CUST01722,MER0008,cust01722@okhdfcbank,300.52,2025-03-07 20:33:53,Success,474016602626,BHIM
TXN0001348,CUST00769,MER0137,cust00769@okhdfcbank,511.65,2025-06-13 13:53:43,Success,724349334445,BHIM
TXN0001350,CUST00798,MER0048,cust00798@okhdfcbank,3569.41,2025-04-26 13:47:42,SUCCESS,268304738742,Paytm
TXN0001353,CUST00848,MER0023,cust00848@okhdfcbank,95.27,2025-04-07 12:26:29,Success,721850218555,GPay
TXN0001355,CUST01699,MER0078,cust01699@okhdfcbank,302.88,2025-02-11 23:17:05,SUCCESS,035130985532,Amazon Pay
TXN0001358,CUST00077,MER0052,cust00077@okhdfcbank,,2025-06-27 08:32:14,pending,599260624882,GPay
TXN0001359,CUST00190,MER0114,cust00190@okhdfcbank,137.57,2025-04-09 06:06:22,SUCCESS,369850497891,BHIM
TXN0001362,CUST00991,MER0135,cust00991@okhdfcbank,296.96,2025-03-02 06:22:35,SUCCESS,997656714463,GPay
TXN0001366,CUST01462,MER0134,cust01462@okhdfcbank,845.88,2025-01-23 11:50:05,success,763048331013,Paytm
TXN0001369,CUST00957,MER0012,cust00957@okhdfcbank,702.03,2025-01-21 00:29:38,success,900855900573,Paytm
TXN0001370,CUST01067,MER0080,cust01067@okhdfcbank,3270.35,2025-01-05 08:45:56,Success,215576997001,GPay
TXN0001372,CUST01828,MER0054,cust01828@okhdfcbank,882.56,2025-03-04 07:24:39,Success,237322840391,PhonePe
TXN0001374,CUST00567,MER0137,cust00567@okhdfcbank,2000.33,2025-03-03 23:20:44,Success,705888421953,Amazon Pay
TXN0001375,CUST01583,MER0113,cust01583@okhdfcbank,1090.81,2025-05-11 07:39:53,SUCCESS,332243853327,Amazon Pay
TXN0001377,CUST00323,MER0071,cust00323@okhdfcbank,171.76,2025-01-23 05:25:26,Failed,565703760298,PhonePe
TXN0001378,CUST00032,MER0144,cust00032@okhdfcbank,691.0,2025-04-10 19:41:46,failed,821073410489,Amazon Pay
TXN0001379,CUST00210,MER0053,cust00210@okhdfcbank,82.52,2025-04-16 08:22:01,Success,927058712762,PhonePe
TXN0001381,CUST01932,MER0073,cust01932@okhdfcbank,244.74,2025-04-22 11:25:13,SUCCESS,882695041210,Paytm
TXN0001382,CUST00502,MER0044,cust00502@okhdfcbank,381.39,2025-01-14 20:00:57,success,953860889584,GPay
TXN0001384,CUST00909,MER0013,cust00909@okhdfcbank,369.03,2025-01-26 06:11:19,success,327546364100,PhonePe
TXN0001386,CUST00786,MER0014,cust00786@okhdfcbank,377.96,2025-01-17 17:20:46,success,613888261488,Paytm
TXN0001388,CUST00729,MER0080,cust00729@okhdfcbank,127.85,2025-03-06 12:46:47,SUCCESS,519306681162,BHIM
TXN0001390,CUST01554,MER0137,cust01554@okhdfcbank,251.77,2025-01-16 06:02:56,SUCCESS,932165933159,GPay
TXN0001391,CUST01995,MER0120,cust01995@okhdfcbank,166.16,2025-04-21 06:05:23,success,724012115261,GPay
TXN0001392,CUST00270,MER0024,cust00270@okhdfcbank,609.78,2025-06-07 20:09:37,SUCCESS,231748076214,PhonePe
TXN0001393,CUST01644,MER0120,cust01644@okhdfcbank,228.85,2025-01-19 21:16:42,Success,293299703825,PhonePe
TXN0001394,CUST00934,MER0080,cust00934@okhdfcbank,291.21,2025-05-13 21:53:54,Failed,731485481927,GPay
TXN0001395,CUST01320,MER0120,cust01320@okhdfcbank,638.08,2025-04-02 08:54:09,success,035333238549,GPay
TXN0001397,CUST01764,MER0067,cust01764@okhdfcbank,4972.16,2025-06-27 06:14:36,success,339285780221,PhonePe
TXN0001398,CUST00745,MER0101,cust00745@okhdfcbank,457.22,2025-02-05 14:29:14,success,209982492061,PhonePe
TXN0001401,CUST00062,MER0017,cust00062@okhdfcbank,208.38,2025-04-03 07:13:07,Pending,583594345070,Amazon Pay
TXN0001402,CUST00232,MER0090,cust00232@okhdfcbank,166.18,2025-04-03 22:40:49,success,613809804857,GPay
TXN0001403,CUST00945,MER0044,cust00945@okhdfcbank,189.73,2025-02-24 19:24:52,success,255719219752,Paytm
TXN0001406,CUST01463,MER0028,cust01463@okhdfcbank,695.5,2025-03-05 06:39:46,SUCCESS,742133446402,Paytm
TXN0001411,CUST01995,MER0124,cust01995@okhdfcbank,564.0,2025-03-16 12:42:51,SUCCESS,176002210779,PhonePe
TXN0001412,CUST00136,MER0088,cust00136@okhdfcbank,1260.63,2025-02-10 10:27:36,Success,952582398484,BHIM
TXN0001413,CUST01667,MER0111,cust01667@okhdfcbank,694.62,2025-06-02 07:10:04,SUCCESS,279867368358,Paytm
TXN0001414,CUST00892,MER0146,cust00892@okhdfcbank,1048.91,2025-06-02 21:12:31,Success,312008664891,BHIM
TXN0001415,CUST00701,MER0140,cust00701@okhdfcbank,153.77,2025-05-15 18:53:41,Failed,601568159937,Paytm
TXN0001417,CUST01372,MER0020,cust01372@okhdfcbank,731.77,2025-05-24 13:42:00,success,870234176377,GPay
TXN0001418,CUST01907,MER0147,cust01907@okhdfcbank,1656.55,2025-06-12 11:31:45,FAILED,140730984011,GPay
TXN0001419,CUST00997,MER0030,cust00997@okhdfcbank,217.43,2025-04-25 23:40:48,success,790178559309,BHIM
TXN0001421,CUST01137,MER0025,cust01137@okhdfcbank,299.39,2025-06-09 14:54:18,FAILED,868958463793,GPay
TXN0001422,CUST00912,MER0046,cust00912@okhdfcbank,1353.07,2025-03-01 19:33:01,success,334561812601,BHIM
TXN0001423,CUST01958,MER0104,cust01958@okhdfcbank,101.1,2025-01-14 12:23:42,Success,689495325155,PhonePe
TXN0001424,CUST01226,MER0028,cust01226@okhdfcbank,151.88,2025-05-14 02:42:07,Success,684325407926,Paytm
TXN0001427,CUST00446,MER0036,cust00446@okhdfcbank,892.89,2025-06-22 06:56:18,success,091631849151,BHIM
TXN0001431,CUST01184,MER0115,cust01184@okhdfcbank,149.47,2025-02-07 23:52:21,success,880905922797,Paytm
TXN0001432,CUST00422,MER0082,cust00422@okhdfcbank,2157.95,2025-02-28 04:52:04,Failed,424619810916,Paytm
TXN0001433,CUST01168,MER0078,cust01168@okhdfcbank,169.45,2025-06-28 08:31:40,Success,925448137305,Paytm
TXN0001435,CUST01194,MER0003,cust01194@okhdfcbank,339.35,2025-04-29 17:45:12,Success,243390425022,PhonePe
TXN0001436,CUST01046,MER0104,cust01046@okhdfcbank,156.82,2025-06-14 14:16:24,Failed,949982286355,Paytm
TXN0001437,CUST00262,MER0076,cust00262@okhdfcbank,299.8,2025-01-13 02:51:15,SUCCESS,271263008235,PhonePe
TXN0001439,CUST01441,MER0144,cust01441@okhdfcbank,489.38,2025-06-09 08:59:15,success,054198199356,Paytm
TXN0001442,CUST00885,MER0101,cust00885@okhdfcbank,150.95,2025-05-02 09:42:35,SUCCESS,772926526262,Paytm
TXN0001444,CUST00892,MER0140,cust00892@okhdfcbank,133.65,2025-02-11 00:20:17,Success,452290086498,GPay
TXN0001446,CUST00285,MER0049,cust00285@okhdfcbank,1486.55,2025-04-18 20:27:07,FAILED,881612469156,Amazon Pay
TXN0001451,CUST00295,MER0125,cust00295@okhdfcbank,3320.97,2025-05-08 18:09:38,Success,822352845852,GPay
TXN0001455,CUST00369,MER0117,cust00369@okhdfcbank,1254.82,2025-04-09 22:02:44,SUCCESS,433440256225,GPay
TXN0001459,CUST01735,MER0061,cust01735@okhdfcbank,143.36,2025-05-19 06:45:58,Pending,549795596203,GPay
TXN0001461,CUST01119,MER0148,cust01119@okhdfcbank,357.4,2025-03-13 06:12:15,Pending,801971036067,PhonePe
TXN0001463,CUST01444,MER0095,cust01444@okhdfcbank,229.09,2025-01-22 23:23:03,SUCCESS,497200680918,PhonePe
TXN0001466,CUST01538,MER0072,cust01538@okhdfcbank,2407.15,2025-04-01 06:45:37,success,281950727503,Paytm
TXN0001468,CUST01823,MER0023,cust01823@okhdfcbank,85.22,2025-02-17 14:51:38,Success,432906567363,GPay
TXN0001474,CUST01503,MER0085,cust01503@okhdfcbank,190.0,2025-03-23 18:04:38,Success,838752517032,PhonePe
TXN0001475,CUST00723,MER0076,cust00723@okhdfcbank,3653.03,2025-02-26 03:48:32,Success,691085334741,BHIM
TXN0001480,CUST01345,MER0075,cust01345@okhdfcbank,2362.91,2025-06-07 01:43:39,SUCCESS,629460966710,Paytm
TXN0001482,CUST00993,MER0022,cust00993@okhdfcbank,1604.62,2025-01-25 15:01:48,SUCCESS,958440912864,PhonePe
TXN0001483,CUST01036,MER0020,cust01036@okhdfcbank,556.74,2025-06-15 08:01:20,SUCCESS,950923125242,Paytm
TXN0001484,CUST01606,MER0072,cust01606@okhdfcbank,1647.52,2025-02-18 22:38:33,success,673633719719,Paytm
TXN0001485,CUST00272,MER0072,cust00272@okhdfcbank,2398.55,2025-02-23 10:36:16,SUCCESS,729481235262,GPay
TXN0001486,CUST01757,MER0066,cust01757@okhdfcbank,536.36,2025-01-03 18:11:26,PENDING,135689242600,BHIM
TXN0001487,CUST01519,MER0029,cust01519@okhdfcbank,359.58,2025-04-28 06:00:44,success,067156150816,Amazon Pay
TXN0001489,CUST00915,MER0095,cust00915@okhdfcbank,448.2,2025-06-06 20:48:37,success,967498498889,PhonePe
TXN0001490,CUST00360,MER0067,cust00360@okhdfcbank,93.98,2025-06-01 22:50:36,Success,032572607806,GPay
TXN0001491,CUST01436,MER0061,cust01436@okhdfcbank,2327.34,2025-04-05 03:53:02,Success,776877077685,BHIM
TXN0001492,CUST00371,MER0136,cust00371@okhdfcbank,630.04,2025-06-17 09:16:42,SUCCESS,851302432283,GPay
TXN0001493,CUST00068,MER0088,cust00068@okhdfcbank,153.99,2025-01-17 09:20:21,success,137007791749,PhonePe
TXN0001494,CUST01982,MER0038,cust01982@okhdfcbank,62.33,2025-04-26 15:26:11,success,778825174271,GPay
TXN0001498,CUST01184,MER0089,cust01184@okhdfcbank,312.65,2025-01-11 13:10:35,success,959351833277,Amazon Pay
TXN0001499,CUST01316,MER0068,cust01316@okhdfcbank,802.84,2025-05-27 16:48:37,Success,594527242696,Amazon Pay
TXN0001501,CUST00344,MER0119,cust00344@okhdfcbank,851.1,2025-03-19 10:17:07,SUCCESS,788789556611,GPay
TXN0001502,CUST00976,MER0078,cust00976@okhdfcbank,542.0,2025-04-03 11:33:41,success,903201809689,Paytm
TXN0001503,CUST01529,MER0137,cust01529@okhdfcbank,452.99,2025-02-15 08:56:26,Success,445940635156,Amazon Pay
TXN0001504,CUST00778,MER0100,cust00778@okhdfcbank,102.23,2025-04-03 03:44:51,SUCCESS,565126812056,Amazon Pay
TXN0001505,CUST00538,MER0038,cust00538@okhdfcbank,217.08,2025-04-14 00:02:22,Success,557053630759,BHIM
TXN0001506,CUST01783,MER0112,cust01783@okhdfcbank,900.13,2025-01-03 07:17:08,Failed,492161732391,BHIM
TXN0001508,CUST01390,MER0081,cust01390@okhdfcbank,1644.79,2025-04-13 23:09:36,Success,575801081806,Amazon Pay
TXN0001514,CUST00945,MER0062,cust00945@okhdfcbank,601.94,2025-05-23 14:08:55,SUCCESS,910598408503,PhonePe
TXN0001515,CUST01377,MER0050,cust01377@okhdfcbank,3689.78,2025-04-11 23:09:12,SUCCESS,754285205241,PhonePe
TXN0001516,CUST00692,MER0047,cust00692@okhdfcbank,291.91,2025-03-02 19:56:35,SUCCESS,011434270724,Amazon Pay
TXN0001519,CUST00843,MER0026,cust00843@okhdfcbank,396.42,2025-04-12 23:54:32,Success,184900336204,Paytm
TXN0001521,CUST00450,MER0073,cust00450@okhdfcbank,2628.11,2025-02-18 21:55:15,success,180802826076,GPay
TXN0001523,CUST01269,MER0024,cust01269@okhdfcbank,1302.09,2025-01-12 01:05:20,Success,940569420570,GPay
TXN0001524,CUST01923,MER0056,cust01923@okhdfcbank,365.52,2025-04-27 09:20:11,Success,889993504714,BHIM
TXN0001525,CUST01307,MER0032,cust01307@okhdfcbank,157.56,2025-05-18 11:52:08,Success,155508225515,Amazon Pay
TXN0001526,CUST01962,MER0031,cust01962@okhdfcbank,133.03,2025-01-17 18:35:22,success,355490986328,Paytm
TXN0001527,CUST01754,MER0034,cust01754@okhdfcbank,198.74,2025-03-15 00:05:35,SUCCESS,284894449906,PhonePe
TXN0001528,CUST01345,MER0145,cust01345@okhdfcbank,697.52,2025-06-05 23:11:00,Success,354607162759,BHIM
TXN0001530,CUST00228,MER0048,cust00228@okhdfcbank,900.72,2025-02-19 04:37:48,Success,877671599066,GPay
TXN0001531,CUST00604,MER0120,cust00604@okhdfcbank,111.2,2025-05-09 06:02:59,Failed,286580695815,Amazon Pay
TXN0001534,CUST01851,MER0083,cust01851@okhdfcbank,736.17,2025-02-19 23:16:31,Success,780169956820,Paytm
TXN0001535,CUST00332,MER0019,cust00332@okhdfcbank,795.58,2025-02-23 20:15:11,SUCCESS,064635439862,PhonePe
TXN0001536,CUST01592,MER0016,cust01592@okhdfcbank,152.6,2025-03-16 07:58:21,Success,455287515745,BHIM
TXN0001537,CUST00796,MER0086,cust00796@okhdfcbank,1297.29,2025-01-12 15:53:36,SUCCESS,246934341135,BHIM
TXN0001539,CUST00903,MER0018,cust00903@okhdfcbank,1135.51,2025-04-06 11:35:22,Success,256870458648,PhonePe
TXN0001540,CUST01902,MER0052,cust01902@okhdfcbank,418.7,2025-04-29 12:12:46,Success,940579000140,PhonePe
TXN0001542,CUST00223,MER0037,cust00223@okhdfcbank,399.79,2025-04-15 23:31:42,Success,724881487564,BHIM
TXN0001544,CUST00905,MER0067,cust00905@okhdfcbank,634.22,2025-01-21 01:21:10,FAILED,312416261652,Amazon Pay
TXN0001546,CUST01171,MER0065,cust01171@okhdfcbank,74.46,2025-05-31 22:11:15,SUCCESS,708765858105,PhonePe
TXN0001549,CUST00002,MER0010,cust00002@okhdfcbank,278.34,2025-05-10 01:17:15,success,404734723665,GPay
TXN0001555,CUST00463,MER0001,cust00463@okhdfcbank,945.0,2025-03-16 15:32:42,SUCCESS,755878823483,Amazon Pay
TXN0001556,CUST01955,MER0124,cust01955@okhdfcbank,125.32,2025-01-24 12:50:59,success,731549790700,BHIM
TXN0001558,CUST01397,MER0078,cust01397@okhdfcbank,573.54,2025-03-19 19:00:01,Success,768232511782,BHIM
TXN0001561,CUST01723,MER0118,cust01723@okhdfcbank,839.14,2025-05-28 15:58:05,Success,865152833460,GPay
TXN0001562,CUST01570,MER0075,cust01570@okhdfcbank,679.21,2025-05-06 18:55:55,Success,150079001283,Paytm
TXN0001564,CUST01982,MER0099,cust01982@okhdfcbank,641.0,2025-05-09 07:14:38,SUCCESS,331066506169,Amazon Pay
TXN0001566,CUST00799,MER0028,cust00799@okhdfcbank,254.12,2025-05-03 10:53:18,Success,995822132492,Amazon Pay
TXN0001568,CUST01296,MER0113,cust01296@okhdfcbank,2275.34,2025-05-23 18:51:32,Success,678906876936,GPay
TXN0001570,CUST00052,MER0062,cust00052@okhdfcbank,177.55,2025-04-05 23:59:20,success,442968783319,Paytm
TXN0001572,CUST01318,MER0079,cust01318@okhdfcbank,207.11,2025-04-08 00:41:48,SUCCESS,368942670508,BHIM
TXN0001575,CUST00692,MER0011,cust00692@okhdfcbank,764.46,2025-03-20 17:48:12,Success,453478987511,PhonePe
TXN0001576,CUST00243,MER0055,cust00243@okhdfcbank,938.15,2025-06-06 17:22:33,Success,464381035822,Amazon Pay
TXN0001577,CUST01340,MER0134,cust01340@okhdfcbank,,2025-03-31 00:09:38,Success,410278845985,Paytm
TXN0001580,CUST01507,MER0037,cust01507@okhdfcbank,426.89,2025-04-05 22:24:52,SUCCESS,546026382656,PhonePe
TXN0001581,CUST01340,MER0005,cust01340@okhdfcbank,828.52,2025-04-02 12:02:33,Success,494519661045,PhonePe
TXN0001582,CUST01858,MER0012,cust01858@okhdfcbank,427.89,2025-02-17 02:58:57,SUCCESS,516473278816,BHIM
TXN0001584,CUST01296,MER0013,cust01296@okhdfcbank,357.39,2025-06-25 16:01:55,SUCCESS,171246906880,PhonePe
TXN0001586,CUST01252,MER0044,cust01252@okhdfcbank,170.13,2025-06-12 05:01:23,success,788702953863,Amazon Pay
TXN0001588,CUST00218,MER0030,cust00218@okhdfcbank,507.56,2025-04-07 12:51:23,Success,539946013551,PhonePe
TXN0001589,CUST01219,MER0057,cust01219@okhdfcbank,928.64,2025-01-13 06:06:51,success,313761894375,BHIM
TXN0001593,CUST00282,MER0083,cust00282@okhdfcbank,177.57,2025-06-12 10:01:57,FAILED,142362833187,GPay
TXN0001594,CUST01976,MER0055,cust01976@okhdfcbank,217.88,2025-05-29 09:33:36,SUCCESS,662511770151,Paytm
TXN0001597,CUST00851,MER0044,cust00851@okhdfcbank,1633.5,2025-05-16 04:58:24,Success,376958394826,Paytm
TXN0001598,CUST00758,MER0142,cust00758@okhdfcbank,367.64,2025-02-02 00:59:03,Success,426141260021,PhonePe
TXN0001599,CUST00899,MER0063,cust00899@okhdfcbank,383.26,2025-06-29 17:57:38,success,277420148259,Amazon Pay
TXN0001601,CUST00205,MER0097,cust00205@okhdfcbank,538.72,2025-06-01 00:09:57,Success,072818094533,Amazon Pay
TXN0001602,CUST00324,MER0005,cust00324@okhdfcbank,603.36,2025-06-20 19:21:31,SUCCESS,677038355227,Amazon Pay
TXN0001603,CUST00998,MER0021,cust00998@okhdfcbank,1103.76,2025-01-02 05:35:28,Success,503348695699,Amazon Pay
TXN0001604,CUST00015,MER0046,cust00015@okhdfcbank,1094.92,2025-06-29 20:06:39,Success,943534062146,GPay
TXN0001605,CUST00183,MER0073,cust00183@okhdfcbank,49.3,2025-03-22 19:44:10,SUCCESS,430126503481,Paytm
TXN0001606,CUST01421,MER0122,cust01421@okhdfcbank,423.04,2025-05-15 10:37:25,success,972902453115,Amazon Pay
TXN0001607,CUST00260,MER0053,cust00260@okhdfcbank,1966.68,2025-01-28 18:50:15,Success,338045057852,Amazon Pay
TXN0001609,CUST00923,MER0106,cust00923@okhdfcbank,1539.54,2025-02-16 11:00:11,success,810473105569,PhonePe
TXN0001610,CUST01922,MER0045,cust01922@okhdfcbank,362.69,2025-04-29 13:18:47,success,420188518377,Amazon Pay
TXN0001613,CUST01693,MER0078,cust01693@okhdfcbank,164.15,2025-03-09 13:06:54,SUCCESS,159657972470,Amazon Pay
TXN0001614,CUST00858,MER0002,cust00858@okhdfcbank,1017.89,2025-04-19 07:07:07,success,475981507140,Amazon Pay
TXN0001615,CUST00483,MER0050,cust00483@okhdfcbank,1190.13,2025-01-23 19:37:34,SUCCESS,077907385639,Paytm
TXN0001621,CUST00362,MER0041,cust00362@okhdfcbank,358.99,2025-05-11 03:05:27,SUCCESS,649758116517,GPay
TXN0001622,CUST01890,MER0012,cust01890@okhdfcbank,93.7,2025-01-11 11:47:12,success,669192008875,GPay
TXN0001625,CUST01649,MER0117,cust01649@okhdfcbank,1265.27,2025-01-09 09:52:26,Success,444678858579,GPay
TXN0001627,CUST00324,MER0008,cust00324@okhdfcbank,203.68,2025-04-05 04:32:59,Success,586378345437,Amazon Pay
TXN0001628,CUST01055,MER0030,cust01055@okhdfcbank,522.3,2025-01-14 18:13:45,success,447115413019,Paytm
TXN0001629,CUST01834,MER0061,cust01834@okhdfcbank,1823.18,2025-05-21 01:58:55,FAILED,536434729637,GPay
TXN0001630,CUST00911,MER0149,cust00911@okhdfcbank,424.47,2025-03-05 07:08:27,pending,299100471947,Amazon Pay
TXN0001632,CUST01840,MER0084,cust01840@okhdfcbank,100.62,2025-02-14 16:10:20,Success,797915151976,GPay
TXN0001636,CUST01826,MER0057,cust01826@okhdfcbank,160.64,2025-01-15 06:40:23,Success,935794163301,Paytm
TXN0001637,CUST00965,MER0150,cust00965@okhdfcbank,2330.3,2025-04-05 01:30:12,SUCCESS,215309195341,BHIM
TXN0001638,CUST00112,MER0112,cust00112@okhdfcbank,129.39,2025-01-29 03:28:31,success,790603254468,BHIM
TXN0001641,CUST00938,MER0050,cust00938@okhdfcbank,567.46,2025-05-03 17:25:54,SUCCESS,686108348813,BHIM
TXN0001643,CUST00688,MER0033,cust00688@okhdfcbank,466.18,2025-01-07 05:34:17,SUCCESS,876679525258,Amazon Pay
TXN0001645,CUST00228,MER0120,cust00228@okhdfcbank,137.79,2025-03-31 01:07:57,Success,918431020413,GPay
TXN0001647,CUST00451,MER0076,cust00451@okhdfcbank,216.23,2025-04-28 05:08:51,Success,008552238126,Paytm
TXN0001651,CUST00444,MER0122,cust00444@okhdfcbank,3936.93,2025-06-12 12:39:05,Success,144356086400,Paytm
TXN0001652,CUST00948,MER0072,cust00948@okhdfcbank,288.38,2025-01-03 19:35:34,Success,324310352942,GPay
TXN0001653,CUST01496,MER0110,cust01496@okhdfcbank,765.77,2025-05-23 22:50:31,Success,089334511701,GPay
TXN0001654,CUST01788,MER0064,cust01788@okhdfcbank,569.94,2025-02-18 02:58:41,Success,986417591163,Paytm
TXN0001655,CUST00671,MER0112,cust00671@okhdfcbank,701.17,2025-04-23 12:30:43,success,808528685317,BHIM
TXN0001658,CUST00083,MER0121,cust00083@okhdfcbank,643.19,2025-05-23 10:14:50,success,165259557907,GPay
TXN0001659,CUST01575,MER0130,cust01575@okhdfcbank,617.02,2025-01-07 12:40:59,success,239284070504,GPay
TXN0001660,CUST00872,MER0136,cust00872@okhdfcbank,522.42,2025-03-18 13:39:54,Success,395683886287,BHIM
TXN0001662,CUST01015,MER0062,cust01015@okhdfcbank,197.99,2025-01-17 03:14:04,Success,186395323278,GPay
TXN0001664,CUST01499,MER0105,cust01499@okhdfcbank,627.2,2025-02-12 07:59:01,success,234688697555,BHIM
TXN0001667,CUST00983,MER0079,cust00983@okhdfcbank,390.35,2025-02-01 10:03:21,SUCCESS,268075765983,Amazon Pay
TXN0001669,CUST01169,MER0150,cust01169@okhdfcbank,283.26,2025-01-05 17:46:30,Failed,946756274214,GPay
TXN0001671,CUST01581,MER0036,cust01581@okhdfcbank,394.99,2025-06-19 18:03:46,Success,645538130270,Amazon Pay
TXN0001676,CUST01415,MER0086,cust01415@okhdfcbank,509.39,2025-04-14 02:16:05,success,990874169111,BHIM
TXN0001677,CUST00067,MER0076,cust00067@okhdfcbank,3718.94,2025-03-24 16:50:54,success,988661538358,PhonePe
TXN0001678,CUST01542,MER0070,cust01542@okhdfcbank,396.91,2025-05-16 13:10:19,Failed,701871986545,Paytm
TXN0001679,CUST01938,MER0139,cust01938@okhdfcbank,987.49,2025-04-22 16:45:47,SUCCESS,781299784812,Paytm
TXN0001681,CUST00166,MER0086,cust00166@okhdfcbank,122.94,2025-05-23 20:53:37,FAILED,642334752998,GPay
TXN0001685,CUST00749,MER0120,cust00749@okhdfcbank,53.5,2025-05-01 05:22:15,success,394088631754,BHIM
TXN0001688,CUST00138,MER0144,cust00138@okhdfcbank,562.18,2025-05-18 17:45:02,PENDING,413922219255,PhonePe
TXN0001691,CUST01924,MER0149,cust01924@okhdfcbank,2290.8,2025-06-19 03:45:59,SUCCESS,477305232578,BHIM
TXN0001692,CUST01965,MER0054,cust01965@okhdfcbank,281.04,2025-05-27 06:02:34,SUCCESS,704264848810,Amazon Pay
TXN0001693,CUST01526,MER0058,cust01526@okhdfcbank,427.02,2025-03-04 05:28:10,success,241606007025,BHIM
TXN0001694,CUST00723,MER0069,cust00723@okhdfcbank,173.39,2025-04-08 18:47:15,Success,167115839219,Paytm
TXN0001695,CUST01394,MER0109,cust01394@okhdfcbank,248.63,2025-02-23 19:35:27,success,000503053011,PhonePe
TXN0001696,CUST00112,MER0017,cust00112@okhdfcbank,195.02,2025-03-14 09:26:17,SUCCESS,775302208096,Paytm
TXN0001697,CUST00708,MER0116,cust00708@okhdfcbank,133.39,2025-04-05 09:58:53,Failed,726777017954,PhonePe
TXN0001698,CUST01027,MER0135,cust01027@okhdfcbank,1931.12,2025-06-11 02:01:44,Success,511622707002,BHIM
TXN0001700,CUST01090,MER0137,cust01090@okhdfcbank,1939.41,2025-06-24 15:44:47,Success,272290452584,Paytm
TXN0001702,CUST00754,MER0017,cust00754@okhdfcbank,812.24,2025-02-06 13:47:28,Success,977582756133,BHIM
TXN0001703,CUST01827,MER0118,cust01827@okhdfcbank,161.66,2025-01-17 22:53:17,SUCCESS,626843140051,BHIM
TXN0001704,CUST00165,MER0101,cust00165@okhdfcbank,101.27,2025-06-24 08:43:51,success,795669509017,Paytm
TXN0001705,CUST00367,MER0074,cust00367@okhdfcbank,284.75,2025-01-15 22:36:01,SUCCESS,637176883995,GPay
TXN0001706,CUST00224,MER0043,cust00224@okhdfcbank,920.69,2025-02-23 13:59:10,SUCCESS,769803327152,Amazon Pay
TXN0001708,CUST01792,MER0053,cust01792@okhdfcbank,173.56,2025-04-12 02:34:48,SUCCESS,579021606807,Amazon Pay
TXN0001711,CUST00711,MER0108,cust00711@okhdfcbank,392.84,2025-03-28 04:32:15,SUCCESS,878630214148,Paytm
TXN0001712,CUST01511,MER0006,cust01511@okhdfcbank,549.68,2025-02-26 14:34:00,Success,661456469847,Amazon Pay
TXN0001714,CUST01643,MER0060,cust01643@okhdfcbank,325.58,2025-06-12 03:08:14,success,096026054447,BHIM
TXN0001715,CUST01941,MER0134,cust01941@okhdfcbank,820.93,2025-05-06 04:23:21,SUCCESS,799847542420,PhonePe
TXN0001717,CUST00703,MER0084,cust00703@okhdfcbank,296.58,2025-04-05 09:36:56,Success,679861810590,BHIM
TXN0001720,CUST00623,MER0146,cust00623@okhdfcbank,372.98,2025-01-26 14:57:04,SUCCESS,885138685541,GPay
TXN0001721,CUST01840,MER0079,cust01840@okhdfcbank,752.37,2025-02-03 08:21:10,Success,399377379766,PhonePe
TXN0001722,CUST01617,MER0067,cust01617@okhdfcbank,68.89,2025-02-14 00:52:49,Success,845262989904,GPay
TXN0001723,CUST00992,MER0096,cust00992@okhdfcbank,457.44,2025-02-25 22:51:32,success,337221039513,Amazon Pay
TXN0001724,CUST01577,MER0013,cust01577@okhdfcbank,699.23,2025-01-29 19:18:24,SUCCESS,549781608804,BHIM
TXN0001726,CUST01267,MER0042,cust01267@okhdfcbank,305.11,2025-05-19 05:17:06,FAILED,393248401404,BHIM
TXN0001727,CUST01097,MER0074,cust01097@okhdfcbank,314.07,2025-02-05 09:29:19,pending,353867715803,Paytm
TXN0001731,CUST01177,MER0033,cust01177@okhdfcbank,60.31,2025-03-27 14:41:23,Success,284505868508,GPay
TXN0001733,CUST01449,MER0009,cust01449@okhdfcbank,368.71,2025-05-10 05:42:11,Failed,110266884730,GPay
TXN0001734,CUST00650,MER0089,cust00650@okhdfcbank,3404.87,2025-01-29 17:28:12,Success,252722646504,BHIM
TXN0001735,CUST00764,MER0115,cust00764@okhdfcbank,149.66,2025-04-15 19:57:38,success,931662813376,PhonePe
TXN0001737,CUST00618,MER0032,cust00618@okhdfcbank,402.26,2025-06-28 17:31:59,failed,692226981340,Paytm
TXN0001738,CUST00052,MER0104,cust00052@okhdfcbank,,2025-04-07 23:27:05,SUCCESS,939232130461,Amazon Pay
TXN0001739,CUST01574,MER0038,cust01574@okhdfcbank,70.05,2025-03-30 22:37:28,Success,914082846978,Paytm
TXN0001740,CUST01901,MER0082,cust01901@okhdfcbank,215.06,2025-01-31 07:15:39,Success,673184139425,BHIM
TXN0001744,CUST01175,MER0038,cust01175@okhdfcbank,312.97,2025-06-05 06:17:42,Success,025896761059,PhonePe
TXN0001745,CUST01158,MER0114,cust01158@okhdfcbank,200.46,2025-03-07 18:23:01,SUCCESS,918043220012,PhonePe
TXN0001746,CUST01412,MER0029,cust01412@okhdfcbank,907.09,2025-05-23 01:41:31,Success,793736721320,Amazon Pay
TXN0001747,CUST00981,MER0011,cust00981@okhdfcbank,2459.26,2025-01-28 01:45:34,Pending,584387471934,BHIM
TXN0001748,CUST01389,MER0142,cust01389@okhdfcbank,747.25,2025-01-23 16:40:55,success,507433310104,BHIM
TXN0001750,CUST01723,MER0057,cust01723@okhdfcbank,2634.99,2025-03-28 14:23:00,Success,100036248437,PhonePe
TXN0001751,CUST00732,MER0024,cust00732@okhdfcbank,196.01,2025-03-05 08:58:40,SUCCESS,121599564983,PhonePe
TXN0001752,CUST00113,MER0050,cust00113@okhdfcbank,1259.4,2025-04-24 06:59:15,success,427727472546,PhonePe
TXN0001753,CUST01079,MER0057,cust01079@okhdfcbank,107.4,2025-06-01 17:02:39,success,607437934641,GPay
TXN0001754,CUST01917,MER0072,cust01917@okhdfcbank,753.63,2025-02-08 00:06:04,success,653501730687,GPay
TXN0001758,CUST00808,MER0050,cust00808@okhdfcbank,871.12,2025-04-06 05:44:03,success,182085799004,Amazon Pay
TXN0001759,CUST00651,MER0131,cust00651@okhdfcbank,664.1,2025-01-11 21:12:02,SUCCESS,705172223328,Amazon Pay
TXN0001760,CUST01861,MER0093,cust01861@okhdfcbank,819.23,2025-03-19 04:45:16,SUCCESS,177433981780,GPay
TXN0001761,CUST00303,MER0110,cust00303@okhdfcbank,524.15,2025-03-13 18:36:01,Success,021020179897,GPay
TXN0001763,CUST00583,MER0089,cust00583@okhdfcbank,2085.11,2025-03-10 05:25:59,SUCCESS,895860933644,GPay
TXN0001764,CUST00631,MER0115,cust00631@okhdfcbank,2351.69,2025-06-19 18:32:29,Pending,722521631676,PhonePe
TXN0001765,CUST01149,MER0023,cust01149@okhdfcbank,427.67,2025-02-11 21:12:44,Success,872351717741,BHIM
TXN0001766,CUST01491,MER0114,cust01491@okhdfcbank,624.93,2025-05-24 23:46:09,success,799375216601,PhonePe
TXN0001768,CUST01651,MER0109,cust01651@okhdfcbank,98.33,2025-05-22 11:32:52,Success,214239560597,GPay
TXN0001769,CUST01836,MER0107,cust01836@okhdfcbank,351.98,2025-01-28 02:25:57,Success,758740465999,GPay
TXN0001770,CUST01712,MER0023,cust01712@okhdfcbank,2439.88,2025-01-28 21:24:27,Success,885887891195,GPay
TXN0001771,CUST00426,MER0078,cust00426@okhdfcbank,232.81,2025-04-03 03:51:26,SUCCESS,618762606300,BHIM
TXN0001776,CUST01139,MER0119,cust01139@okhdfcbank,196.92,2025-05-18 21:59:27,FAILED,992930248122,GPay
TXN0001778,CUST00381,MER0098,cust00381@okhdfcbank,2082.66,2025-02-26 04:59:46,SUCCESS,878715909113,PhonePe
TXN0001779,CUST01135,MER0126,cust01135@okhdfcbank,266.53,2025-01-09 04:49:10,Success,380638098129,Amazon Pay
TXN0001781,CUST01199,MER0078,cust01199@okhdfcbank,124.33,2025-04-06 22:40:30,pending,294789364618,PhonePe
TXN0001783,CUST00055,MER0001,cust00055@okhdfcbank,3299.03,2025-01-30 21:48:13,Success,582244565122,GPay
TXN0001789,CUST01227,MER0093,cust01227@okhdfcbank,278.69,2025-04-23 19:57:45,success,933980344763,GPay
TXN0001790,CUST00985,MER0145,cust00985@okhdfcbank,369.84,2025-03-26 16:13:35,Success,313198066289,BHIM
TXN0001791,CUST01779,MER0067,cust01779@okhdfcbank,672.92,2025-05-02 22:40:25,SUCCESS,872805923284,PhonePe
TXN0001793,CUST01050,MER0148,cust01050@okhdfcbank,296.34,2025-01-04 09:45:57,SUCCESS,367629026705,BHIM
TXN0001795,CUST00120,MER0038,cust00120@okhdfcbank,643.8,2025-03-04 01:49:19,Success,704219513528,PhonePe
TXN0001796,CUST00945,MER0035,cust00945@okhdfcbank,1784.28,2025-03-11 09:32:13,success,916465113970,Amazon Pay
TXN0001798,CUST00860,MER0092,cust00860@okhdfcbank,109.2,2025-01-10 11:01:40,Success,808794083964,PhonePe
TXN0001799,CUST00594,MER0075,cust00594@okhdfcbank,397.97,2025-04-13 20:10:20,Failed,409282723909,PhonePe
TXN0001800,CUST01309,MER0020,cust01309@okhdfcbank,194.65,2025-04-10 18:47:29,SUCCESS,152491857001,Amazon Pay
TXN0001803,CUST00661,MER0081,cust00661@okhdfcbank,545.42,2025-06-10 13:16:11,FAILED,738091081229,PhonePe
TXN0001804,CUST01731,MER0078,cust01731@okhdfcbank,376.86,2025-02-22 17:05:25,SUCCESS,467816734837,BHIM
TXN0001805,CUST01404,MER0093,cust01404@okhdfcbank,528.04,2025-01-19 14:36:57,SUCCESS,315210184315,BHIM
TXN0001808,CUST00994,MER0106,cust00994@okhdfcbank,145.66,2025-03-08 01:58:26,SUCCESS,060812050031,Paytm
TXN0001809,CUST01887,MER0042,cust01887@okhdfcbank,63.43,2025-01-20 21:18:06,success,575967048693,PhonePe
TXN0001810,CUST00447,MER0040,cust00447@okhdfcbank,1749.67,2025-04-08 17:56:03,success,047744615922,BHIM
TXN0001813,CUST01090,MER0142,cust01090@okhdfcbank,1746.2,2025-05-17 08:47:29,SUCCESS,801994229823,PhonePe
TXN0001814,CUST01549,MER0030,cust01549@okhdfcbank,140.41,2025-03-23 00:58:28,success,646004388167,GPay
TXN0001815,CUST00944,MER0020,cust00944@okhdfcbank,86.87,2025-01-23 15:14:07,success,786876436896,BHIM
TXN0001817,CUST00036,MER0123,cust00036@okhdfcbank,660.68,2025-03-09 14:46:32,success,854169188560,GPay
TXN0001820,CUST01987,MER0088,cust01987@okhdfcbank,330.23,2025-02-03 10:32:36,Success,090326224889,Amazon Pay
TXN0001821,CUST01454,MER0078,cust01454@okhdfcbank,219.84,2025-01-06 14:01:44,SUCCESS,252420450643,PhonePe
TXN0001822,CUST01525,MER0031,cust01525@okhdfcbank,353.04,2025-02-13 04:15:45,success,860858008086,Amazon Pay
TXN0001826,CUST00039,MER0124,cust00039@okhdfcbank,860.15,2025-05-28 01:25:56,SUCCESS,515600247931,GPay
TXN0001827,CUST00884,MER0011,cust00884@okhdfcbank,420.64,2025-02-08 03:03:43,SUCCESS,311337764497,GPay
TXN0001830,CUST00244,MER0065,cust00244@okhdfcbank,212.92,2025-01-09 09:42:23,SUCCESS,333250457086,PhonePe
TXN0001837,CUST00713,MER0091,cust00713@okhdfcbank,235.99,2025-02-01 04:15:05,FAILED,550963659469,PhonePe
TXN0001838,CUST01752,MER0129,cust01752@okhdfcbank,1327.49,2025-06-01 14:48:06,success,240772557420,Paytm
TXN0001840,CUST01168,MER0018,cust01168@okhdfcbank,1386.72,2025-01-20 05:51:57,SUCCESS,530597119188,PhonePe
TXN0001841,CUST01679,MER0149,cust01679@okhdfcbank,3784.4,2025-05-29 04:58:30,success,255806109732,BHIM
TXN0001842,CUST00029,MER0136,cust00029@okhdfcbank,1749.01,2025-02-12 03:17:03,success,409271115775,BHIM
TXN0001843,CUST01466,MER0050,cust01466@okhdfcbank,222.42,2025-02-24 17:32:52,Success,903340737969,GPay
TXN0001846,CUST00439,MER0130,cust00439@okhdfcbank,3748.42,2025-06-15 07:19:50,SUCCESS,831284035885,BHIM
TXN0001847,CUST01450,MER0122,cust01450@okhdfcbank,1487.53,2025-03-13 03:50:29,success,758162913513,Paytm
TXN0001848,CUST01430,MER0048,cust01430@okhdfcbank,407.94,2025-03-27 08:59:28,Success,397409905115,Amazon Pay
TXN0001851,CUST00439,MER0132,cust00439@okhdfcbank,632.87,2025-02-14 04:28:46,success,774793944258,Amazon Pay
TXN0001856,CUST00591,MER0143,cust00591@okhdfcbank,778.38,2025-05-21 05:24:01,success,688852341239,BHIM
TXN0001858,CUST00237,MER0099,cust00237@okhdfcbank,138.88,2025-02-25 01:43:30,Success,328650219852,GPay
TXN0001863,CUST01833,MER0122,cust01833@okhdfcbank,1422.83,2025-05-12 20:58:49,success,631279569763,PhonePe
TXN0001864,CUST00753,MER0046,cust00753@okhdfcbank,94.77,2025-01-03 11:35:10,FAILED,614266129944,Paytm
TXN0001867,CUST01071,MER0022,cust01071@okhdfcbank,39.19,2025-01-24 03:35:43,SUCCESS,937436815956,PhonePe
TXN0001868,CUST00294,MER0102,cust00294@okhdfcbank,867.94,2025-03-19 19:02:40,SUCCESS,613252938501,PhonePe
TXN0001869,CUST01424,MER0027,cust01424@okhdfcbank,385.23,2025-05-24 23:19:27,Success,542549362290,PhonePe
TXN0001872,CUST00411,MER0104,cust00411@okhdfcbank,538.24,2025-01-24 20:06:47,success,866382278552,PhonePe
TXN0001873,CUST00477,MER0109,cust00477@okhdfcbank,320.3,2025-05-21 19:40:45,success,725996236283,Paytm
TXN0001876,CUST01617,MER0103,cust01617@okhdfcbank,662.8,2025-03-11 03:32:01,SUCCESS,239973443098,PhonePe
TXN0001878,CUST01048,MER0072,cust01048@okhdfcbank,426.0,2025-01-29 14:48:47,Success,666863744003,GPay
TXN0001879,CUST01573,MER0117,cust01573@okhdfcbank,454.02,2025-01-21 23:29:14,Success,573318904052,Amazon Pay
TXN0001885,CUST00621,MER0025,cust00621@okhdfcbank,2421.63,2025-05-28 14:39:20,SUCCESS,646348957511,GPay
TXN0001886,CUST00157,MER0134,cust00157@okhdfcbank,131.2,2025-05-30 01:08:43,failed,608444162129,GPay
TXN0001887,CUST01009,MER0120,cust01009@okhdfcbank,119.12,2025-02-09 05:04:12,SUCCESS,567685920926,Amazon Pay
TXN0001888,CUST00602,MER0128,cust00602@okhdfcbank,149.8,2025-04-06 04:43:56,SUCCESS,877677323280,GPay
TXN0001891,CUST00037,MER0009,cust00037@okhdfcbank,273.47,2025-03-25 13:50:21,success,048605544078,Amazon Pay
TXN0001892,CUST01803,MER0031,cust01803@okhdfcbank,2012.43,2025-03-16 11:50:41,Success,826784936111,GPay
TXN0001894,CUST00771,MER0114,cust00771@okhdfcbank,296.16,2025-03-31 06:09:12,Failed,584063467567,PhonePe
TXN0001898,CUST00276,MER0080,cust00276@okhdfcbank,289.13,2025-05-19 23:30:42,Success,643669131528,PhonePe
TXN0001899,CUST00797,MER0125,cust00797@okhdfcbank,389.8,2025-05-29 08:32:59,Failed,266996893763,Amazon Pay
TXN0001902,CUST00975,MER0144,cust00975@okhdfcbank,395.54,2025-06-15 21:33:59,success,123389325061,Amazon Pay
TXN0001904,CUST01014,MER0097,cust01014@okhdfcbank,139.68,2025-04-30 19:08:50,SUCCESS,383104024851,PhonePe
TXN0001906,CUST00126,MER0008,cust00126@okhdfcbank,798.97,2025-04-25 15:45:32,Success,821084925683,Amazon Pay
TXN0001908,CUST00751,MER0090,cust00751@okhdfcbank,228.59,2025-06-07 04:47:32,success,632895618528,PhonePe
TXN0001909,CUST01520,MER0150,cust01520@okhdfcbank,67.79,2025-01-06 05:21:44,SUCCESS,528448212164,GPay
TXN0001910,CUST01568,MER0088,cust01568@okhdfcbank,786.29,2025-03-15 21:36:01,success,658187936641,GPay
TXN0001911,CUST00200,MER0110,cust00200@okhdfcbank,253.63,2025-03-09 00:28:59,SUCCESS,715883434484,GPay
TXN0001914,CUST00481,MER0080,cust00481@okhdfcbank,374.16,2025-04-26 01:23:51,FAILED,209188974910,GPay
TXN0001915,CUST00174,MER0017,cust00174@okhdfcbank,2385.89,2025-06-18 17:33:13,Success,779414314872,GPay
TXN0001919,CUST01055,MER0108,cust01055@okhdfcbank,585.7,2025-02-21 18:32:02,failed,208356473543,Amazon Pay
TXN0001920,CUST00042,MER0121,cust00042@okhdfcbank,59.19,2025-04-25 04:13:42,success,971968538710,BHIM
TXN0001922,CUST00800,MER0083,cust00800@okhdfcbank,4140.07,2025-04-22 04:13:24,Success,214124399887,Amazon Pay
TXN0001924,CUST01383,MER0053,cust01383@okhdfcbank,143.21,2025-03-07 05:43:18,SUCCESS,844386520130,Amazon Pay
TXN0001926,CUST01260,MER0077,cust01260@okhdfcbank,457.01,2025-03-12 13:15:38,SUCCESS,976979751406,Amazon Pay
TXN0001928,CUST01736,MER0020,cust01736@okhdfcbank,547.58,2025-06-13 04:27:24,SUCCESS,329847734761,Amazon Pay
TXN0001930,CUST00098,MER0077,cust00098@okhdfcbank,1130.65,2025-04-22 08:48:00,Success,631626654011,PhonePe
TXN0001937,CUST01359,MER0139,cust01359@okhdfcbank,524.18,2025-03-02 20:19:50,success,179902901642,BHIM
TXN0001939,CUST00515,MER0132,cust00515@okhdfcbank,1886.08,2025-03-30 00:11:54,success,880060373955,GPay
TXN0001940,CUST01376,MER0141,cust01376@okhdfcbank,354.19,2025-02-05 01:39:39,Success,636052805574,GPay
TXN0001941,CUST01805,MER0005,cust01805@okhdfcbank,194.01,2025-05-02 21:57:53,SUCCESS,011260340513,Paytm
TXN0001942,CUST01441,MER0133,cust01441@okhdfcbank,206.52,2025-06-17 12:31:08,Success,939217556827,Paytm
TXN0001946,CUST01489,MER0016,cust01489@okhdfcbank,1858.45,2025-04-12 09:57:09,FAILED,519389091022,BHIM
TXN0001947,CUST00411,MER0094,cust00411@okhdfcbank,660.24,2025-03-31 19:20:39,success,237099751719,PhonePe
TXN0001948,CUST00303,MER0062,cust00303@okhdfcbank,457.33,2025-01-30 05:15:12,Success,237409815796,PhonePe
TXN0001949,CUST01529,MER0077,cust01529@okhdfcbank,475.37,2025-06-13 21:53:37,Success,689574680158,PhonePe
TXN0001950,CUST00892,MER0106,cust00892@okhdfcbank,175.99,2025-03-03 21:01:53,FAILED,729028547609,Paytm
TXN0001951,CUST01762,MER0017,cust01762@okhdfcbank,209.11,2025-05-04 02:18:58,Pending,621759788063,BHIM
TXN0001952,CUST00417,MER0106,cust00417@okhdfcbank,405.38,2025-02-21 20:00:22,SUCCESS,795376485392,Amazon Pay
TXN0001958,CUST01147,MER0112,cust01147@okhdfcbank,1091.46,2025-03-23 22:45:06,success,251140299010,BHIM
TXN0001961,CUST01618,MER0072,cust01618@okhdfcbank,156.15,2025-05-08 21:37:40,Success,821330507369,BHIM
TXN0001962,CUST01128,MER0046,cust01128@okhdfcbank,827.14,2025-05-06 02:37:36,success,908002703222,GPay
TXN0001964,CUST00996,MER0006,cust00996@okhdfcbank,368.57,2025-01-11 17:50:37,Success,074907781688,BHIM
TXN0001967,CUST00745,MER0024,cust00745@okhdfcbank,382.14,2025-03-19 01:39:53,Failed,377631294727,GPay
TXN0001968,CUST01932,MER0036,cust01932@okhdfcbank,257.25,2025-02-15 20:01:53,failed,667827062090,Amazon Pay
TXN0001969,CUST00230,MER0147,cust00230@okhdfcbank,678.89,2025-05-23 14:55:36,Success,279296018504,GPay
TXN0001970,CUST01025,MER0031,cust01025@okhdfcbank,168.42,2025-04-12 08:29:54,SUCCESS,191559673247,GPay
TXN0001971,CUST01361,MER0149,cust01361@okhdfcbank,414.35,2025-05-31 12:18:06,SUCCESS,132611570069,GPay
TXN0001973,CUST01017,MER0024,cust01017@okhdfcbank,479.15,2025-02-16 05:31:06,Success,120999844433,GPay
TXN0001974,CUST01229,MER0032,cust01229@okhdfcbank,538.35,2025-05-31 03:19:50,failed,081487027309,BHIM
TXN0001975,CUST01653,MER0081,cust01653@okhdfcbank,213.89,2025-03-05 22:35:00,success,568978539974,Paytm
TXN0001977,CUST00799,MER0061,cust00799@okhdfcbank,233.43,2025-03-24 02:42:44,SUCCESS,910319584172,Paytm
TXN0001978,CUST00447,MER0037,cust00447@okhdfcbank,97.51,2025-01-21 17:47:21,SUCCESS,798687260108,PhonePe
TXN0001981,CUST01768,MER0015,cust01768@okhdfcbank,1092.59,2025-04-06 05:14:11,Success,210470349937,Amazon Pay
TXN0001983,CUST01943,MER0029,cust01943@okhdfcbank,218.98,2025-03-03 10:57:00,SUCCESS,960175611819,PhonePe
TXN0001984,CUST01118,MER0109,cust01118@okhdfcbank,1037.24,2025-04-03 04:58:50,Success,574503935507,Paytm
TXN0001985,CUST01399,MER0064,cust01399@okhdfcbank,933.48,2025-02-23 22:19:59,FAILED,996272530760,PhonePe
TXN0001986,CUST01802,MER0038,cust01802@okhdfcbank,612.42,2025-03-12 11:41:36,SUCCESS,811122771035,Amazon Pay
TXN0001988,CUST01322,MER0009,cust01322@okhdfcbank,479.9,2025-06-13 09:32:53,Success,204900581585,Paytm
TXN0001989,CUST01515,MER0014,cust01515@okhdfcbank,381.12,2025-05-15 02:48:48,SUCCESS,547539269132,GPay
TXN0001992,CUST01664,MER0032,cust01664@okhdfcbank,954.65,2025-04-14 20:51:52,Success,055008317143,Paytm
TXN0001994,CUST00796,MER0003,cust00796@okhdfcbank,820.51,2025-06-26 15:55:28,Success,955980316526,PhonePe
TXN0001998,CUST00899,MER0082,cust00899@okhdfcbank,797.17,2025-06-20 18:36:51,SUCCESS,427320472566,GPay
TXN0001999,CUST01664,MER0105,cust01664@okhdfcbank,582.23,2025-06-03 06:29:08,success,665019805737,Paytm
TXN0002000,CUST00070,MER0071,cust00070@okhdfcbank,236.88,2025-06-18 05:55:28,Success,280463069204,GPay
TXN0002001,CUST00165,MER0126,cust00165@okhdfcbank,733.09,2025-04-02 11:26:40,success,825619376697,GPay
TXN0002002,CUST01510,MER0106,cust01510@okhdfcbank,1081.49,2025-06-29 21:47:23,SUCCESS,355861407473,PhonePe
TXN0002004,CUST00866,MER0026,cust00866@okhdfcbank,364.55,2025-06-10 01:59:11,SUCCESS,747446005357,Amazon Pay
TXN0002005,CUST00329,MER0067,cust00329@okhdfcbank,2157.6,2025-04-09 07:41:23,Success,383760744718,Paytm
TXN0002007,CUST00670,MER0117,cust00670@okhdfcbank,526.72,2025-05-15 23:54:50,Success,419715868825,Paytm
TXN0002009,CUST00909,MER0035,cust00909@okhdfcbank,111.96,2025-01-01 14:20:03,success,160357360637,PhonePe
TXN0002010,CUST00821,MER0052,cust00821@okhdfcbank,576.81,2025-05-03 00:04:22,PENDING,025212738841,BHIM
TXN0002011,CUST00626,MER0081,cust00626@okhdfcbank,1682.42,2025-04-22 19:27:57,success,791729043492,Paytm
TXN0002012,CUST00169,MER0029,cust00169@okhdfcbank,126.21,2025-01-31 15:30:21,FAILED,230429724635,PhonePe
TXN0002014,CUST01986,MER0034,cust01986@okhdfcbank,338.42,2025-06-14 11:07:18,Success,178670126165,BHIM
TXN0002015,CUST01217,MER0106,cust01217@okhdfcbank,1278.05,2025-06-03 21:58:50,SUCCESS,942440805206,GPay
TXN0002016,CUST01924,MER0082,cust01924@okhdfcbank,145.79,2025-03-29 16:05:43,SUCCESS,474487797984,BHIM
TXN0002017,CUST00980,MER0035,cust00980@okhdfcbank,757.54,2025-02-20 14:51:22,FAILED,403242257229,Paytm
TXN0002019,CUST00578,MER0051,cust00578@okhdfcbank,615.87,2025-01-17 09:19:39,failed,367270061550,GPay
TXN0002024,CUST00183,MER0119,cust00183@okhdfcbank,431.47,2025-02-08 11:59:14,SUCCESS,534303213279,BHIM
TXN0002025,CUST00537,MER0044,cust00537@okhdfcbank,345.01,2025-01-10 16:00:19,Success,731383988562,PhonePe
TXN0002026,CUST00822,MER0110,cust00822@okhdfcbank,532.51,2025-04-27 14:01:58,SUCCESS,517729572979,BHIM
TXN0002029,CUST00029,MER0135,cust00029@okhdfcbank,347.42,2025-03-26 11:59:12,success,605108083673,PhonePe
TXN0002031,CUST01380,MER0127,cust01380@okhdfcbank,473.5,2025-01-24 00:18:27,SUCCESS,182789207725,GPay
TXN0002033,CUST01666,MER0069,cust01666@okhdfcbank,1065.06,2025-02-25 22:00:00,FAILED,746478167557,GPay
TXN0002036,CUST00442,MER0073,cust00442@okhdfcbank,491.61,2025-05-22 02:42:18,Success,616693784850,BHIM
TXN0002037,CUST01387,MER0049,cust01387@okhdfcbank,933.1,2025-03-23 05:33:49,Success,276204334239,Amazon Pay
TXN0002038,CUST00370,MER0105,cust00370@okhdfcbank,413.51,2025-06-03 21:08:51,success,690628413501,Paytm
TXN0002039,CUST00299,MER0008,cust00299@okhdfcbank,237.88,2025-02-26 08:23:49,Success,476287666759,Amazon Pay
TXN0002040,CUST02000,MER0068,cust02000@okhdfcbank,165.27,2025-02-15 17:26:33,success,141645495468,Paytm
TXN0002043,CUST00022,MER0121,cust00022@okhdfcbank,400.24,2025-01-26 20:46:47,SUCCESS,107080953241,GPay
TXN0002044,CUST01785,MER0083,cust01785@okhdfcbank,1060.12,2025-05-15 13:43:25,SUCCESS,067608075510,Paytm
TXN0002047,CUST00196,MER0143,cust00196@okhdfcbank,421.18,2025-01-12 09:48:20,SUCCESS,226585128590,GPay
TXN0002049,CUST01861,MER0091,cust01861@okhdfcbank,357.62,2025-04-28 17:54:35,Failed,966635894726,Amazon Pay
TXN0002050,CUST01924,MER0012,cust01924@okhdfcbank,1989.64,2025-01-02 00:59:02,SUCCESS,569140142182,Amazon Pay
TXN0002051,CUST00520,MER0130,cust00520@okhdfcbank,170.59,2025-05-01 07:48:54,SUCCESS,086195907282,GPay
TXN0002052,CUST00781,MER0078,cust00781@okhdfcbank,2152.66,2025-03-18 15:25:13,success,212862105268,Paytm
TXN0002053,CUST01375,MER0095,cust01375@okhdfcbank,732.36,2025-01-26 16:16:29,success,110875486474,PhonePe
TXN0002057,CUST00959,MER0034,cust00959@okhdfcbank,1249.52,2025-01-18 09:47:23,success,869966229506,Paytm
TXN0002058,CUST00650,MER0136,cust00650@okhdfcbank,672.77,2025-03-26 01:35:54,Success,646074941024,BHIM
TXN0002060,CUST00091,MER0033,cust00091@okhdfcbank,405.95,2025-04-07 22:29:24,PENDING,435247928299,GPay
TXN0002061,CUST01786,MER0072,cust01786@okhdfcbank,324.01,2025-05-26 05:06:34,Success,542254591027,PhonePe
TXN0002062,CUST00739,MER0111,cust00739@okhdfcbank,1974.54,2025-02-24 22:31:42,failed,476084423483,GPay
TXN0002064,CUST01699,MER0068,cust01699@okhdfcbank,497.38,2025-04-11 09:16:02,success,138278631060,Amazon Pay
TXN0002065,CUST00642,MER0112,cust00642@okhdfcbank,232.12,2025-06-23 08:09:07,Success,780279982265,Amazon Pay
TXN0002067,CUST01946,MER0039,cust01946@okhdfcbank,382.21,2025-04-18 21:37:54,Failed,176652986479,GPay
TXN0002068,CUST01748,MER0113,cust01748@okhdfcbank,897.19,2025-01-11 08:02:00,Success,072881530015,Amazon Pay
TXN0002069,CUST00387,MER0039,cust00387@okhdfcbank,380.21,2025-01-11 14:18:05,Success,959407740358,GPay
TXN0002070,CUST00471,MER0047,cust00471@okhdfcbank,2354.34,2025-01-07 23:07:48,SUCCESS,156062679544,Paytm
TXN0002072,CUST00957,MER0112,cust00957@okhdfcbank,796.74,2025-01-23 12:42:40,SUCCESS,936043748300,BHIM
TXN0002073,CUST01834,MER0127,cust01834@okhdfcbank,302.26,2025-01-08 22:06:11,SUCCESS,530771279571,PhonePe
TXN0002077,CUST01475,MER0038,cust01475@okhdfcbank,1234.43,2025-01-25 00:16:13,SUCCESS,690826937229,Paytm
TXN0002078,CUST00716,MER0024,cust00716@okhdfcbank,860.69,2025-02-09 13:28:04,Success,415202842199,Amazon Pay
TXN0002081,CUST01685,MER0070,cust01685@okhdfcbank,1209.21,2025-04-20 08:55:23,SUCCESS,358971778331,BHIM
TXN0002082,CUST01825,MER0150,cust01825@okhdfcbank,1248.02,2025-02-11 05:50:16,Success,262277573591,Paytm
TXN0002083,CUST01196,MER0002,cust01196@okhdfcbank,33.44,2025-04-13 03:24:34,Pending,260395189025,GPay
TXN0002085,CUST00853,MER0020,cust00853@okhdfcbank,393.76,2025-02-17 19:10:36,SUCCESS,458994790138,PhonePe
TXN0002086,CUST01574,MER0128,cust01574@okhdfcbank,962.23,2025-05-12 10:37:20,success,789819952575,GPay
TXN0002087,CUST00194,MER0085,cust00194@okhdfcbank,460.92,2025-01-06 00:59:32,SUCCESS,296576339409,GPay
TXN0002090,CUST00663,MER0040,cust00663@okhdfcbank,639.1,2025-01-06 14:33:53,Success,403338934950,Paytm
TXN0002093,CUST01348,MER0002,cust01348@okhdfcbank,6085.37,2025-03-05 23:14:26,Success,284373782637,BHIM
TXN0002094,CUST01987,MER0012,cust01987@okhdfcbank,1621.14,2025-05-08 09:59:12,Failed,039000631393,PhonePe
TXN0002095,CUST01275,MER0116,cust01275@okhdfcbank,493.42,2025-03-05 02:12:56,Success,484180910987,Paytm
TXN0002100,CUST00817,MER0066,cust00817@okhdfcbank,2209.81,2025-02-04 13:35:25,FAILED,567519631789,GPay
TXN0002102,CUST00043,MER0054,cust00043@okhdfcbank,864.98,2025-02-01 15:21:31,SUCCESS,454098065055,PhonePe
TXN0002103,CUST00796,MER0104,cust00796@okhdfcbank,135.31,2025-02-25 07:53:50,success,481306233780,Amazon Pay
TXN0002106,CUST01652,MER0080,cust01652@okhdfcbank,983.64,2025-06-25 11:42:25,Success,754803099575,PhonePe
TXN0002109,CUST00753,MER0132,cust00753@okhdfcbank,2122.94,2025-02-08 19:28:03,SUCCESS,952790972303,BHIM
TXN0002111,CUST00795,MER0122,cust00795@okhdfcbank,606.96,2025-02-22 03:12:16,Success,334212770175,GPay
TXN0002112,CUST01154,MER0109,cust01154@okhdfcbank,52.63,2025-01-18 12:27:59,success,741385663830,Paytm
TXN0002113,CUST01550,MER0109,cust01550@okhdfcbank,6070.11,2025-06-07 11:30:27,Success,952048758128,Paytm
TXN0002116,CUST00700,MER0119,cust00700@okhdfcbank,292.26,2025-05-12 08:26:20,SUCCESS,002636970216,BHIM
TXN0002117,CUST00460,MER0040,cust00460@okhdfcbank,717.93,2025-04-07 04:22:08,Success,490189434355,PhonePe
TXN0002119,CUST00596,MER0120,cust00596@okhdfcbank,1274.91,2025-03-26 22:13:28,Pending,175773201932,Amazon Pay
TXN0002122,CUST01850,MER0077,cust01850@okhdfcbank,3753.88,2025-06-13 09:51:04,success,134338015509,BHIM
TXN0002124,CUST00606,MER0146,cust00606@okhdfcbank,414.67,2025-01-10 06:25:47,Success,419084721546,GPay
TXN0002128,CUST01476,MER0146,cust01476@okhdfcbank,1181.56,2025-06-07 20:02:16,SUCCESS,325883529031,Amazon Pay
TXN0002130,CUST01200,MER0021,cust01200@okhdfcbank,707.16,2025-05-30 06:09:12,success,804972316401,GPay
TXN0002131,CUST01032,MER0005,cust01032@okhdfcbank,2621.91,2025-01-23 02:58:40,Success,154242322405,Amazon Pay
TXN0002132,CUST01517,MER0119,cust01517@okhdfcbank,1437.82,2025-02-04 20:46:25,SUCCESS,963630171697,BHIM
TXN0002134,CUST00093,MER0022,cust00093@okhdfcbank,38.63,2025-03-22 19:52:22,success,849431077156,Amazon Pay
TXN0002137,CUST01373,MER0116,cust01373@okhdfcbank,165.8,2025-05-02 03:10:01,Success,992013491575,BHIM
TXN0002139,CUST01785,MER0048,cust01785@okhdfcbank,378.53,2025-02-10 23:38:59,SUCCESS,863222246123,GPay
TXN0002142,CUST01380,MER0028,cust01380@okhdfcbank,1790.97,2025-03-26 05:38:58,Success,735432957546,GPay
TXN0002144,CUST00239,MER0004,cust00239@okhdfcbank,204.58,2025-02-03 08:20:41,SUCCESS,677917610298,Paytm
TXN0002145,CUST01344,MER0123,cust01344@okhdfcbank,1233.32,2025-03-31 08:30:54,Success,446351108661,BHIM
TXN0002147,CUST01348,MER0125,cust01348@okhdfcbank,1780.22,2025-02-28 19:09:00,SUCCESS,416434758929,Paytm
TXN0002148,CUST01267,MER0093,cust01267@okhdfcbank,1327.51,2025-05-15 02:43:10,SUCCESS,711119129366,Paytm
TXN0002149,CUST01380,MER0102,cust01380@okhdfcbank,1977.87,2025-06-06 05:53:51,Success,042751463659,Amazon Pay
TXN0002151,CUST00277,MER0004,cust00277@okhdfcbank,300.03,2025-02-07 01:12:07,SUCCESS,106370435560,PhonePe
TXN0002152,CUST00230,MER0005,cust00230@okhdfcbank,535.94,2025-05-16 03:44:46,success,601122632990,Amazon Pay
TXN0002155,CUST00298,MER0062,cust00298@okhdfcbank,283.26,2025-03-26 14:55:17,SUCCESS,652755836543,PhonePe
TXN0002156,CUST01725,MER0138,cust01725@okhdfcbank,341.6,2025-02-07 01:43:33,success,999534405579,GPay
TXN0002157,CUST00177,MER0078,cust00177@okhdfcbank,152.93,2025-05-30 11:09:37,Failed,133749083104,Paytm
TXN0002158,CUST00950,MER0038,cust00950@okhdfcbank,970.65,2025-04-03 00:56:57,Success,494074293228,GPay
TXN0002159,CUST00865,MER0006,cust00865@okhdfcbank,467.64,2025-01-23 14:44:14,Success,150223438761,GPay
TXN0002163,CUST01167,MER0101,cust01167@okhdfcbank,-3414.94,2025-01-10 21:18:52,Success,191244854134,Paytm
TXN0002165,CUST01292,MER0111,cust01292@okhdfcbank,907.35,2025-03-22 17:14:12,success,587309715269,GPay
TXN0002168,CUST00076,MER0125,cust00076@okhdfcbank,2958.54,2025-03-19 14:38:43,SUCCESS,345777737843,Amazon Pay
TXN0002170,CUST01463,MER0016,cust01463@okhdfcbank,228.68,2025-04-13 14:05:51,Success,575733259501,BHIM
TXN0002172,CUST00131,MER0069,cust00131@okhdfcbank,156.15,2025-06-23 09:06:33,success,853336545415,Paytm
TXN0002173,CUST01328,MER0107,cust01328@okhdfcbank,3060.15,2025-06-22 15:41:43,success,733797285905,Paytm
TXN0002175,CUST01276,MER0089,cust01276@okhdfcbank,292.05,2025-03-29 01:20:51,failed,664923308398,Amazon Pay
TXN0002177,CUST00331,MER0074,cust00331@okhdfcbank,533.99,2025-05-22 00:22:47,Success,663676289645,Amazon Pay
TXN0002180,CUST01403,MER0087,cust01403@okhdfcbank,330.63,2025-06-28 23:35:57,Success,861108396005,PhonePe
TXN0002181,CUST01234,MER0120,cust01234@okhdfcbank,719.29,2025-01-26 11:14:35,Success,123531504752,BHIM
TXN0002182,CUST01809,MER0076,cust01809@okhdfcbank,534.81,2025-05-21 09:24:03,SUCCESS,201825577076,GPay
TXN0002183,CUST01457,MER0100,cust01457@okhdfcbank,184.64,2025-03-22 22:42:48,success,270046386512,PhonePe
TXN0002184,CUST01707,MER0093,cust01707@okhdfcbank,5555.57,2025-06-04 13:30:05,success,590230572323,PhonePe
TXN0002191,CUST00481,MER0054,cust00481@okhdfcbank,2235.29,2025-04-19 03:01:05,success,754963573944,Amazon Pay
TXN0002195,CUST01832,MER0129,cust01832@okhdfcbank,2263.52,2025-01-07 04:59:27,SUCCESS,555330091824,Amazon Pay
TXN0002196,CUST01653,MER0017,cust01653@okhdfcbank,490.18,2025-03-07 13:57:28,SUCCESS,880926915822,Amazon Pay
TXN0002197,CUST00882,MER0030,cust00882@okhdfcbank,690.63,2025-04-30 22:03:06,SUCCESS,913304938060,BHIM
TXN0002199,CUST00459,MER0125,cust00459@okhdfcbank,289.5,2025-02-20 01:32:17,SUCCESS,634483578115,GPay
TXN0002200,CUST00697,MER0091,cust00697@okhdfcbank,376.13,2025-05-30 09:32:32,Success,701232228709,GPay
TXN0002202,CUST01836,MER0039,cust01836@okhdfcbank,48.71,2025-06-15 17:10:12,failed,422049192149,BHIM
TXN0002203,CUST01414,MER0132,cust01414@okhdfcbank,142.74,2025-04-28 08:11:35,Success,873739132043,Amazon Pay
TXN0002204,CUST01372,MER0027,cust01372@okhdfcbank,238.54,2025-05-18 04:05:07,Success,873012760048,PhonePe
TXN0002207,CUST01601,MER0027,cust01601@okhdfcbank,1733.12,2025-06-09 22:18:06,Success,155641603776,PhonePe
TXN0002209,CUST00216,MER0043,cust00216@okhdfcbank,260.39,2025-05-03 07:40:06,Failed,753215347409,Paytm
TXN0002213,CUST01037,MER0128,cust01037@okhdfcbank,248.48,2025-05-23 05:56:21,Success,817033892838,PhonePe
TXN0002216,CUST01738,MER0052,cust01738@okhdfcbank,168.49,2025-03-27 06:23:37,SUCCESS,937675636576,Paytm
TXN0002218,CUST01575,MER0002,cust01575@okhdfcbank,1084.52,2025-02-17 15:15:20,Success,036293551459,Paytm
TXN0002220,CUST00588,MER0130,cust00588@okhdfcbank,144.94,2025-02-03 06:08:16,SUCCESS,079701863652,Paytm
TXN0002222,CUST01546,MER0107,cust01546@okhdfcbank,829.67,2025-03-12 00:43:12,PENDING,833054306328,Amazon Pay
TXN0002223,CUST01290,MER0063,cust01290@okhdfcbank,645.97,2025-01-30 10:33:34,success,014816972396,BHIM
TXN0002224,CUST01543,MER0136,cust01543@okhdfcbank,154.41,2025-03-23 21:22:04,Success,932994742968,Amazon Pay
TXN0002225,CUST01613,MER0059,cust01613@okhdfcbank,1444.47,2025-01-27 19:06:00,success,152354361786,Amazon Pay
TXN0002226,CUST01643,MER0110,cust01643@okhdfcbank,556.43,2025-03-22 06:37:39,SUCCESS,580136541540,PhonePe
TXN0002227,CUST01881,MER0105,cust01881@okhdfcbank,189.62,2025-06-24 09:17:14,success,552264290735,Amazon Pay
TXN0002229,CUST01398,MER0093,cust01398@okhdfcbank,903.85,2025-01-06 18:42:19,SUCCESS,335559087096,GPay
TXN0002230,CUST00907,MER0038,cust00907@okhdfcbank,5712.75,2025-05-30 13:10:04,Success,390856954362,PhonePe
TXN0002232,CUST00174,MER0087,cust00174@okhdfcbank,584.32,2025-03-03 03:05:44,Success,167039273514,PhonePe
TXN0002238,CUST00859,MER0103,cust00859@okhdfcbank,1854.78,2025-06-22 00:02:50,Success,509210503712,Paytm
TXN0002239,CUST01395,MER0142,cust01395@okhdfcbank,577.69,2025-06-19 15:01:16,Success,556671751249,BHIM
TXN0002240,CUST00624,MER0081,cust00624@okhdfcbank,212.36,2025-06-26 13:19:22,success,132507774952,PhonePe
TXN0002242,CUST01844,MER0136,cust01844@okhdfcbank,262.3,2025-04-29 12:40:30,FAILED,732409501162,GPay
TXN0002246,CUST00708,MER0104,cust00708@okhdfcbank,804.53,2025-05-31 13:37:38,success,293077353841,PhonePe
TXN0002247,CUST00405,MER0078,cust00405@okhdfcbank,488.71,2025-01-17 08:46:39,SUCCESS,154891112825,Paytm
TXN0002250,CUST01108,MER0073,cust01108@okhdfcbank,134.66,2025-02-11 12:04:30,Pending,849975736122,BHIM
TXN0002251,CUST00191,MER0131,cust00191@okhdfcbank,578.32,2025-04-18 03:30:30,SUCCESS,834900719966,GPay
TXN0002257,CUST00227,MER0016,cust00227@okhdfcbank,1150.14,2025-06-13 10:03:47,SUCCESS,335387526062,GPay
TXN0002258,CUST00764,MER0067,cust00764@okhdfcbank,190.52,2025-05-02 17:58:58,Failed,920796370625,BHIM
TXN0002259,CUST01040,MER0091,cust01040@okhdfcbank,540.3,2025-01-25 01:00:37,SUCCESS,147640159248,PhonePe
TXN0002260,CUST00098,MER0032,cust00098@okhdfcbank,80.61,2025-03-29 03:15:55,success,899637880101,GPay
TXN0002264,CUST01220,MER0060,cust01220@okhdfcbank,1878.78,2025-03-10 00:41:21,SUCCESS,448298040366,PhonePe
TXN0002269,CUST01595,MER0093,cust01595@okhdfcbank,261.6,2025-03-30 05:14:10,Failed,583669063777,GPay
TXN0002270,CUST00201,MER0038,cust00201@okhdfcbank,291.51,2025-05-19 04:29:05,success,374498599711,GPay
TXN0002271,CUST00872,MER0106,cust00872@okhdfcbank,318.81,2025-01-16 21:54:05,success,055670363609,Paytm
TXN0002272,CUST00189,MER0016,cust00189@okhdfcbank,400.61,2025-03-24 12:06:56,Success,330408131535,Paytm
TXN0002273,CUST01820,MER0034,cust01820@okhdfcbank,74.22,2025-04-03 11:30:00,SUCCESS,211522740545,Paytm
TXN0002278,CUST01412,MER0126,cust01412@okhdfcbank,150.86,2025-05-23 02:02:53,Success,029873088276,Amazon Pay
TXN0002280,CUST01036,MER0033,cust01036@okhdfcbank,1641.22,2025-04-05 03:09:57,SUCCESS,960114457535,Amazon Pay
TXN0002281,CUST01457,MER0118,cust01457@okhdfcbank,1604.1,2025-01-26 02:58:43,FAILED,750523995825,BHIM
TXN0002282,CUST01983,MER0132,cust01983@okhdfcbank,141.46,2025-06-17 15:08:15,Success,827058073180,Amazon Pay
TXN0002283,CUST01084,MER0031,cust01084@okhdfcbank,812.24,2025-05-15 20:28:05,success,038193976671,Paytm
TXN0002284,CUST00436,MER0117,cust00436@okhdfcbank,2066.79,2025-04-02 21:59:48,SUCCESS,152321812057,GPay
TXN0002285,CUST00067,MER0041,cust00067@okhdfcbank,820.29,2025-04-19 13:15:11,SUCCESS,990124134691,BHIM
TXN0002286,CUST00757,MER0031,cust00757@okhdfcbank,795.05,2025-04-27 19:39:36,SUCCESS,391732354657,PhonePe
TXN0002288,CUST00248,MER0095,cust00248@okhdfcbank,614.07,2025-04-22 00:37:00,Success,486019394976,GPay
TXN0002289,CUST00594,MER0011,cust00594@okhdfcbank,1696.49,2025-04-12 12:19:11,Success,541152494448,PhonePe
TXN0002290,CUST00314,MER0031,cust00314@okhdfcbank,684.17,2025-03-14 03:09:48,success,116192396218,PhonePe
TXN0002292,CUST00996,MER0008,cust00996@okhdfcbank,312.3,2025-06-03 15:16:35,Success,834649061854,PhonePe
TXN0002293,CUST00293,MER0037,cust00293@okhdfcbank,1651.24,2025-06-02 04:44:16,SUCCESS,487605402869,Amazon Pay
TXN0002294,CUST01208,MER0108,cust01208@okhdfcbank,681.8,2025-01-10 10:43:49,SUCCESS,251115590213,GPay
TXN0002295,CUST01919,MER0079,cust01919@okhdfcbank,555.05,2025-06-22 15:18:24,SUCCESS,033035186005,Amazon Pay
TXN0002296,CUST00581,MER0056,cust00581@okhdfcbank,283.15,2025-02-05 13:12:04,Success,872544625092,BHIM
TXN0002297,CUST01678,MER0126,cust01678@okhdfcbank,1617.44,2025-01-01 09:43:13,Success,003020277600,BHIM
TXN0002298,CUST00251,MER0141,cust00251@okhdfcbank,2597.78,2025-03-09 16:49:18,success,835249219866,PhonePe
TXN0002299,CUST00139,MER0012,cust00139@okhdfcbank,1742.7,2025-03-23 02:02:28,success,272042117464,Paytm
TXN0002300,CUST00986,MER0147,cust00986@okhdfcbank,2085.14,2025-03-02 03:18:55,SUCCESS,224050975480,BHIM
TXN0002303,CUST01475,MER0034,cust01475@okhdfcbank,421.43,2025-05-28 22:57:00,success,161075925538,PhonePe
TXN0002304,CUST00284,MER0130,cust00284@okhdfcbank,512.13,2025-05-04 14:07:11,success,316040982493,BHIM
TXN0002306,CUST00920,MER0039,cust00920@okhdfcbank,1581.12,2025-06-18 05:27:46,success,822189789095,GPay
TXN0002307,CUST01491,MER0084,cust01491@okhdfcbank,844.27,2025-01-18 08:14:16,SUCCESS,604332360335,Paytm
TXN0002309,CUST00477,MER0102,cust00477@okhdfcbank,91.1,2025-03-07 19:50:40,Success,312888583694,BHIM
TXN0002310,CUST01108,MER0012,cust01108@okhdfcbank,626.7,2025-05-11 04:29:41,Success,593622344931,Paytm
TXN0002311,CUST01823,MER0114,cust01823@okhdfcbank,1188.28,2025-05-23 21:36:07,Success,757378172696,BHIM
TXN0002313,CUST00340,MER0007,cust00340@okhdfcbank,3343.94,2025-04-22 01:41:20,success,339784531180,Paytm
TXN0002316,CUST01146,MER0022,cust01146@okhdfcbank,253.59,2025-02-07 08:46:24,Success,213831838809,GPay
TXN0002317,CUST01957,MER0139,cust01957@okhdfcbank,244.13,2025-04-23 00:20:30,Success,542242019657,Amazon Pay
TXN0002318,CUST01552,MER0014,cust01552@okhdfcbank,834.04,2025-04-21 17:31:53,Success,634194274530,BHIM
TXN0002319,CUST01069,MER0049,cust01069@okhdfcbank,323.21,2025-05-26 17:51:23,success,118389780033,Amazon Pay
TXN0002320,CUST00975,MER0129,cust00975@okhdfcbank,104.81,2025-06-24 03:41:25,Success,943528431763,GPay
TXN0002324,CUST01446,MER0149,cust01446@okhdfcbank,97.25,2025-03-28 06:15:33,SUCCESS,411699448080,Paytm
TXN0002328,CUST01913,MER0006,cust01913@okhdfcbank,1228.84,2025-03-08 00:18:44,Success,047707660486,GPay
TXN0002330,CUST01761,MER0136,cust01761@okhdfcbank,657.61,2025-03-03 15:06:33,SUCCESS,132351760785,Paytm
TXN0002331,CUST00783,MER0066,cust00783@okhdfcbank,185.5,2025-01-18 16:12:27,SUCCESS,220864587122,BHIM
TXN0002332,CUST00235,MER0026,cust00235@okhdfcbank,560.1,2025-04-16 04:52:27,SUCCESS,375472938009,GPay
TXN0002335,CUST01951,MER0105,cust01951@okhdfcbank,307.23,2025-05-12 18:32:42,SUCCESS,486423430787,BHIM
TXN0002336,CUST00347,MER0016,cust00347@okhdfcbank,803.35,2025-04-30 07:39:46,FAILED,985784672270,GPay
TXN0002337,CUST01969,MER0084,cust01969@okhdfcbank,193.83,2025-02-05 05:39:17,Success,371324815603,PhonePe
TXN0002338,CUST00056,MER0015,cust00056@okhdfcbank,173.59,2025-02-27 20:53:38,pending,880621194052,BHIM
TXN0002339,CUST00799,MER0026,cust00799@okhdfcbank,161.45,2025-03-04 03:30:04,SUCCESS,997954702563,Paytm
TXN0002340,CUST00292,MER0106,cust00292@okhdfcbank,505.03,2025-06-23 09:43:58,Success,621150896774,PhonePe
TXN0002342,CUST01843,MER0031,cust01843@okhdfcbank,322.23,2025-01-11 01:46:10,SUCCESS,184992120643,GPay
TXN0002343,CUST00415,MER0062,cust00415@okhdfcbank,1215.51,2025-05-27 01:11:50,Success,876227673013,Paytm
TXN0002344,CUST01223,MER0061,cust01223@okhdfcbank,176.07,2025-04-06 17:27:02,Failed,882394268979,PhonePe
TXN0002348,CUST00992,MER0008,cust00992@okhdfcbank,299.08,2025-03-21 03:03:31,SUCCESS,902812513505,BHIM
TXN0002350,CUST00039,MER0069,cust00039@okhdfcbank,889.32,2025-04-18 14:10:40,success,935617973983,Amazon Pay
TXN0002356,CUST01983,MER0037,cust01983@okhdfcbank,337.93,2025-03-14 11:43:42,success,168959879218,BHIM
TXN0002358,CUST00503,MER0138,cust00503@okhdfcbank,314.73,2025-03-24 06:49:46,SUCCESS,447369930523,Paytm
TXN0002359,CUST01969,MER0143,cust01969@okhdfcbank,248.72,2025-03-29 17:16:13,success,875232845719,GPay
TXN0002360,CUST00086,MER0001,cust00086@okhdfcbank,601.26,2025-06-07 19:11:39,SUCCESS,106595389594,Paytm
TXN0002361,CUST00952,MER0075,cust00952@okhdfcbank,119.99,2025-05-07 19:28:29,failed,235833365040,PhonePe
TXN0002362,CUST01991,MER0043,cust01991@okhdfcbank,667.15,2025-01-01 02:31:48,Success,721457493274,Amazon Pay
TXN0002363,CUST00124,MER0124,cust00124@okhdfcbank,969.28,2025-02-23 01:41:02,SUCCESS,785470494655,BHIM
TXN0002364,CUST01225,MER0065,cust01225@okhdfcbank,275.65,2025-06-13 00:17:46,SUCCESS,237154610374,GPay
TXN0002366,CUST01295,MER0055,cust01295@okhdfcbank,501.51,2025-04-24 15:02:21,SUCCESS,986972521531,PhonePe
TXN0002367,CUST01722,MER0131,cust01722@okhdfcbank,103.41,2025-02-24 15:00:20,Pending,705570651469,Paytm
TXN0002369,CUST01154,MER0018,cust01154@okhdfcbank,524.61,2025-02-28 09:04:34,FAILED,833951433584,PhonePe
TXN0002374,CUST01397,MER0088,cust01397@okhdfcbank,256.31,2025-05-04 08:06:22,Success,858801524271,GPay
TXN0002376,CUST00504,MER0083,cust00504@okhdfcbank,158.38,2025-03-08 08:06:37,Success,024088743665,BHIM
TXN0002377,CUST00432,MER0118,cust00432@okhdfcbank,236.79,2025-04-27 09:56:10,SUCCESS,807211434150,PhonePe
TXN0002379,CUST00274,MER0001,cust00274@okhdfcbank,2561.66,2025-04-29 05:09:06,Success,005886858535,Amazon Pay
TXN0002384,CUST01613,MER0020,cust01613@okhdfcbank,,2025-04-15 14:17:16,SUCCESS,715281871190,Paytm
TXN0002385,CUST00064,MER0114,cust00064@okhdfcbank,567.31,2025-05-11 12:53:34,SUCCESS,646404949916,Paytm
TXN0002387,CUST01232,MER0092,cust01232@okhdfcbank,395.79,2025-03-17 02:23:25,SUCCESS,529730485047,BHIM
TXN0002391,CUST01554,MER0072,cust01554@okhdfcbank,419.13,2025-05-13 03:36:47,SUCCESS,865305440957,Paytm
TXN0002392,CUST01888,MER0092,cust01888@okhdfcbank,520.89,2025-02-07 04:30:32,success,693414855165,BHIM
TXN0002393,CUST00185,MER0078,cust00185@okhdfcbank,760.11,2025-06-06 23:29:04,success,056056649114,Paytm
TXN0002394,CUST01471,MER0057,cust01471@okhdfcbank,960.44,2025-02-15 11:43:16,SUCCESS,606280804147,PhonePe
TXN0002396,CUST00575,MER0127,cust00575@okhdfcbank,167.77,2025-06-25 15:18:39,SUCCESS,277142635535,Paytm
TXN0002397,CUST01442,MER0054,cust01442@okhdfcbank,1491.16,2025-01-02 09:15:12,Failed,073749233156,Paytm
TXN0002398,CUST00402,MER0102,cust00402@okhdfcbank,463.65,2025-01-22 13:02:53,success,264476031402,GPay
TXN0002401,CUST01352,MER0145,cust01352@okhdfcbank,378.53,2025-05-11 12:33:54,SUCCESS,476798540975,Amazon Pay
TXN0002402,CUST01398,MER0145,cust01398@okhdfcbank,860.87,2025-02-04 02:01:25,Success,664306416639,PhonePe
TXN0002403,CUST00134,MER0033,cust00134@okhdfcbank,162.71,2025-05-25 20:29:17,success,356054001744,Paytm
TXN0002404,CUST00134,MER0033,cust00134@okhdfcbank,505.11,2025-02-20 09:56:15,Success,821362663942,Amazon Pay
TXN0002407,CUST01737,MER0006,cust01737@okhdfcbank,615.76,2025-05-15 13:32:52,success,177425587294,PhonePe
TXN0002408,CUST01389,MER0137,cust01389@okhdfcbank,825.43,2025-04-30 07:34:30,SUCCESS,013507440207,PhonePe
TXN0002410,CUST00930,MER0001,cust00930@okhdfcbank,192.13,2025-03-24 22:29:51,SUCCESS,424501284583,GPay
TXN0002412,CUST01923,MER0083,cust01923@okhdfcbank,364.58,2025-03-25 23:49:14,success,370637045419,BHIM
TXN0002413,CUST01730,MER0105,cust01730@okhdfcbank,409.75,2025-02-23 05:05:54,success,722556466713,PhonePe
TXN0002414,CUST00250,MER0133,cust00250@okhdfcbank,970.53,2025-04-01 14:27:06,success,700442130752,Amazon Pay
TXN0002415,CUST01015,MER0093,cust01015@okhdfcbank,2431.08,2025-04-11 10:35:30,success,494831568570,GPay
TXN0002417,CUST01478,MER0058,cust01478@okhdfcbank,181.49,2025-01-10 02:52:16,Success,812043950037,GPay
TXN0002418,CUST00570,MER0108,cust00570@okhdfcbank,142.29,2025-04-14 09:12:42,SUCCESS,929953642205,PhonePe
TXN0002419,CUST00920,MER0081,cust00920@okhdfcbank,2423.83,2025-01-02 00:02:38,FAILED,543772435901,Amazon Pay
TXN0002420,CUST00803,MER0050,cust00803@okhdfcbank,174.49,2025-03-06 23:50:31,Success,143700183292,Amazon Pay
TXN0002421,CUST00168,MER0147,cust00168@okhdfcbank,479.36,2025-06-06 20:01:42,Failed,928982039838,PhonePe
TXN0002422,CUST00052,MER0058,cust00052@okhdfcbank,185.44,2025-05-14 21:31:51,SUCCESS,793047509787,Paytm
TXN0002424,CUST00337,MER0085,cust00337@okhdfcbank,367.83,2025-03-02 08:27:37,SUCCESS,153779039297,Amazon Pay
TXN0002425,CUST00129,MER0025,cust00129@okhdfcbank,192.91,2025-01-06 09:53:47,SUCCESS,316838405612,GPay
TXN0002427,CUST00050,MER0086,cust00050@okhdfcbank,3663.25,2025-06-13 05:02:57,Success,241708009042,BHIM
TXN0002429,CUST00970,MER0062,cust00970@okhdfcbank,1250.71,2025-03-08 04:15:08,SUCCESS,755664073281,PhonePe
TXN0002434,CUST00256,MER0022,cust00256@okhdfcbank,583.15,2025-01-12 18:49:17,success,377259734723,PhonePe
TXN0002436,CUST00642,MER0017,cust00642@okhdfcbank,561.07,2025-06-01 23:23:45,success,228507346124,GPay
TXN0002437,CUST00262,MER0016,cust00262@okhdfcbank,243.15,2025-06-28 11:23:24,success,278108970164,PhonePe
TXN0002438,CUST01644,MER0114,cust01644@okhdfcbank,415.11,2025-01-11 15:20:04,SUCCESS,108369216552,Paytm
TXN0002439,CUST00618,MER0111,cust00618@okhdfcbank,352.38,2025-01-13 18:36:17,SUCCESS,149854262588,BHIM
TXN0002440,CUST00209,MER0015,cust00209@okhdfcbank,138.54,2025-04-19 14:19:53,Success,111709233733,PhonePe
TXN0002442,CUST00823,MER0025,cust00823@okhdfcbank,192.66,2025-04-30 20:50:08,Success,200377657971,Paytm
TXN0002445,CUST00877,MER0026,cust00877@okhdfcbank,1070.59,2025-03-07 22:43:38,success,491557207472,GPay
TXN0002446,CUST01334,MER0007,cust01334@okhdfcbank,58.88,2025-03-30 04:09:03,Success,407705253989,GPay
TXN0002447,CUST01060,MER0085,cust01060@okhdfcbank,179.78,2025-04-25 03:24:31,FAILED,120799503861,Paytm
TXN0002448,CUST00395,MER0028,cust00395@okhdfcbank,127.17,2025-01-20 22:34:06,success,145347742841,Amazon Pay
TXN0002449,CUST00026,MER0018,cust00026@okhdfcbank,402.5,2025-04-26 03:03:04,Success,463115769006,GPay
TXN0002450,CUST01617,MER0050,cust01617@okhdfcbank,5552.23,2025-06-25 14:40:10,FAILED,787242387575,Paytm
TXN0002451,CUST01174,MER0033,cust01174@okhdfcbank,780.74,2025-05-04 18:19:49,FAILED,958365181432,Paytm
TXN0002454,CUST00498,MER0036,cust00498@okhdfcbank,1929.22,2025-06-04 18:24:30,PENDING,845151729569,GPay
TXN0002456,CUST01198,MER0112,cust01198@okhdfcbank,441.7,2025-04-10 15:20:21,Success,345702752229,PhonePe
TXN0002457,CUST01966,MER0092,cust01966@okhdfcbank,287.36,2025-03-02 10:14:32,success,336746015955,BHIM
TXN0002459,CUST00962,MER0080,cust00962@okhdfcbank,361.75,2025-04-28 03:43:09,Success,065884392932,PhonePe
TXN0002460,CUST00703,MER0075,cust00703@okhdfcbank,534.8,2025-03-13 14:52:20,SUCCESS,435401674308,GPay
TXN0002466,CUST00388,MER0122,cust00388@okhdfcbank,672.76,2025-05-15 21:55:00,Success,381845939044,GPay
TXN0002467,CUST01417,MER0120,cust01417@okhdfcbank,822.69,2025-04-27 11:05:41,SUCCESS,682138684552,PhonePe
TXN0002468,CUST01419,MER0085,cust01419@okhdfcbank,888.05,2025-06-15 10:38:53,Failed,549092736400,PhonePe
TXN0002469,CUST01185,MER0145,cust01185@okhdfcbank,733.19,2025-03-07 04:17:28,success,431186476719,GPay
TXN0002470,CUST01262,MER0077,cust01262@okhdfcbank,880.44,2025-03-23 07:15:41,success,410104111689,Paytm
TXN0002471,CUST00674,MER0042,cust00674@okhdfcbank,515.81,2025-01-21 08:37:35,FAILED,571324313716,Amazon Pay
TXN0002475,CUST00437,MER0062,cust00437@okhdfcbank,430.69,2025-04-04 08:26:22,success,108538475651,BHIM
TXN0002477,CUST01516,MER0097,cust01516@okhdfcbank,445.59,2025-02-09 20:50:36,failed,928907450528,Paytm
TXN0002479,CUST00744,MER0003,cust00744@okhdfcbank,724.53,2025-01-15 07:36:43,SUCCESS,756140155119,PhonePe
TXN0002481,CUST00292,MER0075,cust00292@okhdfcbank,1108.26,2025-03-27 12:27:02,success,173272690103,BHIM
TXN0002484,CUST01998,MER0008,cust01998@okhdfcbank,542.96,2025-02-08 15:58:47,SUCCESS,879352974861,Amazon Pay
TXN0002485,CUST00406,MER0073,cust00406@okhdfcbank,690.14,2025-02-03 19:34:55,Success,281721417622,GPay
TXN0002487,CUST00357,MER0087,cust00357@okhdfcbank,424.13,2025-06-14 13:47:44,success,630000813595,BHIM
TXN0002490,CUST00537,MER0026,cust00537@okhdfcbank,361.1,2025-01-05 01:50:16,Success,270390059431,BHIM
TXN0002491,CUST01703,MER0036,cust01703@okhdfcbank,1565.74,2025-03-15 13:54:28,Success,154865646055,BHIM
TXN0002492,CUST01342,MER0029,cust01342@okhdfcbank,240.28,2025-03-07 16:58:49,Success,152815616336,BHIM
TXN0002494,CUST00492,MER0095,cust00492@okhdfcbank,102.08,2025-06-07 04:29:11,success,086053533585,BHIM
TXN0002495,CUST00763,MER0044,cust00763@okhdfcbank,3662.01,2025-04-13 07:39:23,Success,477811714059,Amazon Pay
TXN0002496,CUST01637,MER0112,cust01637@okhdfcbank,1742.42,2025-06-20 13:35:02,Success,160771136777,PhonePe
TXN0002500,CUST00775,MER0096,cust00775@okhdfcbank,1967.09,2025-03-03 17:45:42,SUCCESS,653149367296,Paytm
TXN0002505,CUST01290,MER0072,cust01290@okhdfcbank,51.45,2025-06-19 11:46:58,Success,332300176353,BHIM
TXN0002506,CUST00259,MER0131,cust00259@okhdfcbank,270.62,2025-04-24 10:01:13,success,186412351752,PhonePe
TXN0002508,CUST01490,MER0021,cust01490@okhdfcbank,572.26,2025-06-02 08:48:17,success,403297790413,Amazon Pay
TXN0002511,CUST01808,MER0131,cust01808@okhdfcbank,4316.05,2025-03-14 16:12:23,Failed,738420436968,Amazon Pay
TXN0002513,CUST00367,MER0083,cust00367@okhdfcbank,556.13,2025-05-19 08:25:46,Success,443278715011,Amazon Pay
TXN0002514,CUST00766,MER0135,cust00766@okhdfcbank,708.87,2025-05-15 20:38:58,Success,651919026660,Paytm
TXN0002517,CUST01307,MER0150,cust01307@okhdfcbank,261.79,2025-05-07 03:59:42,SUCCESS,169245855867,Amazon Pay
TXN0002518,CUST00075,MER0054,cust00075@okhdfcbank,593.84,2025-02-12 15:03:59,Success,166699947927,GPay
TXN0002522,CUST00767,MER0066,cust00767@okhdfcbank,315.55,2025-04-17 21:45:29,failed,958947268771,BHIM
TXN0002523,CUST00174,MER0035,cust00174@okhdfcbank,1362.97,2025-05-26 22:48:57,SUCCESS,832757944758,Amazon Pay
TXN0002524,CUST00173,MER0076,cust00173@okhdfcbank,552.75,2025-03-28 07:32:41,Success,672485400976,GPay
TXN0002526,CUST01196,MER0011,cust01196@okhdfcbank,173.92,2025-04-01 08:14:11,success,072338753756,Paytm
TXN0002527,CUST01050,MER0087,cust01050@okhdfcbank,166.54,2025-03-24 17:46:51,Success,116457759300,Paytm
TXN0002529,CUST00838,MER0095,cust00838@okhdfcbank,563.01,2025-06-06 05:15:45,SUCCESS,970180973335,GPay
TXN0002533,CUST00156,MER0092,cust00156@okhdfcbank,632.52,2025-06-25 01:10:55,SUCCESS,648294824288,Paytm
TXN0002534,CUST00169,MER0076,cust00169@okhdfcbank,19.83,2025-06-13 14:48:59,Success,761702871650,Paytm
TXN0002538,CUST01119,MER0052,cust01119@okhdfcbank,535.92,2025-03-06 19:25:27,SUCCESS,630223303085,GPay
TXN0002545,CUST01604,MER0104,cust01604@okhdfcbank,208.3,2025-03-20 18:58:17,Success,166558865390,BHIM
TXN0002546,CUST01684,MER0149,cust01684@okhdfcbank,106.07,2025-05-28 03:37:56,SUCCESS,289419085210,Paytm
TXN0002547,CUST01343,MER0004,cust01343@okhdfcbank,76.4,2025-04-02 15:41:52,SUCCESS,253381501538,PhonePe
TXN0002548,CUST01340,MER0132,cust01340@okhdfcbank,1830.8,2025-05-28 19:15:54,Success,498441152991,Amazon Pay
TXN0002549,CUST01949,MER0039,cust01949@okhdfcbank,311.75,2025-06-18 01:21:52,success,351943147247,Paytm
TXN0002550,CUST00815,MER0059,cust00815@okhdfcbank,691.3,2025-02-14 01:33:11,Success,038932827074,PhonePe
TXN0002551,CUST01482,MER0054,cust01482@okhdfcbank,2931.38,2025-04-03 03:02:33,Success,588611082111,PhonePe
TXN0002552,CUST00479,MER0133,cust00479@okhdfcbank,280.67,2025-04-24 23:38:06,SUCCESS,950820552164,Amazon Pay
TXN0002555,CUST01622,MER0022,cust01622@okhdfcbank,507.47,2025-03-02 19:02:04,SUCCESS,858309549435,PhonePe
TXN0002557,CUST01578,MER0107,cust01578@okhdfcbank,2358.59,2025-02-10 16:44:08,SUCCESS,818316440234,PhonePe
TXN0002558,CUST00899,MER0116,cust00899@okhdfcbank,916.79,2025-06-15 15:00:27,SUCCESS,381103099475,BHIM
TXN0002559,CUST01144,MER0008,cust01144@okhdfcbank,2099.41,2025-03-14 18:13:45,success,699003323804,BHIM
TXN0002560,CUST00285,MER0148,cust00285@okhdfcbank,412.31,2025-06-19 15:58:16,SUCCESS,378448080856,GPay
TXN0002563,CUST00462,MER0108,cust00462@okhdfcbank,135.59,2025-03-24 15:59:45,success,096966405847,Paytm
TXN0002564,CUST01405,MER0104,cust01405@okhdfcbank,1642.34,2025-05-29 03:05:57,Success,379566739161,Paytm
TXN0002565,CUST01595,MER0138,cust01595@okhdfcbank,838.57,2025-02-28 04:24:38,SUCCESS,130940855502,Paytm
TXN0002566,CUST00668,MER0006,cust00668@okhdfcbank,501.74,2025-04-21 05:06:09,success,774662870185,BHIM
TXN0002567,CUST01609,MER0009,cust01609@okhdfcbank,491.53,2025-06-29 01:30:12,pending,006926409949,Amazon Pay
TXN0002568,CUST00285,MER0040,cust00285@okhdfcbank,109.27,2025-03-06 03:04:44,Failed,771126493310,Paytm
TXN0002571,CUST01943,MER0101,cust01943@okhdfcbank,290.29,2025-01-13 08:54:23,success,341988062438,Amazon Pay
TXN0002573,CUST00973,MER0028,cust00973@okhdfcbank,443.79,2025-03-05 20:30:42,success,081951055937,PhonePe
TXN0002574,CUST01167,MER0116,cust01167@okhdfcbank,249.02,2025-05-05 01:58:16,SUCCESS,721529541983,GPay
TXN0002575,CUST01833,MER0078,cust01833@okhdfcbank,187.18,2025-01-19 02:32:12,SUCCESS,367047183658,GPay
TXN0002579,CUST00408,MER0018,cust00408@okhdfcbank,95.24,2025-06-26 23:10:37,Success,914025146486,PhonePe
TXN0002581,CUST00597,MER0135,cust00597@okhdfcbank,652.72,2025-01-14 14:07:40,Success,481682152142,Paytm
TXN0002583,CUST01062,MER0003,cust01062@okhdfcbank,2042.93,2025-02-03 08:45:57,SUCCESS,555470415198,PhonePe
TXN0002584,CUST00670,MER0106,cust00670@okhdfcbank,335.05,2025-03-17 22:40:57,success,966573914793,Amazon Pay
TXN0002587,CUST01957,MER0053,cust01957@okhdfcbank,83.87,2025-01-26 05:31:41,PENDING,371079034203,Amazon Pay
TXN0002589,CUST01676,MER0122,cust01676@okhdfcbank,189.52,2025-01-31 19:58:27,SUCCESS,311543295492,PhonePe
TXN0002594,CUST00913,MER0017,cust00913@okhdfcbank,315.3,2025-06-10 02:50:00,SUCCESS,349736676877,Paytm
TXN0002595,CUST00818,MER0064,cust00818@okhdfcbank,1963.37,2025-04-13 02:40:08,Success,850595720889,PhonePe
TXN0002597,CUST00948,MER0148,cust00948@okhdfcbank,964.08,2025-01-08 14:08:53,Failed,009943061387,Paytm
TXN0002598,CUST01510,MER0024,cust01510@okhdfcbank,172.24,2025-02-25 21:45:58,PENDING,372965421179,Paytm
TXN0002599,CUST01324,MER0117,cust01324@okhdfcbank,337.24,2025-03-09 08:07:13,Success,750612217905,Paytm
TXN0002600,CUST01435,MER0077,cust01435@okhdfcbank,416.62,2025-03-17 22:36:47,PENDING,158282946729,BHIM
TXN0002602,CUST00511,MER0046,cust00511@okhdfcbank,92.34,2025-06-24 18:08:20,SUCCESS,035471568497,GPay
TXN0002604,CUST01866,MER0047,cust01866@okhdfcbank,1908.91,2025-05-16 15:20:55,Success,583443800324,Paytm
TXN0002605,CUST01165,MER0025,cust01165@okhdfcbank,522.79,2025-03-18 10:04:55,Success,228665971627,Paytm
TXN0002606,CUST01431,MER0012,cust01431@okhdfcbank,1947.48,2025-02-16 13:03:39,SUCCESS,317507352621,Amazon Pay
TXN0002607,CUST01814,MER0041,cust01814@okhdfcbank,589.35,2025-02-23 03:53:23,success,135518718977,GPay
TXN0002608,CUST01808,MER0138,cust01808@okhdfcbank,229.36,2025-02-26 16:18:14,success,688911368114,BHIM
TXN0002610,CUST01011,MER0106,cust01011@okhdfcbank,609.31,2025-05-28 22:31:43,Success,663214100693,GPay
TXN0002612,CUST00157,MER0027,cust00157@okhdfcbank,169.3,2025-04-08 22:39:01,SUCCESS,153673600356,GPay
TXN0002613,CUST01570,MER0084,cust01570@okhdfcbank,1392.36,2025-03-21 15:11:10,success,502214818714,Paytm
TXN0002615,CUST01037,MER0012,cust01037@okhdfcbank,658.37,2025-03-31 17:51:23,success,941085657185,GPay
TXN0002616,CUST00055,MER0019,cust00055@okhdfcbank,219.88,2025-05-05 01:20:03,failed,989776584613,Amazon Pay
TXN0002617,CUST01423,MER0119,cust01423@okhdfcbank,470.59,2025-03-16 00:18:49,SUCCESS,320608901811,GPay
TXN0002618,CUST00704,MER0103,cust00704@okhdfcbank,908.04,2025-06-16 04:11:30,success,045460872728,PhonePe
TXN0002620,CUST00022,MER0065,cust00022@okhdfcbank,898.82,2025-01-23 06:27:36,SUCCESS,377748355875,GPay
TXN0002623,CUST00945,MER0018,cust00945@okhdfcbank,155.23,2025-01-17 00:42:16,success,984472074445,BHIM
TXN0002625,CUST01946,MER0113,cust01946@okhdfcbank,354.34,2025-01-28 05:38:21,Success,595677147362,Paytm
TXN0002627,CUST00331,MER0044,cust00331@okhdfcbank,168.26,2025-06-12 19:40:26,success,779457651583,Amazon Pay
TXN0002629,CUST00255,MER0137,cust00255@okhdfcbank,1907.62,2025-05-24 23:23:27,SUCCESS,594602424325,Amazon Pay
TXN0002630,CUST00801,MER0044,cust00801@okhdfcbank,492.9,2025-01-16 01:34:25,Success,182740394305,BHIM
TXN0002633,CUST00071,MER0137,cust00071@okhdfcbank,286.39,2025-02-11 23:24:32,SUCCESS,667093003506,BHIM
TXN0002634,CUST00906,MER0013,cust00906@okhdfcbank,327.56,2025-06-12 10:22:40,success,473389180755,BHIM
TXN0002641,CUST00030,MER0087,cust00030@okhdfcbank,2141.4,2025-06-09 07:55:51,SUCCESS,113808413825,PhonePe
TXN0002642,CUST00394,MER0017,cust00394@okhdfcbank,1072.24,2025-02-12 19:55:14,SUCCESS,724294579313,BHIM
TXN0002645,CUST00221,MER0084,cust00221@okhdfcbank,617.84,2025-03-04 15:47:44,Success,813515369468,PhonePe
TXN0002646,CUST01152,MER0049,cust01152@okhdfcbank,93.11,2025-05-02 07:11:19,success,530726212970,BHIM
TXN0002648,CUST01923,MER0110,cust01923@okhdfcbank,84.64,2025-01-24 10:59:14,SUCCESS,180743220522,PhonePe
TXN0002649,CUST00476,MER0055,cust00476@okhdfcbank,1371.19,2025-01-21 13:27:40,Success,291788875403,Amazon Pay
TXN0002650,CUST00731,MER0083,cust00731@okhdfcbank,1220.81,2025-02-03 17:08:06,Success,430953983023,Amazon Pay
TXN0002651,CUST00031,MER0103,cust00031@okhdfcbank,816.3,2025-05-07 23:49:37,SUCCESS,261173974527,GPay
TXN0002652,CUST00648,MER0004,cust00648@okhdfcbank,250.67,2025-03-17 13:44:28,SUCCESS,454442851690,GPay
TXN0002653,CUST00436,MER0118,cust00436@okhdfcbank,584.18,2025-02-12 17:43:21,SUCCESS,759554851901,Paytm
TXN0002654,CUST00136,MER0072,cust00136@okhdfcbank,294.9,2025-05-07 04:57:47,success,247820056631,Paytm
TXN0002656,CUST00448,MER0106,cust00448@okhdfcbank,351.17,2025-02-28 13:15:05,SUCCESS,522630573726,BHIM
TXN0002659,CUST01889,MER0146,cust01889@okhdfcbank,2102.14,2025-02-03 07:03:26,SUCCESS,228584796482,PhonePe
TXN0002661,CUST01427,MER0100,cust01427@okhdfcbank,952.12,2025-05-12 15:14:43,success,213361278897,Amazon Pay
TXN0002663,CUST00360,MER0082,cust00360@okhdfcbank,370.5,2025-06-15 08:31:48,success,924561785722,PhonePe
TXN0002666,CUST01047,MER0060,cust01047@okhdfcbank,246.34,2025-04-08 18:06:26,SUCCESS,674066406232,Amazon Pay
TXN0002667,CUST01204,MER0004,cust01204@okhdfcbank,337.78,2025-02-15 04:01:19,success,320185895126,Paytm
TXN0002670,CUST00163,MER0016,cust00163@okhdfcbank,1348.99,2025-01-27 17:03:18,Success,661279809631,GPay
TXN0002672,CUST00770,MER0053,cust00770@okhdfcbank,522.16,2025-05-05 16:07:05,SUCCESS,981177402921,Paytm
TXN0002674,CUST01225,MER0114,cust01225@okhdfcbank,2222.3,2025-05-24 13:10:51,Success,940658639167,PhonePe
TXN0002676,CUST00570,MER0082,cust00570@okhdfcbank,346.72,2025-05-05 23:24:10,success,863289316475,PhonePe
TXN0002677,CUST01612,MER0011,cust01612@okhdfcbank,1386.07,2025-04-12 03:26:36,Success,219992935543,GPay
TXN0002678,CUST01622,MER0107,cust01622@okhdfcbank,406.56,2025-05-06 20:06:54,success,316244134629,PhonePe
TXN0002679,CUST01665,MER0074,cust01665@okhdfcbank,198.26,2025-05-26 17:49:14,success,017547688267,BHIM
TXN0002680,CUST00049,MER0059,cust00049@okhdfcbank,104.59,2025-06-14 11:00:08,Success,905124066947,PhonePe
TXN0002681,CUST01501,MER0085,cust01501@okhdfcbank,190.81,2025-03-08 13:13:48,success,697583377995,PhonePe
TXN0002683,CUST00111,MER0064,cust00111@okhdfcbank,522.41,2025-06-05 15:02:10,Success,703486922159,Paytm
TXN0002684,CUST01408,MER0057,cust01408@okhdfcbank,1207.5,2025-04-29 01:46:47,Success,547255005101,PhonePe
TXN0002685,CUST01788,MER0098,cust01788@okhdfcbank,139.63,2025-04-12 06:14:07,success,149772031602,GPay
TXN0002686,CUST00659,MER0047,cust00659@okhdfcbank,637.61,2025-03-27 21:33:04,SUCCESS,845284425544,GPay
TXN0002687,CUST01290,MER0002,cust01290@okhdfcbank,1147.42,2025-01-13 13:08:11,Success,246723733985,BHIM
TXN0002688,CUST01782,MER0126,cust01782@okhdfcbank,491.42,2025-01-14 14:09:12,Success,172838634234,PhonePe
TXN0002689,CUST01954,MER0050,cust01954@okhdfcbank,98.43,2025-01-11 02:50:08,failed,669746357852,Paytm
TXN0002690,CUST01300,MER0037,cust01300@okhdfcbank,725.03,2025-02-09 15:44:03,Success,496947366622,Paytm
TXN0002691,CUST00258,MER0024,cust00258@okhdfcbank,466.54,2025-02-03 17:23:16,Success,205875502514,PhonePe
TXN0002693,CUST01040,MER0021,cust01040@okhdfcbank,285.19,2025-03-24 18:25:17,success,749377159782,Paytm
TXN0002694,CUST01485,MER0120,cust01485@okhdfcbank,537.42,2025-03-02 11:31:21,Success,738683783798,GPay
TXN0002696,CUST00869,MER0046,cust00869@okhdfcbank,5381.1,2025-04-28 15:28:17,SUCCESS,657191857525,Paytm
TXN0002698,CUST01982,MER0052,cust01982@okhdfcbank,2233.09,2025-02-22 18:57:47,SUCCESS,820584744868,Paytm
TXN0002701,CUST00866,MER0130,cust00866@okhdfcbank,571.66,2025-04-29 07:58:58,PENDING,283142843171,BHIM
TXN0002703,CUST00320,MER0124,cust00320@okhdfcbank,669.05,2025-01-04 20:19:34,success,586604771819,BHIM
TXN0002704,CUST01561,MER0098,cust01561@okhdfcbank,67.22,2025-03-24 23:48:56,Success,467344768843,Amazon Pay
TXN0002707,CUST01101,MER0040,cust01101@okhdfcbank,1626.17,2025-04-18 08:28:39,Success,035706097190,GPay
TXN0002708,CUST01489,MER0045,cust01489@okhdfcbank,2060.34,2025-02-19 23:03:58,SUCCESS,003222025453,GPay
TXN0002709,CUST00780,MER0119,cust00780@okhdfcbank,388.95,2025-03-01 09:21:05,Success,091152564882,Paytm
TXN0002710,CUST00929,MER0073,cust00929@okhdfcbank,575.78,2025-03-14 20:18:40,success,581361506130,GPay
TXN0002712,CUST00280,MER0121,cust00280@okhdfcbank,130.39,2025-02-08 00:06:05,Success,521805953189,GPay
TXN0002713,CUST00317,MER0049,cust00317@okhdfcbank,738.59,2025-01-01 19:28:58,SUCCESS,946965181053,Paytm
TXN0002714,CUST00027,MER0129,cust00027@okhdfcbank,215.32,2025-05-22 19:45:52,Success,169403830348,Amazon Pay
TXN0002715,CUST01486,MER0096,cust01486@okhdfcbank,414.96,2025-04-06 10:20:25,Success,444752515662,Paytm
TXN0002716,CUST00829,MER0107,cust00829@okhdfcbank,311.37,2025-03-18 15:12:03,SUCCESS,040403391140,BHIM
TXN0002720,CUST00255,MER0099,cust00255@okhdfcbank,697.99,2025-04-20 19:55:37,SUCCESS,442284958828,BHIM
TXN0002724,CUST00119,MER0099,cust00119@okhdfcbank,2685.47,2025-06-29 21:53:25,SUCCESS,399395776713,Paytm
TXN0002725,CUST00869,MER0064,cust00869@okhdfcbank,368.77,2025-02-17 01:26:46,Failed,329088665490,PhonePe
TXN0002726,CUST00979,MER0009,cust00979@okhdfcbank,872.09,2025-06-28 22:21:16,Success,326653058627,PhonePe
TXN0002727,CUST01666,MER0093,cust01666@okhdfcbank,355.79,2025-05-03 12:27:09,Success,371187332564,BHIM
TXN0002728,CUST01448,MER0008,cust01448@okhdfcbank,244.07,2025-05-16 10:27:08,SUCCESS,028976970569,Amazon Pay
TXN0002729,CUST01364,MER0038,cust01364@okhdfcbank,799.97,2025-02-20 17:53:21,Failed,644125184691,Amazon Pay
TXN0002730,CUST01240,MER0117,cust01240@okhdfcbank,1397.06,2025-05-13 05:59:59,failed,374335132238,GPay
TXN0002732,CUST01185,MER0042,cust01185@okhdfcbank,286.54,2025-01-03 09:29:47,success,722733190331,PhonePe
TXN0002733,CUST00240,MER0024,cust00240@okhdfcbank,18239.6,2025-05-06 03:06:34,success,310037903768,PhonePe
TXN0002738,CUST01417,MER0078,cust01417@okhdfcbank,372.47,2025-04-08 05:10:59,FAILED,110584334864,Paytm
TXN0002740,CUST01816,MER0098,cust01816@okhdfcbank,182.98,2025-04-24 19:19:46,SUCCESS,953715407811,PhonePe
TXN0002741,CUST00631,MER0106,cust00631@okhdfcbank,169.32,2025-05-27 02:43:41,failed,104048256773,GPay
TXN0002742,CUST01795,MER0023,cust01795@okhdfcbank,845.18,2025-01-22 05:15:14,SUCCESS,236738369093,PhonePe
TXN0002743,CUST01303,MER0147,cust01303@okhdfcbank,678.03,2025-05-31 19:38:34,SUCCESS,575167751213,BHIM
TXN0002744,CUST01634,MER0089,cust01634@okhdfcbank,228.08,2025-06-08 02:34:39,success,038969724125,Amazon Pay
TXN0002748,CUST00144,MER0107,cust00144@okhdfcbank,126.02,2025-04-12 22:30:00,Success,214327994834,Amazon Pay
TXN0002751,CUST00382,MER0035,cust00382@okhdfcbank,1025.4,2025-02-08 10:50:33,success,601181584601,BHIM
TXN0002753,CUST00923,MER0146,cust00923@okhdfcbank,1527.94,2025-06-08 03:14:29,success,196180978136,BHIM
TXN0002754,CUST00436,MER0048,cust00436@okhdfcbank,111.01,2025-02-09 00:27:08,SUCCESS,460007399322,Amazon Pay
TXN0002756,CUST01555,MER0050,cust01555@okhdfcbank,2050.65,2025-02-20 08:40:03,SUCCESS,252946487298,GPay
TXN0002757,CUST01848,MER0105,cust01848@okhdfcbank,1868.33,2025-03-27 13:57:09,success,094186530186,PhonePe
TXN0002760,CUST00176,MER0097,cust00176@okhdfcbank,906.22,2025-01-25 05:03:29,Success,581425457994,BHIM
TXN0002761,CUST00567,MER0017,cust00567@okhdfcbank,1397.93,2025-03-08 10:32:36,success,360944187003,Paytm
TXN0002762,CUST00061,MER0150,cust00061@okhdfcbank,515.14,2025-02-15 14:09:16,FAILED,856263692559,BHIM
TXN0002764,CUST00126,MER0069,cust00126@okhdfcbank,205.37,2025-05-26 23:38:09,SUCCESS,110573748884,PhonePe
TXN0002765,CUST01957,MER0002,cust01957@okhdfcbank,590.88,2025-05-10 04:37:35,FAILED,549098819979,PhonePe
TXN0002767,CUST00433,MER0134,cust00433@okhdfcbank,84.05,2025-06-03 17:59:33,success,262880270109,Paytm
TXN0002768,CUST00015,MER0097,cust00015@okhdfcbank,176.66,2025-04-28 02:06:47,pending,183210371433,Amazon Pay
TXN0002769,CUST01066,MER0069,cust01066@okhdfcbank,358.38,2025-04-05 08:34:48,success,749836307291,GPay
TXN0002771,CUST00760,MER0088,cust00760@okhdfcbank,484.89,2025-03-03 05:02:57,SUCCESS,488329084155,Paytm
TXN0002772,CUST01673,MER0062,cust01673@okhdfcbank,458.49,2025-03-12 03:21:48,SUCCESS,015522893219,Paytm
TXN0002774,CUST01251,MER0015,cust01251@okhdfcbank,504.3,2025-03-11 03:12:59,SUCCESS,357834837644,GPay
TXN0002775,CUST01789,MER0085,cust01789@okhdfcbank,1842.91,2025-06-06 13:29:29,Success,617467297308,BHIM
TXN0002776,CUST00206,MER0001,cust00206@okhdfcbank,,2025-03-30 17:23:53,Success,998787494007,Amazon Pay
TXN0002777,CUST01783,MER0103,cust01783@okhdfcbank,109.15,2025-05-21 19:46:15,SUCCESS,381118460438,Amazon Pay
TXN0002778,CUST01711,MER0036,cust01711@okhdfcbank,140.96,2025-01-05 23:40:46,success,961202792785,BHIM
TXN0002779,CUST01233,MER0032,cust01233@okhdfcbank,887.84,2025-06-18 17:51:29,success,302475918352,PhonePe
TXN0002780,CUST01087,MER0072,cust01087@okhdfcbank,393.74,2025-05-16 18:48:33,SUCCESS,329811847787,Paytm
TXN0002781,CUST01539,MER0064,cust01539@okhdfcbank,457.34,2025-03-13 13:00:27,FAILED,116657678440,BHIM
TXN0002786,CUST00094,MER0084,cust00094@okhdfcbank,210.35,2025-05-12 15:22:48,Success,280345503595,Amazon Pay
TXN0002788,CUST00993,MER0103,cust00993@okhdfcbank,394.99,2025-05-24 12:56:35,success,398654418954,GPay
TXN0002794,CUST01172,MER0130,cust01172@okhdfcbank,220.98,2025-01-07 03:56:45,Success,583254388588,BHIM
TXN0002795,CUST00262,MER0128,cust00262@okhdfcbank,794.44,2025-06-04 17:27:14,SUCCESS,179272903245,PhonePe
TXN0002797,CUST00957,MER0044,cust00957@okhdfcbank,431.99,2025-06-24 01:34:00,Success,401735390841,BHIM
TXN0002800,CUST00434,MER0044,cust00434@okhdfcbank,844.58,2025-05-27 06:24:40,success,925771374169,Amazon Pay
TXN0002805,CUST01473,MER0066,cust01473@okhdfcbank,6024.78,2025-05-10 07:28:16,Success,275968028430,BHIM
TXN0002808,CUST01630,MER0086,cust01630@okhdfcbank,68.81,2025-06-19 07:32:15,Success,662599833232,BHIM
TXN0002809,CUST00459,MER0148,cust00459@okhdfcbank,2854.05,2025-05-29 19:23:27,SUCCESS,686213824890,Paytm
TXN0002811,CUST01865,MER0098,cust01865@okhdfcbank,190.2,2025-05-07 23:29:11,Success,057959437955,PhonePe
TXN0002814,CUST00596,MER0023,cust00596@okhdfcbank,665.42,2025-01-22 15:04:48,success,561522659089,PhonePe
TXN0002817,CUST00261,MER0081,cust00261@okhdfcbank,3025.79,2025-03-15 19:50:15,Success,980347149678,Amazon Pay
TXN0002818,CUST01182,MER0001,cust01182@okhdfcbank,271.17,2025-03-02 08:25:40,SUCCESS,351839379990,GPay
TXN0002819,CUST00127,MER0138,cust00127@okhdfcbank,1419.56,2025-02-06 20:48:03,success,839606613643,Paytm
TXN0002820,CUST01735,MER0100,cust01735@okhdfcbank,702.64,2025-03-24 06:34:41,Success,301209831592,GPay
TXN0002822,CUST01392,MER0033,cust01392@okhdfcbank,245.62,2025-04-11 22:13:01,success,867239224993,Amazon Pay
TXN0002824,CUST00810,MER0003,cust00810@okhdfcbank,704.76,2025-04-15 12:37:36,success,240439700711,Paytm
TXN0002825,CUST01746,MER0118,cust01746@okhdfcbank,1339.14,2025-03-03 08:19:22,SUCCESS,885421622204,BHIM
TXN0002828,CUST01232,MER0073,cust01232@okhdfcbank,506.37,2025-01-29 07:48:24,Success,432415993515,PhonePe
TXN0002829,CUST01530,MER0009,cust01530@okhdfcbank,377.62,2025-04-27 06:59:04,Success,582939986316,BHIM
TXN0002830,CUST00656,MER0080,cust00656@okhdfcbank,110.69,2025-04-08 13:15:04,SUCCESS,352649538593,Amazon Pay
TXN0002831,CUST01411,MER0032,cust01411@okhdfcbank,180.67,2025-02-23 02:22:52,SUCCESS,097011510466,BHIM
TXN0002833,CUST01698,MER0056,cust01698@okhdfcbank,336.74,2025-04-07 02:59:10,SUCCESS,834446886316,GPay
TXN0002834,CUST00597,MER0097,cust00597@okhdfcbank,505.58,2025-01-12 10:05:11,Success,027217927815,Paytm
TXN0002835,CUST01660,MER0086,cust01660@okhdfcbank,623.23,2025-01-30 15:38:38,SUCCESS,628974669694,Paytm
TXN0002838,CUST01507,MER0014,cust01507@okhdfcbank,164.24,2025-06-29 06:13:38,success,070768521498,Amazon Pay
TXN0002840,CUST00803,MER0077,cust00803@okhdfcbank,1048.41,2025-06-08 06:13:55,Success,950537758464,PhonePe
TXN0002841,CUST01351,MER0041,cust01351@okhdfcbank,1320.61,2025-01-05 04:30:14,success,179202395439,Paytm
TXN0002846,CUST01891,MER0050,cust01891@okhdfcbank,799.11,2025-05-17 03:24:11,Success,292628496680,Paytm
TXN0002848,CUST00663,MER0149,cust00663@okhdfcbank,176.71,2025-06-18 03:10:43,Pending,765322286601,GPay
TXN0002850,CUST00623,MER0118,cust00623@okhdfcbank,812.0,2025-05-08 02:48:55,SUCCESS,994572092999,GPay
TXN0002852,CUST00989,MER0075,cust00989@okhdfcbank,93.5,2025-06-24 05:20:21,Success,854528969721,BHIM
TXN0002853,CUST00297,MER0054,cust00297@okhdfcbank,1090.67,2025-02-12 08:35:22,SUCCESS,173124372605,Paytm
TXN0002855,CUST01334,MER0003,cust01334@okhdfcbank,2500.36,2025-03-12 08:05:40,success,542744442392,GPay
TXN0002856,CUST01487,MER0148,cust01487@okhdfcbank,360.95,2025-01-20 19:06:40,SUCCESS,482972276812,Amazon Pay
TXN0002857,CUST01390,MER0038,cust01390@okhdfcbank,183.52,2025-03-15 02:52:37,success,786008951792,PhonePe
TXN0002858,CUST01947,MER0110,cust01947@okhdfcbank,249.08,2025-05-12 22:26:39,Success,244862145907,GPay
TXN0002859,CUST01724,MER0044,cust01724@okhdfcbank,297.38,2025-06-29 19:24:16,Success,278216548917,GPay
TXN0002860,CUST00116,MER0025,cust00116@okhdfcbank,160.96,2025-03-11 01:08:27,success,572716693418,PhonePe
TXN0002862,CUST01936,MER0014,cust01936@okhdfcbank,1858.82,2025-01-23 18:52:33,success,660172346803,GPay
TXN0002865,CUST00070,MER0031,cust00070@okhdfcbank,80.2,2025-02-16 18:28:03,success,312323746750,GPay
TXN0002867,CUST01527,MER0097,cust01527@okhdfcbank,2574.58,2025-05-31 15:43:19,success,379916192369,Paytm
TXN0002869,CUST00950,MER0098,cust00950@okhdfcbank,438.44,2025-02-23 10:35:58,SUCCESS,889683082276,GPay
TXN0002870,CUST01296,MER0114,cust01296@okhdfcbank,760.74,2025-03-13 07:50:58,Success,595171296189,Paytm
TXN0002874,CUST00048,MER0147,cust00048@okhdfcbank,589.53,2025-04-22 04:39:06,success,851766505797,PhonePe
TXN0002876,CUST00194,MER0047,cust00194@okhdfcbank,115.96,2025-03-16 13:22:57,success,584359534118,Paytm
TXN0002877,CUST00992,MER0112,cust00992@okhdfcbank,219.64,2025-02-27 22:28:26,Success,715200807919,BHIM
TXN0002878,CUST01171,MER0033,cust01171@okhdfcbank,1356.81,2025-01-20 07:25:47,failed,932556043938,GPay
TXN0002880,CUST01766,MER0138,cust01766@okhdfcbank,290.15,2025-02-05 21:38:56,Success,841850885261,GPay
TXN0002881,CUST00831,MER0006,cust00831@okhdfcbank,285.1,2025-03-18 11:13:29,Success,070715286839,Amazon Pay
TXN0002883,CUST01664,MER0136,cust01664@okhdfcbank,2702.97,2025-04-05 20:52:11,Success,423740656551,Paytm
TXN0002884,CUST00131,MER0133,cust00131@okhdfcbank,423.61,2025-06-12 13:22:24,Success,275680220711,GPay
TXN0002885,CUST01198,MER0138,cust01198@okhdfcbank,224.46,2025-05-19 14:18:43,success,179033150763,PhonePe
TXN0002887,CUST01543,MER0054,cust01543@okhdfcbank,2850.03,2025-05-08 21:12:58,SUCCESS,905376354367,Paytm
TXN0002888,CUST01839,MER0031,cust01839@okhdfcbank,298.02,2025-02-05 01:57:21,Success,918593058868,GPay
TXN0002891,CUST00644,MER0032,cust00644@okhdfcbank,560.46,2025-01-08 14:25:13,Success,805709233798,PhonePe
TXN0002895,CUST01037,MER0077,cust01037@okhdfcbank,190.41,2025-03-12 14:18:38,SUCCESS,250856258812,PhonePe
TXN0002897,CUST00867,MER0001,cust00867@okhdfcbank,977.01,2025-02-18 05:20:04,Success,959677987729,Amazon Pay
TXN0002898,CUST00616,MER0012,cust00616@okhdfcbank,139.77,2025-04-11 20:46:48,SUCCESS,831047134422,BHIM
TXN0002899,CUST01853,MER0076,cust01853@okhdfcbank,268.45,2025-05-08 23:53:49,SUCCESS,323564889703,PhonePe
TXN0002900,CUST01094,MER0114,cust01094@okhdfcbank,272.4,2025-01-28 03:46:18,success,778853485003,Amazon Pay
TXN0002901,CUST01182,MER0126,cust01182@okhdfcbank,1263.64,2025-05-15 23:24:27,success,479859328898,GPay
TXN0002903,CUST01103,MER0131,cust01103@okhdfcbank,1216.48,2025-02-10 17:55:22,SUCCESS,872991054707,BHIM
TXN0002904,CUST01409,MER0026,cust01409@okhdfcbank,1879.34,2025-05-09 16:01:08,Success,717454698847,PhonePe
TXN0002905,CUST01679,MER0012,cust01679@okhdfcbank,362.98,2025-02-16 00:58:03,success,283163787110,GPay
TXN0002906,CUST00076,MER0049,cust00076@okhdfcbank,150.29,2025-01-28 12:13:03,Success,836080500824,Amazon Pay
TXN0002908,CUST01234,MER0142,cust01234@okhdfcbank,78.41,2025-02-11 22:49:09,Success,577805468257,Amazon Pay
TXN0002909,CUST01212,MER0092,cust01212@okhdfcbank,311.45,2025-02-23 20:45:27,success,170720790654,PhonePe
TXN0002910,CUST00264,MER0109,cust00264@okhdfcbank,335.55,2025-01-15 10:32:28,success,794492305912,Paytm
TXN0002911,CUST01127,MER0066,cust01127@okhdfcbank,1083.07,2025-02-20 14:49:51,success,507598776048,GPay
TXN0002912,CUST00782,MER0042,cust00782@okhdfcbank,501.15,2025-03-19 16:24:42,Success,493335227250,Paytm
TXN0002915,CUST00294,MER0138,cust00294@okhdfcbank,174.34,2025-02-09 13:36:14,success,820495392237,Paytm
TXN0002919,CUST00336,MER0108,cust00336@okhdfcbank,1116.42,2025-06-09 12:47:00,SUCCESS,768882868228,PhonePe
TXN0002920,CUST00315,MER0081,cust00315@okhdfcbank,874.95,2025-06-02 23:20:23,success,947476053448,PhonePe
TXN0002921,CUST00889,MER0098,cust00889@okhdfcbank,87.91,2025-01-06 00:44:55,SUCCESS,943209407181,Amazon Pay
TXN0002924,CUST01401,MER0141,cust01401@okhdfcbank,338.96,2025-03-20 23:44:17,SUCCESS,669893107877,Paytm
TXN0002925,CUST00136,MER0085,cust00136@okhdfcbank,594.08,2025-05-05 07:26:36,SUCCESS,236933612327,BHIM
TXN0002930,CUST00776,MER0027,cust00776@okhdfcbank,744.13,2025-06-01 23:48:10,Success,790492856690,BHIM
TXN0002933,CUST01084,MER0090,cust01084@okhdfcbank,885.73,2025-05-17 00:21:33,success,752256027128,Amazon Pay
TXN0002934,CUST01172,MER0073,cust01172@okhdfcbank,195.7,2025-04-18 02:22:23,success,668934441416,Paytm
TXN0002936,CUST00652,MER0100,cust00652@okhdfcbank,517.08,2025-02-05 01:59:41,Failed,432093847323,Paytm
TXN0002940,CUST00020,MER0132,cust00020@okhdfcbank,193.71,2025-05-19 11:51:30,Success,029045135859,Paytm
TXN0002941,CUST00319,MER0033,cust00319@okhdfcbank,170.46,2025-01-28 16:53:27,success,985011473607,Amazon Pay
TXN0002943,CUST01881,MER0095,cust01881@okhdfcbank,4933.4,2025-05-18 09:12:00,Success,317841033549,BHIM
TXN0002946,CUST00725,MER0120,cust00725@okhdfcbank,238.41,2025-04-08 12:33:28,PENDING,818035457567,BHIM
TXN0002947,CUST00588,MER0071,cust00588@okhdfcbank,264.04,2025-03-25 01:31:47,SUCCESS,991271821444,BHIM
TXN0002948,CUST01067,MER0059,cust01067@okhdfcbank,216.59,2025-03-01 06:16:35,Success,619908879996,Paytm
TXN0002949,CUST01302,MER0023,cust01302@okhdfcbank,334.32,2025-03-01 08:29:09,SUCCESS,055025940329,GPay
TXN0002954,CUST00586,MER0142,cust00586@okhdfcbank,69.82,2025-04-06 16:50:59,success,212805614136,GPay
TXN0002959,CUST01263,MER0049,cust01263@okhdfcbank,514.49,2025-06-26 21:02:17,success,497622447731,Paytm
TXN0002961,CUST00871,MER0137,cust00871@okhdfcbank,625.03,2025-05-26 13:42:21,SUCCESS,782222667448,BHIM
TXN0002962,CUST00707,MER0063,cust00707@okhdfcbank,381.83,2025-05-24 11:54:39,SUCCESS,998750873427,GPay
TXN0002963,CUST01355,MER0136,cust01355@okhdfcbank,537.48,2025-05-13 20:02:06,SUCCESS,801772959066,GPay
TXN0002970,CUST01015,MER0098,cust01015@okhdfcbank,2909.82,2025-02-03 02:30:46,SUCCESS,087524205482,PhonePe
TXN0002971,CUST00765,MER0029,cust00765@okhdfcbank,151.96,2025-03-07 15:00:04,pending,372735296573,Amazon Pay
TXN0002972,CUST01872,MER0064,cust01872@okhdfcbank,256.15,2025-06-11 12:07:33,Success,589088178111,BHIM
TXN0002975,CUST00005,MER0146,cust00005@okhdfcbank,121.09,2025-03-18 10:24:32,Success,314716062360,PhonePe
TXN0002976,CUST00446,MER0079,cust00446@okhdfcbank,165.22,2025-05-05 20:28:27,SUCCESS,004488671537,GPay
TXN0002978,CUST01828,MER0125,cust01828@okhdfcbank,5138.0,2025-01-12 03:57:15,success,869269978134,GPay
TXN0002981,CUST00220,MER0002,cust00220@okhdfcbank,43.85,2025-03-09 21:49:16,Success,326116034015,Paytm
TXN0002982,CUST01824,MER0048,cust01824@okhdfcbank,534.67,2025-03-20 01:46:23,success,208395181891,PhonePe
TXN0002985,CUST01084,MER0132,cust01084@okhdfcbank,210.46,2025-06-24 11:21:35,SUCCESS,617858772804,Amazon Pay
TXN0002987,CUST01871,MER0125,cust01871@okhdfcbank,192.05,2025-01-02 08:12:18,Success,477194725442,PhonePe
TXN0002988,CUST00319,MER0065,cust00319@okhdfcbank,3204.94,2025-02-13 21:40:48,success,576115754238,PhonePe
TXN0002991,CUST01663,MER0069,cust01663@okhdfcbank,539.0,2025-01-22 02:33:19,Failed,259869887946,PhonePe
TXN0002994,CUST00736,MER0051,cust00736@okhdfcbank,2538.42,2025-01-22 11:44:21,success,654579748022,Amazon Pay
TXN0002995,CUST00389,MER0073,cust00389@okhdfcbank,1174.57,2025-01-08 19:36:28,SUCCESS,404047734330,GPay
TXN0002997,CUST01524,MER0085,cust01524@okhdfcbank,1241.37,2025-06-24 22:57:14,SUCCESS,539656451093,Paytm
TXN0002998,CUST00065,MER0042,cust00065@okhdfcbank,850.32,2025-05-10 08:44:22,Success,405792989032,GPay
TXN0002999,CUST00408,MER0123,cust00408@okhdfcbank,732.36,2025-05-10 04:15:23,success,539295094310,Paytm
TXN0003003,CUST01487,MER0100,cust01487@okhdfcbank,579.05,2025-01-26 12:27:02,Success,318014992835,BHIM
TXN0003008,CUST02000,MER0003,cust02000@okhdfcbank,197.96,2025-03-26 08:07:03,SUCCESS,322022861938,Paytm
TXN0003010,CUST00170,MER0110,cust00170@okhdfcbank,296.68,2025-02-18 02:35:09,SUCCESS,161380846078,PhonePe
TXN0003011,CUST01265,MER0040,cust01265@okhdfcbank,2350.17,2025-05-22 14:32:40,SUCCESS,662185810759,BHIM
TXN0003012,CUST01048,MER0048,cust01048@okhdfcbank,420.92,2025-02-18 10:35:58,SUCCESS,567298814706,GPay
TXN0003013,CUST00576,MER0030,cust00576@okhdfcbank,627.51,2025-06-17 19:18:33,pending,228606544974,PhonePe
TXN0003014,CUST00540,MER0064,cust00540@okhdfcbank,647.63,2025-05-10 09:19:29,SUCCESS,511795847939,PhonePe
TXN0003016,CUST01604,MER0027,cust01604@okhdfcbank,277.11,2025-05-17 03:34:20,Success,115297105365,Amazon Pay
TXN0003018,CUST01751,MER0039,cust01751@okhdfcbank,443.1,2025-02-14 13:00:28,SUCCESS,334226020435,BHIM
TXN0003019,CUST00247,MER0034,cust00247@okhdfcbank,1535.38,2025-03-19 22:06:54,SUCCESS,217395629857,Paytm
TXN0003021,CUST01903,MER0038,cust01903@okhdfcbank,792.02,2025-03-24 18:42:57,success,390079493308,GPay
TXN0003022,CUST00037,MER0052,cust00037@okhdfcbank,1690.72,2025-01-18 15:47:23,SUCCESS,973777583835,BHIM
TXN0003024,CUST01076,MER0079,cust01076@okhdfcbank,414.63,2025-05-16 22:58:36,success,204497473097,GPay
TXN0003025,CUST01298,MER0060,cust01298@okhdfcbank,1601.55,2025-02-13 01:32:51,Success,258874954778,GPay
TXN0003026,CUST00689,MER0110,cust00689@okhdfcbank,802.41,2025-04-04 01:12:42,Failed,506981635036,Amazon Pay
TXN0003031,CUST00098,MER0047,cust00098@okhdfcbank,1203.52,2025-01-08 22:33:25,Success,109221727194,PhonePe
TXN0003032,CUST00002,MER0014,cust00002@okhdfcbank,450.86,2025-05-09 05:49:49,FAILED,008263488599,PhonePe
TXN0003034,CUST00574,MER0026,cust00574@okhdfcbank,955.22,2025-03-25 16:10:28,FAILED,041471524580,Amazon Pay
TXN0003035,CUST00379,MER0065,cust00379@okhdfcbank,225.22,2025-04-06 09:33:37,success,071597738130,GPay
TXN0003036,CUST00745,MER0086,cust00745@okhdfcbank,724.04,2025-03-01 02:24:18,success,684650222016,PhonePe
TXN0003037,CUST00229,MER0025,cust00229@okhdfcbank,1899.74,2025-05-10 21:31:17,Success,195791315971,Amazon Pay
TXN0003039,CUST01766,MER0034,cust01766@okhdfcbank,772.71,2025-03-06 07:33:30,success,296313035530,BHIM
TXN0003040,CUST00739,MER0093,cust00739@okhdfcbank,214.98,2025-05-25 06:18:50,success,015179708143,Paytm
TXN0003041,CUST01595,MER0136,cust01595@okhdfcbank,1368.4,2025-04-28 10:10:14,success,998452180214,GPay
TXN0003043,CUST00566,MER0054,cust00566@okhdfcbank,345.74,2025-04-24 11:09:43,Success,049874108965,GPay
TXN0003044,CUST00787,MER0023,cust00787@okhdfcbank,4490.09,2025-06-22 06:37:22,success,974258028307,PhonePe
TXN0003047,CUST01984,MER0049,cust01984@okhdfcbank,944.46,2025-02-07 11:06:26,success,339713974351,Amazon Pay
TXN0003048,CUST01444,MER0115,cust01444@okhdfcbank,1318.07,2025-06-29 17:08:44,success,150658249211,Paytm
TXN0003049,CUST00203,MER0020,cust00203@okhdfcbank,182.06,2025-04-17 03:14:34,Success,956584971131,Paytm
TXN0003050,CUST01268,MER0088,cust01268@okhdfcbank,598.61,2025-02-28 12:58:54,SUCCESS,018361269506,Paytm
TXN0003051,CUST01486,MER0122,cust01486@okhdfcbank,722.84,2025-05-28 18:27:40,SUCCESS,819121315463,PhonePe
TXN0003052,CUST00414,MER0137,cust00414@okhdfcbank,330.25,2025-05-20 23:01:45,SUCCESS,524352418083,BHIM
TXN0003053,CUST00315,MER0012,cust00315@okhdfcbank,784.3,2025-01-25 19:44:24,SUCCESS,567074199665,Paytm
TXN0003054,CUST00393,MER0108,cust00393@okhdfcbank,1688.67,2025-04-17 21:29:44,FAILED,952627631470,BHIM
TXN0003058,CUST00894,MER0018,cust00894@okhdfcbank,82.52,2025-04-04 18:06:25,success,616244293136,Amazon Pay
TXN0003059,CUST00859,MER0135,cust00859@okhdfcbank,1073.77,2025-04-08 20:12:06,SUCCESS,626107533422,PhonePe
TXN0003061,CUST01228,MER0071,cust01228@okhdfcbank,516.76,2025-05-16 06:53:10,Success,649638798935,PhonePe
TXN0003062,CUST01982,MER0034,cust01982@okhdfcbank,183.69,2025-02-26 05:53:47,SUCCESS,746780278160,BHIM
TXN0003066,CUST00339,MER0113,cust00339@okhdfcbank,507.34,2025-05-26 18:38:42,SUCCESS,266289091844,BHIM
TXN0003067,CUST01044,MER0099,cust01044@okhdfcbank,606.39,2025-04-20 05:26:00,SUCCESS,452377412999,PhonePe
TXN0003069,CUST01244,MER0070,cust01244@okhdfcbank,920.5,2025-02-10 04:20:18,SUCCESS,807759449148,Amazon Pay
TXN0003073,CUST01450,MER0135,cust01450@okhdfcbank,413.55,2025-02-20 06:15:24,SUCCESS,652344812364,GPay
TXN0003074,CUST00622,MER0057,cust00622@okhdfcbank,346.38,2025-02-27 13:09:17,SUCCESS,262816906993,GPay
TXN0003078,CUST00081,MER0038,cust00081@okhdfcbank,1134.59,2025-06-21 13:53:09,success,374250779086,Paytm
TXN0003079,CUST00569,MER0035,cust00569@okhdfcbank,414.13,2025-02-22 12:19:03,success,354813371117,BHIM
TXN0003083,CUST00712,MER0095,cust00712@okhdfcbank,121.48,2025-03-05 00:34:04,success,025821135180,Paytm
TXN0003087,CUST01282,MER0003,cust01282@okhdfcbank,2525.7,2025-06-09 23:48:01,SUCCESS,575947521947,Paytm
TXN0003088,CUST00729,MER0057,cust00729@okhdfcbank,365.33,2025-05-22 20:16:04,SUCCESS,782388000445,GPay
TXN0003090,CUST01990,MER0005,cust01990@okhdfcbank,327.7,2025-04-15 08:24:46,Success,707308333986,BHIM
TXN0003091,CUST01347,MER0150,cust01347@okhdfcbank,358.11,2025-01-21 16:03:32,SUCCESS,864551796199,Amazon Pay
TXN0003093,CUST00528,MER0142,cust00528@okhdfcbank,646.12,2025-02-10 00:46:14,success,750524093662,BHIM
TXN0003095,CUST00665,MER0069,cust00665@okhdfcbank,295.92,2025-02-09 14:19:46,success,925517469138,GPay
TXN0003098,CUST01488,MER0112,cust01488@okhdfcbank,1582.21,2025-03-13 13:59:13,success,616910626880,GPay
TXN0003099,CUST00304,MER0123,cust00304@okhdfcbank,861.03,2025-01-19 04:37:55,success,354644657436,PhonePe
TXN0003100,CUST01016,MER0047,cust01016@okhdfcbank,1055.5,2025-03-31 04:54:47,success,266012892056,Paytm
TXN0003101,CUST00379,MER0046,cust00379@okhdfcbank,3153.96,2025-02-06 16:09:03,success,539571319890,Paytm
TXN0003104,CUST00334,MER0046,cust00334@okhdfcbank,729.44,2025-06-08 17:49:20,Success,832854180803,Amazon Pay
TXN0003105,CUST00808,MER0049,cust00808@okhdfcbank,921.72,2025-01-14 11:40:46,success,025676120873,PhonePe
TXN0003106,CUST00294,MER0019,cust00294@okhdfcbank,182.23,2025-03-24 19:08:41,FAILED,847583398723,BHIM
TXN0003108,CUST01484,MER0135,cust01484@okhdfcbank,1480.88,2025-01-27 15:49:25,success,979523531155,BHIM
TXN0003112,CUST01320,MER0012,cust01320@okhdfcbank,701.82,2025-01-26 15:59:56,Success,166355737973,PhonePe
TXN0003114,CUST01923,MER0004,cust01923@okhdfcbank,434.07,2025-06-03 20:51:13,SUCCESS,297510095920,BHIM
TXN0003115,CUST01980,MER0003,cust01980@okhdfcbank,1562.07,2025-06-03 17:24:22,Success,951391815339,PhonePe
TXN0003118,CUST00286,MER0123,cust00286@okhdfcbank,272.57,2025-05-28 12:19:37,failed,419321332339,BHIM
TXN0003119,CUST01153,MER0114,cust01153@okhdfcbank,219.22,2025-06-08 08:20:31,SUCCESS,570887145130,PhonePe
TXN0003120,CUST00335,MER0079,cust00335@okhdfcbank,1151.56,2025-03-06 10:05:47,success,103492064690,Paytm
TXN0003121,CUST00981,MER0040,cust00981@okhdfcbank,712.85,2025-02-17 08:13:53,Success,962718693318,PhonePe
TXN0003122,CUST00115,MER0140,cust00115@okhdfcbank,150.57,2025-05-15 09:08:44,success,969151210393,Paytm
TXN0003123,CUST00548,MER0140,cust00548@okhdfcbank,221.22,2025-01-24 21:34:24,success,951995522508,PhonePe
TXN0003124,CUST00044,MER0012,cust00044@okhdfcbank,2355.67,2025-01-20 23:09:14,SUCCESS,557676498209,Amazon Pay
TXN0003128,CUST00875,MER0099,cust00875@okhdfcbank,491.19,2025-01-29 14:49:27,Success,197509247397,Paytm
TXN0003134,CUST00157,MER0086,cust00157@okhdfcbank,1334.86,2025-01-23 23:33:19,Success,842868413289,GPay
TXN0003135,CUST00739,MER0022,cust00739@okhdfcbank,98.88,2025-06-23 21:44:08,success,575506155333,Paytm
TXN0003139,CUST01408,MER0078,cust01408@okhdfcbank,169.97,2025-05-02 07:35:04,Success,953664814237,PhonePe
TXN0003140,CUST01675,MER0074,cust01675@okhdfcbank,3302.48,2025-03-09 15:35:41,SUCCESS,369641606325,GPay
TXN0003141,CUST01793,MER0027,cust01793@okhdfcbank,129.09,2025-02-22 15:23:10,success,023948773035,Amazon Pay
TXN0003144,CUST00005,MER0039,cust00005@okhdfcbank,2439.55,2025-06-01 00:44:10,success,853872133401,Amazon Pay
TXN0003145,CUST01344,MER0038,cust01344@okhdfcbank,736.04,2025-03-04 04:30:04,Success,932447666629,GPay
TXN0003146,CUST00303,MER0100,cust00303@okhdfcbank,565.08,2025-03-28 17:45:05,PENDING,460415325854,PhonePe
TXN0003150,CUST00662,MER0033,cust00662@okhdfcbank,562.13,2025-02-05 07:35:11,SUCCESS,687477680491,BHIM
TXN0003152,CUST00869,MER0124,cust00869@okhdfcbank,301.13,2025-05-15 15:34:31,SUCCESS,942374292515,PhonePe
TXN0003154,CUST01643,MER0063,cust01643@okhdfcbank,1108.03,2025-03-16 09:46:21,Success,443477858045,Paytm
TXN0003155,CUST00858,MER0141,cust00858@okhdfcbank,650.26,2025-04-07 12:39:52,SUCCESS,281763792016,GPay
TXN0003158,CUST00172,MER0149,cust00172@okhdfcbank,2204.05,2025-05-19 19:46:24,success,977354983907,PhonePe
TXN0003160,CUST01591,MER0057,cust01591@okhdfcbank,1322.44,2025-05-17 12:39:08,SUCCESS,861470681180,Paytm
TXN0003161,CUST00179,MER0061,cust00179@okhdfcbank,587.43,2025-03-12 05:41:17,SUCCESS,412746599913,Paytm
TXN0003162,CUST00006,MER0053,cust00006@okhdfcbank,135.17,2025-06-15 04:03:37,Success,540122027247,PhonePe
TXN0003163,CUST00036,MER0093,cust00036@okhdfcbank,1723.78,2025-04-19 10:12:49,success,881638924484,PhonePe
TXN0003164,CUST00971,MER0035,cust00971@okhdfcbank,635.58,2025-06-28 19:43:27,success,869893008590,Paytm
TXN0003165,CUST00226,MER0016,cust00226@okhdfcbank,1873.09,2025-06-26 23:15:15,Success,357550598412,GPay
TXN0003166,CUST00716,MER0093,cust00716@okhdfcbank,410.59,2025-06-14 19:28:07,success,764685101815,GPay
TXN0003168,CUST00943,MER0037,cust00943@okhdfcbank,84.56,2025-06-12 04:33:28,SUCCESS,990996002407,Paytm
TXN0003170,CUST00432,MER0058,cust00432@okhdfcbank,137.97,2025-01-11 20:21:10,Success,165721684098,BHIM
TXN0003172,CUST01442,MER0037,cust01442@okhdfcbank,789.83,2025-03-15 07:05:41,success,451464035491,BHIM
TXN0003173,CUST01502,MER0007,cust01502@okhdfcbank,269.19,2025-05-16 04:09:58,success,236641457434,Amazon Pay
TXN0003174,CUST01977,MER0109,cust01977@okhdfcbank,1168.93,2025-03-14 04:10:26,success,769063958414,PhonePe
TXN0003175,CUST00111,MER0028,cust00111@okhdfcbank,209.22,2025-05-09 16:37:34,Failed,692707430556,PhonePe
TXN0003176,CUST01192,MER0019,cust01192@okhdfcbank,1194.21,2025-04-03 14:10:22,success,070746227448,BHIM
TXN0003181,CUST01568,MER0047,cust01568@okhdfcbank,881.98,2025-04-02 05:15:44,success,012988752939,PhonePe
TXN0003182,CUST01523,MER0036,cust01523@okhdfcbank,434.75,2025-05-26 06:25:54,Success,099848985950,Amazon Pay
TXN0003183,CUST01081,MER0077,cust01081@okhdfcbank,185.23,2025-04-02 07:13:06,Success,169090781612,Paytm
TXN0003184,CUST00843,MER0087,cust00843@okhdfcbank,282.51,2025-03-28 05:04:01,success,032908255609,Amazon Pay
TXN0003185,CUST01601,MER0004,cust01601@okhdfcbank,2068.18,2025-02-25 16:26:26,SUCCESS,908944927130,PhonePe
TXN0003186,CUST00228,MER0040,cust00228@okhdfcbank,158.01,2025-01-12 15:37:26,SUCCESS,500893085124,GPay
TXN0003187,CUST01805,MER0009,cust01805@okhdfcbank,787.06,2025-04-28 07:39:10,success,104856018280,GPay
TXN0003188,CUST01539,MER0045,cust01539@okhdfcbank,612.75,2025-04-08 17:31:36,SUCCESS,464567160449,PhonePe
TXN0003191,CUST01457,MER0067,cust01457@okhdfcbank,2520.58,2025-06-28 11:33:01,PENDING,698690182280,GPay
TXN0003194,CUST01908,MER0041,cust01908@okhdfcbank,917.88,2025-02-22 18:48:30,Success,176416709762,BHIM
TXN0003195,CUST01993,MER0024,cust01993@okhdfcbank,1234.28,2025-04-12 06:22:15,SUCCESS,473505535176,Paytm
TXN0003196,CUST00774,MER0033,cust00774@okhdfcbank,433.67,2025-05-25 07:15:32,success,581288282351,Paytm
TXN0003199,CUST00377,MER0144,cust00377@okhdfcbank,226.33,2025-04-28 11:53:34,SUCCESS,136074305936,GPay
TXN0003200,CUST01724,MER0020,cust01724@okhdfcbank,157.7,2025-06-08 13:26:23,SUCCESS,780455589462,GPay
TXN0003202,CUST01315,MER0104,cust01315@okhdfcbank,386.1,2025-06-10 15:16:53,success,328459303005,Paytm
TXN0003203,CUST00780,MER0043,cust00780@okhdfcbank,371.29,2025-01-11 14:47:18,Success,709050311055,PhonePe
TXN0003209,CUST00219,MER0017,cust00219@okhdfcbank,975.96,2025-02-11 03:34:18,SUCCESS,030182750743,Paytm
TXN0003211,CUST00634,MER0049,cust00634@okhdfcbank,2476.82,2025-04-18 03:04:05,Failed,653248174296,Amazon Pay
TXN0003213,CUST00552,MER0022,cust00552@okhdfcbank,206.19,2025-04-21 16:57:52,Success,405856250226,Amazon Pay
TXN0003215,CUST00991,MER0012,cust00991@okhdfcbank,831.2,2025-01-10 07:55:26,success,161144140965,PhonePe
TXN0003216,CUST00645,MER0024,cust00645@okhdfcbank,229.96,2025-03-01 22:12:10,SUCCESS,087752185544,PhonePe
TXN0003217,CUST00018,MER0092,cust00018@okhdfcbank,421.84,2025-05-26 23:04:48,Success,690715382008,GPay
TXN0003218,CUST00579,MER0102,cust00579@okhdfcbank,99.3,2025-04-08 03:10:33,success,946446396317,BHIM
TXN0003221,CUST00835,MER0129,cust00835@okhdfcbank,194.0,2025-01-20 14:42:27,success,370515065032,PhonePe
TXN0003222,CUST01029,MER0039,cust01029@okhdfcbank,1664.31,2025-01-05 14:22:53,failed,238672449287,GPay
TXN0003223,CUST01203,MER0098,cust01203@okhdfcbank,1604.1,2025-04-03 14:45:44,pending,434386769969,PhonePe
TXN0003224,CUST01201,MER0010,cust01201@okhdfcbank,716.45,2025-02-26 08:03:15,Failed,999576631388,Amazon Pay
TXN0003225,CUST00331,MER0039,cust00331@okhdfcbank,649.15,2025-05-13 12:05:35,Success,985372531197,Amazon Pay
TXN0003227,CUST01282,MER0024,cust01282@okhdfcbank,227.49,2025-05-20 12:16:44,success,567006477065,Amazon Pay
TXN0003228,CUST00475,MER0056,cust00475@okhdfcbank,343.01,2025-06-06 19:06:39,success,780197735095,Paytm
TXN0003229,CUST01396,MER0037,cust01396@okhdfcbank,108.46,2025-05-30 06:59:15,SUCCESS,796333172898,GPay
TXN0003230,CUST01472,MER0042,cust01472@okhdfcbank,634.25,2025-04-08 09:43:05,FAILED,080376117857,GPay
TXN0003231,CUST01058,MER0134,cust01058@okhdfcbank,517.41,2025-05-30 06:06:15,Success,453162304298,Amazon Pay
TXN0003233,CUST00596,MER0093,cust00596@okhdfcbank,2365.35,2025-05-02 01:35:03,failed,226263136393,PhonePe
TXN0003234,CUST01753,MER0111,cust01753@okhdfcbank,904.08,2025-01-08 18:28:25,SUCCESS,066138730681,Paytm
TXN0003235,CUST01825,MER0100,cust01825@okhdfcbank,984.21,2025-02-16 10:20:10,success,589804272817,Paytm
TXN0003236,CUST00428,MER0020,cust00428@okhdfcbank,302.68,2025-01-30 14:14:31,Success,530392456382,Amazon Pay
TXN0003237,CUST01162,MER0128,cust01162@okhdfcbank,492.09,2025-01-19 21:56:42,SUCCESS,434540997072,GPay
TXN0003241,CUST00193,MER0117,cust00193@okhdfcbank,401.9,2025-03-02 22:02:06,Pending,315870096055,Amazon Pay
TXN0003242,CUST00348,MER0076,cust00348@okhdfcbank,297.51,2025-02-01 08:30:58,success,434978075598,Paytm
TXN0003243,CUST00140,MER0072,cust00140@okhdfcbank,929.13,2025-04-22 22:44:20,success,753979457252,Amazon Pay
TXN0003246,CUST00525,MER0114,cust00525@okhdfcbank,134.19,2025-05-07 06:34:50,SUCCESS,144837419038,BHIM
TXN0003247,CUST01893,MER0036,cust01893@okhdfcbank,933.17,2025-01-25 01:43:28,success,748091278331,Paytm
TXN0003248,CUST01991,MER0146,cust01991@okhdfcbank,257.68,2025-04-05 19:27:06,SUCCESS,630653805380,BHIM
TXN0003251,CUST00752,MER0132,cust00752@okhdfcbank,574.45,2025-06-14 01:13:10,SUCCESS,900523504025,GPay
TXN0003252,CUST01280,MER0081,cust01280@okhdfcbank,148.47,2025-03-14 13:29:22,SUCCESS,861600686454,Amazon Pay
TXN0003254,CUST00539,MER0011,cust00539@okhdfcbank,237.78,2025-05-01 12:16:10,SUCCESS,489881613353,Paytm
TXN0003255,CUST01319,MER0015,cust01319@okhdfcbank,74.07,2025-05-24 21:30:31,SUCCESS,001168882917,BHIM
TXN0003256,CUST01620,MER0063,cust01620@okhdfcbank,1521.54,2025-05-16 21:02:57,FAILED,063541374172,BHIM
TXN0003258,CUST00216,MER0075,cust00216@okhdfcbank,158.3,2025-03-14 23:27:21,success,808353427702,Amazon Pay
TXN0003259,CUST00325,MER0146,cust00325@okhdfcbank,2112.6,2025-03-19 12:46:53,SUCCESS,980545739736,PhonePe
TXN0003261,CUST00796,MER0119,cust00796@okhdfcbank,633.06,2025-05-10 22:28:03,Success,132156886493,BHIM
TXN0003262,CUST00192,MER0090,cust00192@okhdfcbank,215.88,2025-04-01 11:08:49,SUCCESS,881593679208,GPay
TXN0003263,CUST00960,MER0137,cust00960@okhdfcbank,65.48,2025-06-24 18:53:36,success,702903481638,Paytm
TXN0003264,CUST01676,MER0120,cust01676@okhdfcbank,125.91,2025-01-22 04:31:53,SUCCESS,378013279898,PhonePe
TXN0003266,CUST01879,MER0102,cust01879@okhdfcbank,1209.9,2025-05-30 04:08:56,SUCCESS,493411049048,BHIM
TXN0003267,CUST00888,MER0052,cust00888@okhdfcbank,696.82,2025-03-19 23:13:15,SUCCESS,547101199270,BHIM
TXN0003271,CUST01943,MER0121,cust01943@okhdfcbank,616.27,2025-01-29 06:08:36,SUCCESS,581468736912,GPay
TXN0003272,CUST01312,MER0055,cust01312@okhdfcbank,437.28,2025-03-04 04:10:40,success,299541706458,Paytm
TXN0003274,CUST01586,MER0098,cust01586@okhdfcbank,1715.56,2025-01-13 02:48:22,success,357886245742,BHIM
TXN0003278,CUST00047,MER0109,cust00047@okhdfcbank,1324.68,2025-02-22 09:35:00,success,547954449268,Paytm
TXN0003279,CUST00517,MER0046,cust00517@okhdfcbank,125.83,2025-01-17 05:33:49,SUCCESS,880616676804,Paytm
TXN0003281,CUST00168,MER0077,cust00168@okhdfcbank,506.74,2025-06-19 16:05:26,failed,279499028570,Paytm
TXN0003282,CUST01459,MER0116,cust01459@okhdfcbank,170.56,2025-06-19 04:30:05,SUCCESS,856499763057,Amazon Pay
TXN0003285,CUST01701,MER0014,cust01701@okhdfcbank,567.0,2025-01-18 22:48:26,success,236268384915,Amazon Pay
TXN0003286,CUST01833,MER0110,cust01833@okhdfcbank,489.61,2025-03-08 09:55:29,SUCCESS,492166923731,PhonePe
TXN0003287,CUST01973,MER0077,cust01973@okhdfcbank,143.18,2025-02-01 22:46:50,SUCCESS,917434011101,PhonePe
TXN0003290,CUST01411,MER0042,cust01411@okhdfcbank,888.29,2025-05-16 06:48:40,pending,627453883143,GPay
TXN0003291,CUST00895,MER0091,cust00895@okhdfcbank,466.57,2025-06-27 05:00:50,Success,595830764919,BHIM
TXN0003293,CUST01686,MER0003,cust01686@okhdfcbank,135.9,2025-04-19 22:01:22,SUCCESS,872953359504,Amazon Pay
TXN0003294,CUST01604,MER0051,cust01604@okhdfcbank,364.98,2025-01-16 02:36:53,success,701190419140,Amazon Pay
TXN0003296,CUST00297,MER0083,cust00297@okhdfcbank,677.04,2025-05-09 22:45:27,success,907282896814,PhonePe
TXN0003298,CUST00309,MER0118,cust00309@okhdfcbank,1087.96,2025-01-29 15:20:14,SUCCESS,819622057309,BHIM
TXN0003299,CUST01023,MER0082,cust01023@okhdfcbank,303.51,2025-01-23 01:26:47,success,427360165252,Amazon Pay
TXN0003301,CUST01067,MER0001,cust01067@okhdfcbank,1327.55,2025-03-29 11:45:25,Pending,241306523106,BHIM
TXN0003304,CUST00075,MER0056,cust00075@okhdfcbank,471.95,2025-05-25 19:14:56,SUCCESS,536768318443,BHIM
TXN0003305,CUST00385,MER0108,cust00385@okhdfcbank,666.65,2025-05-16 05:40:26,SUCCESS,815163691331,BHIM
TXN0003306,CUST01119,MER0043,cust01119@okhdfcbank,289.79,2025-04-27 16:35:56,SUCCESS,046938320535,GPay
TXN0003307,CUST00774,MER0056,cust00774@okhdfcbank,287.52,2025-03-09 14:11:46,SUCCESS,444457759076,BHIM
TXN0003308,CUST00430,MER0049,cust00430@okhdfcbank,333.28,2025-05-12 23:17:49,FAILED,700863210829,GPay
TXN0003309,CUST01182,MER0004,cust01182@okhdfcbank,2031.52,2025-03-13 21:31:11,SUCCESS,322379980681,Amazon Pay
TXN0003310,CUST01667,MER0094,cust01667@okhdfcbank,491.43,2025-01-04 03:27:24,SUCCESS,768834938774,BHIM
TXN0003314,CUST00721,MER0091,cust00721@okhdfcbank,625.07,2025-06-10 19:37:33,success,395328667124,Paytm
TXN0003315,CUST01111,MER0110,cust01111@okhdfcbank,799.49,2025-04-12 14:08:53,SUCCESS,620128165855,BHIM
TXN0003317,CUST00361,MER0118,cust00361@okhdfcbank,212.33,2025-03-25 04:24:44,success,325930377437,Amazon Pay
TXN0003318,CUST00765,MER0046,cust00765@okhdfcbank,322.49,2025-04-18 08:01:06,success,977395225400,GPay
TXN0003321,CUST00581,MER0026,cust00581@okhdfcbank,309.28,2025-01-18 00:20:22,Success,314956654115,BHIM
TXN0003322,CUST01651,MER0027,cust01651@okhdfcbank,895.57,2025-01-18 09:44:35,Success,968124424470,BHIM
TXN0003328,CUST00781,MER0030,cust00781@okhdfcbank,1842.32,2025-02-07 23:22:36,SUCCESS,226969885073,GPay
TXN0003329,CUST01754,MER0121,cust01754@okhdfcbank,6407.05,2025-01-25 03:56:06,PENDING,433661026492,BHIM
TXN0003333,CUST00581,MER0069,cust00581@okhdfcbank,75.27,2025-06-20 19:15:59,SUCCESS,591265139616,Amazon Pay
TXN0003334,CUST01349,MER0068,cust01349@okhdfcbank,588.14,2025-03-01 16:34:20,success,139811083691,Paytm
TXN0003344,CUST00800,MER0045,cust00800@okhdfcbank,356.65,2025-03-20 06:40:14,SUCCESS,431173760342,PhonePe
TXN0003345,CUST01852,MER0082,cust01852@okhdfcbank,344.81,2025-04-11 10:41:09,Success,094406722622,PhonePe
TXN0003347,CUST01641,MER0033,cust01641@okhdfcbank,499.63,2025-04-08 22:00:29,Success,068931082713,BHIM
TXN0003348,CUST00243,MER0148,cust00243@okhdfcbank,281.95,2025-06-02 07:00:56,Success,155132351216,Paytm
TXN0003349,CUST00803,MER0067,cust00803@okhdfcbank,544.75,2025-06-12 14:16:38,Success,107405927428,Amazon Pay
TXN0003350,CUST01133,MER0041,cust01133@okhdfcbank,111.37,2025-03-04 14:30:52,Success,406122486139,BHIM
TXN0003351,CUST00418,MER0024,cust00418@okhdfcbank,397.8,2025-01-19 02:38:53,SUCCESS,243826136597,Amazon Pay
TXN0003352,CUST00053,MER0112,cust00053@okhdfcbank,164.63,2025-01-03 05:46:17,Success,707998403137,PhonePe
TXN0003354,CUST01266,MER0140,cust01266@okhdfcbank,568.73,2025-06-28 18:16:50,Failed,562569798850,GPay
TXN0003355,CUST01992,MER0021,cust01992@okhdfcbank,99.09,2025-04-22 00:45:08,Success,751564184720,Amazon Pay
TXN0003356,CUST00784,MER0007,cust00784@okhdfcbank,216.5,2025-05-25 03:33:12,SUCCESS,061181177477,GPay
TXN0003358,CUST01300,MER0092,cust01300@okhdfcbank,119.92,2025-02-06 05:24:36,failed,978518898262,GPay
TXN0003362,CUST00534,MER0014,cust00534@okhdfcbank,224.26,2025-02-23 09:25:44,Success,358553948586,PhonePe
TXN0003364,CUST01187,MER0027,cust01187@okhdfcbank,115.88,2025-01-22 12:58:42,Success,573360077500,Paytm
TXN0003367,CUST00370,MER0024,cust00370@okhdfcbank,430.93,2025-01-16 00:37:24,success,101742425430,Paytm
TXN0003368,CUST01013,MER0093,cust01013@okhdfcbank,541.55,2025-06-27 05:34:45,success,782084172894,BHIM
TXN0003369,CUST01717,MER0054,cust01717@okhdfcbank,266.47,2025-03-17 21:15:39,Success,140880224313,BHIM
TXN0003371,CUST00151,MER0125,cust00151@okhdfcbank,110.48,2025-05-02 11:53:34,Success,259724205474,Amazon Pay
TXN0003373,CUST00769,MER0081,cust00769@okhdfcbank,801.62,2025-05-04 00:33:55,success,363222056234,Amazon Pay
TXN0003378,CUST01258,MER0140,cust01258@okhdfcbank,431.35,2025-01-01 23:22:10,success,431060078512,Amazon Pay
TXN0003379,CUST00325,MER0134,cust00325@okhdfcbank,244.73,2025-05-25 00:33:27,SUCCESS,586321832438,Amazon Pay
TXN0003381,CUST00061,MER0138,cust00061@okhdfcbank,60.2,2025-01-05 11:21:56,Failed,190456369466,BHIM
TXN0003382,CUST01061,MER0132,cust01061@okhdfcbank,566.55,2025-05-28 18:20:06,SUCCESS,461411966944,Amazon Pay
TXN0003383,CUST00313,MER0056,cust00313@okhdfcbank,141.57,2025-06-18 07:55:36,Success,818877552144,BHIM
TXN0003384,CUST00748,MER0030,cust00748@okhdfcbank,416.45,2025-06-24 11:39:02,success,370558787810,Amazon Pay
TXN0003385,CUST00445,MER0008,cust00445@okhdfcbank,295.27,2025-03-05 14:26:44,FAILED,032777786895,PhonePe
TXN0003387,CUST01491,MER0033,cust01491@okhdfcbank,424.25,2025-02-21 23:03:44,Success,605554910635,Amazon Pay
TXN0003389,CUST01451,MER0142,cust01451@okhdfcbank,237.99,2025-05-07 14:11:18,Success,194951920813,Amazon Pay
TXN0003391,CUST01050,MER0103,cust01050@okhdfcbank,77.68,2025-06-29 02:27:13,success,096523032257,BHIM
TXN0003394,CUST00211,MER0150,cust00211@okhdfcbank,793.75,2025-06-04 00:21:43,SUCCESS,898729234306,BHIM
TXN0003399,CUST01531,MER0070,cust01531@okhdfcbank,235.12,2025-06-08 10:19:59,success,054757792783,BHIM
TXN0003401,CUST00410,MER0146,cust00410@okhdfcbank,641.82,2025-03-10 12:42:19,success,545622420138,GPay
TXN0003402,CUST00766,MER0017,cust00766@okhdfcbank,5262.67,2025-03-29 06:22:17,SUCCESS,470935213228,Paytm
TXN0003404,CUST00519,MER0105,cust00519@okhdfcbank,218.95,2025-02-26 23:41:09,success,092030815124,BHIM
TXN0003409,CUST00503,MER0019,cust00503@okhdfcbank,241.33,2025-02-11 18:49:51,SUCCESS,019006860417,PhonePe
TXN0003410,CUST01346,MER0096,cust01346@okhdfcbank,663.38,2025-03-14 05:28:45,success,717033103084,Amazon Pay
TXN0003411,CUST00298,MER0081,cust00298@okhdfcbank,289.35,2025-01-24 17:58:34,Success,073607060517,Paytm
TXN0003412,CUST00020,MER0082,cust00020@okhdfcbank,1298.06,2025-05-14 15:40:30,SUCCESS,217352097791,Paytm
TXN0003413,CUST00023,MER0085,cust00023@okhdfcbank,103.71,2025-02-11 12:15:06,Failed,758117873046,PhonePe
TXN0003414,CUST00954,MER0146,cust00954@okhdfcbank,969.6,2025-06-04 10:05:03,SUCCESS,473552823663,Paytm
TXN0003417,CUST01080,MER0056,cust01080@okhdfcbank,102.94,2025-01-20 23:38:34,success,191944818826,GPay
TXN0003419,CUST01938,MER0020,cust01938@okhdfcbank,252.46,2025-04-22 10:47:36,SUCCESS,700195371341,PhonePe
TXN0003420,CUST01829,MER0108,cust01829@okhdfcbank,120.77,2025-05-13 10:57:54,Success,912274867350,PhonePe
TXN0003424,CUST00863,MER0031,cust00863@okhdfcbank,823.09,2025-01-25 02:18:49,SUCCESS,972946574833,Amazon Pay
TXN0003434,CUST00851,MER0078,cust00851@okhdfcbank,1793.63,2025-02-23 08:04:17,SUCCESS,895227823442,PhonePe
TXN0003436,CUST01140,MER0081,cust01140@okhdfcbank,2332.84,2025-04-06 21:21:41,Success,735423015313,PhonePe
TXN0003437,CUST01255,MER0013,cust01255@okhdfcbank,599.51,2025-03-18 09:02:20,Success,208057456408,Amazon Pay
TXN0003441,CUST00459,MER0013,cust00459@okhdfcbank,266.56,2025-06-10 06:54:22,SUCCESS,994591471535,Paytm
TXN0003442,CUST00022,MER0036,cust00022@okhdfcbank,416.07,2025-01-21 09:58:04,Success,124829500896,Amazon Pay
TXN0003443,CUST00662,MER0112,cust00662@okhdfcbank,205.66,2025-02-13 22:49:36,success,556862330146,GPay
TXN0003450,CUST01409,MER0098,cust01409@okhdfcbank,525.06,2025-02-22 09:52:52,SUCCESS,392640127455,Amazon Pay
TXN0003451,CUST01431,MER0044,cust01431@okhdfcbank,217.73,2025-06-29 14:09:09,Success,569828122136,Amazon Pay
TXN0003454,CUST01742,MER0106,cust01742@okhdfcbank,379.75,2025-05-04 16:11:10,success,313940466548,Amazon Pay
TXN0003456,CUST01081,MER0062,cust01081@okhdfcbank,426.93,2025-04-23 05:08:16,Success,338062660775,PhonePe
TXN0003457,CUST00979,MER0126,cust00979@okhdfcbank,149.35,2025-02-24 11:25:07,success,757480431273,PhonePe
TXN0003461,CUST01712,MER0063,cust01712@okhdfcbank,580.93,2025-05-09 01:24:11,Success,042869928055,Paytm
TXN0003462,CUST01326,MER0053,cust01326@okhdfcbank,791.59,2025-05-15 22:46:19,success,948159304622,BHIM
TXN0003465,CUST00443,MER0120,cust00443@okhdfcbank,314.15,2025-06-08 22:32:23,SUCCESS,816033256724,GPay
TXN0003467,CUST00698,MER0054,cust00698@okhdfcbank,235.05,2025-06-08 01:29:36,Failed,859879047683,PhonePe
TXN0003470,CUST00930,MER0040,cust00930@okhdfcbank,1687.35,2025-06-14 15:04:00,SUCCESS,565492311481,Amazon Pay
TXN0003471,CUST01034,MER0028,cust01034@okhdfcbank,18.25,2025-06-27 12:07:57,success,580917303862,PhonePe
TXN0003478,CUST01795,MER0028,cust01795@okhdfcbank,159.63,2025-05-25 16:04:22,SUCCESS,874996075535,BHIM
TXN0003479,CUST00226,MER0062,cust00226@okhdfcbank,127.15,2025-01-04 05:18:19,Failed,179953963223,GPay
TXN0003480,CUST01832,MER0118,cust01832@okhdfcbank,174.1,2025-02-06 07:37:18,SUCCESS,936021247555,BHIM
TXN0003481,CUST00547,MER0008,cust00547@okhdfcbank,680.89,2025-04-03 11:26:28,SUCCESS,948367534868,PhonePe
TXN0003483,CUST00243,MER0141,cust00243@okhdfcbank,859.08,2025-01-17 07:46:46,success,736679133722,Paytm
TXN0003487,CUST00758,MER0026,cust00758@okhdfcbank,180.42,2025-01-10 12:58:58,SUCCESS,210783269032,GPay
TXN0003488,CUST01329,MER0098,cust01329@okhdfcbank,940.69,2025-05-23 03:22:29,Success,358231894652,GPay
TXN0003489,CUST01901,MER0109,cust01901@okhdfcbank,153.56,2025-02-07 15:47:12,success,737406714891,BHIM
TXN0003490,CUST00603,MER0049,cust00603@okhdfcbank,247.78,2025-03-20 04:40:52,success,244412003293,GPay
TXN0003491,CUST00362,MER0071,cust00362@okhdfcbank,343.3,2025-04-13 19:56:28,SUCCESS,150509648066,Amazon Pay
TXN0003496,CUST01179,MER0069,cust01179@okhdfcbank,78.49,2025-02-16 08:44:07,success,892459274403,PhonePe
TXN0003499,CUST01271,MER0104,cust01271@okhdfcbank,83.88,2025-03-18 02:25:26,Success,845520836904,BHIM
TXN0003501,CUST01688,MER0069,cust01688@okhdfcbank,980.21,2025-04-07 03:40:01,Failed,021298067313,PhonePe
TXN0003504,CUST00590,MER0074,cust00590@okhdfcbank,88.01,2025-05-23 12:08:21,FAILED,883485638075,GPay
TXN0003508,CUST00646,MER0018,cust00646@okhdfcbank,92.3,2025-02-02 08:37:26,Success,826860944845,PhonePe
TXN0003510,CUST00933,MER0037,cust00933@okhdfcbank,1460.91,2025-01-03 11:20:54,Success,892082463383,BHIM
TXN0003511,CUST01365,MER0122,cust01365@okhdfcbank,315.74,2025-03-25 02:15:49,success,491922230301,BHIM
TXN0003512,CUST00685,MER0006,cust00685@okhdfcbank,59.41,2025-02-04 11:16:48,SUCCESS,776897362207,PhonePe
TXN0003517,CUST00003,MER0126,cust00003@okhdfcbank,2236.03,2025-06-19 13:29:36,Success,878733729791,Amazon Pay
TXN0003518,CUST00507,MER0121,cust00507@okhdfcbank,227.4,2025-01-22 05:46:32,success,924911335650,BHIM
TXN0003519,CUST00093,MER0005,cust00093@okhdfcbank,296.06,2025-04-21 03:39:16,SUCCESS,039540620341,Paytm
TXN0003520,CUST01393,MER0075,cust01393@okhdfcbank,244.01,2025-06-12 05:03:18,Success,171784893961,BHIM
TXN0003521,CUST00468,MER0135,cust00468@okhdfcbank,1270.21,2025-04-08 16:49:57,SUCCESS,764063939926,GPay
TXN0003522,CUST00343,MER0038,cust00343@okhdfcbank,411.66,2025-05-31 12:57:26,Pending,200964109696,GPay
TXN0003523,CUST00193,MER0026,cust00193@okhdfcbank,797.71,2025-03-01 03:32:58,Success,396058874988,GPay
TXN0003524,CUST01647,MER0086,cust01647@okhdfcbank,531.61,2025-03-29 21:20:42,Success,857580362915,PhonePe
TXN0003525,CUST01005,MER0090,cust01005@okhdfcbank,448.07,2025-04-16 23:12:59,success,803470876329,PhonePe
TXN0003526,CUST00528,MER0125,cust00528@okhdfcbank,191.18,2025-02-19 05:34:02,success,296293878246,GPay
TXN0003530,CUST00553,MER0133,cust00553@okhdfcbank,718.13,2025-05-22 09:43:49,SUCCESS,771274200613,BHIM
TXN0003531,CUST01311,MER0006,cust01311@okhdfcbank,1562.99,2025-01-29 17:15:56,Success,681137907576,Paytm
TXN0003533,CUST01020,MER0008,cust01020@okhdfcbank,429.5,2025-02-17 10:50:11,failed,811120698753,BHIM
TXN0003534,CUST01183,MER0111,cust01183@okhdfcbank,837.48,2025-03-11 19:01:05,SUCCESS,144243385843,PhonePe
TXN0003535,CUST00423,MER0023,cust00423@okhdfcbank,2878.07,2025-02-07 15:22:10,Success,800734799470,Paytm
TXN0003536,CUST01886,MER0097,cust01886@okhdfcbank,461.66,2025-05-05 00:42:54,FAILED,322810490696,PhonePe
TXN0003537,CUST00222,MER0071,cust00222@okhdfcbank,169.62,2025-06-20 07:47:14,success,416114826519,Paytm
TXN0003538,CUST01284,MER0140,cust01284@okhdfcbank,335.47,2025-06-24 14:40:31,success,257196266609,Paytm
TXN0003540,CUST00544,MER0090,cust00544@okhdfcbank,714.67,2025-06-22 10:21:22,success,858264839859,Amazon Pay
TXN0003541,CUST00679,MER0101,cust00679@okhdfcbank,1428.61,2025-04-25 09:37:40,success,553225955745,Amazon Pay
TXN0003543,CUST00391,MER0011,cust00391@okhdfcbank,97.42,2025-04-23 12:44:39,success,569470364969,GPay
TXN0003544,CUST01066,MER0088,cust01066@okhdfcbank,1368.75,2025-06-11 23:31:16,SUCCESS,119650356980,PhonePe
TXN0003546,CUST01629,MER0117,cust01629@okhdfcbank,105.01,2025-04-21 00:50:17,Success,199989200076,BHIM
TXN0003547,CUST01983,MER0089,cust01983@okhdfcbank,412.26,2025-02-26 00:04:52,success,594273678678,BHIM
TXN0003548,CUST00226,MER0003,cust00226@okhdfcbank,633.83,2025-04-07 21:10:06,Success,533537178207,PhonePe
TXN0003549,CUST01899,MER0038,cust01899@okhdfcbank,751.63,2025-04-01 13:11:48,success,670484265019,BHIM
TXN0003552,CUST00334,MER0078,cust00334@okhdfcbank,525.93,2025-04-05 12:46:04,SUCCESS,789401714256,PhonePe
TXN0003554,CUST00032,MER0117,cust00032@okhdfcbank,1082.42,2025-01-08 22:51:18,Success,762924019904,GPay
TXN0003555,CUST00446,MER0073,cust00446@okhdfcbank,135.25,2025-06-10 06:58:18,success,971935500001,BHIM
TXN0003557,CUST00627,MER0002,cust00627@okhdfcbank,4118.81,2025-03-25 13:26:59,failed,127282876587,PhonePe
TXN0003558,CUST00722,MER0001,cust00722@okhdfcbank,297.57,2025-01-10 16:33:37,failed,094899301034,Amazon Pay
TXN0003559,CUST00515,MER0036,cust00515@okhdfcbank,250.98,2025-03-10 00:08:06,Failed,518678660731,Paytm
TXN0003560,CUST01800,MER0073,cust01800@okhdfcbank,584.39,2025-06-02 11:35:31,FAILED,601619935031,GPay
TXN0003561,CUST01760,MER0129,cust01760@okhdfcbank,308.43,2025-05-10 04:38:37,Success,217842660736,Amazon Pay
TXN0003563,CUST01954,MER0023,cust01954@okhdfcbank,303.91,2025-05-19 11:44:21,Success,799133494207,Paytm
TXN0003564,CUST00555,MER0037,cust00555@okhdfcbank,2063.19,2025-05-23 08:16:30,success,140104809943,Amazon Pay
TXN0003565,CUST00403,MER0111,cust00403@okhdfcbank,429.83,2025-04-24 15:20:43,Success,404194656615,PhonePe
TXN0003571,CUST00637,MER0045,cust00637@okhdfcbank,227.84,2025-04-20 11:59:59,success,890490587800,Amazon Pay
TXN0003572,CUST00893,MER0083,cust00893@okhdfcbank,-679.25,2025-06-06 04:41:01,SUCCESS,601517878996,Amazon Pay
TXN0003576,CUST00409,MER0078,cust00409@okhdfcbank,120.81,2025-03-01 05:23:05,SUCCESS,421929062243,Paytm
TXN0003577,CUST00176,MER0077,cust00176@okhdfcbank,3725.16,2025-04-21 00:51:02,Success,822466427925,GPay
TXN0003578,CUST01899,MER0119,cust01899@okhdfcbank,644.54,2025-04-16 23:45:19,Success,034756348869,BHIM
TXN0003580,CUST00284,MER0135,cust00284@okhdfcbank,365.81,2025-03-27 19:24:34,success,835044026261,BHIM
TXN0003581,CUST01422,MER0081,cust01422@okhdfcbank,295.88,2025-04-08 19:56:55,failed,233674737604,PhonePe
TXN0003583,CUST00726,MER0110,cust00726@okhdfcbank,42.63,2025-04-01 14:17:33,SUCCESS,080328024824,Amazon Pay
TXN0003585,CUST00057,MER0144,cust00057@okhdfcbank,428.43,2025-01-06 03:08:09,success,778047721669,GPay
TXN0003586,CUST01961,MER0108,cust01961@okhdfcbank,803.25,2025-01-18 04:06:32,SUCCESS,743477823172,PhonePe
TXN0003587,CUST01548,MER0036,cust01548@okhdfcbank,292.03,2025-04-30 11:04:46,Success,378048138770,GPay
TXN0003589,CUST01049,MER0096,cust01049@okhdfcbank,488.93,2025-01-25 17:08:37,Success,677288807067,GPay
TXN0003590,CUST01272,MER0140,cust01272@okhdfcbank,98.26,2025-06-24 17:53:44,success,243488746250,Amazon Pay
TXN0003592,CUST01547,MER0101,cust01547@okhdfcbank,76.57,2025-01-25 10:54:12,success,540233747428,PhonePe
TXN0003595,CUST00112,MER0022,cust00112@okhdfcbank,195.16,2025-01-11 14:53:12,SUCCESS,856504478116,BHIM
TXN0003597,CUST01218,MER0025,cust01218@okhdfcbank,550.88,2025-06-09 14:31:07,success,623069200550,BHIM
TXN0003599,CUST00125,MER0032,cust00125@okhdfcbank,65.18,2025-05-24 18:51:14,SUCCESS,638948235512,PhonePe
TXN0003601,CUST00420,MER0133,cust00420@okhdfcbank,222.68,2025-01-28 23:47:47,SUCCESS,092141248448,PhonePe
TXN0003603,CUST00458,MER0040,cust00458@okhdfcbank,499.71,2025-02-28 10:15:33,success,187227528071,BHIM
TXN0003604,CUST01287,MER0080,cust01287@okhdfcbank,244.79,2025-05-20 15:26:41,Success,354520846168,BHIM
TXN0003605,CUST01919,MER0002,cust01919@okhdfcbank,2974.52,2025-06-06 10:26:47,success,967390609677,GPay
TXN0003606,CUST00994,MER0052,cust00994@okhdfcbank,876.95,2025-01-23 06:34:55,success,923215732057,GPay
TXN0003608,CUST01237,MER0031,cust01237@okhdfcbank,302.96,2025-04-11 22:32:55,Success,179342282580,Amazon Pay
TXN0003612,CUST01897,MER0032,cust01897@okhdfcbank,702.08,2025-02-28 05:44:45,SUCCESS,417468427645,Amazon Pay
TXN0003613,CUST00829,MER0124,cust00829@okhdfcbank,639.93,2025-02-05 17:42:24,SUCCESS,774827035175,PhonePe
TXN0003615,CUST01120,MER0067,cust01120@okhdfcbank,931.32,2025-06-09 13:20:11,Success,704877846589,BHIM
TXN0003616,CUST01255,MER0113,cust01255@okhdfcbank,875.46,2025-06-16 20:41:34,SUCCESS,197204712421,BHIM
TXN0003620,CUST01048,MER0140,cust01048@okhdfcbank,368.59,2025-02-08 21:42:12,Success,056136592220,Paytm
TXN0003622,CUST00205,MER0127,cust00205@okhdfcbank,1416.81,2025-03-13 07:55:32,success,675891827541,GPay
TXN0003623,CUST01368,MER0071,cust01368@okhdfcbank,456.27,2025-03-17 23:04:26,SUCCESS,730820894568,PhonePe
TXN0003625,CUST00854,MER0109,cust00854@okhdfcbank,328.48,2025-01-29 18:30:21,SUCCESS,375850402655,GPay
TXN0003626,CUST00058,MER0073,cust00058@okhdfcbank,538.39,2025-03-30 18:09:28,success,674660745024,Paytm
TXN0003627,CUST00247,MER0145,cust00247@okhdfcbank,851.08,2025-03-17 14:52:21,SUCCESS,377135104949,GPay
TXN0003632,CUST00325,MER0092,cust00325@okhdfcbank,1591.77,2025-04-08 05:08:38,SUCCESS,625785851678,BHIM
TXN0003633,CUST01753,MER0129,cust01753@okhdfcbank,199.59,2025-02-10 22:18:23,Pending,038297977817,Paytm
TXN0003634,CUST00715,MER0135,cust00715@okhdfcbank,648.66,2025-03-17 20:26:28,SUCCESS,594076555184,Paytm
TXN0003635,CUST01051,MER0017,cust01051@okhdfcbank,2110.47,2025-02-03 21:12:51,SUCCESS,555249401963,BHIM
TXN0003636,CUST01344,MER0039,cust01344@okhdfcbank,243.08,2025-03-10 07:49:08,Success,323703793370,GPay
TXN0003638,CUST00942,MER0036,cust00942@okhdfcbank,5142.55,2025-02-24 01:09:32,success,790322253804,Paytm
TXN0003639,CUST01608,MER0078,cust01608@okhdfcbank,791.87,2025-06-29 07:42:52,Success,316604082947,GPay
TXN0003640,CUST00807,MER0018,cust00807@okhdfcbank,297.02,2025-06-27 21:36:54,Success,113583024272,BHIM
TXN0003641,CUST01719,MER0124,cust01719@okhdfcbank,1099.52,2025-03-15 02:43:23,Success,684692668718,GPay
TXN0003643,CUST01350,MER0047,cust01350@okhdfcbank,103.04,2025-04-22 20:32:09,FAILED,476724685152,BHIM
TXN0003644,CUST01452,MER0130,cust01452@okhdfcbank,1943.73,2025-05-31 13:36:59,SUCCESS,248702246122,BHIM
TXN0003646,CUST00664,MER0149,cust00664@okhdfcbank,5719.93,2025-03-09 14:14:28,failed,758136696433,Paytm
TXN0003647,CUST01198,MER0104,cust01198@okhdfcbank,302.07,2025-01-14 02:53:56,SUCCESS,453350657284,GPay
TXN0003648,CUST00093,MER0008,cust00093@okhdfcbank,4159.98,2025-06-15 10:45:11,Success,766635574460,BHIM
TXN0003652,CUST00475,MER0061,cust00475@okhdfcbank,1138.82,2025-01-21 11:20:52,SUCCESS,211762230385,PhonePe
TXN0003654,CUST01828,MER0099,cust01828@okhdfcbank,299.54,2025-05-27 18:20:52,Success,688980630477,GPay
TXN0003655,CUST01994,MER0108,cust01994@okhdfcbank,133.11,2025-06-29 02:34:58,Success,670682181709,BHIM
TXN0003656,CUST00132,MER0016,cust00132@okhdfcbank,468.29,2025-04-29 19:40:39,SUCCESS,452585621042,PhonePe
TXN0003657,CUST00513,MER0030,cust00513@okhdfcbank,615.87,2025-01-08 06:22:54,SUCCESS,431598168104,Amazon Pay
TXN0003658,CUST01735,MER0019,cust01735@okhdfcbank,307.4,2025-03-27 17:40:18,Pending,344686733466,BHIM
TXN0003661,CUST01431,MER0116,cust01431@okhdfcbank,198.34,2025-03-15 07:52:42,Success,667154652298,PhonePe
TXN0003662,CUST00273,MER0147,cust00273@okhdfcbank,731.41,2025-04-19 01:19:47,success,514917123190,Paytm
TXN0003663,CUST00410,MER0051,cust00410@okhdfcbank,377.2,2025-02-19 00:42:42,SUCCESS,326236739520,GPay
TXN0003664,CUST01006,MER0113,cust01006@okhdfcbank,244.7,2025-05-12 19:39:56,success,964861407597,Paytm
TXN0003666,CUST00332,MER0112,cust00332@okhdfcbank,226.56,2025-06-08 00:45:31,success,028384212727,Amazon Pay
TXN0003668,CUST01193,MER0007,cust01193@okhdfcbank,529.56,2025-05-03 03:53:29,Success,540339318003,PhonePe
TXN0003669,CUST01966,MER0025,cust01966@okhdfcbank,1947.52,2025-02-09 12:33:48,Success,604818207633,Amazon Pay
TXN0003670,CUST00069,MER0036,cust00069@okhdfcbank,597.52,2025-06-23 11:02:16,SUCCESS,533903880255,Paytm
TXN0003671,CUST00011,MER0093,cust00011@okhdfcbank,835.72,2025-05-31 08:53:55,SUCCESS,211807516791,Paytm
TXN0003672,CUST00836,MER0146,cust00836@okhdfcbank,365.9,2025-04-17 03:15:04,Success,384659303392,Paytm
TXN0003674,CUST01398,MER0136,cust01398@okhdfcbank,469.24,2025-04-07 08:20:43,success,866764315180,BHIM
TXN0003676,CUST00971,MER0129,cust00971@okhdfcbank,366.51,2025-03-10 08:55:59,success,579042059325,Paytm
TXN0003677,CUST00731,MER0144,cust00731@okhdfcbank,1881.83,2025-06-15 17:13:58,Success,026082674735,GPay
TXN0003678,CUST00283,MER0018,cust00283@okhdfcbank,339.28,2025-03-27 05:19:12,SUCCESS,532195305979,PhonePe
TXN0003680,CUST00146,MER0146,cust00146@okhdfcbank,7652.57,2025-01-16 04:10:35,success,621628349790,Amazon Pay
TXN0003682,CUST00242,MER0128,cust00242@okhdfcbank,1832.01,2025-02-14 18:33:01,SUCCESS,981747621272,GPay
TXN0003684,CUST00459,MER0075,cust00459@okhdfcbank,1268.02,2025-06-29 02:06:18,Success,436376314449,PhonePe
TXN0003688,CUST01095,MER0148,cust01095@okhdfcbank,3605.25,2025-02-16 20:59:53,success,813338805648,Amazon Pay
TXN0003689,CUST01748,MER0133,cust01748@okhdfcbank,210.23,2025-04-29 16:37:08,success,918641688069,BHIM
TXN0003690,CUST01025,MER0080,cust01025@okhdfcbank,382.26,2025-03-19 12:29:54,failed,251621739977,GPay
TXN0003692,CUST01429,MER0029,cust01429@okhdfcbank,442.55,2025-04-24 03:55:00,success,559422122558,GPay
TXN0003694,CUST00062,MER0009,cust00062@okhdfcbank,1986.92,2025-03-07 15:24:18,success,853138512613,Paytm
TXN0003695,CUST00864,MER0067,cust00864@okhdfcbank,1274.46,2025-02-08 22:27:00,Success,766308478976,Paytm
TXN0003696,CUST00686,MER0016,cust00686@okhdfcbank,679.97,2025-01-28 01:07:55,SUCCESS,322108351286,Amazon Pay
TXN0003700,CUST01942,MER0145,cust01942@okhdfcbank,2369.4,2025-06-25 14:27:16,success,699177557068,Amazon Pay
TXN0003703,CUST01130,MER0123,cust01130@okhdfcbank,439.74,2025-01-26 03:20:55,success,544356136568,Amazon Pay
TXN0003708,CUST01908,MER0015,cust01908@okhdfcbank,1184.57,2025-01-06 02:49:03,success,697960925135,Amazon Pay
TXN0003709,CUST01585,MER0051,cust01585@okhdfcbank,888.28,2025-04-14 17:29:11,success,998084709309,PhonePe
TXN0003711,CUST01401,MER0005,cust01401@okhdfcbank,661.98,2025-04-18 06:49:04,success,663463343383,BHIM
TXN0003716,CUST00397,MER0088,cust00397@okhdfcbank,512.21,2025-03-26 18:21:11,failed,566070958698,Paytm
TXN0003717,CUST01881,MER0015,cust01881@okhdfcbank,746.11,2025-02-16 05:57:13,SUCCESS,525736977103,Amazon Pay
TXN0003718,CUST00476,MER0024,cust00476@okhdfcbank,453.18,2025-04-25 07:09:22,success,119825303751,GPay
TXN0003719,CUST00021,MER0059,cust00021@okhdfcbank,704.89,2025-03-22 05:01:28,SUCCESS,716978617537,Amazon Pay
TXN0003720,CUST01531,MER0138,cust01531@okhdfcbank,128.8,2025-04-21 07:17:54,success,493671232243,Amazon Pay
TXN0003721,CUST00094,MER0004,cust00094@okhdfcbank,226.82,2025-06-19 13:40:01,SUCCESS,021602347713,BHIM
TXN0003724,CUST00260,MER0113,cust00260@okhdfcbank,692.2,2025-02-05 01:37:35,Success,531084804244,BHIM
TXN0003725,CUST00579,MER0012,cust00579@okhdfcbank,285.28,2025-03-02 23:55:57,Failed,441578023998,GPay
TXN0003727,CUST00266,MER0102,cust00266@okhdfcbank,49.3,2025-04-03 22:54:36,Success,744774835545,GPay
TXN0003728,CUST01347,MER0032,cust01347@okhdfcbank,1148.27,2025-05-08 11:55:57,Success,425141419516,PhonePe
TXN0003729,CUST00158,MER0020,cust00158@okhdfcbank,3004.7,2025-02-18 14:00:40,success,750421340475,Paytm
TXN0003731,CUST01506,MER0092,cust01506@okhdfcbank,192.42,2025-06-24 07:18:23,success,518339833975,PhonePe
TXN0003733,CUST01461,MER0078,cust01461@okhdfcbank,2151.41,2025-03-13 06:02:04,FAILED,529070578681,PhonePe
TXN0003734,CUST01598,MER0142,cust01598@okhdfcbank,491.72,2025-02-26 20:00:12,Success,827562346165,Paytm
TXN0003735,CUST01780,MER0063,cust01780@okhdfcbank,144.13,2025-04-13 07:16:18,SUCCESS,016833314896,PhonePe
TXN0003736,CUST01829,MER0069,cust01829@okhdfcbank,399.97,2025-03-03 21:59:25,Success,610934381957,Amazon Pay
TXN0003744,CUST01431,MER0113,cust01431@okhdfcbank,118.63,2025-05-07 04:47:28,success,494108805441,PhonePe
TXN0003745,CUST01566,MER0117,cust01566@okhdfcbank,732.44,2025-01-23 04:23:26,success,307837735659,Amazon Pay
TXN0003746,CUST00044,MER0128,cust00044@okhdfcbank,336.32,2025-06-12 09:33:28,success,700681670551,PhonePe
TXN0003748,CUST00787,MER0077,cust00787@okhdfcbank,1075.45,2025-06-10 14:55:58,SUCCESS,876032485153,GPay
TXN0003749,CUST01977,MER0022,cust01977@okhdfcbank,285.85,2025-01-12 14:18:56,Success,101141445821,GPay
TXN0003753,CUST00422,MER0098,cust00422@okhdfcbank,221.6,2025-02-05 19:29:28,Success,230831580341,GPay
TXN0003755,CUST00625,MER0009,cust00625@okhdfcbank,408.46,2025-04-16 03:48:07,Failed,216863904781,BHIM
TXN0003756,CUST01563,MER0090,cust01563@okhdfcbank,178.24,2025-01-06 01:07:55,Success,278750663995,PhonePe
TXN0003757,CUST01864,MER0087,cust01864@okhdfcbank,1213.08,2025-06-29 04:05:15,SUCCESS,785603544763,Paytm
TXN0003758,CUST01697,MER0068,cust01697@okhdfcbank,266.63,2025-06-07 08:00:33,success,377403752633,PhonePe
TXN0003759,CUST01543,MER0056,cust01543@okhdfcbank,90.01,2025-05-28 01:03:04,Success,512762380592,PhonePe
TXN0003761,CUST01699,MER0112,cust01699@okhdfcbank,205.4,2025-06-18 02:39:05,success,504081553959,PhonePe
TXN0003763,CUST00224,MER0142,cust00224@okhdfcbank,1733.22,2025-03-17 08:43:34,success,873616453794,GPay
TXN0003764,CUST01951,MER0074,cust01951@okhdfcbank,240.18,2025-06-16 16:57:56,success,021164636505,GPay
TXN0003765,CUST01921,MER0137,cust01921@okhdfcbank,338.85,2025-04-01 00:04:42,SUCCESS,989555051470,Paytm
TXN0003766,CUST00869,MER0147,cust00869@okhdfcbank,309.54,2025-05-20 15:48:32,success,271100106702,PhonePe
TXN0003768,CUST01967,MER0098,cust01967@okhdfcbank,190.79,2025-04-01 17:55:37,Success,367438760790,PhonePe
TXN0003769,CUST01528,MER0061,cust01528@okhdfcbank,1314.42,2025-01-26 14:34:16,SUCCESS,317366516482,GPay
TXN0003770,CUST01859,MER0004,cust01859@okhdfcbank,815.57,2025-02-24 12:09:26,Success,894897516603,Amazon Pay
TXN0003771,CUST01638,MER0071,cust01638@okhdfcbank,647.48,2025-01-17 14:37:50,Success,861519864544,PhonePe
TXN0003773,CUST00692,MER0147,cust00692@okhdfcbank,544.95,2025-03-18 14:58:29,SUCCESS,944237512097,GPay
TXN0003781,CUST00984,MER0143,cust00984@okhdfcbank,858.49,2025-02-12 07:13:10,SUCCESS,356004420825,PhonePe
TXN0003782,CUST00837,MER0015,cust00837@okhdfcbank,142.64,2025-04-23 12:59:36,Success,674202740588,Amazon Pay
TXN0003783,CUST01923,MER0021,cust01923@okhdfcbank,474.45,2025-02-23 16:19:48,success,048285493597,PhonePe
TXN0003786,CUST00369,MER0067,cust00369@okhdfcbank,169.38,2025-05-29 17:42:38,SUCCESS,469831570499,GPay
TXN0003788,CUST01014,MER0033,cust01014@okhdfcbank,938.47,2025-02-14 03:50:56,SUCCESS,885324085769,Paytm
TXN0003789,CUST01291,MER0045,cust01291@okhdfcbank,527.11,2025-01-29 12:36:42,success,689881993967,BHIM
TXN0003791,CUST00235,MER0010,cust00235@okhdfcbank,178.68,2025-02-05 18:41:34,SUCCESS,989158226991,BHIM
TXN0003792,CUST01402,MER0130,cust01402@okhdfcbank,290.03,2025-06-17 02:32:53,success,460152193769,PhonePe
TXN0003795,CUST00531,MER0066,cust00531@okhdfcbank,272.14,2025-01-04 03:06:58,Success,013484727325,Amazon Pay
TXN0003797,CUST01472,MER0012,cust01472@okhdfcbank,277.93,2025-04-27 14:54:00,SUCCESS,624436338164,GPay
TXN0003798,CUST00481,MER0090,cust00481@okhdfcbank,356.56,2025-01-22 04:44:19,failed,283714277533,BHIM
TXN0003799,CUST00159,MER0130,cust00159@okhdfcbank,987.24,2025-03-28 04:19:01,Success,814883798669,Amazon Pay
TXN0003801,CUST00668,MER0147,cust00668@okhdfcbank,129.81,2025-03-14 02:39:36,success,070462252676,Amazon Pay
TXN0003805,CUST00669,MER0093,cust00669@okhdfcbank,921.35,2025-03-07 01:08:48,SUCCESS,076895649174,Paytm
TXN0003807,CUST01336,MER0096,cust01336@okhdfcbank,507.11,2025-04-02 09:33:04,success,788603483715,PhonePe
TXN0003808,CUST01931,MER0076,cust01931@okhdfcbank,5385.43,2025-05-01 18:20:25,Success,771717824800,PhonePe
TXN0003809,CUST00064,MER0042,cust00064@okhdfcbank,136.32,2025-03-13 12:24:40,failed,436796681363,GPay
TXN0003810,CUST00092,MER0075,cust00092@okhdfcbank,274.12,2025-01-30 03:20:43,SUCCESS,693141649354,Amazon Pay
TXN0003812,CUST00434,MER0081,cust00434@okhdfcbank,568.26,2025-04-10 04:28:57,success,159243640383,BHIM
TXN0003813,CUST01466,MER0131,cust01466@okhdfcbank,1051.45,2025-06-02 03:13:17,Success,235076461289,GPay
TXN0003815,CUST01702,MER0150,cust01702@okhdfcbank,1947.02,2025-01-07 07:55:29,success,869485370282,GPay
TXN0003817,CUST01330,MER0021,cust01330@okhdfcbank,1886.46,2025-01-16 00:17:50,Success,933611438999,GPay
TXN0003820,CUST01123,MER0108,cust01123@okhdfcbank,925.81,2025-04-15 15:46:12,Success,316949336029,BHIM
TXN0003821,CUST01502,MER0032,cust01502@okhdfcbank,471.99,2025-06-14 14:04:45,success,167018568877,GPay
TXN0003822,CUST01800,MER0136,cust01800@okhdfcbank,268.65,2025-06-04 23:54:26,Success,580683300254,Paytm
TXN0003824,CUST01075,MER0134,cust01075@okhdfcbank,179.32,2025-03-27 15:17:24,SUCCESS,420212997385,BHIM
TXN0003825,CUST00650,MER0069,cust00650@okhdfcbank,1000.36,2025-02-07 20:52:32,success,749468160854,Amazon Pay
TXN0003826,CUST01713,MER0148,cust01713@okhdfcbank,1111.92,2025-02-26 21:46:59,SUCCESS,153025898835,BHIM
TXN0003827,CUST01866,MER0063,cust01866@okhdfcbank,399.13,2025-03-05 19:46:50,Success,774685133873,PhonePe
TXN0003828,CUST00498,MER0093,cust00498@okhdfcbank,1115.42,2025-02-14 20:01:43,success,796022774478,PhonePe
TXN0003830,CUST01992,MER0030,cust01992@okhdfcbank,575.16,2025-05-15 13:57:17,SUCCESS,804801853228,Amazon Pay
TXN0003831,CUST00494,MER0114,cust00494@okhdfcbank,239.29,2025-05-23 07:05:15,success,075861442051,Amazon Pay
TXN0003834,CUST01036,MER0020,cust01036@okhdfcbank,966.75,2025-06-27 14:30:37,success,388411322665,PhonePe
TXN0003835,CUST00742,MER0124,cust00742@okhdfcbank,1170.75,2025-04-28 12:31:22,Success,268633123043,GPay
TXN0003836,CUST00472,MER0115,cust00472@okhdfcbank,126.2,2025-06-02 16:26:34,success,566823587119,BHIM
TXN0003838,CUST01696,MER0033,cust01696@okhdfcbank,73.8,2025-06-29 18:09:13,SUCCESS,378168033124,BHIM
TXN0003841,CUST00283,MER0067,cust00283@okhdfcbank,758.1,2025-06-04 12:57:27,Success,849027696483,Paytm
TXN0003842,CUST00588,MER0088,cust00588@okhdfcbank,112.65,2025-03-02 22:37:14,Failed,441552305784,GPay
TXN0003843,CUST00242,MER0021,cust00242@okhdfcbank,2000.16,2025-03-21 07:45:39,Success,656751321588,PhonePe
TXN0003844,CUST00863,MER0130,cust00863@okhdfcbank,149.26,2025-01-29 19:35:14,Success,643759440819,GPay
TXN0003845,CUST01180,MER0127,cust01180@okhdfcbank,1069.09,2025-05-03 20:16:06,SUCCESS,638337211676,GPay
TXN0003850,CUST01781,MER0009,cust01781@okhdfcbank,1799.38,2025-06-11 22:03:45,SUCCESS,286851654934,Paytm
TXN0003851,CUST00884,MER0007,cust00884@okhdfcbank,499.0,2025-05-14 23:51:00,SUCCESS,190967792318,Amazon Pay
TXN0003852,CUST00342,MER0019,cust00342@okhdfcbank,138.49,2025-01-26 16:55:30,Success,181209938878,Paytm
TXN0003856,CUST00601,MER0031,cust00601@okhdfcbank,269.18,2025-03-07 09:38:25,Success,917260005055,Amazon Pay
TXN0003857,CUST01838,MER0087,cust01838@okhdfcbank,287.79,2025-04-25 20:29:14,success,578388946328,Amazon Pay
TXN0003859,CUST01513,MER0091,cust01513@okhdfcbank,1180.18,2025-03-29 04:00:14,success,011774207398,PhonePe
TXN0003863,CUST00376,MER0131,cust00376@okhdfcbank,356.23,2025-01-17 06:29:14,success,075683659942,Amazon Pay
TXN0003864,CUST00312,MER0002,cust00312@okhdfcbank,3646.69,2025-04-26 06:09:31,Success,582483691754,BHIM
TXN0003865,CUST01215,MER0095,cust01215@okhdfcbank,404.86,2025-05-11 20:38:04,success,969531405611,GPay
TXN0003866,CUST01330,MER0117,cust01330@okhdfcbank,1048.06,2025-03-15 16:00:49,Success,028310069963,BHIM
TXN0003867,CUST00657,MER0113,cust00657@okhdfcbank,1011.22,2025-02-04 07:35:07,SUCCESS,446854503439,Amazon Pay
TXN0003870,CUST00699,MER0013,cust00699@okhdfcbank,1119.89,2025-04-20 13:02:33,SUCCESS,137314149960,Paytm
TXN0003871,CUST01061,MER0135,cust01061@okhdfcbank,166.74,2025-04-23 14:11:43,Success,127148731136,Paytm
TXN0003872,CUST01041,MER0110,cust01041@okhdfcbank,93.3,2025-02-25 09:23:41,success,385813542961,Paytm
TXN0003873,CUST00662,MER0099,cust00662@okhdfcbank,1374.94,2025-03-03 20:40:56,Success,005380619843,GPay
TXN0003875,CUST00086,MER0054,cust00086@okhdfcbank,227.58,2025-03-25 14:27:03,success,883176335953,Amazon Pay
TXN0003876,CUST01064,MER0072,cust01064@okhdfcbank,3548.83,2025-04-22 16:20:11,FAILED,516699857787,PhonePe
TXN0003877,CUST01802,MER0081,cust01802@okhdfcbank,93.72,2025-01-20 07:32:51,Success,878130391034,PhonePe
TXN0003880,CUST00899,MER0058,cust00899@okhdfcbank,387.51,2025-06-21 22:01:34,Success,548765013511,Paytm
TXN0003881,CUST00347,MER0074,cust00347@okhdfcbank,201.59,2025-06-28 04:45:34,SUCCESS,329762847629,BHIM
TXN0003884,CUST00197,MER0053,cust00197@okhdfcbank,640.97,2025-04-18 05:16:05,SUCCESS,998335239666,Paytm
TXN0003890,CUST00417,MER0073,cust00417@okhdfcbank,642.16,2025-04-21 21:49:21,FAILED,726077671864,BHIM
TXN0003892,CUST01702,MER0117,cust01702@okhdfcbank,2309.53,2025-02-27 06:31:38,SUCCESS,725522806563,GPay
TXN0003894,CUST01883,MER0031,cust01883@okhdfcbank,528.4,2025-03-28 07:04:39,success,317961558322,PhonePe
TXN0003897,CUST01499,MER0030,cust01499@okhdfcbank,2326.88,2025-03-10 16:27:36,SUCCESS,683788035999,GPay
TXN0003899,CUST01625,MER0057,cust01625@okhdfcbank,387.18,2025-05-22 05:45:02,Success,489575267616,BHIM
TXN0003901,CUST01039,MER0086,cust01039@okhdfcbank,422.66,2025-02-23 14:45:24,success,053196830717,Paytm
TXN0003902,CUST00929,MER0132,cust00929@okhdfcbank,599.71,2025-05-11 12:07:36,success,695872081910,Amazon Pay
TXN0003904,CUST01409,MER0081,cust01409@okhdfcbank,335.55,2025-06-23 06:17:28,success,837071993243,Amazon Pay
TXN0003906,CUST00206,MER0134,cust00206@okhdfcbank,3021.36,2025-03-03 15:47:02,SUCCESS,768148417868,PhonePe
TXN0003907,CUST00390,MER0143,cust00390@okhdfcbank,834.44,2025-05-09 09:05:27,FAILED,204960866937,Amazon Pay
TXN0003908,CUST01716,MER0010,cust01716@okhdfcbank,3368.55,2025-05-04 04:58:15,Success,219825885650,GPay
TXN0003910,CUST01201,MER0097,cust01201@okhdfcbank,131.16,2025-06-19 08:20:58,success,256102151815,Amazon Pay
TXN0003911,CUST01932,MER0057,cust01932@okhdfcbank,939.53,2025-05-11 18:01:38,failed,981895146872,Paytm
TXN0003912,CUST00401,MER0068,cust00401@okhdfcbank,184.21,2025-04-02 06:53:47,Success,186796266652,Amazon Pay
TXN0003913,CUST00311,MER0125,cust00311@okhdfcbank,496.42,2025-06-08 00:54:13,Success,039273730323,PhonePe
TXN0003916,CUST01794,MER0023,cust01794@okhdfcbank,218.59,2025-04-11 06:09:41,Success,628134648204,GPay
TXN0003918,CUST00890,MER0018,cust00890@okhdfcbank,625.39,2025-04-06 06:47:11,success,765974177248,Paytm
TXN0003922,CUST01307,MER0090,cust01307@okhdfcbank,449.7,2025-04-05 00:41:22,failed,595985474924,Amazon Pay
TXN0003924,CUST00615,MER0060,cust00615@okhdfcbank,330.06,2025-06-19 21:58:39,SUCCESS,624751783328,GPay
TXN0003926,CUST01632,MER0101,cust01632@okhdfcbank,51.74,2025-04-27 02:08:46,Success,651509726429,PhonePe
TXN0003930,CUST01986,MER0115,cust01986@okhdfcbank,267.61,2025-03-05 04:27:36,Success,936908454506,BHIM
TXN0003932,CUST00361,MER0119,cust00361@okhdfcbank,171.12,2025-03-03 22:12:34,SUCCESS,106335378163,BHIM
TXN0003934,CUST00816,MER0033,cust00816@okhdfcbank,613.85,2025-05-31 05:37:06,Success,106611022412,PhonePe
TXN0003935,CUST01807,MER0124,cust01807@okhdfcbank,1104.09,2025-06-13 03:14:48,success,538930352674,PhonePe
TXN0003936,CUST01649,MER0126,cust01649@okhdfcbank,1039.01,2025-04-27 17:08:13,Success,588628543453,BHIM
TXN0003937,CUST00844,MER0061,cust00844@okhdfcbank,53.61,2025-01-06 14:58:30,success,623958454204,Paytm
TXN0003938,CUST00596,MER0069,cust00596@okhdfcbank,487.09,2025-04-09 13:03:45,Success,101509512891,Paytm
TXN0003939,CUST00441,MER0105,cust00441@okhdfcbank,379.09,2025-01-12 19:21:49,Success,205379754022,GPay
TXN0003940,CUST01152,MER0083,cust01152@okhdfcbank,158.7,2025-02-20 19:10:07,success,421890668890,GPay
TXN0003943,CUST00534,MER0014,cust00534@okhdfcbank,34.02,2025-02-22 02:26:56,SUCCESS,428399172101,GPay
TXN0003944,CUST00995,MER0057,cust00995@okhdfcbank,288.74,2025-03-07 23:46:35,Success,071284682654,Paytm
TXN0003945,CUST01304,MER0012,cust01304@okhdfcbank,,2025-03-01 21:45:49,SUCCESS,443091037335,Paytm
TXN0003946,CUST00917,MER0105,cust00917@okhdfcbank,529.42,2025-02-12 23:22:46,success,617039582187,BHIM
TXN0003949,CUST01239,MER0139,cust01239@okhdfcbank,981.92,2025-01-04 20:50:00,Success,066300670469,BHIM
TXN0003950,CUST01947,MER0006,cust01947@okhdfcbank,2530.52,2025-06-05 19:30:54,Success,117240805494,Paytm
TXN0003951,CUST00777,MER0024,cust00777@okhdfcbank,7053.78,2025-06-01 13:05:01,FAILED,125733352274,Amazon Pay
TXN0003954,CUST01342,MER0013,cust01342@okhdfcbank,861.95,2025-04-11 17:04:46,success,148924281508,GPay
TXN0003955,CUST00432,MER0093,cust00432@okhdfcbank,2466.33,2025-04-14 23:29:00,Success,775177528003,Amazon Pay
TXN0003958,CUST01471,MER0059,cust01471@okhdfcbank,393.28,2025-02-26 08:22:18,Success,268461549800,Paytm
TXN0003959,CUST01642,MER0042,cust01642@okhdfcbank,267.85,2025-06-26 19:57:15,Success,602865431459,Paytm
TXN0003960,CUST00766,MER0085,cust00766@okhdfcbank,553.04,2025-03-22 06:33:41,Success,344535698673,GPay
TXN0003962,CUST00074,MER0006,cust00074@okhdfcbank,956.32,2025-05-27 15:07:21,Success,916105982017,Amazon Pay
TXN0003963,CUST01926,MER0135,cust01926@okhdfcbank,1299.54,2025-01-20 21:46:52,success,744890830444,PhonePe
TXN0003965,CUST00322,MER0073,cust00322@okhdfcbank,821.06,2025-02-28 12:56:07,success,539426969044,Amazon Pay
TXN0003967,CUST01410,MER0064,cust01410@okhdfcbank,1090.54,2025-01-07 13:25:01,SUCCESS,720816726663,BHIM
TXN0003968,CUST00558,MER0032,cust00558@okhdfcbank,69.2,2025-06-07 20:50:06,success,684656947922,Amazon Pay
TXN0003970,CUST01676,MER0070,cust01676@okhdfcbank,519.3,2025-06-17 09:08:06,Success,769475952264,GPay
TXN0003972,CUST01034,MER0107,cust01034@okhdfcbank,451.41,2025-01-04 21:55:31,SUCCESS,486752751214,GPay
TXN0003973,CUST00031,MER0139,cust00031@okhdfcbank,758.89,2025-04-28 10:54:25,Failed,848136862603,PhonePe
TXN0003975,CUST01205,MER0101,cust01205@okhdfcbank,1524.65,2025-02-07 17:25:45,Success,469122561736,BHIM
TXN0003977,CUST00663,MER0109,cust00663@okhdfcbank,572.89,2025-04-10 11:45:01,SUCCESS,074991929486,PhonePe
TXN0003978,CUST01523,MER0006,cust01523@okhdfcbank,245.3,2025-02-28 16:08:22,SUCCESS,300310878289,Paytm
TXN0003979,CUST00562,MER0118,cust00562@okhdfcbank,1113.56,2025-02-09 08:29:42,success,354539168659,Paytm
TXN0003980,CUST00205,MER0068,cust00205@okhdfcbank,605.87,2025-05-08 09:25:04,Success,525035977145,Paytm
TXN0003983,CUST00456,MER0105,cust00456@okhdfcbank,924.34,2025-04-19 22:25:55,FAILED,389589925960,GPay
TXN0003984,CUST00571,MER0124,cust00571@okhdfcbank,855.4,2025-02-25 05:30:25,success,215006578434,Paytm
TXN0003987,CUST01018,MER0101,cust01018@okhdfcbank,1374.46,2025-03-14 09:05:00,Pending,437639181696,PhonePe
TXN0003988,CUST01563,MER0140,cust01563@okhdfcbank,1699.0,2025-05-19 18:10:41,success,521011651263,PhonePe
TXN0003989,CUST00222,MER0116,cust00222@okhdfcbank,1030.01,2025-02-13 12:11:57,success,693511111465,BHIM
TXN0003991,CUST01580,MER0060,cust01580@okhdfcbank,171.05,2025-03-28 19:34:06,SUCCESS,363493805830,GPay
TXN0003992,CUST00758,MER0123,cust00758@okhdfcbank,286.02,2025-04-20 08:29:04,success,385269131643,GPay
TXN0003994,CUST01659,MER0022,cust01659@okhdfcbank,653.08,2025-01-19 12:32:42,SUCCESS,626687449804,Amazon Pay
TXN0003995,CUST01149,MER0044,cust01149@okhdfcbank,4131.69,2025-02-10 07:52:02,FAILED,605050136159,Paytm
TXN0003996,CUST01772,MER0126,cust01772@okhdfcbank,436.94,2025-04-26 05:29:19,SUCCESS,518483832299,Amazon Pay
TXN0003997,CUST00512,MER0022,cust00512@okhdfcbank,380.39,2025-01-28 10:38:53,success,571829207653,GPay
TXN0003998,CUST00826,MER0122,cust00826@okhdfcbank,457.58,2025-04-12 15:14:49,Success,440507431334,PhonePe
TXN0003999,CUST01481,MER0146,cust01481@okhdfcbank,449.36,2025-05-28 16:34:01,Success,349953940223,PhonePe
TXN0004000,CUST00477,MER0016,cust00477@okhdfcbank,227.32,2025-05-30 00:22:57,failed,171162114042,BHIM
TXN0004004,CUST01158,MER0105,cust01158@okhdfcbank,5681.56,2025-06-19 05:08:54,SUCCESS,353795495127,GPay
TXN0004005,CUST00012,MER0069,cust00012@okhdfcbank,319.35,2025-05-15 01:29:05,pending,732602194974,PhonePe
TXN0004006,CUST00429,MER0144,cust00429@okhdfcbank,346.31,2025-06-04 07:33:02,SUCCESS,044535077702,BHIM
TXN0004007,CUST01001,MER0140,cust01001@okhdfcbank,227.87,2025-04-08 01:18:32,SUCCESS,091615667730,Paytm
TXN0004008,CUST00642,MER0061,cust00642@okhdfcbank,1518.88,2025-03-04 11:52:24,SUCCESS,101539443314,Amazon Pay
TXN0004010,CUST01759,MER0021,cust01759@okhdfcbank,205.01,2025-06-28 21:14:41,Success,768789819342,Paytm
TXN0004011,CUST00216,MER0109,cust00216@okhdfcbank,199.9,2025-05-16 18:46:01,Success,785949653108,Amazon Pay
TXN0004012,CUST00159,MER0097,cust00159@okhdfcbank,1277.31,2025-01-25 17:10:45,SUCCESS,695100440239,PhonePe
TXN0004014,CUST01533,MER0032,cust01533@okhdfcbank,1051.94,2025-02-02 06:32:02,PENDING,454659886677,BHIM
TXN0004016,CUST01814,MER0109,cust01814@okhdfcbank,75.36,2025-04-07 03:43:37,Success,551625069903,Paytm
TXN0004019,CUST00818,MER0003,cust00818@okhdfcbank,4068.62,2025-02-27 14:57:36,pending,044208922938,Paytm
TXN0004020,CUST00241,MER0112,cust00241@okhdfcbank,320.71,2025-02-27 03:10:53,FAILED,316242110866,PhonePe
TXN0004021,CUST01475,MER0070,cust01475@okhdfcbank,4797.53,2025-04-12 10:56:01,success,264747291997,BHIM
TXN0004022,CUST00661,MER0096,cust00661@okhdfcbank,1129.83,2025-04-20 11:32:48,success,781806323342,Amazon Pay
TXN0004027,CUST00948,MER0054,cust00948@okhdfcbank,938.66,2025-03-06 02:44:13,success,681664270549,BHIM
TXN0004028,CUST01899,MER0035,cust01899@okhdfcbank,1591.96,2025-02-01 21:24:19,SUCCESS,965897275202,GPay
TXN0004030,CUST00651,MER0107,cust00651@okhdfcbank,463.26,2025-02-04 19:15:09,success,299924664357,Paytm
TXN0004032,CUST01437,MER0049,cust01437@okhdfcbank,390.99,2025-02-08 16:39:16,success,217056062977,PhonePe
TXN0004033,CUST01422,MER0025,cust01422@okhdfcbank,152.02,2025-04-15 10:00:37,success,571810526351,PhonePe
TXN0004035,CUST00126,MER0120,cust00126@okhdfcbank,324.86,2025-04-26 10:21:30,Success,110750932737,PhonePe
TXN0004042,CUST01150,MER0139,cust01150@okhdfcbank,817.52,2025-05-05 14:04:10,FAILED,075094272733,GPay
TXN0004043,CUST01351,MER0052,cust01351@okhdfcbank,313.2,2025-01-16 01:03:53,Success,370597201804,BHIM
TXN0004045,CUST00444,MER0072,cust00444@okhdfcbank,1306.42,2025-02-04 15:03:21,success,236352190684,Paytm
TXN0004046,CUST00539,MER0145,cust00539@okhdfcbank,269.42,2025-01-20 20:51:20,SUCCESS,175500161425,Paytm
TXN0004047,CUST00260,MER0134,cust00260@okhdfcbank,152.56,2025-04-25 01:05:45,failed,006308163398,GPay
TXN0004050,CUST01510,MER0122,cust01510@okhdfcbank,373.36,2025-02-10 15:26:23,SUCCESS,437857910165,GPay
TXN0004056,CUST01048,MER0113,cust01048@okhdfcbank,611.27,2025-03-24 14:32:03,success,318891022848,PhonePe
TXN0004058,CUST00620,MER0129,cust00620@okhdfcbank,1619.77,2025-05-28 13:53:28,Pending,429251898803,BHIM
TXN0004061,CUST00790,MER0122,cust00790@okhdfcbank,102.15,2025-03-10 22:22:51,success,537216983206,GPay
TXN0004062,CUST00639,MER0134,cust00639@okhdfcbank,1701.96,2025-03-03 13:11:46,SUCCESS,132062013428,BHIM
TXN0004064,CUST01725,MER0055,cust01725@okhdfcbank,180.24,2025-02-02 06:09:29,success,166572901305,Paytm
TXN0004066,CUST00293,MER0112,cust00293@okhdfcbank,55.71,2025-04-19 20:03:12,SUCCESS,606742486764,Paytm
TXN0004067,CUST00905,MER0126,cust00905@okhdfcbank,320.77,2025-05-15 23:23:58,Success,263484262690,Paytm
TXN0004071,CUST01774,MER0094,cust01774@okhdfcbank,325.01,2025-06-16 02:19:26,Success,761482797838,Amazon Pay
TXN0004077,CUST01078,MER0050,cust01078@okhdfcbank,499.74,2025-01-02 02:09:56,SUCCESS,294126911072,PhonePe
TXN0004078,CUST01201,MER0080,cust01201@okhdfcbank,,2025-03-05 18:41:42,SUCCESS,976880812461,GPay
TXN0004080,CUST01888,MER0004,cust01888@okhdfcbank,126.26,2025-04-28 19:46:25,Success,397551063341,PhonePe
TXN0004082,CUST01315,MER0123,cust01315@okhdfcbank,811.24,2025-03-19 08:11:04,Success,198039605441,GPay
TXN0004085,CUST01687,MER0008,cust01687@okhdfcbank,507.95,2025-06-17 14:44:06,success,078312727276,Amazon Pay
TXN0004086,CUST01471,MER0121,cust01471@okhdfcbank,1497.24,2025-04-28 23:22:14,SUCCESS,959570455422,Amazon Pay
TXN0004087,CUST01295,MER0117,cust01295@okhdfcbank,2012.66,2025-04-06 04:57:57,Success,507405606422,Amazon Pay
TXN0004090,CUST00060,MER0040,cust00060@okhdfcbank,432.34,2025-05-18 00:31:07,Failed,451329872224,BHIM
TXN0004092,CUST00270,MER0022,cust00270@okhdfcbank,110.21,2025-03-23 11:20:59,SUCCESS,862863577984,Amazon Pay
TXN0004093,CUST01709,MER0031,cust01709@okhdfcbank,332.97,2025-01-11 21:12:09,success,040502073163,GPay
TXN0004095,CUST00200,MER0140,cust00200@okhdfcbank,207.43,2025-02-23 21:08:31,Success,768990357850,Amazon Pay
TXN0004096,CUST01747,MER0050,cust01747@okhdfcbank,1179.54,2025-05-08 05:00:41,PENDING,726461194601,BHIM
TXN0004097,CUST01258,MER0005,cust01258@okhdfcbank,718.25,2025-03-06 14:19:52,Success,443631258414,BHIM
TXN0004098,CUST01715,MER0082,cust01715@okhdfcbank,242.0,2025-06-24 07:45:18,SUCCESS,718554561945,Amazon Pay
TXN0004099,CUST01453,MER0044,cust01453@okhdfcbank,902.81,2025-06-25 20:58:59,success,594466301995,PhonePe
TXN0004100,CUST01202,MER0094,cust01202@okhdfcbank,420.56,2025-04-11 06:19:15,success,237241152547,PhonePe
TXN0004102,CUST01716,MER0016,cust01716@okhdfcbank,241.55,2025-01-13 14:42:42,success,397400894506,Amazon Pay
TXN0004103,CUST00396,MER0129,cust00396@okhdfcbank,762.08,2025-01-29 15:27:53,SUCCESS,885380732011,GPay
TXN0004104,CUST01493,MER0069,cust01493@okhdfcbank,1260.18,2025-01-17 07:19:21,SUCCESS,857879138858,Paytm
TXN0004105,CUST00354,MER0114,cust00354@okhdfcbank,302.85,2025-01-09 15:25:27,Success,338845132293,Amazon Pay
TXN0004108,CUST00561,MER0144,cust00561@okhdfcbank,139.93,2025-03-10 02:18:34,Success,290091715154,PhonePe
TXN0004112,CUST00186,MER0047,cust00186@okhdfcbank,1699.83,2025-05-22 15:57:04,success,109224061786,Paytm
TXN0004113,CUST00177,MER0048,cust00177@okhdfcbank,4441.9,2025-03-03 15:39:47,success,031867371146,PhonePe
TXN0004114,CUST01211,MER0006,cust01211@okhdfcbank,694.61,2025-05-29 21:11:10,Pending,419165227413,PhonePe
TXN0004116,CUST00768,MER0118,cust00768@okhdfcbank,1308.95,2025-01-16 18:46:07,failed,250420762946,Amazon Pay
TXN0004118,CUST01715,MER0049,cust01715@okhdfcbank,39.69,2025-05-26 03:10:32,Success,630769129197,GPay
TXN0004119,CUST01548,MER0034,cust01548@okhdfcbank,491.4,2025-03-02 06:58:28,Success,826689658139,PhonePe
TXN0004121,CUST00572,MER0036,cust00572@okhdfcbank,732.68,2025-04-20 17:16:37,Success,597998385293,GPay
TXN0004122,CUST00647,MER0106,cust00647@okhdfcbank,406.0,2025-02-13 21:03:06,Success,083954318963,Paytm
TXN0004129,CUST01945,MER0150,cust01945@okhdfcbank,502.7,2025-03-16 21:24:08,Failed,228200260465,BHIM
TXN0004130,CUST00319,MER0138,cust00319@okhdfcbank,478.83,2025-04-21 10:23:12,success,336261478656,Paytm
TXN0004131,CUST00432,MER0112,cust00432@okhdfcbank,1589.12,2025-03-09 08:46:17,SUCCESS,145375583481,PhonePe
TXN0004132,CUST01324,MER0074,cust01324@okhdfcbank,144.14,2025-02-10 06:46:22,FAILED,208141522222,PhonePe
TXN0004136,CUST00958,MER0067,cust00958@okhdfcbank,633.05,2025-01-07 02:33:30,success,947789565755,GPay
TXN0004138,CUST01293,MER0048,cust01293@okhdfcbank,131.33,2025-04-03 06:38:17,Success,354229346275,Amazon Pay
TXN0004141,CUST01437,MER0027,cust01437@okhdfcbank,162.81,2025-05-03 05:33:09,success,519987676575,Paytm
TXN0004142,CUST00735,MER0003,cust00735@okhdfcbank,546.76,2025-01-31 19:49:51,success,944162265733,GPay
TXN0004143,CUST00864,MER0122,cust00864@okhdfcbank,3800.72,2025-03-06 23:52:23,FAILED,641071438591,Paytm
TXN0004147,CUST00045,MER0113,cust00045@okhdfcbank,144.63,2025-06-07 03:14:41,SUCCESS,399627212137,PhonePe
TXN0004148,CUST01263,MER0117,cust01263@okhdfcbank,2751.73,2025-04-26 06:15:31,success,736358537383,PhonePe
TXN0004151,CUST00765,MER0087,cust00765@okhdfcbank,200.88,2025-04-04 16:52:52,PENDING,590308685731,BHIM
TXN0004152,CUST01390,MER0103,cust01390@okhdfcbank,321.9,2025-02-28 06:54:32,success,239924487808,GPay
TXN0004154,CUST01915,MER0130,cust01915@okhdfcbank,723.11,2025-01-21 22:38:31,success,340935080228,Amazon Pay
TXN0004155,CUST00863,MER0110,cust00863@okhdfcbank,1393.58,2025-05-31 07:26:20,Success,691617589198,BHIM
TXN0004156,CUST00552,MER0148,cust00552@okhdfcbank,174.77,2025-03-19 19:37:51,SUCCESS,693358139891,BHIM
TXN0004157,CUST01215,MER0008,cust01215@okhdfcbank,1354.12,2025-02-01 20:24:59,success,221933934720,BHIM
TXN0004161,CUST01359,MER0086,cust01359@okhdfcbank,553.48,2025-06-03 02:59:59,Success,727400924144,Amazon Pay
TXN0004162,CUST01966,MER0014,cust01966@okhdfcbank,170.79,2025-01-18 13:17:17,Success,749934061212,Amazon Pay
TXN0004163,CUST00634,MER0037,cust00634@okhdfcbank,1371.53,2025-06-05 15:12:44,SUCCESS,601008030981,Amazon Pay
TXN0004164,CUST00709,MER0118,cust00709@okhdfcbank,160.15,2025-03-18 21:27:54,SUCCESS,852678519054,BHIM
TXN0004166,CUST01809,MER0045,cust01809@okhdfcbank,454.58,2025-02-28 12:04:38,SUCCESS,302784637146,GPay
TXN0004167,CUST00630,MER0021,cust00630@okhdfcbank,281.29,2025-02-05 20:16:07,success,698381892232,BHIM
TXN0004168,CUST00484,MER0053,cust00484@okhdfcbank,444.6,2025-03-26 18:27:54,Pending,210657013844,Amazon Pay
TXN0004169,CUST00185,MER0063,cust00185@okhdfcbank,1450.96,2025-01-30 22:20:05,success,996337500574,PhonePe
TXN0004170,CUST01403,MER0143,cust01403@okhdfcbank,149.57,2025-06-14 05:06:01,SUCCESS,109127693328,Paytm
TXN0004171,CUST01589,MER0096,cust01589@okhdfcbank,326.31,2025-01-01 23:02:39,Success,985278899395,PhonePe
TXN0004173,CUST00205,MER0121,cust00205@okhdfcbank,474.08,2025-04-17 18:23:21,SUCCESS,690720701251,PhonePe
TXN0004174,CUST01407,MER0101,cust01407@okhdfcbank,248.47,2025-05-16 16:32:58,failed,519279259983,BHIM
TXN0004179,CUST01916,MER0035,cust01916@okhdfcbank,609.33,2025-03-19 15:35:32,Success,207223247836,GPay
TXN0004180,CUST01584,MER0084,cust01584@okhdfcbank,371.44,2025-06-24 09:04:57,Success,383196492204,PhonePe
TXN0004181,CUST00580,MER0109,cust00580@okhdfcbank,467.96,2025-04-26 21:56:12,Success,952684905456,Paytm
TXN0004184,CUST01814,MER0046,cust01814@okhdfcbank,545.01,2025-05-30 02:24:43,success,223673899279,PhonePe
TXN0004185,CUST00482,MER0095,cust00482@okhdfcbank,152.74,2025-03-12 08:20:57,success,277040582745,Paytm
TXN0004187,CUST01228,MER0102,cust01228@okhdfcbank,42.15,2025-06-27 14:16:46,SUCCESS,009369937027,Paytm
TXN0004193,CUST01383,MER0124,cust01383@okhdfcbank,878.56,2025-01-07 18:18:14,Failed,268867536518,Paytm
TXN0004196,CUST00218,MER0120,cust00218@okhdfcbank,1306.98,2025-06-06 13:17:57,Success,769148066794,Amazon Pay
TXN0004197,CUST00170,MER0089,cust00170@okhdfcbank,561.8,2025-05-14 05:17:51,Success,267988970267,BHIM
TXN0004198,CUST01501,MER0026,cust01501@okhdfcbank,313.98,2025-05-08 08:34:09,Success,662157107625,Amazon Pay
TXN0004199,CUST01767,MER0104,cust01767@okhdfcbank,1053.48,2025-06-06 00:48:56,Success,192618731654,PhonePe
TXN0004202,CUST00787,MER0117,cust00787@okhdfcbank,182.68,2025-01-03 06:00:25,success,019862376799,PhonePe
TXN0004203,CUST00996,MER0103,cust00996@okhdfcbank,261.65,2025-03-24 00:47:33,SUCCESS,693582595149,PhonePe
TXN0004205,CUST00871,MER0067,cust00871@okhdfcbank,2176.34,2025-05-25 02:16:24,Pending,006392154827,Paytm
TXN0004206,CUST01299,MER0030,cust01299@okhdfcbank,475.79,2025-04-28 05:08:52,Success,525272230318,Paytm
TXN0004208,CUST00764,MER0122,cust00764@okhdfcbank,403.81,2025-05-19 06:16:11,Success,597827726515,GPay
TXN0004209,CUST00687,MER0137,cust00687@okhdfcbank,508.99,2025-03-12 20:22:45,Success,653509288285,BHIM
TXN0004210,CUST00229,MER0046,cust00229@okhdfcbank,390.42,2025-03-24 08:17:12,Success,117807643405,Paytm
TXN0004211,CUST01089,MER0099,cust01089@okhdfcbank,689.76,2025-06-18 23:57:30,Failed,829774733588,Paytm
TXN0004213,CUST00691,MER0067,cust00691@okhdfcbank,1140.1,2025-02-08 08:56:36,success,817578110792,PhonePe
TXN0004214,CUST01055,MER0117,cust01055@okhdfcbank,153.44,2025-03-26 10:43:30,Success,556666146590,Paytm
TXN0004217,CUST00752,MER0013,cust00752@okhdfcbank,197.74,2025-06-22 15:48:48,success,102327357531,Paytm
TXN0004218,CUST01228,MER0095,cust01228@okhdfcbank,197.63,2025-02-18 23:55:41,Success,063991990591,GPay
TXN0004220,CUST01678,MER0007,cust01678@okhdfcbank,150.32,2025-04-16 09:23:28,SUCCESS,750305999160,GPay
TXN0004221,CUST00548,MER0046,cust00548@okhdfcbank,301.09,2025-02-26 22:35:45,success,401377301223,GPay
TXN0004227,CUST00259,MER0038,cust00259@okhdfcbank,518.66,2025-05-03 21:37:15,Success,207366551086,PhonePe
TXN0004229,CUST01991,MER0118,cust01991@okhdfcbank,429.85,2025-05-14 18:56:06,SUCCESS,392476697913,Paytm
TXN0004230,CUST01265,MER0063,cust01265@okhdfcbank,481.16,2025-06-28 09:48:08,Success,932712331202,BHIM
TXN0004233,CUST00764,MER0010,cust00764@okhdfcbank,120.46,2025-01-29 11:54:23,SUCCESS,163191337150,BHIM
TXN0004235,CUST01050,MER0021,cust01050@okhdfcbank,437.52,2025-03-07 14:08:06,Success,807268457523,PhonePe
TXN0004236,CUST01900,MER0078,cust01900@okhdfcbank,51.44,2025-03-24 01:07:55,success,752224580465,GPay
TXN0004237,CUST00821,MER0006,cust00821@okhdfcbank,1063.15,2025-02-05 17:10:39,Success,795283324280,Paytm
TXN0004240,CUST00393,MER0147,cust00393@okhdfcbank,135.26,2025-02-20 16:14:06,SUCCESS,146218649770,Amazon Pay
TXN0004242,CUST01626,MER0063,cust01626@okhdfcbank,828.1,2025-05-15 19:28:21,success,588900840687,GPay
TXN0004244,CUST00969,MER0056,cust00969@okhdfcbank,553.61,2025-05-28 17:12:27,success,789623533738,Paytm
TXN0004245,CUST01916,MER0112,cust01916@okhdfcbank,67.86,2025-02-23 08:35:56,SUCCESS,111585475203,GPay
TXN0004247,CUST01028,MER0012,cust01028@okhdfcbank,390.76,2025-04-28 09:44:43,SUCCESS,040502350453,GPay
TXN0004248,CUST00817,MER0047,cust00817@okhdfcbank,528.43,2025-05-12 16:40:46,Success,236129100461,Amazon Pay
TXN0004251,CUST00849,MER0034,cust00849@okhdfcbank,495.98,2025-02-23 08:30:53,success,350559028480,Paytm
TXN0004252,CUST00547,MER0119,cust00547@okhdfcbank,327.11,2025-04-27 07:54:45,success,798899049078,Amazon Pay
TXN0004253,CUST01619,MER0082,cust01619@okhdfcbank,1672.1,2025-01-19 20:44:27,Success,114657261018,BHIM
TXN0004254,CUST00454,MER0058,cust00454@okhdfcbank,1019.55,2025-01-04 12:13:33,success,826586814442,Paytm
TXN0004255,CUST01453,MER0084,cust01453@okhdfcbank,96.83,2025-02-12 22:12:13,success,757923971178,GPay
TXN0004258,CUST00797,MER0122,cust00797@okhdfcbank,104.87,2025-04-19 06:52:14,SUCCESS,932906805565,Amazon Pay
TXN0004259,CUST00026,MER0088,cust00026@okhdfcbank,521.0,2025-03-08 03:17:32,Success,551521271784,BHIM
TXN0004260,CUST00655,MER0089,cust00655@okhdfcbank,1386.9,2025-06-09 17:43:39,Success,681258416457,GPay
TXN0004261,CUST00911,MER0039,cust00911@okhdfcbank,,2025-03-31 16:49:53,SUCCESS,561185866140,PhonePe
TXN0004263,CUST01091,MER0044,cust01091@okhdfcbank,108.57,2025-05-11 16:20:30,FAILED,067795544534,Paytm
TXN0004264,CUST00799,MER0066,cust00799@okhdfcbank,223.36,2025-03-20 05:49:41,SUCCESS,936406188823,PhonePe
TXN0004266,CUST01294,MER0125,cust01294@okhdfcbank,1952.63,2025-04-19 23:58:03,SUCCESS,947334146528,BHIM
TXN0004268,CUST01085,MER0095,cust01085@okhdfcbank,154.04,2025-03-01 00:53:42,Success,740496675265,BHIM
TXN0004273,CUST00851,MER0006,cust00851@okhdfcbank,635.58,2025-05-26 21:43:25,failed,568215911554,GPay
TXN0004274,CUST01994,MER0073,cust01994@okhdfcbank,257.18,2025-04-19 01:11:45,success,621153122707,BHIM
TXN0004277,CUST01944,MER0032,cust01944@okhdfcbank,1455.28,2025-01-19 19:57:31,SUCCESS,004287604049,PhonePe
TXN0004278,CUST00811,MER0056,cust00811@okhdfcbank,1090.2,2025-02-11 00:45:12,success,426650210407,GPay
TXN0004279,CUST00227,MER0147,cust00227@okhdfcbank,828.6,2025-02-26 04:27:50,success,810429628329,GPay
TXN0004280,CUST00366,MER0041,cust00366@okhdfcbank,141.97,2025-05-29 21:53:41,success,238516778709,Amazon Pay
TXN0004281,CUST01593,MER0103,cust01593@okhdfcbank,928.25,2025-04-17 19:30:49,Success,356839572608,GPay
TXN0004283,CUST01845,MER0072,cust01845@okhdfcbank,1743.0,2025-03-04 00:31:41,success,221275222189,Amazon Pay
TXN0004284,CUST01578,MER0093,cust01578@okhdfcbank,1104.8,2025-05-03 09:17:50,SUCCESS,433118274046,Amazon Pay
TXN0004289,CUST00921,MER0041,cust00921@okhdfcbank,634.2,2025-06-29 09:44:06,success,245074558044,GPay
TXN0004291,CUST00591,MER0001,cust00591@okhdfcbank,373.92,2025-04-14 10:24:07,success,431612487357,PhonePe
TXN0004292,CUST01700,MER0086,cust01700@okhdfcbank,779.8,2025-05-29 03:32:03,success,092489680949,Paytm
TXN0004295,CUST00841,MER0049,cust00841@okhdfcbank,107.83,2025-05-04 13:55:03,success,283929491823,Paytm
TXN0004296,CUST00060,MER0058,cust00060@okhdfcbank,214.35,2025-01-27 21:47:33,success,898375910860,PhonePe
TXN0004297,CUST01249,MER0129,cust01249@okhdfcbank,949.6,2025-01-16 15:11:03,success,588824058978,Paytm
TXN0004298,CUST01228,MER0147,cust01228@okhdfcbank,144.0,2025-05-23 04:03:25,FAILED,600588403576,BHIM
TXN0004299,CUST00838,MER0006,cust00838@okhdfcbank,1712.53,2025-03-05 02:42:15,SUCCESS,712244248523,Paytm
TXN0004301,CUST01282,MER0121,cust01282@okhdfcbank,376.82,2025-05-13 21:21:46,SUCCESS,865142733560,BHIM
TXN0004306,CUST00968,MER0052,cust00968@okhdfcbank,526.3,2025-03-04 16:00:13,success,249580884766,BHIM
TXN0004307,CUST00272,MER0076,cust00272@okhdfcbank,226.62,2025-01-13 14:02:58,success,658206162402,BHIM
TXN0004311,CUST00363,MER0119,cust00363@okhdfcbank,445.02,2025-04-08 03:10:14,Success,676329079891,GPay
TXN0004313,CUST01238,MER0085,cust01238@okhdfcbank,233.19,2025-06-19 08:12:46,success,247449940800,Paytm
TXN0004316,CUST01534,MER0009,cust01534@okhdfcbank,37.03,2025-05-13 10:27:37,SUCCESS,033984807941,BHIM
TXN0004318,CUST01766,MER0099,cust01766@okhdfcbank,233.66,2025-01-14 15:55:39,SUCCESS,401808790665,Amazon Pay
TXN0004319,CUST01604,MER0107,cust01604@okhdfcbank,2002.92,2025-02-20 11:49:26,success,188630611248,Paytm
TXN0004320,CUST01810,MER0138,cust01810@okhdfcbank,9346.46,2025-01-24 11:49:00,SUCCESS,544530631819,BHIM
TXN0004324,CUST00816,MER0011,cust00816@okhdfcbank,401.24,2025-03-12 13:26:31,SUCCESS,355002941380,PhonePe
TXN0004327,CUST01613,MER0032,cust01613@okhdfcbank,1170.72,2025-01-21 02:55:05,Success,542412273248,BHIM
TXN0004329,CUST01691,MER0149,cust01691@okhdfcbank,970.46,2025-05-27 07:55:38,SUCCESS,421290820702,PhonePe
TXN0004331,CUST00347,MER0094,cust00347@okhdfcbank,627.24,2025-03-22 04:13:15,success,706479960622,GPay
TXN0004332,CUST01345,MER0087,cust01345@okhdfcbank,103.73,2025-01-28 13:32:07,SUCCESS,439744392264,PhonePe
TXN0004333,CUST01870,MER0063,cust01870@okhdfcbank,1424.81,2025-06-04 11:32:46,Success,308977561995,Paytm
TXN0004335,CUST00676,MER0019,cust00676@okhdfcbank,445.48,2025-03-30 23:33:45,SUCCESS,482298922466,GPay
TXN0004336,CUST01842,MER0126,cust01842@okhdfcbank,270.38,2025-05-27 02:54:56,Pending,239160856108,GPay
TXN0004339,CUST01613,MER0116,cust01613@okhdfcbank,85.7,2025-05-16 20:11:37,success,915685555807,Paytm
TXN0004340,CUST00529,MER0146,cust00529@okhdfcbank,1085.18,2025-02-23 10:59:10,success,349885989596,Paytm
TXN0004341,CUST01218,MER0010,cust01218@okhdfcbank,171.73,2025-05-28 20:01:16,Success,773243052618,BHIM
TXN0004342,CUST00287,MER0038,cust00287@okhdfcbank,62.89,2025-04-12 07:40:03,Success,555299411068,BHIM
TXN0004346,CUST00325,MER0146,cust00325@okhdfcbank,1532.32,2025-05-04 02:09:46,SUCCESS,991274993810,Amazon Pay
TXN0004353,CUST00025,MER0067,cust00025@okhdfcbank,167.29,2025-03-12 17:07:01,Success,674207374795,PhonePe
TXN0004355,CUST01783,MER0133,cust01783@okhdfcbank,242.49,2025-03-20 19:22:23,SUCCESS,089346251120,Amazon Pay
TXN0004357,CUST01319,MER0040,cust01319@okhdfcbank,138.18,2025-04-25 00:14:57,Success,381558413776,PhonePe
TXN0004360,CUST00347,MER0135,cust00347@okhdfcbank,359.55,2025-04-04 14:31:38,SUCCESS,529676572547,GPay
TXN0004361,CUST00360,MER0124,cust00360@okhdfcbank,724.13,2025-06-24 04:56:44,Success,862471609865,GPay
TXN0004364,CUST00460,MER0039,cust00460@okhdfcbank,763.47,2025-02-24 01:02:40,success,785443272041,BHIM
TXN0004365,CUST01247,MER0031,cust01247@okhdfcbank,1885.66,2025-05-07 05:12:14,success,592128281924,BHIM
TXN0004367,CUST01870,MER0004,cust01870@okhdfcbank,815.39,2025-06-13 02:34:37,success,444441696445,PhonePe
TXN0004368,CUST01529,MER0135,cust01529@okhdfcbank,1051.61,2025-06-24 09:36:39,SUCCESS,010656266209,Paytm
TXN0004369,CUST00468,MER0052,cust00468@okhdfcbank,1130.6,2025-03-12 14:18:50,Success,365046538617,Amazon Pay
TXN0004370,CUST01361,MER0009,cust01361@okhdfcbank,189.9,2025-03-19 09:06:13,success,045968211040,BHIM
TXN0004371,CUST01283,MER0026,cust01283@okhdfcbank,226.56,2025-03-05 23:39:05,success,100002936546,Amazon Pay
TXN0004372,CUST01040,MER0018,cust01040@okhdfcbank,247.13,2025-02-22 17:09:30,SUCCESS,538203688496,Amazon Pay
TXN0004373,CUST01134,MER0137,cust01134@okhdfcbank,3390.16,2025-06-14 09:28:05,SUCCESS,327875873266,BHIM
TXN0004374,CUST01519,MER0138,cust01519@okhdfcbank,819.09,2025-06-19 10:41:00,Success,533350800325,Amazon Pay
TXN0004375,CUST00163,MER0015,cust00163@okhdfcbank,783.14,2025-03-28 17:27:35,success,020152893326,Paytm
TXN0004376,CUST01161,MER0134,cust01161@okhdfcbank,710.69,2025-02-18 03:37:58,success,611098422322,GPay
TXN0004377,CUST00502,MER0066,cust00502@okhdfcbank,131.53,2025-06-04 19:32:48,Success,134712889174,GPay
TXN0004379,CUST01918,MER0063,cust01918@okhdfcbank,795.67,2025-02-14 08:08:28,Success,720135248998,GPay
TXN0004380,CUST01413,MER0117,cust01413@okhdfcbank,1015.52,2025-02-04 10:53:12,FAILED,882695300092,GPay
TXN0004381,CUST00083,MER0069,cust00083@okhdfcbank,84.31,2025-04-18 04:23:34,SUCCESS,873904374976,Paytm
TXN0004382,CUST00569,MER0024,cust00569@okhdfcbank,1074.54,2025-05-25 07:08:44,success,335469857342,BHIM
TXN0004388,CUST01806,MER0014,cust01806@okhdfcbank,523.51,2025-03-03 21:59:15,Success,572821286007,Amazon Pay
TXN0004389,CUST01618,MER0019,cust01618@okhdfcbank,334.7,2025-02-08 03:24:38,success,166120995135,Paytm
TXN0004390,CUST00980,MER0030,cust00980@okhdfcbank,688.19,2025-03-27 19:23:39,success,709126040447,Paytm
TXN0004391,CUST00171,MER0122,cust00171@okhdfcbank,2633.25,2025-02-08 07:55:59,success,853964017770,BHIM
TXN0004392,CUST00205,MER0139,cust00205@okhdfcbank,432.9,2025-04-25 10:41:26,SUCCESS,933119847400,BHIM
TXN0004394,CUST00020,MER0149,cust00020@okhdfcbank,386.85,2025-03-25 10:48:23,Success,974760746006,GPay
TXN0004397,CUST01317,MER0050,cust01317@okhdfcbank,2274.08,2025-04-25 08:38:52,Success,781338616886,Paytm
TXN0004398,CUST01651,MER0117,cust01651@okhdfcbank,775.06,2025-01-01 02:18:26,pending,651896141284,BHIM
TXN0004399,CUST00516,MER0105,cust00516@okhdfcbank,78.39,2025-04-27 18:30:48,SUCCESS,137845971091,GPay
TXN0004400,CUST00555,MER0127,cust00555@okhdfcbank,549.82,2025-05-03 13:16:14,FAILED,843977993338,PhonePe
TXN0004401,CUST00362,MER0085,cust00362@okhdfcbank,663.15,2025-04-09 12:09:23,success,302729065770,GPay
TXN0004402,CUST00990,MER0132,cust00990@okhdfcbank,1451.5,2025-02-25 02:23:50,Success,534480009501,Amazon Pay
TXN0004403,CUST01949,MER0077,cust01949@okhdfcbank,3040.07,2025-02-21 07:15:38,SUCCESS,959347127149,GPay
TXN0004404,CUST01777,MER0137,cust01777@okhdfcbank,1221.37,2025-02-18 08:31:35,SUCCESS,027162656660,Amazon Pay
TXN0004408,CUST00014,MER0082,cust00014@okhdfcbank,114.11,2025-06-23 11:23:34,success,257606493497,Amazon Pay
TXN0004409,CUST01996,MER0131,cust01996@okhdfcbank,513.63,2025-04-02 08:43:06,SUCCESS,578668856656,Paytm
TXN0004411,CUST01558,MER0111,cust01558@okhdfcbank,147.87,2025-05-11 16:17:46,Success,000771561717,Amazon Pay
TXN0004412,CUST00624,MER0025,cust00624@okhdfcbank,1856.82,2025-06-29 16:11:19,SUCCESS,877690292230,PhonePe
TXN0004415,CUST01563,MER0060,cust01563@okhdfcbank,1931.08,2025-02-11 09:39:38,SUCCESS,755466311669,BHIM
TXN0004416,CUST00630,MER0129,cust00630@okhdfcbank,362.01,2025-03-01 07:11:30,success,545444166808,BHIM
TXN0004417,CUST00656,MER0136,cust00656@okhdfcbank,226.22,2025-04-02 15:05:59,failed,970647642167,PhonePe
TXN0004418,CUST00211,MER0077,cust00211@okhdfcbank,1449.94,2025-04-29 08:36:00,SUCCESS,856795690242,PhonePe
TXN0004419,CUST00431,MER0147,cust00431@okhdfcbank,468.22,2025-05-11 11:13:17,SUCCESS,764723686039,GPay
TXN0004420,CUST00317,MER0083,cust00317@okhdfcbank,3291.79,2025-01-31 08:49:10,SUCCESS,628659662314,PhonePe
TXN0004421,CUST00394,MER0102,cust00394@okhdfcbank,210.0,2025-06-02 14:08:43,SUCCESS,463498013087,Amazon Pay
TXN0004425,CUST01488,MER0069,cust01488@okhdfcbank,194.97,2025-02-14 09:55:45,SUCCESS,784179077043,PhonePe
TXN0004426,CUST01911,MER0068,cust01911@okhdfcbank,130.31,2025-04-02 15:35:38,Success,997898455796,Paytm
TXN0004427,CUST01914,MER0078,cust01914@okhdfcbank,619.51,2025-03-14 00:00:42,SUCCESS,596925359137,PhonePe
TXN0004428,CUST00297,MER0079,cust00297@okhdfcbank,114.01,2025-03-06 19:15:28,Success,530238622923,BHIM
TXN0004429,CUST01489,MER0091,cust01489@okhdfcbank,669.61,2025-06-11 00:29:52,success,478486559034,PhonePe
TXN0004432,CUST01562,MER0104,cust01562@okhdfcbank,123.49,2025-01-11 17:45:04,success,253716362078,GPay
TXN0004433,CUST01984,MER0105,cust01984@okhdfcbank,1804.72,2025-03-10 15:57:04,SUCCESS,071142391120,PhonePe
TXN0004435,CUST01571,MER0071,cust01571@okhdfcbank,1057.35,2025-01-04 18:46:53,Success,303697268994,Amazon Pay
TXN0004436,CUST01677,MER0052,cust01677@okhdfcbank,1286.75,2025-02-10 12:11:18,success,252748040520,Amazon Pay
TXN0004437,CUST01356,MER0066,cust01356@okhdfcbank,154.87,2025-02-27 05:51:11,success,289665311467,Amazon Pay
TXN0004440,CUST01143,MER0144,cust01143@okhdfcbank,125.19,2025-05-24 12:04:07,SUCCESS,362324820850,PhonePe
TXN0004443,CUST00562,MER0028,cust00562@okhdfcbank,3919.28,2025-01-15 10:51:16,SUCCESS,711569371737,PhonePe
TXN0004444,CUST00498,MER0042,cust00498@okhdfcbank,340.29,2025-03-05 04:51:39,Success,059276694428,Paytm
TXN0004445,CUST01481,MER0123,cust01481@okhdfcbank,545.9,2025-05-21 01:20:01,success,042674237490,BHIM
TXN0004447,CUST01600,MER0100,cust01600@okhdfcbank,486.78,2025-05-14 13:23:05,success,630134542614,GPay
TXN0004449,CUST00574,MER0097,cust00574@okhdfcbank,201.12,2025-01-12 12:26:11,failed,200836342639,GPay
TXN0004451,CUST00566,MER0138,cust00566@okhdfcbank,169.55,2025-03-13 17:45:22,SUCCESS,012298789715,PhonePe
TXN0004456,CUST00613,MER0147,cust00613@okhdfcbank,322.17,2025-02-08 20:02:27,pending,637671764174,Paytm
TXN0004458,CUST00672,MER0147,cust00672@okhdfcbank,752.61,2025-04-17 03:16:17,SUCCESS,988245470004,Paytm
TXN0004459,CUST01563,MER0067,cust01563@okhdfcbank,218.76,2025-04-19 02:17:27,Success,859449554036,Paytm
TXN0004460,CUST01088,MER0075,cust01088@okhdfcbank,255.16,2025-05-14 21:37:47,success,532329229304,PhonePe
TXN0004461,CUST00045,MER0036,cust00045@okhdfcbank,265.48,2025-05-30 22:15:00,success,952942027662,GPay
TXN0004462,CUST01577,MER0018,cust01577@okhdfcbank,399.53,2025-06-19 01:52:26,success,597531184730,Paytm
TXN0004464,CUST00740,MER0115,cust00740@okhdfcbank,124.36,2025-05-26 02:32:43,Success,229876534795,Paytm
TXN0004466,CUST00960,MER0059,cust00960@okhdfcbank,1030.49,2025-03-31 11:30:03,Success,652504624581,PhonePe
TXN0004467,CUST00742,MER0086,cust00742@okhdfcbank,,2025-02-08 15:20:17,success,244400277144,GPay
TXN0004468,CUST01388,MER0067,cust01388@okhdfcbank,11346.74,2025-02-19 14:03:12,Success,216115119770,BHIM
TXN0004473,CUST01870,MER0132,cust01870@okhdfcbank,706.41,2025-03-14 12:31:00,SUCCESS,305407858637,BHIM
TXN0004474,CUST00034,MER0145,cust00034@okhdfcbank,90.19,2025-03-26 21:31:54,success,571921635023,Amazon Pay
TXN0004476,CUST01104,MER0126,cust01104@okhdfcbank,58.27,2025-02-24 21:13:40,SUCCESS,451501026053,GPay
TXN0004477,CUST01178,MER0086,cust01178@okhdfcbank,1559.68,2025-05-04 04:23:47,SUCCESS,162643522996,Paytm
TXN0004478,CUST00138,MER0020,cust00138@okhdfcbank,357.2,2025-04-20 18:31:14,SUCCESS,559344877956,PhonePe
TXN0004481,CUST01890,MER0120,cust01890@okhdfcbank,73.81,2025-04-29 10:57:09,SUCCESS,919837548824,Amazon Pay
TXN0004482,CUST01332,MER0049,cust01332@okhdfcbank,1693.74,2025-05-27 00:08:32,success,484956720941,BHIM
TXN0004485,CUST00677,MER0019,cust00677@okhdfcbank,955.21,2025-02-05 06:39:40,success,454268315522,GPay
TXN0004487,CUST01600,MER0111,cust01600@okhdfcbank,657.53,2025-06-22 16:53:25,failed,503905895907,PhonePe
TXN0004488,CUST00044,MER0103,cust00044@okhdfcbank,1052.73,2025-04-22 14:28:20,SUCCESS,835232455009,Paytm
TXN0004491,CUST00661,MER0110,cust00661@okhdfcbank,827.89,2025-01-30 05:21:25,Success,384890273794,PhonePe
TXN0004497,CUST00372,MER0026,cust00372@okhdfcbank,1488.92,2025-01-06 02:12:53,Success,536416086254,Paytm
TXN0004498,CUST01093,MER0011,cust01093@okhdfcbank,371.99,2025-06-01 08:33:42,Success,229531789729,Amazon Pay
TXN0004499,CUST00261,MER0139,cust00261@okhdfcbank,,2025-03-09 16:13:08,success,632100605655,BHIM
TXN0004500,CUST01956,MER0018,cust01956@okhdfcbank,164.23,2025-03-05 14:04:44,failed,407308257354,Paytm
TXN0004502,CUST00428,MER0052,cust00428@okhdfcbank,485.59,2025-02-28 19:45:13,SUCCESS,196178410249,Amazon Pay
TXN0004503,CUST00335,MER0109,cust00335@okhdfcbank,2413.34,2025-02-22 15:18:53,Success,486507393856,PhonePe
TXN0004504,CUST00478,MER0056,cust00478@okhdfcbank,139.34,2025-05-30 23:23:24,success,896622049026,BHIM
TXN0004505,CUST00728,MER0007,cust00728@okhdfcbank,276.4,2025-01-27 15:55:15,SUCCESS,293742008733,GPay
TXN0004506,CUST01798,MER0113,cust01798@okhdfcbank,449.34,2025-01-24 21:44:04,Success,926136469023,Paytm
TXN0004508,CUST01777,MER0054,cust01777@okhdfcbank,495.77,2025-03-15 20:52:10,Success,621027910455,GPay
TXN0004511,CUST01669,MER0032,cust01669@okhdfcbank,2222.01,2025-01-19 00:43:14,success,816793613478,PhonePe
TXN0004512,CUST01986,MER0045,cust01986@okhdfcbank,133.82,2025-04-09 09:24:31,success,253019628576,BHIM
TXN0004513,CUST01871,MER0149,cust01871@okhdfcbank,690.74,2025-05-21 16:30:00,Success,719881113579,PhonePe
TXN0004516,CUST01517,MER0092,cust01517@okhdfcbank,758.49,2025-05-26 13:46:26,Success,630669750788,BHIM
TXN0004517,CUST00649,MER0107,cust00649@okhdfcbank,183.66,2025-02-07 02:02:11,success,060962191122,Paytm
TXN0004519,CUST01039,MER0093,cust01039@okhdfcbank,821.92,2025-04-03 19:32:36,SUCCESS,670550513776,Paytm
TXN0004520,CUST00523,MER0131,cust00523@okhdfcbank,504.42,2025-01-22 17:55:19,SUCCESS,961683216966,Amazon Pay
TXN0004526,CUST01437,MER0022,cust01437@okhdfcbank,139.5,2025-05-07 07:14:08,SUCCESS,714591202464,Paytm
TXN0004530,CUST01736,MER0064,cust01736@okhdfcbank,1663.76,2025-02-04 10:32:59,Failed,654566518969,GPay
TXN0004531,CUST01157,MER0003,cust01157@okhdfcbank,346.04,2025-01-25 20:16:56,success,746055905957,PhonePe
TXN0004532,CUST01063,MER0040,cust01063@okhdfcbank,288.24,2025-01-28 05:28:27,SUCCESS,589935543418,BHIM
TXN0004533,CUST01424,MER0121,cust01424@okhdfcbank,3633.11,2025-05-29 00:31:07,success,733719421353,BHIM
TXN0004534,CUST00080,MER0016,cust00080@okhdfcbank,2229.88,2025-04-26 18:30:51,Success,505332293481,Amazon Pay
TXN0004537,CUST00850,MER0041,cust00850@okhdfcbank,684.49,2025-03-23 09:47:45,Success,559440667322,BHIM
TXN0004539,CUST01977,MER0039,cust01977@okhdfcbank,3025.02,2025-05-25 01:48:55,Success,223454700943,BHIM
TXN0004540,CUST01658,MER0047,cust01658@okhdfcbank,537.66,2025-03-12 21:20:24,Success,395579599368,Amazon Pay
TXN0004541,CUST01801,MER0029,cust01801@okhdfcbank,624.68,2025-06-02 17:37:13,Success,497880669738,Paytm
TXN0004542,CUST00333,MER0008,cust00333@okhdfcbank,981.09,2025-04-07 14:46:34,success,539518855861,Paytm
TXN0004543,CUST00418,MER0079,cust00418@okhdfcbank,1619.58,2025-03-20 09:09:55,Success,519058508656,GPay
TXN0004544,CUST01281,MER0096,cust01281@okhdfcbank,1257.52,2025-06-26 12:09:28,Success,872522466640,Amazon Pay
TXN0004545,CUST01724,MER0068,cust01724@okhdfcbank,843.94,2025-05-01 18:19:38,Success,515332724052,Paytm
TXN0004547,CUST00053,MER0085,cust00053@okhdfcbank,302.43,2025-01-06 12:48:18,PENDING,626853991168,PhonePe
TXN0004552,CUST00715,MER0058,cust00715@okhdfcbank,151.87,2025-01-18 21:19:42,success,980070856527,Amazon Pay
TXN0004553,CUST00860,MER0017,cust00860@okhdfcbank,1537.5,2025-01-22 19:52:16,success,507719910019,PhonePe
TXN0004555,CUST00851,MER0138,cust00851@okhdfcbank,1255.58,2025-03-27 12:29:11,failed,971976298716,PhonePe
TXN0004562,CUST01650,MER0037,cust01650@okhdfcbank,1537.78,2025-02-13 19:08:51,success,281588342773,Paytm
TXN0004564,CUST00195,MER0104,cust00195@okhdfcbank,5855.08,2025-02-24 19:36:44,Success,177480380425,Amazon Pay
TXN0004565,CUST01817,MER0027,cust01817@okhdfcbank,440.8,2025-02-18 12:03:12,failed,233205741671,PhonePe
TXN0004567,CUST01496,MER0078,cust01496@okhdfcbank,269.38,2025-03-05 19:30:25,success,791949543146,PhonePe
TXN0004568,CUST01456,MER0119,cust01456@okhdfcbank,536.82,2025-05-10 18:45:59,SUCCESS,949562316217,PhonePe
TXN0004569,CUST01210,MER0134,cust01210@okhdfcbank,620.83,2025-04-11 08:56:56,PENDING,073434517518,Amazon Pay
TXN0004571,CUST01843,MER0034,cust01843@okhdfcbank,526.99,2025-03-05 16:19:47,success,137096237713,PhonePe
TXN0004573,CUST01509,MER0009,cust01509@okhdfcbank,204.04,2025-05-26 05:38:02,Failed,346816380768,PhonePe
TXN0004576,CUST01300,MER0009,cust01300@okhdfcbank,1913.71,2025-06-12 05:08:55,pending,798198444972,PhonePe
TXN0004577,CUST01628,MER0061,cust01628@okhdfcbank,456.25,2025-02-01 10:26:23,Success,969307242723,PhonePe
TXN0004578,CUST00813,MER0083,cust00813@okhdfcbank,192.18,2025-01-03 06:35:03,SUCCESS,603053440552,Paytm
TXN0004582,CUST01273,MER0068,cust01273@okhdfcbank,854.69,2025-04-16 23:58:57,Success,706886076125,PhonePe
TXN0004587,CUST01125,MER0117,cust01125@okhdfcbank,290.41,2025-05-09 18:57:36,Success,796499585410,Amazon Pay
TXN0004588,CUST00198,MER0088,cust00198@okhdfcbank,886.35,2025-05-29 05:05:34,success,711651910801,Paytm
TXN0004592,CUST01700,MER0029,cust01700@okhdfcbank,1942.93,2025-01-24 08:32:05,Success,797590268916,BHIM
TXN0004593,CUST01128,MER0076,cust01128@okhdfcbank,459.74,2025-01-25 12:35:49,success,180009133139,PhonePe
TXN0004594,CUST01789,MER0089,cust01789@okhdfcbank,986.88,2025-03-01 14:51:55,SUCCESS,878582465302,Amazon Pay
TXN0004595,CUST00927,MER0112,cust00927@okhdfcbank,1628.49,2025-04-18 10:33:29,Success,181670817748,BHIM
TXN0004598,CUST01928,MER0131,cust01928@okhdfcbank,1118.06,2025-02-07 20:11:50,Success,138394501815,Paytm
TXN0004599,CUST00291,MER0057,cust00291@okhdfcbank,2812.03,2025-05-31 16:00:32,success,901334505802,BHIM
TXN0004600,CUST00035,MER0051,cust00035@okhdfcbank,823.53,2025-05-23 09:56:56,SUCCESS,614648909527,PhonePe
TXN0004601,CUST01525,MER0091,cust01525@okhdfcbank,237.54,2025-04-13 01:21:20,Success,985796881835,BHIM
TXN0004604,CUST01639,MER0137,cust01639@okhdfcbank,47.09,2025-03-12 10:06:00,Failed,136374176804,Paytm
TXN0004608,CUST01300,MER0058,cust01300@okhdfcbank,232.74,2025-06-13 17:46:39,Pending,842905624644,Amazon Pay
TXN0004610,CUST01930,MER0109,cust01930@okhdfcbank,583.29,2025-06-16 15:56:43,Success,125534311655,BHIM
TXN0004611,CUST00415,MER0072,cust00415@okhdfcbank,720.67,2025-01-10 11:56:50,SUCCESS,063277247020,Amazon Pay
TXN0004612,CUST01965,MER0103,cust01965@okhdfcbank,541.22,2025-02-27 13:46:24,success,702335358290,Paytm
TXN0004613,CUST00799,MER0134,cust00799@okhdfcbank,503.06,2025-03-23 19:13:59,SUCCESS,368446140946,Amazon Pay
TXN0004614,CUST01831,MER0122,cust01831@okhdfcbank,169.23,2025-04-01 21:03:26,Success,483988285625,Paytm
TXN0004615,CUST00660,MER0035,cust00660@okhdfcbank,428.84,2025-05-21 02:39:20,SUCCESS,688951973836,PhonePe
TXN0004616,CUST01922,MER0077,cust01922@okhdfcbank,347.79,2025-01-01 01:38:52,success,722064831707,Amazon Pay
TXN0004619,CUST01891,MER0018,cust01891@okhdfcbank,373.16,2025-01-12 11:59:44,SUCCESS,009016932853,Amazon Pay
TXN0004623,CUST01611,MER0041,cust01611@okhdfcbank,417.0,2025-05-06 10:58:21,Success,921758354483,GPay
TXN0004627,CUST01829,MER0103,cust01829@okhdfcbank,428.43,2025-01-24 23:25:06,success,536653665257,Amazon Pay
TXN0004628,CUST01487,MER0150,cust01487@okhdfcbank,599.75,2025-05-11 13:13:32,success,787667424396,Amazon Pay
TXN0004630,CUST01377,MER0071,cust01377@okhdfcbank,1148.08,2025-05-28 16:34:52,Success,706052364200,BHIM
TXN0004631,CUST00671,MER0003,cust00671@okhdfcbank,506.78,2025-05-04 15:30:03,Success,994755011093,Paytm
TXN0004632,CUST00241,MER0134,cust00241@okhdfcbank,2700.86,2025-03-02 10:06:48,success,615193357428,BHIM
TXN0004635,CUST01353,MER0113,cust01353@okhdfcbank,123.92,2025-02-28 00:36:44,SUCCESS,346493013169,PhonePe
TXN0004637,CUST01522,MER0117,cust01522@okhdfcbank,744.97,2025-01-30 20:11:05,success,613222217440,Paytm
TXN0004642,CUST01199,MER0044,cust01199@okhdfcbank,151.77,2025-06-20 03:35:06,success,639654175885,BHIM
TXN0004644,CUST00597,MER0058,cust00597@okhdfcbank,263.01,2025-04-12 12:36:28,Success,283054041223,Amazon Pay
TXN0004648,CUST01437,MER0111,cust01437@okhdfcbank,219.36,2025-03-23 21:08:37,Success,675249517100,BHIM
TXN0004650,CUST01577,MER0072,cust01577@okhdfcbank,610.55,2025-06-13 13:31:08,SUCCESS,279485741317,BHIM
TXN0004651,CUST01483,MER0071,cust01483@okhdfcbank,236.95,2025-06-25 16:21:13,success,630004241547,BHIM
TXN0004653,CUST01366,MER0065,cust01366@okhdfcbank,742.34,2025-03-11 06:09:43,SUCCESS,259830771562,BHIM
TXN0004655,CUST01461,MER0125,cust01461@okhdfcbank,259.53,2025-02-17 03:16:12,Success,286113298907,Paytm
TXN0004656,CUST01200,MER0127,cust01200@okhdfcbank,110.53,2025-02-12 23:44:36,success,611629433770,GPay
TXN0004658,CUST00545,MER0027,cust00545@okhdfcbank,264.5,2025-06-01 15:21:35,SUCCESS,572904999084,Paytm
TXN0004659,CUST01693,MER0125,cust01693@okhdfcbank,244.96,2025-04-19 20:54:54,success,793927894226,PhonePe
TXN0004661,CUST01063,MER0098,cust01063@okhdfcbank,718.45,2025-01-09 04:12:21,Success,724932385607,Amazon Pay
TXN0004663,CUST01626,MER0026,cust01626@okhdfcbank,311.49,2025-04-22 18:36:33,Success,677070744186,GPay
TXN0004667,CUST00807,MER0011,cust00807@okhdfcbank,396.0,2025-03-09 10:33:21,success,612776648457,BHIM
TXN0004671,CUST01860,MER0007,cust01860@okhdfcbank,393.26,2025-02-11 22:49:01,SUCCESS,554245879857,GPay
TXN0004674,CUST01886,MER0106,cust01886@okhdfcbank,97.7,2025-06-05 17:06:09,Success,720310985034,GPay
TXN0004675,CUST00059,MER0117,cust00059@okhdfcbank,369.25,2025-06-14 22:37:51,success,053177274421,PhonePe
TXN0004677,CUST01677,MER0089,cust01677@okhdfcbank,404.63,2025-03-10 10:12:09,SUCCESS,957565632604,GPay
TXN0004681,CUST01626,MER0042,cust01626@okhdfcbank,209.87,2025-02-10 15:47:10,Failed,388794629391,Paytm
TXN0004682,CUST01144,MER0141,cust01144@okhdfcbank,2261.87,2025-05-06 21:14:09,Success,658106582481,BHIM
TXN0004684,CUST00714,MER0045,cust00714@okhdfcbank,340.03,2025-06-14 00:40:47,failed,024159097822,Amazon Pay
TXN0004686,CUST01263,MER0138,cust01263@okhdfcbank,234.96,2025-05-24 15:59:39,SUCCESS,945838623307,GPay
TXN0004687,CUST01649,MER0059,cust01649@okhdfcbank,505.04,2025-03-03 11:09:21,success,956943538892,Amazon Pay
TXN0004688,CUST01698,MER0079,cust01698@okhdfcbank,444.86,2025-01-20 16:05:01,Success,214527446949,GPay
TXN0004689,CUST01873,MER0024,cust01873@okhdfcbank,311.23,2025-05-05 04:03:39,SUCCESS,907435324201,GPay
TXN0004691,CUST01019,MER0048,cust01019@okhdfcbank,239.89,2025-05-27 21:50:45,SUCCESS,146716027393,Amazon Pay
TXN0004692,CUST00784,MER0052,cust00784@okhdfcbank,736.36,2025-02-21 09:30:00,Success,483777560150,Paytm
TXN0004693,CUST01754,MER0125,cust01754@okhdfcbank,3847.55,2025-03-10 01:53:09,success,238423937354,Amazon Pay
TXN0004694,CUST00691,MER0113,cust00691@okhdfcbank,205.44,2025-06-23 22:38:18,success,558480005148,GPay
TXN0004695,CUST00741,MER0041,cust00741@okhdfcbank,730.67,2025-02-02 17:28:05,Success,183875341116,BHIM
TXN0004697,CUST00389,MER0149,cust00389@okhdfcbank,961.63,2025-03-02 07:09:48,success,072136009008,PhonePe
TXN0004698,CUST01862,MER0130,cust01862@okhdfcbank,989.1,2025-05-16 23:18:01,Success,560036958035,BHIM
TXN0004699,CUST01316,MER0144,cust01316@okhdfcbank,605.11,2025-02-27 12:24:33,Success,506956011311,Amazon Pay
TXN0004701,CUST00365,MER0102,cust00365@okhdfcbank,319.11,2025-05-01 02:17:01,success,852332019855,Amazon Pay
TXN0004702,CUST01425,MER0020,cust01425@okhdfcbank,229.3,2025-02-08 13:38:04,success,291854434511,Paytm
TXN0004705,CUST00540,MER0038,cust00540@okhdfcbank,272.09,2025-05-20 00:16:49,SUCCESS,341276882690,Paytm
TXN0004706,CUST00697,MER0137,cust00697@okhdfcbank,1490.48,2025-03-10 16:49:33,SUCCESS,198017803519,BHIM
TXN0004708,CUST00213,MER0076,cust00213@okhdfcbank,1203.11,2025-04-30 02:44:40,PENDING,797898262593,BHIM
TXN0004711,CUST01123,MER0040,cust01123@okhdfcbank,606.27,2025-05-10 14:52:29,SUCCESS,919104485678,BHIM
TXN0004712,CUST00561,MER0007,cust00561@okhdfcbank,364.36,2025-04-07 00:30:14,SUCCESS,845680146649,GPay
TXN0004713,CUST00460,MER0057,cust00460@okhdfcbank,218.63,2025-02-17 15:25:19,SUCCESS,451278582785,BHIM
TXN0004715,CUST01663,MER0056,cust01663@okhdfcbank,1144.99,2025-01-29 05:30:16,failed,483919983980,Paytm
TXN0004716,CUST00026,MER0076,cust00026@okhdfcbank,607.06,2025-02-17 07:37:55,Failed,522085657339,GPay
TXN0004719,CUST01140,MER0142,cust01140@okhdfcbank,237.17,2025-04-21 07:28:16,Success,578641283146,Paytm
TXN0004721,CUST01737,MER0133,cust01737@okhdfcbank,363.19,2025-04-23 19:10:11,success,204460434810,Amazon Pay
TXN0004722,CUST00819,MER0148,cust00819@okhdfcbank,1663.8,2025-06-22 13:11:43,success,846884117966,Paytm
TXN0004723,CUST01848,MER0100,cust01848@okhdfcbank,302.98,2025-05-26 00:18:23,Success,780120587594,PhonePe
TXN0004724,CUST00536,MER0094,cust00536@okhdfcbank,172.01,2025-06-06 00:14:12,Success,014585204974,GPay
TXN0004725,CUST01642,MER0068,cust01642@okhdfcbank,222.35,2025-03-25 18:04:19,success,213118482984,GPay
TXN0004726,CUST00759,MER0094,cust00759@okhdfcbank,234.0,2025-06-24 18:33:01,SUCCESS,468128260441,BHIM
TXN0004730,CUST01695,MER0064,cust01695@okhdfcbank,2969.19,2025-06-04 11:33:52,SUCCESS,738268476768,Paytm
TXN0004731,CUST01103,MER0149,cust01103@okhdfcbank,130.3,2025-01-26 00:05:12,SUCCESS,259821640389,GPay
TXN0004732,CUST00198,MER0130,cust00198@okhdfcbank,1743.26,2025-05-18 13:10:06,Success,589031782736,GPay
TXN0004735,CUST00714,MER0142,cust00714@okhdfcbank,94.24,2025-06-09 10:29:55,Success,841162350670,GPay
TXN0004736,CUST00459,MER0120,cust00459@okhdfcbank,832.17,2025-02-22 06:15:09,FAILED,403876520319,Amazon Pay
TXN0004737,CUST01177,MER0014,cust01177@okhdfcbank,66.33,2025-03-31 08:52:06,Success,300878180939,GPay
TXN0004738,CUST01268,MER0113,cust01268@okhdfcbank,674.48,2025-04-07 12:48:26,success,621426181879,GPay
TXN0004739,CUST01211,MER0112,cust01211@okhdfcbank,637.31,2025-01-13 13:19:37,Success,070187990624,Paytm
TXN0004742,CUST00712,MER0123,cust00712@okhdfcbank,853.65,2025-06-18 11:12:09,FAILED,846153118315,Amazon Pay
TXN0004743,CUST01447,MER0038,cust01447@okhdfcbank,728.57,2025-01-13 09:13:17,SUCCESS,856367190227,Paytm
TXN0004745,CUST01956,MER0071,cust01956@okhdfcbank,964.73,2025-04-21 15:14:39,Success,311257381861,BHIM
TXN0004746,CUST00517,MER0008,cust00517@okhdfcbank,447.82,2025-05-19 13:40:25,success,979595331791,PhonePe
TXN0004747,CUST01225,MER0126,cust01225@okhdfcbank,836.12,2025-03-25 15:48:48,SUCCESS,459737446524,Paytm
TXN0004748,CUST01443,MER0035,cust01443@okhdfcbank,434.47,2025-03-18 22:38:25,Success,189690666965,Paytm
TXN0004749,CUST00441,MER0116,cust00441@okhdfcbank,611.98,2025-03-02 03:53:25,Success,581058852713,PhonePe
TXN0004751,CUST00477,MER0146,cust00477@okhdfcbank,330.99,2025-06-05 00:53:23,success,855693351979,Paytm
TXN0004752,CUST01794,MER0131,cust01794@okhdfcbank,143.48,2025-03-21 01:25:09,success,631758735714,Paytm
TXN0004754,CUST00014,MER0014,cust00014@okhdfcbank,1618.72,2025-05-19 06:41:25,SUCCESS,772437304114,GPay
TXN0004757,CUST00131,MER0136,cust00131@okhdfcbank,472.4,2025-03-22 08:02:06,SUCCESS,134621005114,GPay
TXN0004759,CUST00510,MER0046,cust00510@okhdfcbank,409.14,2025-06-12 06:49:40,SUCCESS,808654662423,BHIM
TXN0004761,CUST01903,MER0127,cust01903@okhdfcbank,1488.16,2025-05-22 11:50:05,SUCCESS,489713994131,BHIM
TXN0004764,CUST01944,MER0100,cust01944@okhdfcbank,1489.11,2025-06-06 07:10:15,success,167215463631,Paytm
TXN0004765,CUST00835,MER0098,cust00835@okhdfcbank,868.54,2025-05-16 05:31:45,Success,792664265749,Amazon Pay
TXN0004768,CUST00638,MER0091,cust00638@okhdfcbank,402.62,2025-02-04 10:47:41,success,990398756655,GPay
TXN0004770,CUST00186,MER0048,cust00186@okhdfcbank,568.36,2025-02-20 14:02:38,success,289782330083,BHIM
TXN0004771,CUST00823,MER0052,cust00823@okhdfcbank,1063.38,2025-02-14 00:13:11,SUCCESS,396060694226,PhonePe
TXN0004772,CUST00720,MER0021,cust00720@okhdfcbank,311.51,2025-03-07 23:12:38,Failed,517656212107,GPay
TXN0004773,CUST00926,MER0025,cust00926@okhdfcbank,415.14,2025-04-12 17:23:54,Success,275931319524,Paytm
TXN0004775,CUST01242,MER0016,cust01242@okhdfcbank,1577.93,2025-04-19 04:24:23,Success,930950244341,PhonePe
TXN0004777,CUST00346,MER0001,cust00346@okhdfcbank,143.39,2025-04-13 17:52:56,SUCCESS,824430000798,GPay
TXN0004778,CUST00026,MER0002,cust00026@okhdfcbank,102.16,2025-03-05 11:16:35,Failed,123902622843,BHIM
TXN0004779,CUST00788,MER0079,cust00788@okhdfcbank,708.2,2025-01-06 08:52:29,success,188832755220,Paytm
TXN0004780,CUST01639,MER0146,cust01639@okhdfcbank,230.29,2025-04-20 09:28:11,success,718285371951,Amazon Pay
TXN0004781,CUST00768,MER0018,cust00768@okhdfcbank,961.72,2025-02-03 11:24:33,SUCCESS,492493360120,PhonePe
TXN0004782,CUST00387,MER0128,cust00387@okhdfcbank,130.16,2025-02-05 07:11:14,Success,239949229845,BHIM
TXN0004784,CUST00199,MER0040,cust00199@okhdfcbank,130.25,2025-04-27 10:53:23,SUCCESS,217462725314,Paytm
TXN0004785,CUST00767,MER0147,cust00767@okhdfcbank,760.98,2025-02-04 08:32:44,Success,735185815560,BHIM
TXN0004786,CUST01826,MER0113,cust01826@okhdfcbank,942.79,2025-05-18 03:54:41,SUCCESS,682464620787,PhonePe
TXN0004789,CUST01275,MER0010,cust01275@okhdfcbank,233.75,2025-04-15 09:21:00,SUCCESS,641175980590,Amazon Pay
TXN0004790,CUST01820,MER0031,cust01820@okhdfcbank,622.86,2025-06-06 17:50:49,Failed,536436748703,PhonePe
TXN0004791,CUST01914,MER0080,cust01914@okhdfcbank,91.13,2025-02-26 14:09:59,SUCCESS,492330488651,PhonePe
TXN0004793,CUST00370,MER0133,cust00370@okhdfcbank,2246.0,2025-02-02 12:04:19,FAILED,638565351567,Paytm
TXN0004794,CUST01844,MER0026,cust01844@okhdfcbank,411.6,2025-04-07 15:13:19,SUCCESS,204312745159,GPay
TXN0004795,CUST00396,MER0040,cust00396@okhdfcbank,111.21,2025-04-30 01:40:48,SUCCESS,428468705162,PhonePe
TXN0004796,CUST01885,MER0087,cust01885@okhdfcbank,268.43,2025-03-30 06:54:07,success,070774582442,GPay
TXN0004797,CUST01902,MER0141,cust01902@okhdfcbank,262.25,2025-06-11 12:19:47,Success,415749829459,Paytm
TXN0004799,CUST01136,MER0017,cust01136@okhdfcbank,2606.28,2025-03-07 16:47:49,success,730513347400,Amazon Pay
TXN0004801,CUST01006,MER0049,cust01006@okhdfcbank,349.65,2025-06-04 04:33:34,Success,499365695873,Amazon Pay
TXN0004802,CUST00828,MER0011,cust00828@okhdfcbank,1637.01,2025-03-11 13:53:55,Success,858284990782,Paytm
TXN0004804,CUST01728,MER0026,cust01728@okhdfcbank,1446.03,2025-06-14 14:54:50,SUCCESS,728014276584,BHIM
TXN0004806,CUST01342,MER0083,cust01342@okhdfcbank,423.54,2025-06-27 01:36:30,failed,534503399531,Amazon Pay
TXN0004807,CUST01080,MER0145,cust01080@okhdfcbank,1539.46,2025-04-22 16:05:55,success,093869542488,Amazon Pay
TXN0004809,CUST00808,MER0140,cust00808@okhdfcbank,139.06,2025-05-05 21:31:20,Success,573431107402,BHIM
TXN0004811,CUST00278,MER0115,cust00278@okhdfcbank,452.49,2025-05-29 06:16:23,SUCCESS,256870190150,Amazon Pay
TXN0004813,CUST00874,MER0104,cust00874@okhdfcbank,3043.87,2025-03-26 11:53:38,failed,952867005798,Paytm
TXN0004814,CUST00773,MER0022,cust00773@okhdfcbank,239.31,2025-04-06 05:44:03,SUCCESS,710727277111,Paytm
TXN0004820,CUST01940,MER0023,cust01940@okhdfcbank,290.59,2025-03-01 15:16:55,Success,629809612100,BHIM
TXN0004821,CUST01828,MER0147,cust01828@okhdfcbank,235.47,2025-04-16 09:34:15,Success,072805914684,GPay
TXN0004822,CUST00356,MER0081,cust00356@okhdfcbank,624.75,2025-05-24 13:11:15,success,783721940206,BHIM
TXN0004823,CUST00099,MER0137,cust00099@okhdfcbank,532.95,2025-01-06 10:19:03,SUCCESS,473758217719,Paytm
TXN0004824,CUST00097,MER0078,cust00097@okhdfcbank,651.47,2025-03-16 17:46:13,success,706966273325,Amazon Pay
TXN0004825,CUST00386,MER0091,cust00386@okhdfcbank,212.55,2025-04-15 10:09:37,SUCCESS,555288218940,BHIM
TXN0004826,CUST00108,MER0112,cust00108@okhdfcbank,459.05,2025-05-24 09:50:46,success,195460359474,PhonePe
TXN0004828,CUST00760,MER0012,cust00760@okhdfcbank,569.64,2025-06-26 19:59:34,success,680163589017,GPay
TXN0004829,CUST00440,MER0026,cust00440@okhdfcbank,1596.3,2025-03-30 18:51:49,Success,688918848845,GPay
TXN0004830,CUST01946,MER0048,cust01946@okhdfcbank,118.54,2025-06-23 06:40:50,SUCCESS,081034936206,Amazon Pay
TXN0004834,CUST00782,MER0053,cust00782@okhdfcbank,577.46,2025-06-24 19:47:54,Success,980919945459,Amazon Pay
TXN0004835,CUST01412,MER0030,cust01412@okhdfcbank,738.56,2025-06-29 11:36:26,SUCCESS,521701962149,BHIM
TXN0004836,CUST00595,MER0002,cust00595@okhdfcbank,525.75,2025-06-25 14:47:23,Success,365766067398,Amazon Pay
TXN0004837,CUST00493,MER0085,cust00493@okhdfcbank,1860.0,2025-02-04 09:08:56,SUCCESS,831530685829,Paytm
TXN0004838,CUST00799,MER0059,cust00799@okhdfcbank,697.44,2025-03-14 04:38:16,success,215632351822,Amazon Pay
TXN0004839,CUST01880,MER0103,cust01880@okhdfcbank,243.37,2025-01-09 16:34:54,SUCCESS,713886086011,GPay
TXN0004840,CUST00320,MER0037,cust00320@okhdfcbank,543.87,2025-04-27 06:23:05,SUCCESS,043655864454,Amazon Pay
TXN0004843,CUST01169,MER0080,cust01169@okhdfcbank,323.83,2025-02-09 18:47:33,SUCCESS,611443131309,Amazon Pay
TXN0004844,CUST01926,MER0070,cust01926@okhdfcbank,250.43,2025-03-21 11:01:33,Success,126656555506,BHIM
TXN0004845,CUST01414,MER0003,cust01414@okhdfcbank,601.41,2025-03-22 18:10:32,Success,659882567146,GPay
TXN0004846,CUST01687,MER0106,cust01687@okhdfcbank,521.02,2025-03-15 05:33:41,SUCCESS,589123625724,BHIM
TXN0004848,CUST01596,MER0125,cust01596@okhdfcbank,325.4,2025-02-19 05:02:54,success,465280423979,Paytm
TXN0004850,CUST00810,MER0011,cust00810@okhdfcbank,342.45,2025-05-16 03:36:11,SUCCESS,048451758533,GPay
TXN0004852,CUST01358,MER0058,cust01358@okhdfcbank,746.71,2025-01-14 16:40:02,SUCCESS,267100296072,PhonePe
TXN0004854,CUST01848,MER0126,cust01848@okhdfcbank,183.39,2025-01-13 21:54:50,Failed,239860891911,Paytm
TXN0004856,CUST00526,MER0102,cust00526@okhdfcbank,-2307.57,2025-02-25 07:17:44,pending,730835029036,Paytm
TXN0004857,CUST01099,MER0074,cust01099@okhdfcbank,168.53,2025-02-25 06:49:14,success,594347467900,BHIM
TXN0004863,CUST00981,MER0028,cust00981@okhdfcbank,1169.47,2025-01-22 15:11:33,success,859371492593,GPay
TXN0004864,CUST00469,MER0010,cust00469@okhdfcbank,147.07,2025-06-11 18:30:10,success,386239381218,BHIM
TXN0004865,CUST00795,MER0048,cust00795@okhdfcbank,706.05,2025-01-17 05:38:29,Success,526185012649,PhonePe
TXN0004867,CUST00893,MER0095,cust00893@okhdfcbank,189.33,2025-03-27 01:44:01,SUCCESS,334209468075,Paytm
TXN0004868,CUST01513,MER0037,cust01513@okhdfcbank,275.96,2025-03-27 19:58:49,SUCCESS,762457437673,GPay
TXN0004871,CUST00431,MER0082,cust00431@okhdfcbank,459.77,2025-01-09 11:55:35,SUCCESS,570196948040,Paytm
TXN0004872,CUST01165,MER0004,cust01165@okhdfcbank,357.51,2025-01-30 15:40:57,Failed,221521809741,BHIM
TXN0004873,CUST00700,MER0065,cust00700@okhdfcbank,136.77,2025-06-29 00:05:05,SUCCESS,555026118311,PhonePe
TXN0004874,CUST00360,MER0090,cust00360@okhdfcbank,460.63,2025-03-31 17:14:28,SUCCESS,165105053235,Amazon Pay
TXN0004875,CUST00411,MER0015,cust00411@okhdfcbank,279.33,2025-03-17 23:38:43,success,267272104513,BHIM
TXN0004879,CUST01477,MER0113,cust01477@okhdfcbank,317.68,2025-01-05 21:57:05,success,774513147505,PhonePe
TXN0004881,CUST01728,MER0063,cust01728@okhdfcbank,130.68,2025-04-27 19:56:20,Success,657189661978,BHIM
TXN0004882,CUST01083,MER0074,cust01083@okhdfcbank,151.86,2025-04-19 03:07:25,success,362286157250,Amazon Pay
TXN0004884,CUST01975,MER0082,cust01975@okhdfcbank,556.13,2025-01-12 00:18:08,success,493757522985,Amazon Pay
TXN0004885,CUST00229,MER0017,cust00229@okhdfcbank,645.37,2025-03-21 14:23:06,Success,914959727301,Amazon Pay
TXN0004887,CUST01267,MER0044,cust01267@okhdfcbank,230.78,2025-05-21 14:27:15,pending,798498252531,Paytm
TXN0004889,CUST01847,MER0027,cust01847@okhdfcbank,316.64,2025-05-13 21:08:47,SUCCESS,133988030713,PhonePe
TXN0004891,CUST01153,MER0015,cust01153@okhdfcbank,418.15,2025-06-08 00:08:42,Success,324907883665,BHIM
TXN0004892,CUST00794,MER0146,cust00794@okhdfcbank,717.39,2025-01-24 05:34:21,Success,194959413632,PhonePe
TXN0004894,CUST00073,MER0145,cust00073@okhdfcbank,730.43,2025-04-16 22:35:56,Success,937113360084,BHIM
TXN0004895,CUST00152,MER0006,cust00152@okhdfcbank,489.12,2025-05-06 23:55:08,Success,822652661826,Paytm
TXN0004896,CUST01688,MER0122,cust01688@okhdfcbank,1111.92,2025-04-21 23:20:42,Success,791788829719,GPay
TXN0004897,CUST01321,MER0099,cust01321@okhdfcbank,217.31,2025-02-24 20:23:54,SUCCESS,242317282611,Amazon Pay
TXN0004898,CUST01405,MER0100,cust01405@okhdfcbank,83.94,2025-03-29 07:37:10,Success,855218808719,GPay
TXN0004899,CUST01865,MER0061,cust01865@okhdfcbank,186.17,2025-05-13 14:27:24,Failed,998443888836,PhonePe
TXN0004901,CUST01304,MER0117,cust01304@okhdfcbank,422.18,2025-04-04 00:54:12,Success,809377930132,BHIM
TXN0004902,CUST01883,MER0040,cust01883@okhdfcbank,540.27,2025-03-30 04:50:00,SUCCESS,317841571057,BHIM
TXN0004903,CUST01099,MER0093,cust01099@okhdfcbank,171.81,2025-02-13 11:10:09,Success,592862728282,PhonePe
TXN0004904,CUST00296,MER0074,cust00296@okhdfcbank,526.13,2025-05-04 17:04:10,SUCCESS,830083322218,Paytm
TXN0004906,CUST00527,MER0042,cust00527@okhdfcbank,205.25,2025-03-13 11:22:05,FAILED,714992514839,Amazon Pay
TXN0004908,CUST01650,MER0077,cust01650@okhdfcbank,769.0,2025-01-28 23:00:46,success,875517455429,PhonePe
TXN0004910,CUST00465,MER0103,cust00465@okhdfcbank,879.23,2025-01-25 06:39:18,SUCCESS,750541123367,Paytm
TXN0004913,CUST01503,MER0116,cust01503@okhdfcbank,404.73,2025-03-28 04:41:26,Failed,728277518035,PhonePe
TXN0004914,CUST01951,MER0100,cust01951@okhdfcbank,106.47,2025-04-01 00:08:47,success,178629119757,Amazon Pay
TXN0004915,CUST00745,MER0087,cust00745@okhdfcbank,500.69,2025-03-05 07:19:16,SUCCESS,161521690606,BHIM
TXN0004917,CUST01482,MER0136,cust01482@okhdfcbank,821.82,2025-02-09 23:38:01,SUCCESS,289229136616,BHIM
TXN0004918,CUST00504,MER0056,cust00504@okhdfcbank,534.45,2025-05-19 08:54:34,SUCCESS,888987719806,Amazon Pay
TXN0004920,CUST00949,MER0141,cust00949@okhdfcbank,1243.6,2025-06-17 11:15:20,SUCCESS,917266063646,BHIM
TXN0004925,CUST01706,MER0106,cust01706@okhdfcbank,832.82,2025-01-10 21:08:40,SUCCESS,264689266989,Paytm
TXN0004926,CUST00409,MER0056,cust00409@okhdfcbank,137.8,2025-03-07 13:43:03,failed,460711526121,Paytm
TXN0004927,CUST01130,MER0041,cust01130@okhdfcbank,118.66,2025-05-09 02:11:55,Success,618745220149,GPay
TXN0004928,CUST00788,MER0133,cust00788@okhdfcbank,5334.47,2025-03-25 20:15:30,success,637401885625,Paytm
TXN0004931,CUST01367,MER0045,cust01367@okhdfcbank,414.8,2025-02-23 01:45:48,SUCCESS,456592154494,Amazon Pay
TXN0004932,CUST01528,MER0145,cust01528@okhdfcbank,291.54,2025-05-30 08:55:06,Success,728180994937,GPay
TXN0004934,CUST01602,MER0051,cust01602@okhdfcbank,1875.43,2025-01-30 06:14:05,SUCCESS,514717654125,BHIM
TXN0004935,CUST00843,MER0082,cust00843@okhdfcbank,156.64,2025-04-01 23:44:23,Success,260064545553,GPay
TXN0004936,CUST00504,MER0034,cust00504@okhdfcbank,295.82,2025-05-29 02:04:04,SUCCESS,853110591321,PhonePe
TXN0004941,CUST00018,MER0014,cust00018@okhdfcbank,3005.57,2025-03-06 08:56:31,success,116749186191,PhonePe
TXN0004942,CUST01747,MER0024,cust01747@okhdfcbank,589.1,2025-03-02 20:03:19,SUCCESS,488324745420,BHIM
TXN0004944,CUST01523,MER0039,cust01523@okhdfcbank,679.75,2025-02-11 08:42:25,Success,878461906873,Paytm
TXN0004951,CUST00851,MER0031,cust00851@okhdfcbank,813.8,2025-04-14 08:43:18,Failed,991449375831,GPay
TXN0004952,CUST01865,MER0105,cust01865@okhdfcbank,179.41,2025-01-31 17:38:24,Success,506401103058,BHIM
TXN0004953,CUST01151,MER0142,cust01151@okhdfcbank,284.19,2025-05-03 01:52:21,SUCCESS,157267245111,Amazon Pay
TXN0004955,CUST01737,MER0064,cust01737@okhdfcbank,2045.98,2025-01-23 00:17:52,Pending,990859118801,GPay
TXN0004957,CUST01548,MER0011,cust01548@okhdfcbank,279.26,2025-01-27 07:56:09,SUCCESS,955947782067,BHIM
TXN0004959,CUST00350,MER0006,cust00350@okhdfcbank,204.53,2025-04-24 19:46:30,failed,837231116275,PhonePe
TXN0004961,CUST01198,MER0147,cust01198@okhdfcbank,792.28,2025-02-05 07:24:22,Success,123373704763,PhonePe
TXN0004962,CUST00917,MER0006,cust00917@okhdfcbank,2395.57,2025-04-06 11:48:01,SUCCESS,024457035636,GPay
TXN0004963,CUST01939,MER0146,cust01939@okhdfcbank,64.6,2025-03-08 18:21:30,Success,911948762960,Paytm
TXN0004965,CUST00758,MER0018,cust00758@okhdfcbank,783.12,2025-02-04 09:58:37,SUCCESS,921533494550,GPay
TXN0004966,CUST00277,MER0077,cust00277@okhdfcbank,1075.15,2025-05-12 12:47:15,success,375099373549,PhonePe
TXN0004970,CUST01624,MER0022,cust01624@okhdfcbank,1829.86,2025-03-10 21:04:37,SUCCESS,500644501374,GPay
TXN0004971,CUST01235,MER0127,cust01235@okhdfcbank,258.17,2025-01-04 02:21:29,SUCCESS,479617934481,Paytm
TXN0004973,CUST00748,MER0065,cust00748@okhdfcbank,146.54,2025-02-07 06:53:33,success,656958212049,GPay
TXN0004975,CUST01852,MER0007,cust01852@okhdfcbank,436.84,2025-04-06 01:44:36,Success,092355767435,BHIM
TXN0004976,CUST00653,MER0043,cust00653@okhdfcbank,,2025-01-11 02:23:20,success,784360926479,Amazon Pay
TXN0004977,CUST01330,MER0062,cust01330@okhdfcbank,360.19,2025-05-17 00:38:09,SUCCESS,119521731241,Paytm
TXN0004978,CUST00628,MER0068,cust00628@okhdfcbank,885.74,2025-03-29 04:10:13,Failed,752924911062,BHIM
TXN0004979,CUST00887,MER0087,cust00887@okhdfcbank,733.21,2025-01-08 20:32:14,SUCCESS,505028617209,PhonePe
TXN0004980,CUST00559,MER0118,cust00559@okhdfcbank,182.24,2025-05-09 01:04:32,Success,160282769228,BHIM
TXN0004982,CUST00065,MER0034,cust00065@okhdfcbank,479.25,2025-06-19 08:00:03,Success,300150915715,Paytm
TXN0004986,CUST01424,MER0070,cust01424@okhdfcbank,1349.56,2025-05-16 07:35:05,Success,332604804002,BHIM
TXN0004993,CUST01871,MER0082,cust01871@okhdfcbank,216.74,2025-06-17 06:47:01,SUCCESS,686369427765,Paytm
TXN0004995,CUST00264,MER0028,cust00264@okhdfcbank,183.28,2025-02-17 04:16:49,SUCCESS,913448999374,GPay
TXN0004997,CUST00134,MER0040,cust00134@okhdfcbank,244.15,2025-04-22 01:17:17,SUCCESS,304412771472,PhonePe
TXN0004998,CUST01642,MER0061,cust01642@okhdfcbank,148.68,2025-06-01 05:49:42,Success,330294666680,Amazon Pay
TXN0005001,CUST00699,MER0019,cust00699@okhdfcbank,267.6,2025-01-31 08:08:55,success,766050020064,GPay
TXN0005002,CUST01194,MER0118,cust01194@okhdfcbank,124.8,2025-05-03 12:41:12,Success,110546047551,BHIM
TXN0005004,CUST01362,MER0028,cust01362@okhdfcbank,466.02,2025-04-29 22:45:38,Success,132323665199,BHIM
TXN0005006,CUST00285,MER0052,cust00285@okhdfcbank,312.78,2025-06-28 06:12:00,SUCCESS,773153851609,Paytm
TXN0005009,CUST00887,MER0060,cust00887@okhdfcbank,538.62,2025-02-10 19:41:30,Failed,700339595244,GPay
TXN0005010,CUST00103,MER0021,cust00103@okhdfcbank,332.77,2025-03-17 03:05:20,Success,116035025154,BHIM
TXN0005011,CUST00657,MER0136,cust00657@okhdfcbank,282.97,2025-02-07 09:45:39,FAILED,505262253024,Paytm
TXN0005013,CUST01447,MER0048,cust01447@okhdfcbank,279.95,2025-04-02 02:40:45,Success,307831405491,PhonePe
TXN0005015,CUST00379,MER0130,cust00379@okhdfcbank,1153.14,2025-01-02 05:25:21,Success,501732547442,Amazon Pay
TXN0005016,CUST00163,MER0046,cust00163@okhdfcbank,307.63,2025-02-08 09:26:39,Failed,126617923534,BHIM
TXN0005017,CUST00540,MER0037,cust00540@okhdfcbank,1807.11,2025-06-20 12:35:59,SUCCESS,135651001900,BHIM
TXN0005018,CUST01111,MER0148,cust01111@okhdfcbank,478.81,2025-02-06 18:24:51,SUCCESS,913291231433,BHIM
TXN0005022,CUST00809,MER0076,cust00809@okhdfcbank,339.34,2025-04-27 19:26:40,success,582229184420,Paytm
TXN0005026,CUST00494,MER0136,cust00494@okhdfcbank,738.6,2025-01-02 08:32:36,SUCCESS,568878146034,GPay
TXN0005027,CUST01342,MER0065,cust01342@okhdfcbank,245.26,2025-02-24 15:38:52,success,795676098153,Paytm
TXN0005028,CUST01545,MER0042,cust01545@okhdfcbank,171.87,2025-01-13 13:18:23,success,249761367954,PhonePe
TXN0005030,CUST01849,MER0016,cust01849@okhdfcbank,1708.19,2025-05-01 08:41:19,SUCCESS,386710634185,Paytm
TXN0005031,CUST01548,MER0111,cust01548@okhdfcbank,122.37,2025-01-16 12:36:05,success,312954211046,BHIM
TXN0005032,CUST01381,MER0115,cust01381@okhdfcbank,259.38,2025-01-03 07:55:08,Success,943496867341,Paytm
TXN0005035,CUST01395,MER0017,cust01395@okhdfcbank,589.41,2025-04-21 12:40:10,Success,616654402493,Paytm
TXN0005036,CUST00538,MER0082,cust00538@okhdfcbank,257.64,2025-03-29 12:49:10,SUCCESS,616583264848,BHIM
TXN0005043,CUST01780,MER0119,cust01780@okhdfcbank,674.87,2025-03-29 19:17:41,Success,883113193230,PhonePe
TXN0005047,CUST01295,MER0039,cust01295@okhdfcbank,304.4,2025-03-19 13:25:26,SUCCESS,845409423957,BHIM
TXN0005048,CUST00749,MER0004,cust00749@okhdfcbank,218.05,2025-03-26 08:21:48,Failed,337667345663,Amazon Pay
TXN0005049,CUST01621,MER0045,cust01621@okhdfcbank,119.82,2025-01-30 07:53:28,Success,396464203540,GPay
TXN0005050,CUST01215,MER0048,cust01215@okhdfcbank,160.45,2025-02-12 03:15:51,Success,628310586271,Paytm
TXN0005051,CUST00195,MER0005,cust00195@okhdfcbank,341.92,2025-03-17 23:33:04,SUCCESS,042625490659,BHIM
TXN0005053,CUST00691,MER0051,cust00691@okhdfcbank,123.68,2025-01-05 05:02:21,SUCCESS,423797199242,PhonePe
TXN0005054,CUST01019,MER0101,cust01019@okhdfcbank,1397.08,2025-01-31 17:48:27,SUCCESS,322291421328,Paytm
TXN0005055,CUST00622,MER0141,cust00622@okhdfcbank,616.57,2025-02-23 22:02:02,Success,870426276169,GPay
TXN0005057,CUST01483,MER0128,cust01483@okhdfcbank,4777.03,2025-03-26 01:15:22,Success,934048375701,BHIM
TXN0005058,CUST00892,MER0041,cust00892@okhdfcbank,94.8,2025-04-05 15:10:44,Failed,964790315945,PhonePe
TXN0005060,CUST00138,MER0083,cust00138@okhdfcbank,440.77,2025-05-18 02:18:38,SUCCESS,722169643663,Amazon Pay
TXN0005063,CUST01646,MER0056,cust01646@okhdfcbank,75.77,2025-03-22 20:18:36,FAILED,154077729586,BHIM
TXN0005064,CUST01005,MER0004,cust01005@okhdfcbank,542.11,2025-03-01 19:25:11,success,494369495165,Amazon Pay
TXN0005066,CUST00637,MER0110,cust00637@okhdfcbank,55.04,2025-04-29 18:23:14,Success,236763008676,GPay
TXN0005067,CUST00250,MER0034,cust00250@okhdfcbank,3442.83,2025-04-13 20:17:09,SUCCESS,297927318123,Amazon Pay
TXN0005068,CUST00578,MER0088,cust00578@okhdfcbank,672.64,2025-05-21 17:36:40,failed,284403127563,Paytm
TXN0005070,CUST01158,MER0122,cust01158@okhdfcbank,153.62,2025-01-13 06:11:01,SUCCESS,634558501706,BHIM
TXN0005073,CUST01786,MER0081,cust01786@okhdfcbank,634.96,2025-05-04 02:03:17,Success,406623992399,Amazon Pay
TXN0005074,CUST01876,MER0122,cust01876@okhdfcbank,488.15,2025-06-02 18:46:56,success,869637578932,PhonePe
TXN0005076,CUST01183,MER0085,cust01183@okhdfcbank,396.94,2025-05-16 14:27:05,Success,805499934853,BHIM
TXN0005078,CUST01296,MER0147,cust01296@okhdfcbank,873.05,2025-06-26 23:20:33,success,070046318825,GPay
TXN0005079,CUST00469,MER0061,cust00469@okhdfcbank,210.63,2025-06-07 22:21:17,SUCCESS,923994597750,Paytm
TXN0005080,CUST01679,MER0064,cust01679@okhdfcbank,866.66,2025-04-05 20:59:05,Failed,923243377458,Paytm
TXN0005081,CUST01154,MER0121,cust01154@okhdfcbank,212.94,2025-06-22 22:17:48,SUCCESS,457044795911,GPay
TXN0005082,CUST00040,MER0081,cust00040@okhdfcbank,379.04,2025-04-10 05:14:54,success,157528532740,BHIM
TXN0005084,CUST01537,MER0038,cust01537@okhdfcbank,243.76,2025-05-02 02:13:09,Failed,651009899572,GPay
TXN0005085,CUST00659,MER0021,cust00659@okhdfcbank,944.39,2025-04-13 18:24:59,SUCCESS,604517216291,GPay
TXN0005086,CUST01006,MER0119,cust01006@okhdfcbank,856.62,2025-04-28 00:19:06,Success,578275887123,Paytm
TXN0005088,CUST00921,MER0100,cust00921@okhdfcbank,1574.64,2025-05-31 23:06:05,Success,619066072196,PhonePe
TXN0005090,CUST00294,MER0094,cust00294@okhdfcbank,1483.67,2025-06-14 14:54:27,FAILED,029208627067,BHIM
TXN0005091,CUST01593,MER0016,cust01593@okhdfcbank,,2025-04-02 23:49:14,Success,409560513829,GPay
TXN0005092,CUST00506,MER0058,cust00506@okhdfcbank,387.11,2025-05-03 22:19:09,SUCCESS,604269941023,Paytm
TXN0005094,CUST01690,MER0124,cust01690@okhdfcbank,260.46,2025-04-20 02:32:26,Success,179551416433,Paytm
TXN0005095,CUST00300,MER0070,cust00300@okhdfcbank,175.42,2025-03-04 03:28:27,success,366253820451,Paytm
TXN0005096,CUST00993,MER0081,cust00993@okhdfcbank,405.26,2025-04-28 10:26:14,FAILED,926278019404,BHIM
TXN0005098,CUST01688,MER0049,cust01688@okhdfcbank,192.94,2025-06-29 08:47:48,SUCCESS,019359418141,GPay
TXN0005099,CUST01224,MER0031,cust01224@okhdfcbank,890.19,2025-02-27 09:41:13,SUCCESS,606525719639,GPay
TXN0005100,CUST01503,MER0016,cust01503@okhdfcbank,294.82,2025-05-23 19:39:16,success,751696759657,GPay
TXN0005101,CUST01813,MER0050,cust01813@okhdfcbank,1002.76,2025-04-12 15:41:49,SUCCESS,995009336010,PhonePe
TXN0005104,CUST00535,MER0053,cust00535@okhdfcbank,832.42,2025-01-28 23:21:59,success,362842808956,GPay
TXN0005105,CUST00607,MER0007,cust00607@okhdfcbank,1501.5,2025-01-06 14:19:00,SUCCESS,452897792937,BHIM
TXN0005106,CUST01335,MER0108,cust01335@okhdfcbank,736.48,2025-01-16 06:48:49,SUCCESS,868584998862,Amazon Pay
TXN0005107,CUST00755,MER0120,cust00755@okhdfcbank,672.76,2025-05-31 15:28:32,success,816523885660,GPay
TXN0005108,CUST01864,MER0038,cust01864@okhdfcbank,1579.29,2025-03-28 17:42:12,FAILED,404541400296,BHIM
TXN0005115,CUST00108,MER0084,cust00108@okhdfcbank,2049.61,2025-04-18 07:11:12,SUCCESS,879325949163,GPay
TXN0005117,CUST01476,MER0097,cust01476@okhdfcbank,194.63,2025-04-17 19:46:41,success,385360025449,BHIM
TXN0005118,CUST00053,MER0112,cust00053@okhdfcbank,252.4,2025-05-06 12:06:29,success,484176563453,Paytm
TXN0005120,CUST01713,MER0009,cust01713@okhdfcbank,840.1,2025-05-05 23:29:28,Success,067716371999,Paytm
TXN0005121,CUST00580,MER0083,cust00580@okhdfcbank,969.16,2025-04-20 19:57:56,Success,974197477514,PhonePe
TXN0005123,CUST01809,MER0131,cust01809@okhdfcbank,387.33,2025-01-11 20:19:21,SUCCESS,316713426117,PhonePe
TXN0005124,CUST01481,MER0034,cust01481@okhdfcbank,685.38,2025-04-07 10:40:50,SUCCESS,041660567346,PhonePe
TXN0005127,CUST01926,MER0061,cust01926@okhdfcbank,675.26,2025-01-18 20:05:45,SUCCESS,023103286607,Paytm
TXN0005128,CUST01546,MER0093,cust01546@okhdfcbank,1698.86,2025-03-11 08:07:05,success,610300433866,Amazon Pay
TXN0005129,CUST00693,MER0021,cust00693@okhdfcbank,352.79,2025-03-22 03:03:00,success,248948083244,Amazon Pay
TXN0005132,CUST01315,MER0102,cust01315@okhdfcbank,370.68,2025-05-15 21:00:29,success,206522027140,BHIM
TXN0005133,CUST00318,MER0141,cust00318@okhdfcbank,969.62,2025-06-09 18:44:24,success,226435706065,Paytm
TXN0005134,CUST00184,MER0054,cust00184@okhdfcbank,249.62,2025-03-29 02:09:10,SUCCESS,944594863113,PhonePe
TXN0005136,CUST01867,MER0067,cust01867@okhdfcbank,921.69,2025-02-14 03:44:34,failed,699408368078,GPay
TXN0005138,CUST01143,MER0007,cust01143@okhdfcbank,2691.92,2025-01-11 04:35:20,Success,909738097972,GPay
TXN0005142,CUST01955,MER0036,cust01955@okhdfcbank,808.09,2025-04-08 04:53:23,FAILED,999182479935,BHIM
TXN0005145,CUST01372,MER0107,cust01372@okhdfcbank,651.38,2025-04-17 19:19:50,SUCCESS,226671658631,Paytm
TXN0005150,CUST00754,MER0131,cust00754@okhdfcbank,645.9,2025-06-24 11:40:53,SUCCESS,098457173042,GPay
TXN0005151,CUST01698,MER0043,cust01698@okhdfcbank,496.44,2025-03-19 02:59:59,success,890466317607,BHIM
TXN0005152,CUST00436,MER0039,cust00436@okhdfcbank,149.71,2025-04-15 03:00:46,success,882077670432,GPay
TXN0005156,CUST00525,MER0086,cust00525@okhdfcbank,404.0,2025-02-08 00:21:56,success,570028323959,Paytm
TXN0005157,CUST00670,MER0067,cust00670@okhdfcbank,1018.68,2025-03-18 05:47:59,Success,084155479108,Paytm
TXN0005159,CUST00913,MER0132,cust00913@okhdfcbank,71.46,2025-05-30 12:32:15,success,088397659957,PhonePe
TXN0005160,CUST00831,MER0053,cust00831@okhdfcbank,801.86,2025-02-05 21:22:47,SUCCESS,341408422597,PhonePe
TXN0005162,CUST00219,MER0053,cust00219@okhdfcbank,333.67,2025-02-08 20:43:56,success,926917400756,Paytm
TXN0005163,CUST01556,MER0146,cust01556@okhdfcbank,2117.24,2025-05-23 20:37:20,Success,995551629960,GPay
TXN0005164,CUST01531,MER0077,cust01531@okhdfcbank,430.96,2025-06-11 17:44:01,Failed,739971254556,BHIM
TXN0005165,CUST01413,MER0055,cust01413@okhdfcbank,493.6,2025-06-22 04:05:54,Failed,232513193000,GPay
TXN0005167,CUST00950,MER0014,cust00950@okhdfcbank,816.75,2025-05-06 19:06:25,success,205955734438,Paytm
TXN0005168,CUST01283,MER0059,cust01283@okhdfcbank,196.53,2025-04-21 01:41:47,Pending,903704937730,Paytm
TXN0005169,CUST01824,MER0065,cust01824@okhdfcbank,463.92,2025-02-12 02:23:22,SUCCESS,935982473659,BHIM
TXN0005171,CUST00444,MER0047,cust00444@okhdfcbank,646.79,2025-06-17 01:33:32,SUCCESS,695344826887,Amazon Pay
TXN0005173,CUST00796,MER0084,cust00796@okhdfcbank,6551.45,2025-03-30 21:53:44,Success,924087182513,Amazon Pay
TXN0005174,CUST00801,MER0043,cust00801@okhdfcbank,152.04,2025-06-28 19:19:38,Success,241772351263,PhonePe
TXN0005175,CUST01007,MER0123,cust01007@okhdfcbank,1313.03,2025-04-19 21:39:23,SUCCESS,219944592659,GPay
TXN0005178,CUST01263,MER0028,cust01263@okhdfcbank,257.16,2025-06-21 17:39:37,success,495207440127,PhonePe
TXN0005179,CUST00001,MER0008,cust00001@okhdfcbank,2603.65,2025-05-01 06:02:19,Success,568185195035,Amazon Pay
TXN0005181,CUST01905,MER0001,cust01905@okhdfcbank,248.82,2025-02-28 22:09:48,PENDING,271860161910,GPay
TXN0005183,CUST01164,MER0041,cust01164@okhdfcbank,340.32,2025-01-19 21:08:13,SUCCESS,695746755336,Paytm
TXN0005188,CUST01578,MER0009,cust01578@okhdfcbank,748.0,2025-06-24 11:24:52,pending,124924840674,PhonePe
TXN0005190,CUST00539,MER0117,cust00539@okhdfcbank,301.75,2025-06-22 07:24:23,Success,908132273679,Amazon Pay
TXN0005191,CUST01640,MER0053,cust01640@okhdfcbank,2039.37,2025-01-24 08:45:18,SUCCESS,374435268310,GPay
TXN0005195,CUST00481,MER0117,cust00481@okhdfcbank,56.97,2025-06-18 21:31:24,SUCCESS,122104930011,Paytm
TXN0005198,CUST00983,MER0017,cust00983@okhdfcbank,524.79,2025-05-23 00:43:46,success,276503777863,GPay
TXN0005199,CUST01417,MER0040,cust01417@okhdfcbank,459.02,2025-02-11 20:11:20,Success,909542090709,GPay
TXN0005200,CUST00134,MER0102,cust00134@okhdfcbank,220.4,2025-05-12 15:47:55,success,732447043735,BHIM
TXN0005201,CUST00773,MER0008,cust00773@okhdfcbank,948.59,2025-01-08 05:11:00,success,639358376394,PhonePe
TXN0005206,CUST00577,MER0123,cust00577@okhdfcbank,111.0,2025-02-09 08:38:38,SUCCESS,954118827409,GPay
TXN0005208,CUST01375,MER0070,cust01375@okhdfcbank,720.3,2025-06-19 07:46:30,Success,306603481822,GPay
TXN0005210,CUST00918,MER0001,cust00918@okhdfcbank,2122.37,2025-05-07 06:04:07,success,886220021459,BHIM
TXN0005212,CUST01756,MER0112,cust01756@okhdfcbank,84.93,2025-04-19 12:52:10,Success,808229273478,Amazon Pay
TXN0005213,CUST01950,MER0126,cust01950@okhdfcbank,388.32,2025-06-03 18:49:07,success,137535579330,BHIM
TXN0005215,CUST00746,MER0023,cust00746@okhdfcbank,147.41,2025-04-27 03:06:38,SUCCESS,726313299050,Amazon Pay
TXN0005217,CUST00336,MER0096,cust00336@okhdfcbank,598.35,2025-05-08 21:18:16,SUCCESS,868350088316,Paytm
TXN0005219,CUST00299,MER0083,cust00299@okhdfcbank,344.64,2025-05-23 18:15:24,Success,349743892342,Paytm
TXN0005220,CUST01310,MER0089,cust01310@okhdfcbank,1086.3,2025-03-21 00:45:54,success,430522593481,PhonePe
TXN0005221,CUST00357,MER0149,cust00357@okhdfcbank,325.9,2025-03-20 00:25:36,SUCCESS,832634763304,BHIM
TXN0005222,CUST00763,MER0120,cust00763@okhdfcbank,1505.2,2025-03-09 11:10:27,Success,196299966044,Amazon Pay
TXN0005223,CUST01572,MER0075,cust01572@okhdfcbank,695.51,2025-01-29 16:01:13,failed,474802108130,GPay
TXN0005224,CUST01668,MER0127,cust01668@okhdfcbank,400.62,2025-05-12 05:02:24,Success,620035613087,PhonePe
TXN0005225,CUST01111,MER0105,cust01111@okhdfcbank,609.17,2025-03-11 23:15:14,pending,863829366898,BHIM
TXN0005226,CUST01969,MER0111,cust01969@okhdfcbank,484.03,2025-01-17 18:51:55,SUCCESS,428567952371,Amazon Pay
TXN0005229,CUST00956,MER0116,cust00956@okhdfcbank,491.96,2025-05-27 08:30:43,Success,360027666472,GPay
TXN0005232,CUST00700,MER0139,cust00700@okhdfcbank,1000.16,2025-05-03 20:35:01,SUCCESS,970536132161,BHIM
TXN0005234,CUST01672,MER0053,cust01672@okhdfcbank,155.14,2025-06-10 03:18:46,success,028664088048,PhonePe
TXN0005235,CUST01420,MER0102,cust01420@okhdfcbank,199.94,2025-01-16 20:57:06,Success,204540234922,PhonePe
TXN0005236,CUST01687,MER0108,cust01687@okhdfcbank,409.87,2025-06-21 00:28:00,Success,413521559585,BHIM
TXN0005239,CUST00522,MER0141,cust00522@okhdfcbank,272.02,2025-05-10 01:25:57,success,652471436748,PhonePe
TXN0005240,CUST01930,MER0043,cust01930@okhdfcbank,84.71,2025-05-24 15:18:15,FAILED,070153688514,BHIM
TXN0005242,CUST00240,MER0084,cust00240@okhdfcbank,870.47,2025-05-23 02:41:24,success,187637090876,BHIM
TXN0005243,CUST01714,MER0096,cust01714@okhdfcbank,1092.27,2025-04-17 11:57:55,success,844341129728,Paytm
TXN0005249,CUST00002,MER0130,cust00002@okhdfcbank,886.72,2025-06-05 07:58:05,SUCCESS,009632324270,Amazon Pay
TXN0005250,CUST00221,MER0127,cust00221@okhdfcbank,1176.8,2025-01-29 00:44:44,FAILED,568272734597,Paytm
TXN0005251,CUST01876,MER0019,cust01876@okhdfcbank,937.23,2025-05-15 22:38:34,SUCCESS,476420885516,BHIM
TXN0005254,CUST01308,MER0025,cust01308@okhdfcbank,1072.39,2025-06-08 03:49:07,SUCCESS,488724280502,Paytm
TXN0005256,CUST00064,MER0076,cust00064@okhdfcbank,1584.83,2025-01-24 12:15:10,SUCCESS,438571358456,BHIM
TXN0005257,CUST00425,MER0048,cust00425@okhdfcbank,855.0,2025-06-10 17:09:33,success,134544981214,GPay
TXN0005258,CUST01590,MER0019,cust01590@okhdfcbank,894.8,2025-01-14 00:20:40,FAILED,959095275035,Paytm
TXN0005259,CUST00520,MER0116,cust00520@okhdfcbank,315.38,2025-01-24 02:21:39,SUCCESS,135711170938,GPay
TXN0005261,CUST00826,MER0003,cust00826@okhdfcbank,1075.6,2025-05-16 12:04:11,SUCCESS,451593168666,Paytm
TXN0005264,CUST01269,MER0123,cust01269@okhdfcbank,1956.72,2025-05-04 08:20:16,Success,360283007611,BHIM
TXN0005266,CUST01007,MER0009,cust01007@okhdfcbank,666.33,2025-04-08 02:08:41,Success,288253542353,Amazon Pay
TXN0005267,CUST00655,MER0090,cust00655@okhdfcbank,366.45,2025-01-07 00:39:30,success,455734146371,PhonePe
TXN0005268,CUST00524,MER0122,cust00524@okhdfcbank,435.56,2025-06-17 05:21:56,SUCCESS,205164359092,PhonePe
TXN0005270,CUST01104,MER0026,cust01104@okhdfcbank,475.09,2025-03-24 01:55:57,SUCCESS,604661718035,GPay
TXN0005271,CUST01411,MER0090,cust01411@okhdfcbank,281.95,2025-05-13 23:37:25,SUCCESS,736296015197,Paytm
TXN0005272,CUST01005,MER0007,cust01005@okhdfcbank,1662.0,2025-03-15 18:46:33,success,767182532524,GPay
TXN0005273,CUST00080,MER0125,cust00080@okhdfcbank,590.87,2025-05-28 09:25:36,success,636101875097,Amazon Pay
TXN0005275,CUST01114,MER0024,cust01114@okhdfcbank,795.48,2025-01-17 02:38:36,SUCCESS,749196062445,Paytm
TXN0005276,CUST00503,MER0025,cust00503@okhdfcbank,1301.43,2025-03-30 06:59:28,Success,338687941308,PhonePe
TXN0005277,CUST00778,MER0087,cust00778@okhdfcbank,179.89,2025-02-16 20:54:21,SUCCESS,850513522606,Amazon Pay
TXN0005278,CUST01237,MER0121,cust01237@okhdfcbank,403.25,2025-01-07 16:02:45,success,905774340057,BHIM
TXN0005280,CUST01592,MER0116,cust01592@okhdfcbank,774.55,2025-02-12 01:13:15,success,306094968162,Amazon Pay
TXN0005282,CUST00022,MER0033,cust00022@okhdfcbank,283.87,2025-04-26 05:34:47,success,037713267920,Paytm
TXN0005283,CUST01767,MER0008,cust01767@okhdfcbank,110.75,2025-04-09 07:30:12,Success,324135750859,Paytm
TXN0005285,CUST00372,MER0119,cust00372@okhdfcbank,160.78,2025-02-23 08:23:11,success,194950558137,PhonePe
TXN0005288,CUST01200,MER0031,cust01200@okhdfcbank,579.66,2025-05-16 13:55:30,SUCCESS,254300792949,GPay
TXN0005289,CUST01059,MER0126,cust01059@okhdfcbank,2568.9,2025-02-03 18:31:11,success,955499123278,Amazon Pay
TXN0005291,CUST00595,MER0085,cust00595@okhdfcbank,96.21,2025-03-24 20:42:48,Success,134514577797,BHIM
TXN0005292,CUST00225,MER0040,cust00225@okhdfcbank,1318.05,2025-06-12 14:26:51,SUCCESS,260938352559,Amazon Pay
TXN0005293,CUST00158,MER0051,cust00158@okhdfcbank,421.47,2025-04-04 14:57:50,Success,006709683093,PhonePe
TXN0005294,CUST00996,MER0064,cust00996@okhdfcbank,1405.09,2025-01-02 02:31:44,FAILED,126855881190,GPay
TXN0005296,CUST00772,MER0012,cust00772@okhdfcbank,2017.76,2025-02-28 16:42:40,success,205759835622,GPay
TXN0005297,CUST00375,MER0058,cust00375@okhdfcbank,655.22,2025-03-08 00:50:34,SUCCESS,346937669885,Amazon Pay
TXN0005299,CUST01462,MER0114,cust01462@okhdfcbank,1245.94,2025-06-06 23:30:11,SUCCESS,537353018054,Amazon Pay
TXN0005300,CUST01436,MER0030,cust01436@okhdfcbank,554.46,2025-01-20 17:12:00,Success,023950736343,GPay
TXN0005302,CUST01939,MER0145,cust01939@okhdfcbank,306.06,2025-01-05 14:20:54,SUCCESS,872210087937,PhonePe
TXN0005305,CUST01421,MER0095,cust01421@okhdfcbank,149.1,2025-05-04 06:31:53,Success,280230781528,Amazon Pay
TXN0005306,CUST01114,MER0028,cust01114@okhdfcbank,917.77,2025-03-23 06:55:55,Success,490079678969,PhonePe
TXN0005307,CUST00971,MER0009,cust00971@okhdfcbank,339.55,2025-02-24 03:46:42,success,803459075079,Paytm
TXN0005308,CUST00894,MER0143,cust00894@okhdfcbank,113.61,2025-05-17 07:46:46,success,612537701162,Paytm
TXN0005311,CUST01943,MER0092,cust01943@okhdfcbank,101.72,2025-04-03 03:54:54,Success,523855077008,BHIM
TXN0005315,CUST01169,MER0048,cust01169@okhdfcbank,130.86,2025-05-10 01:27:04,SUCCESS,222594285592,BHIM
TXN0005316,CUST00403,MER0115,cust00403@okhdfcbank,331.91,2025-05-09 03:10:46,SUCCESS,488282019867,BHIM
TXN0005317,CUST01119,MER0096,cust01119@okhdfcbank,241.47,2025-04-19 05:31:31,SUCCESS,679088510685,GPay
TXN0005319,CUST01989,MER0048,cust01989@okhdfcbank,892.06,2025-04-24 00:52:41,Failed,077401015337,BHIM
TXN0005321,CUST00476,MER0052,cust00476@okhdfcbank,389.38,2025-01-29 14:52:27,SUCCESS,151630138023,GPay
TXN0005322,CUST00616,MER0035,cust00616@okhdfcbank,379.01,2025-05-25 23:36:16,success,567470090262,BHIM
TXN0005323,CUST01437,MER0101,cust01437@okhdfcbank,213.35,2025-01-03 04:09:57,success,901581534991,PhonePe
TXN0005325,CUST01615,MER0004,cust01615@okhdfcbank,995.86,2025-01-22 21:27:54,SUCCESS,219492471110,BHIM
TXN0005327,CUST00019,MER0078,cust00019@okhdfcbank,454.54,2025-06-20 22:53:23,SUCCESS,702200055807,BHIM
TXN0005328,CUST01662,MER0036,cust01662@okhdfcbank,356.55,2025-03-04 01:06:50,SUCCESS,716646766131,BHIM
TXN0005329,CUST01886,MER0063,cust01886@okhdfcbank,897.07,2025-06-17 02:37:11,success,254654609580,GPay
TXN0005330,CUST00984,MER0055,cust00984@okhdfcbank,118.51,2025-02-06 15:15:07,success,637482579144,Amazon Pay
TXN0005331,CUST01360,MER0122,cust01360@okhdfcbank,498.94,2025-04-03 20:55:30,Success,768025503511,BHIM
TXN0005332,CUST00981,MER0055,cust00981@okhdfcbank,694.36,2025-01-20 05:35:33,success,722345447225,Paytm
TXN0005333,CUST00354,MER0100,cust00354@okhdfcbank,73.35,2025-04-18 09:19:06,Success,248599606160,BHIM
TXN0005334,CUST01298,MER0139,cust01298@okhdfcbank,168.29,2025-06-16 17:47:54,FAILED,676725297657,Paytm
TXN0005337,CUST01045,MER0038,cust01045@okhdfcbank,591.4,2025-06-17 05:24:54,SUCCESS,024155976225,Amazon Pay
TXN0005340,CUST00506,MER0106,cust00506@okhdfcbank,100.61,2025-06-13 01:36:58,success,697790782924,Paytm
TXN0005343,CUST00123,MER0111,cust00123@okhdfcbank,207.41,2025-01-09 07:58:11,Success,474112956069,BHIM
TXN0005344,CUST01784,MER0083,cust01784@okhdfcbank,1251.73,2025-06-01 14:00:31,success,693805179003,Amazon Pay
TXN0005346,CUST01376,MER0096,cust01376@okhdfcbank,279.18,2025-03-17 21:08:57,Success,862934186221,PhonePe
TXN0005347,CUST00922,MER0058,cust00922@okhdfcbank,245.17,2025-05-26 08:46:06,success,502825795925,BHIM
TXN0005348,CUST01859,MER0033,cust01859@okhdfcbank,916.83,2025-04-04 02:00:23,success,889589644549,BHIM
TXN0005349,CUST01260,MER0131,cust01260@okhdfcbank,609.09,2025-06-22 13:50:52,success,790725000298,Paytm
TXN0005353,CUST00064,MER0107,cust00064@okhdfcbank,145.11,2025-01-13 21:08:19,SUCCESS,431234937494,GPay
TXN0005354,CUST01151,MER0022,cust01151@okhdfcbank,835.22,2025-05-17 19:05:18,Success,126921692321,PhonePe
TXN0005355,CUST01827,MER0038,cust01827@okhdfcbank,2232.09,2025-05-31 02:03:33,SUCCESS,002127063964,PhonePe
TXN0005356,CUST01314,MER0011,cust01314@okhdfcbank,571.12,2025-03-13 18:05:35,Success,128503420553,Paytm
TXN0005357,CUST00569,MER0101,cust00569@okhdfcbank,270.31,2025-02-24 12:46:43,Success,985697005111,PhonePe
TXN0005360,CUST00670,MER0079,cust00670@okhdfcbank,718.16,2025-06-16 02:21:16,Success,103592075676,PhonePe
TXN0005362,CUST01552,MER0144,cust01552@okhdfcbank,331.8,2025-06-29 07:36:27,SUCCESS,616858749019,PhonePe
TXN0005363,CUST01398,MER0147,cust01398@okhdfcbank,282.67,2025-01-27 15:42:43,Failed,260540062405,GPay
TXN0005365,CUST01092,MER0133,cust01092@okhdfcbank,248.15,2025-04-30 16:28:36,success,329160321022,Amazon Pay
TXN0005368,CUST01792,MER0074,cust01792@okhdfcbank,327.19,2025-04-26 10:15:44,Pending,757273579219,GPay
TXN0005370,CUST01856,MER0083,cust01856@okhdfcbank,2873.12,2025-06-26 03:56:26,success,259908965691,Paytm
TXN0005371,CUST00491,MER0145,cust00491@okhdfcbank,901.93,2025-02-07 03:22:00,Success,540898612986,BHIM
TXN0005372,CUST00714,MER0079,cust00714@okhdfcbank,1469.24,2025-02-07 06:04:10,Success,421896232161,PhonePe
TXN0005373,CUST01692,MER0086,cust01692@okhdfcbank,196.63,2025-04-11 12:31:30,success,378375531866,PhonePe
TXN0005375,CUST00869,MER0049,cust00869@okhdfcbank,933.57,2025-05-30 04:36:10,SUCCESS,602843869234,PhonePe
TXN0005378,CUST01405,MER0093,cust01405@okhdfcbank,294.93,2025-05-19 09:03:17,Success,174572252490,BHIM
TXN0005380,CUST00419,MER0119,cust00419@okhdfcbank,561.03,2025-04-23 23:08:49,success,342296605643,GPay
TXN0005381,CUST01066,MER0045,cust01066@okhdfcbank,844.75,2025-01-23 18:14:30,SUCCESS,584323640022,Amazon Pay
TXN0005382,CUST01484,MER0075,cust01484@okhdfcbank,573.41,2025-05-05 00:04:12,success,187551590715,Paytm
TXN0005383,CUST00506,MER0053,cust00506@okhdfcbank,441.8,2025-04-27 03:29:37,Success,692198341419,BHIM
TXN0005384,CUST01618,MER0087,cust01618@okhdfcbank,354.04,2025-02-05 13:12:16,SUCCESS,562948032817,BHIM
TXN0005386,CUST00504,MER0101,cust00504@okhdfcbank,151.02,2025-04-05 01:12:12,Success,982988115076,Amazon Pay
TXN0005387,CUST01469,MER0070,cust01469@okhdfcbank,1179.59,2025-04-21 07:57:16,success,170759349334,BHIM
TXN0005391,CUST01666,MER0141,cust01666@okhdfcbank,122.37,2025-03-18 07:53:24,success,998345499182,GPay
TXN0005396,CUST00862,MER0051,cust00862@okhdfcbank,187.96,2025-02-21 14:15:26,PENDING,097205051961,Amazon Pay
TXN0005397,CUST00105,MER0110,cust00105@okhdfcbank,115.39,2025-05-02 23:13:02,Success,302359282280,Paytm
TXN0005398,CUST01003,MER0028,cust01003@okhdfcbank,167.27,2025-04-03 12:02:11,SUCCESS,319152359730,Amazon Pay
TXN0005399,CUST00896,MER0100,cust00896@okhdfcbank,4341.41,2025-03-02 19:20:50,success,946932129734,Amazon Pay
TXN0005401,CUST00252,MER0093,cust00252@okhdfcbank,762.13,2025-05-28 14:26:11,SUCCESS,874014418233,BHIM
TXN0005404,CUST00221,MER0141,cust00221@okhdfcbank,901.38,2025-04-14 22:19:05,SUCCESS,840490050306,BHIM
TXN0005405,CUST00550,MER0033,cust00550@okhdfcbank,858.18,2025-06-02 05:06:07,Success,164439566291,BHIM
TXN0005408,CUST00021,MER0029,cust00021@okhdfcbank,917.95,2025-03-07 13:21:26,Success,479846853763,GPay
TXN0005409,CUST01279,MER0071,cust01279@okhdfcbank,856.09,2025-02-25 04:24:45,SUCCESS,578804986338,Amazon Pay
TXN0005410,CUST00881,MER0062,cust00881@okhdfcbank,370.57,2025-02-14 18:09:12,success,930305716219,BHIM
TXN0005412,CUST00547,MER0142,cust00547@okhdfcbank,315.5,2025-03-10 15:40:08,success,175324123892,Amazon Pay
TXN0005414,CUST01134,MER0150,cust01134@okhdfcbank,494.71,2025-03-03 12:00:42,SUCCESS,012786283867,GPay
TXN0005415,CUST01562,MER0057,cust01562@okhdfcbank,828.02,2025-02-03 08:50:35,SUCCESS,060887063563,PhonePe
TXN0005416,CUST01651,MER0099,cust01651@okhdfcbank,671.32,2025-02-09 10:42:23,FAILED,136976939042,Paytm
TXN0005417,CUST01110,MER0005,cust01110@okhdfcbank,819.88,2025-02-01 03:29:54,Success,860895616954,Amazon Pay
TXN0005418,CUST00187,MER0147,cust00187@okhdfcbank,230.31,2025-05-24 18:46:32,Success,148648498802,BHIM
TXN0005419,CUST01258,MER0070,cust01258@okhdfcbank,2396.78,2025-06-07 04:46:40,Success,151709863785,PhonePe
TXN0005420,CUST00996,MER0032,cust00996@okhdfcbank,349.89,2025-01-19 13:55:05,success,810323214780,Amazon Pay
TXN0005421,CUST00505,MER0105,cust00505@okhdfcbank,437.5,2025-02-12 21:48:39,FAILED,738987930769,Paytm
TXN0005422,CUST00496,MER0118,cust00496@okhdfcbank,131.81,2025-04-29 08:58:31,SUCCESS,085812702839,GPay
TXN0005424,CUST00452,MER0072,cust00452@okhdfcbank,839.02,2025-01-21 20:27:33,PENDING,778973388247,Paytm
TXN0005425,CUST00007,MER0062,cust00007@okhdfcbank,1056.28,2025-05-11 07:50:23,success,332236962734,BHIM
TXN0005428,CUST01736,MER0021,cust01736@okhdfcbank,649.96,2025-03-21 07:54:33,success,874015554713,Paytm
TXN0005432,CUST01379,MER0126,cust01379@okhdfcbank,1275.47,2025-03-26 18:56:16,Pending,763523643832,GPay
TXN0005434,CUST00043,MER0128,cust00043@okhdfcbank,1015.46,2025-04-09 13:23:52,success,479724651714,Amazon Pay
TXN0005437,CUST01715,MER0097,cust01715@okhdfcbank,845.95,2025-02-02 16:42:55,success,624788113043,Amazon Pay
TXN0005439,CUST00447,MER0081,cust00447@okhdfcbank,43.41,2025-03-10 14:20:11,Success,645228435570,PhonePe
TXN0005441,CUST01465,MER0075,cust01465@okhdfcbank,637.67,2025-06-24 11:05:33,success,736456264545,GPay
TXN0005442,CUST00473,MER0098,cust00473@okhdfcbank,-439.19,2025-04-27 14:13:58,success,400033380056,Paytm
TXN0005443,CUST01798,MER0121,cust01798@okhdfcbank,8665.52,2025-01-05 17:08:03,FAILED,910228533910,Paytm
TXN0005445,CUST01322,MER0017,cust01322@okhdfcbank,570.86,2025-03-29 19:37:05,success,749145957353,GPay
TXN0005446,CUST01461,MER0006,cust01461@okhdfcbank,757.17,2025-03-17 12:15:53,SUCCESS,815812180873,PhonePe
TXN0005447,CUST01171,MER0089,cust01171@okhdfcbank,316.93,2025-03-11 19:29:14,Success,084943838582,Amazon Pay
TXN0005449,CUST01484,MER0115,cust01484@okhdfcbank,706.98,2025-06-26 13:07:24,SUCCESS,227604842597,GPay
TXN0005450,CUST00869,MER0023,cust00869@okhdfcbank,675.31,2025-03-26 22:15:22,success,417501426135,GPay
TXN0005451,CUST00523,MER0090,cust00523@okhdfcbank,263.98,2025-02-14 09:09:07,PENDING,301693798781,Paytm
TXN0005452,CUST00552,MER0094,cust00552@okhdfcbank,103.1,2025-06-27 00:21:27,Success,903127080825,Paytm
TXN0005453,CUST00533,MER0123,cust00533@okhdfcbank,298.45,2025-01-31 16:47:27,SUCCESS,871527218183,Paytm
TXN0005454,CUST00346,MER0057,cust00346@okhdfcbank,653.69,2025-06-15 18:16:59,SUCCESS,017588771777,BHIM
TXN0005456,CUST00401,MER0010,cust00401@okhdfcbank,659.66,2025-03-16 01:39:29,Success,528056993532,BHIM
TXN0005457,CUST00747,MER0013,cust00747@okhdfcbank,390.58,2025-05-28 17:10:00,FAILED,030026182858,GPay
TXN0005458,CUST00469,MER0024,cust00469@okhdfcbank,757.92,2025-05-18 07:20:45,Success,159596070279,Paytm
TXN0005462,CUST01909,MER0066,cust01909@okhdfcbank,105.82,2025-03-29 23:36:10,Success,346651294164,BHIM
TXN0005463,CUST00306,MER0076,cust00306@okhdfcbank,417.73,2025-01-28 12:03:44,success,881890921676,GPay
TXN0005464,CUST01759,MER0112,cust01759@okhdfcbank,2290.02,2025-02-24 01:58:00,SUCCESS,857213839343,BHIM
TXN0005465,CUST01784,MER0048,cust01784@okhdfcbank,114.6,2025-02-14 11:37:50,SUCCESS,219297330247,PhonePe
TXN0005466,CUST00839,MER0080,cust00839@okhdfcbank,555.24,2025-02-02 08:32:47,SUCCESS,761244876420,Amazon Pay
TXN0005470,CUST01123,MER0121,cust01123@okhdfcbank,261.91,2025-03-24 04:33:11,success,189505745920,GPay
TXN0005472,CUST01655,MER0051,cust01655@okhdfcbank,1541.51,2025-04-28 00:28:46,success,160244743231,Paytm
TXN0005473,CUST01460,MER0020,cust01460@okhdfcbank,206.97,2025-01-14 02:01:24,Success,141661866124,PhonePe
TXN0005475,CUST01604,MER0046,cust01604@okhdfcbank,77.56,2025-04-14 16:24:10,SUCCESS,192920355449,Paytm
TXN0005476,CUST00255,MER0119,cust00255@okhdfcbank,1192.7,2025-04-18 11:12:39,Success,069830284074,Paytm
TXN0005477,CUST01559,MER0095,cust01559@okhdfcbank,1569.1,2025-05-21 10:23:45,success,197638481296,PhonePe
TXN0005480,CUST00352,MER0070,cust00352@okhdfcbank,904.29,2025-04-10 15:53:57,success,309387296036,GPay
TXN0005482,CUST01034,MER0015,cust01034@okhdfcbank,522.19,2025-03-18 11:16:02,FAILED,286270007265,Amazon Pay
TXN0005483,CUST00277,MER0043,cust00277@okhdfcbank,604.91,2025-01-10 09:18:05,Success,942834013776,Amazon Pay
TXN0005487,CUST00504,MER0117,cust00504@okhdfcbank,69.24,2025-02-04 00:14:05,SUCCESS,131622414811,BHIM
TXN0005491,CUST00589,MER0118,cust00589@okhdfcbank,102.58,2025-04-13 16:49:12,failed,313993918149,Amazon Pay
TXN0005494,CUST01971,MER0134,cust01971@okhdfcbank,998.2,2025-03-10 17:27:32,SUCCESS,054143073786,PhonePe
TXN0005495,CUST01611,MER0148,cust01611@okhdfcbank,250.56,2025-05-20 11:46:51,Success,017375895938,Paytm
TXN0005496,CUST01716,MER0104,cust01716@okhdfcbank,39.77,2025-05-26 22:51:20,Success,152334868808,Amazon Pay
TXN0005501,CUST01238,MER0106,cust01238@okhdfcbank,1150.55,2025-03-16 06:54:57,success,194809433919,Paytm
TXN0005502,CUST00770,MER0077,cust00770@okhdfcbank,587.63,2025-03-14 13:12:40,Success,602315550044,Paytm
TXN0005503,CUST00049,MER0081,cust00049@okhdfcbank,510.33,2025-04-05 14:37:01,Failed,978950514137,PhonePe
TXN0005504,CUST00407,MER0005,cust00407@okhdfcbank,518.51,2025-02-11 20:37:51,SUCCESS,020108745489,Paytm
TXN0005505,CUST00892,MER0038,cust00892@okhdfcbank,972.57,2025-03-29 08:52:27,success,577043412582,Paytm
TXN0005506,CUST01772,MER0036,cust01772@okhdfcbank,209.04,2025-05-07 00:53:29,SUCCESS,619274296840,BHIM
TXN0005507,CUST01626,MER0078,cust01626@okhdfcbank,754.45,2025-03-18 23:10:30,success,981763314108,Paytm
TXN0005508,CUST00501,MER0037,cust00501@okhdfcbank,196.25,2025-01-04 04:19:37,success,671003259650,GPay
TXN0005509,CUST01845,MER0059,cust01845@okhdfcbank,,2025-06-25 11:22:40,Success,344714611460,PhonePe
TXN0005510,CUST00900,MER0065,cust00900@okhdfcbank,838.93,2025-04-05 12:32:23,Success,617142679988,GPay
TXN0005511,CUST00818,MER0120,cust00818@okhdfcbank,247.59,2025-05-19 10:18:34,success,723504843907,Paytm
TXN0005515,CUST01838,MER0026,cust01838@okhdfcbank,2497.08,2025-02-27 08:44:53,success,525589445553,Paytm
TXN0005519,CUST00603,MER0091,cust00603@okhdfcbank,1057.34,2025-06-09 10:34:35,failed,171309094285,Amazon Pay
TXN0005524,CUST00299,MER0144,cust00299@okhdfcbank,940.58,2025-02-22 08:28:01,SUCCESS,786327468664,BHIM
TXN0005525,CUST00123,MER0007,cust00123@okhdfcbank,231.49,2025-04-09 22:28:24,success,164235686392,GPay
TXN0005526,CUST00448,MER0134,cust00448@okhdfcbank,55.32,2025-03-14 02:13:37,Success,112009418973,GPay
TXN0005528,CUST01256,MER0118,cust01256@okhdfcbank,60.53,2025-03-09 08:47:28,FAILED,537782411974,Paytm
TXN0005529,CUST01274,MER0084,cust01274@okhdfcbank,182.91,2025-02-25 07:51:24,failed,489804952941,PhonePe
TXN0005530,CUST00754,MER0014,cust00754@okhdfcbank,205.55,2025-06-05 13:58:27,success,355490093745,BHIM
TXN0005531,CUST01059,MER0150,cust01059@okhdfcbank,279.04,2025-01-24 22:36:33,Success,015428570871,Paytm
TXN0005532,CUST01810,MER0113,cust01810@okhdfcbank,1119.28,2025-05-28 06:49:52,Success,062173019988,GPay
TXN0005535,CUST00138,MER0040,cust00138@okhdfcbank,927.51,2025-06-10 03:26:27,failed,763069695742,GPay
TXN0005536,CUST00774,MER0085,cust00774@okhdfcbank,949.68,2025-05-09 06:41:41,Failed,236928263014,Paytm
TXN0005537,CUST01463,MER0113,cust01463@okhdfcbank,40.58,2025-05-23 00:48:11,success,626189315371,GPay
TXN0005539,CUST00292,MER0051,cust00292@okhdfcbank,81.74,2025-01-19 02:17:42,Failed,634315821308,GPay
TXN0005540,CUST01264,MER0099,cust01264@okhdfcbank,819.86,2025-02-23 13:08:02,Success,431884306910,Paytm
TXN0005541,CUST00808,MER0057,cust00808@okhdfcbank,60.76,2025-01-09 03:13:45,Success,704946046090,Paytm
TXN0005546,CUST00136,MER0042,cust00136@okhdfcbank,817.8,2025-06-16 18:29:15,SUCCESS,990624085272,PhonePe
TXN0005547,CUST00077,MER0068,cust00077@okhdfcbank,721.13,2025-05-22 05:10:27,SUCCESS,744693461902,PhonePe
TXN0005548,CUST00989,MER0017,cust00989@okhdfcbank,990.29,2025-02-12 13:03:14,Success,200558645149,PhonePe
TXN0005549,CUST00960,MER0043,cust00960@okhdfcbank,344.05,2025-06-29 13:58:54,SUCCESS,334890792202,Paytm
TXN0005550,CUST01378,MER0127,cust01378@okhdfcbank,573.59,2025-01-23 04:22:59,SUCCESS,791594453436,GPay
TXN0005551,CUST00164,MER0118,cust00164@okhdfcbank,497.73,2025-06-07 14:44:54,success,342813621045,GPay
TXN0005552,CUST01842,MER0088,cust01842@okhdfcbank,486.6,2025-04-30 18:29:19,success,543033677151,BHIM
TXN0005557,CUST01362,MER0084,cust01362@okhdfcbank,235.87,2025-04-13 06:38:33,Success,841303944806,Amazon Pay
TXN0005559,CUST00572,MER0063,cust00572@okhdfcbank,152.6,2025-02-13 22:09:47,success,670469992148,PhonePe
TXN0005561,CUST00558,MER0085,cust00558@okhdfcbank,1581.83,2025-04-09 19:20:35,Success,917224417884,Paytm
TXN0005563,CUST00829,MER0014,cust00829@okhdfcbank,1662.86,2025-04-25 21:29:18,SUCCESS,685827453114,BHIM
TXN0005564,CUST00616,MER0066,cust00616@okhdfcbank,272.93,2025-01-21 16:18:39,Success,910170863356,Amazon Pay
TXN0005566,CUST00458,MER0057,cust00458@okhdfcbank,170.21,2025-06-21 00:34:28,SUCCESS,654644904824,GPay
TXN0005572,CUST00497,MER0042,cust00497@okhdfcbank,184.49,2025-05-01 23:39:41,PENDING,117055819858,PhonePe
TXN0005576,CUST00970,MER0008,cust00970@okhdfcbank,580.43,2025-03-06 19:33:17,Success,775186590177,Paytm
TXN0005580,CUST00881,MER0061,cust00881@okhdfcbank,2035.3,2025-02-25 15:02:08,success,783582606864,GPay
TXN0005581,CUST00499,MER0043,cust00499@okhdfcbank,1054.42,2025-03-07 06:23:31,Success,667539725703,BHIM
TXN0005582,CUST00327,MER0084,cust00327@okhdfcbank,501.89,2025-04-26 05:39:32,Success,547496206560,GPay
TXN0005585,CUST00018,MER0039,cust00018@okhdfcbank,748.16,2025-04-15 22:18:31,Success,209353871006,Paytm
TXN0005586,CUST00878,MER0127,cust00878@okhdfcbank,2208.22,2025-06-24 02:22:18,Success,187570317489,BHIM
TXN0005587,CUST00190,MER0039,cust00190@okhdfcbank,124.83,2025-01-10 23:20:40,SUCCESS,001838348179,Amazon Pay
TXN0005588,CUST00005,MER0121,cust00005@okhdfcbank,953.15,2025-02-04 11:33:01,Success,586326938791,GPay
TXN0005591,CUST01172,MER0023,cust01172@okhdfcbank,411.11,2025-01-08 20:25:00,SUCCESS,974493826226,BHIM
TXN0005592,CUST00339,MER0080,cust00339@okhdfcbank,169.95,2025-03-06 02:34:19,SUCCESS,484271556965,PhonePe
TXN0005593,CUST00205,MER0010,cust00205@okhdfcbank,757.88,2025-04-24 04:20:26,SUCCESS,595091958673,GPay
TXN0005595,CUST00001,MER0050,cust00001@okhdfcbank,432.62,2025-06-03 07:32:08,success,505467424267,Amazon Pay
TXN0005596,CUST00349,MER0101,cust00349@okhdfcbank,326.67,2025-06-10 01:00:29,SUCCESS,806040236064,BHIM
TXN0005597,CUST01005,MER0028,cust01005@okhdfcbank,1012.49,2025-02-21 21:50:58,success,424191504903,Amazon Pay
TXN0005601,CUST01242,MER0067,cust01242@okhdfcbank,873.48,2025-01-31 13:30:33,Success,977471430857,BHIM
TXN0005602,CUST01318,MER0132,cust01318@okhdfcbank,379.19,2025-01-19 15:57:09,Success,732160146462,PhonePe
TXN0005603,CUST01017,MER0058,cust01017@okhdfcbank,2699.37,2025-05-14 19:07:19,success,490005251828,Amazon Pay
TXN0005605,CUST00694,MER0042,cust00694@okhdfcbank,87.71,2025-05-15 22:30:34,SUCCESS,418739304821,Paytm
TXN0005609,CUST01653,MER0061,cust01653@okhdfcbank,855.23,2025-06-04 05:30:29,success,328718350704,Paytm
TXN0005610,CUST01735,MER0080,cust01735@okhdfcbank,1648.76,2025-05-10 08:58:30,Success,388285671723,Amazon Pay
TXN0005611,CUST00669,MER0054,cust00669@okhdfcbank,171.29,2025-02-16 17:39:21,Success,173654212176,PhonePe
TXN0005614,CUST01204,MER0031,cust01204@okhdfcbank,582.07,2025-01-29 16:14:18,Success,569191486906,Paytm
TXN0005615,CUST00221,MER0115,cust00221@okhdfcbank,921.15,2025-01-25 11:42:50,success,962939910938,Paytm
TXN0005618,CUST00656,MER0149,cust00656@okhdfcbank,1866.61,2025-02-16 11:00:16,SUCCESS,595477966717,GPay
TXN0005620,CUST01905,MER0142,cust01905@okhdfcbank,165.55,2025-05-22 15:09:33,success,928556001996,GPay
TXN0005621,CUST01204,MER0078,cust01204@okhdfcbank,451.28,2025-05-18 16:41:44,SUCCESS,486914550959,BHIM
TXN0005625,CUST00101,MER0009,cust00101@okhdfcbank,655.56,2025-06-13 07:54:34,success,243516956398,BHIM
TXN0005627,CUST00383,MER0128,cust00383@okhdfcbank,762.31,2025-04-01 00:05:05,success,883807243647,Amazon Pay
TXN0005628,CUST01349,MER0102,cust01349@okhdfcbank,442.52,2025-06-02 04:25:19,SUCCESS,583724992761,BHIM
TXN0005629,CUST01453,MER0083,cust01453@okhdfcbank,3417.55,2025-03-29 07:20:41,Success,231668837587,Amazon Pay
TXN0005630,CUST00273,MER0084,cust00273@okhdfcbank,105.0,2025-05-25 17:15:44,Success,382627230009,GPay
TXN0005633,CUST01781,MER0043,cust01781@okhdfcbank,130.68,2025-02-18 15:52:56,success,225259576537,BHIM
TXN0005634,CUST00852,MER0024,cust00852@okhdfcbank,92.1,2025-04-05 13:05:29,Success,524810274350,Amazon Pay
TXN0005635,CUST01794,MER0086,cust01794@okhdfcbank,632.93,2025-01-29 18:30:42,SUCCESS,363192149613,Paytm
TXN0005636,CUST00087,MER0036,cust00087@okhdfcbank,152.37,2025-02-16 14:35:24,success,583425471306,GPay
TXN0005639,CUST00079,MER0003,cust00079@okhdfcbank,774.16,2025-05-03 15:10:48,SUCCESS,308067162145,Amazon Pay
TXN0005640,CUST00739,MER0088,cust00739@okhdfcbank,512.78,2025-06-05 09:14:32,success,795136391340,Paytm
TXN0005643,CUST00433,MER0038,cust00433@okhdfcbank,570.11,2025-03-06 13:38:44,success,634979938134,PhonePe
TXN0005644,CUST01394,MER0130,cust01394@okhdfcbank,1102.89,2025-02-23 02:21:03,Success,550969504286,PhonePe
TXN0005646,CUST01255,MER0051,cust01255@okhdfcbank,164.37,2025-03-26 10:57:23,success,767027831750,Amazon Pay
TXN0005647,CUST01577,MER0011,cust01577@okhdfcbank,853.96,2025-03-30 08:13:56,SUCCESS,325890198331,PhonePe
TXN0005653,CUST01812,MER0147,cust01812@okhdfcbank,1223.49,2025-02-14 20:16:58,success,512852948203,Amazon Pay
TXN0005654,CUST01891,MER0081,cust01891@okhdfcbank,253.73,2025-06-12 02:27:36,success,241232402923,PhonePe
TXN0005655,CUST01211,MER0058,cust01211@okhdfcbank,266.05,2025-03-29 05:45:22,Success,149277190605,BHIM
TXN0005656,CUST00543,MER0077,cust00543@okhdfcbank,581.98,2025-06-23 02:45:09,Success,687295068630,Amazon Pay
TXN0005661,CUST01950,MER0116,cust01950@okhdfcbank,244.24,2025-02-16 09:43:38,success,306540494074,PhonePe
TXN0005662,CUST00814,MER0001,cust00814@okhdfcbank,598.0,2025-03-25 11:59:43,success,545744247203,BHIM
TXN0005669,CUST01132,MER0074,cust01132@okhdfcbank,476.56,2025-06-01 09:32:52,success,288149687803,GPay
TXN0005672,CUST01117,MER0052,cust01117@okhdfcbank,623.97,2025-01-03 18:13:46,success,410495847961,BHIM
TXN0005674,CUST00503,MER0123,cust00503@okhdfcbank,340.87,2025-01-05 00:25:35,SUCCESS,657038112380,BHIM
TXN0005676,CUST01498,MER0067,cust01498@okhdfcbank,934.8,2025-02-02 19:42:09,Success,309964368278,PhonePe
TXN0005678,CUST00852,MER0042,cust00852@okhdfcbank,435.87,2025-06-25 22:03:15,SUCCESS,420315795836,PhonePe
TXN0005680,CUST00741,MER0025,cust00741@okhdfcbank,268.75,2025-05-29 13:35:25,SUCCESS,637509340614,BHIM
TXN0005681,CUST01909,MER0074,cust01909@okhdfcbank,82.86,2025-03-02 02:20:21,Success,208668263120,GPay
TXN0005682,CUST01111,MER0141,cust01111@okhdfcbank,529.75,2025-05-05 02:03:40,success,679007653056,PhonePe
TXN0005684,CUST01789,MER0032,cust01789@okhdfcbank,2419.48,2025-06-15 15:24:33,success,960950952388,Paytm
TXN0005685,CUST01920,MER0001,cust01920@okhdfcbank,442.62,2025-02-16 12:23:25,SUCCESS,489601465142,BHIM
TXN0005687,CUST00233,MER0116,cust00233@okhdfcbank,828.43,2025-03-07 13:00:11,Success,670835066052,PhonePe
TXN0005689,CUST01711,MER0137,cust01711@okhdfcbank,825.84,2025-04-01 08:26:32,Success,005596057681,Paytm
TXN0005691,CUST01259,MER0072,cust01259@okhdfcbank,1354.74,2025-06-02 12:40:52,success,577297526580,GPay
TXN0005692,CUST00171,MER0092,cust00171@okhdfcbank,1015.34,2025-06-03 05:00:23,SUCCESS,435360424677,PhonePe
TXN0005696,CUST00333,MER0038,cust00333@okhdfcbank,799.44,2025-03-08 10:18:25,Success,482161196370,Amazon Pay
TXN0005697,CUST00329,MER0134,cust00329@okhdfcbank,630.99,2025-06-08 07:11:27,Success,497696433198,Amazon Pay
TXN0005698,CUST01413,MER0137,cust01413@okhdfcbank,230.22,2025-02-07 16:53:59,success,506966303664,BHIM
TXN0005700,CUST00697,MER0100,cust00697@okhdfcbank,552.46,2025-06-03 22:05:17,success,471976773707,Amazon Pay
TXN0005701,CUST01550,MER0111,cust01550@okhdfcbank,224.15,2025-01-21 02:40:05,SUCCESS,375506740704,Paytm
TXN0005702,CUST01654,MER0132,cust01654@okhdfcbank,367.85,2025-05-31 15:46:47,Success,007814322359,GPay
TXN0005704,CUST01272,MER0124,cust01272@okhdfcbank,521.09,2025-05-31 04:36:02,Success,879289946635,Amazon Pay
TXN0005706,CUST00465,MER0127,cust00465@okhdfcbank,430.41,2025-04-19 05:56:29,pending,832624099904,GPay
TXN0005708,CUST00660,MER0095,cust00660@okhdfcbank,482.57,2025-02-08 15:56:03,Success,299199801784,BHIM
TXN0005711,CUST00728,MER0005,cust00728@okhdfcbank,971.05,2025-05-10 01:10:06,Success,367897294302,Amazon Pay
TXN0005713,CUST00694,MER0107,cust00694@okhdfcbank,348.83,2025-05-26 14:00:26,success,416655730975,BHIM
TXN0005716,CUST00197,MER0134,cust00197@okhdfcbank,1322.56,2025-04-20 00:22:15,Success,279852190986,BHIM
TXN0005717,CUST01570,MER0030,cust01570@okhdfcbank,447.04,2025-04-26 03:02:48,Success,233072013359,GPay
TXN0005718,CUST00279,MER0122,cust00279@okhdfcbank,342.58,2025-04-06 23:48:59,Success,440243445406,PhonePe
TXN0005719,CUST01134,MER0142,cust01134@okhdfcbank,2842.46,2025-05-21 22:57:22,Success,440371862949,GPay
TXN0005720,CUST01560,MER0088,cust01560@okhdfcbank,522.52,2025-01-24 06:05:22,success,774504265275,GPay
TXN0005721,CUST01280,MER0009,cust01280@okhdfcbank,178.27,2025-06-02 15:42:24,failed,499085620376,Paytm
TXN0005722,CUST01711,MER0082,cust01711@okhdfcbank,2154.11,2025-02-17 18:37:05,success,234201874083,BHIM
TXN0005724,CUST00080,MER0028,cust00080@okhdfcbank,14.95,2025-01-11 15:54:47,Success,767056301457,BHIM
TXN0005725,CUST01924,MER0077,cust01924@okhdfcbank,1063.57,2025-05-10 02:18:10,success,317310010543,GPay
TXN0005727,CUST00778,MER0040,cust00778@okhdfcbank,745.47,2025-02-24 12:00:29,Success,923018291966,Paytm
TXN0005728,CUST00697,MER0106,cust00697@okhdfcbank,133.96,2025-01-15 10:42:58,SUCCESS,726823150626,BHIM
TXN0005729,CUST01998,MER0136,cust01998@okhdfcbank,464.58,2025-03-12 15:21:43,success,147174707788,Paytm
TXN0005732,CUST00047,MER0007,cust00047@okhdfcbank,2022.46,2025-02-25 08:55:10,Success,330888300288,PhonePe
TXN0005734,CUST01781,MER0036,cust01781@okhdfcbank,675.94,2025-04-12 22:27:52,Success,186645399127,BHIM
TXN0005738,CUST01181,MER0055,cust01181@okhdfcbank,865.85,2025-04-24 01:22:48,Success,742882792030,Amazon Pay
TXN0005739,CUST01640,MER0021,cust01640@okhdfcbank,756.99,2025-02-14 22:57:30,Success,580896097281,Paytm
TXN0005740,CUST00101,MER0071,cust00101@okhdfcbank,711.12,2025-03-02 11:38:30,SUCCESS,232224894105,BHIM
TXN0005745,CUST01857,MER0142,cust01857@okhdfcbank,1574.58,2025-05-08 18:02:05,success,346763900301,GPay
TXN0005751,CUST00194,MER0002,cust00194@okhdfcbank,111.16,2025-01-21 17:51:28,Success,462868028440,GPay
TXN0005753,CUST00740,MER0104,cust00740@okhdfcbank,229.58,2025-04-16 05:44:14,SUCCESS,836646829245,Amazon Pay
TXN0005756,CUST01627,MER0064,cust01627@okhdfcbank,268.64,2025-01-16 22:11:20,Success,951574679558,Paytm
TXN0005758,CUST01881,MER0146,cust01881@okhdfcbank,210.0,2025-05-17 01:29:12,success,106823867744,Paytm
TXN0005759,CUST01775,MER0027,cust01775@okhdfcbank,217.86,2025-05-03 11:55:20,Success,165140815074,GPay
TXN0005760,CUST01664,MER0005,cust01664@okhdfcbank,144.7,2025-04-02 07:49:47,success,991660896132,Amazon Pay
TXN0005764,CUST01072,MER0070,cust01072@okhdfcbank,626.66,2025-04-22 23:34:25,SUCCESS,748050233477,PhonePe
TXN0005767,CUST00433,MER0100,cust00433@okhdfcbank,126.3,2025-02-07 08:59:00,SUCCESS,473111665329,Paytm
TXN0005768,CUST01690,MER0136,cust01690@okhdfcbank,162.04,2025-02-26 20:06:36,Success,839281952794,PhonePe
TXN0005769,CUST00706,MER0035,cust00706@okhdfcbank,440.0,2025-03-20 13:12:09,Success,844716248556,Paytm
TXN0005773,CUST00861,MER0066,cust00861@okhdfcbank,338.12,2025-05-06 21:28:20,success,159292506288,GPay
TXN0005775,CUST01210,MER0049,cust01210@okhdfcbank,175.44,2025-05-26 00:16:23,PENDING,257811974867,Amazon Pay
TXN0005776,CUST00519,MER0033,cust00519@okhdfcbank,140.64,2025-04-22 23:13:31,Success,288322719742,GPay
TXN0005778,CUST01981,MER0064,cust01981@okhdfcbank,226.81,2025-01-26 17:15:18,SUCCESS,721565913735,GPay
TXN0005780,CUST00512,MER0012,cust00512@okhdfcbank,114.16,2025-05-22 23:53:00,Success,203218455700,PhonePe
TXN0005782,CUST00567,MER0029,cust00567@okhdfcbank,180.23,2025-04-22 13:42:44,SUCCESS,237530110049,Paytm
TXN0005784,CUST01426,MER0004,cust01426@okhdfcbank,844.81,2025-03-22 06:22:40,SUCCESS,109052889366,Paytm
TXN0005785,CUST00220,MER0088,cust00220@okhdfcbank,250.67,2025-02-10 01:35:00,SUCCESS,570392008891,BHIM
TXN0005787,CUST01484,MER0032,cust01484@okhdfcbank,218.73,2025-06-18 16:54:24,Success,587149567807,PhonePe
TXN0005790,CUST00564,MER0114,cust00564@okhdfcbank,518.82,2025-05-09 18:21:43,success,789933546157,Paytm
TXN0005791,CUST00413,MER0038,cust00413@okhdfcbank,402.66,2025-02-10 03:40:17,Failed,215814892890,Amazon Pay
TXN0005795,CUST00888,MER0119,cust00888@okhdfcbank,730.66,2025-01-31 19:09:12,Failed,421216247007,GPay
TXN0005797,CUST00940,MER0135,cust00940@okhdfcbank,1464.58,2025-02-26 03:10:38,success,611365623424,Paytm
TXN0005800,CUST00581,MER0072,cust00581@okhdfcbank,528.41,2025-02-04 09:09:35,Success,801982888448,BHIM
TXN0005801,CUST00873,MER0004,cust00873@okhdfcbank,24.76,2025-04-02 21:25:48,pending,012064618801,Amazon Pay
TXN0005802,CUST01610,MER0136,cust01610@okhdfcbank,753.17,2025-01-13 16:17:48,failed,223397688223,BHIM
TXN0005803,CUST01202,MER0117,cust01202@okhdfcbank,333.18,2025-03-09 13:03:56,Success,358757959864,Paytm
TXN0005805,CUST00412,MER0071,cust00412@okhdfcbank,73.89,2025-06-13 00:12:15,failed,650628518969,Paytm
TXN0005806,CUST00977,MER0100,cust00977@okhdfcbank,807.21,2025-02-22 08:36:40,success,966018809636,GPay
TXN0005807,CUST00329,MER0123,cust00329@okhdfcbank,115.75,2025-02-12 19:54:37,success,816296345573,PhonePe
TXN0005810,CUST00788,MER0057,cust00788@okhdfcbank,308.18,2025-04-18 03:19:31,success,684911739072,GPay
TXN0005811,CUST01044,MER0038,cust01044@okhdfcbank,1662.46,2025-01-22 07:49:07,Success,652726270187,BHIM
TXN0005814,CUST01766,MER0133,cust01766@okhdfcbank,133.65,2025-06-05 05:45:35,Success,672062258758,BHIM
TXN0005815,CUST00636,MER0104,cust00636@okhdfcbank,1381.78,2025-01-04 22:36:10,Success,497101094708,GPay
TXN0005816,CUST00129,MER0146,cust00129@okhdfcbank,1183.21,2025-06-21 19:30:25,Success,131079570052,Paytm
TXN0005817,CUST00220,MER0062,cust00220@okhdfcbank,787.1,2025-06-24 12:35:53,SUCCESS,624678517473,BHIM
TXN0005820,CUST01257,MER0148,cust01257@okhdfcbank,333.41,2025-06-05 03:35:05,success,276525741763,Paytm
TXN0005822,CUST00375,MER0128,cust00375@okhdfcbank,561.14,2025-04-13 14:11:09,success,901310522326,Amazon Pay
TXN0005825,CUST01164,MER0088,cust01164@okhdfcbank,1725.29,2025-01-01 06:48:23,Success,108455110535,BHIM
TXN0005826,CUST00986,MER0050,cust00986@okhdfcbank,802.65,2025-02-06 09:12:58,Success,176511699261,Amazon Pay
TXN0005828,CUST01426,MER0070,cust01426@okhdfcbank,84.28,2025-04-24 19:51:15,SUCCESS,212410130144,Paytm
TXN0005829,CUST00409,MER0103,cust00409@okhdfcbank,263.74,2025-05-11 01:39:47,success,436381405383,PhonePe
TXN0005830,CUST01725,MER0145,cust01725@okhdfcbank,77.37,2025-04-20 12:31:59,SUCCESS,842764190816,BHIM
TXN0005832,CUST00967,MER0051,cust00967@okhdfcbank,5719.44,2025-06-22 20:53:55,success,619200068006,BHIM
TXN0005834,CUST01757,MER0087,cust01757@okhdfcbank,409.11,2025-03-11 07:11:03,SUCCESS,691417444004,Amazon Pay
TXN0005838,CUST01158,MER0036,cust01158@okhdfcbank,425.66,2025-02-14 21:57:24,SUCCESS,952703396171,Amazon Pay
TXN0005841,CUST01395,MER0141,cust01395@okhdfcbank,628.57,2025-03-27 16:31:09,Success,500823281495,GPay
TXN0005842,CUST01472,MER0035,cust01472@okhdfcbank,1487.89,2025-02-12 20:41:11,Success,128746109909,GPay
TXN0005843,CUST01512,MER0055,cust01512@okhdfcbank,265.03,2025-02-12 10:08:46,failed,641022893254,Paytm
TXN0005844,CUST00760,MER0025,cust00760@okhdfcbank,407.55,2025-01-08 02:38:32,Success,041920007509,BHIM
TXN0005846,CUST01204,MER0105,cust01204@okhdfcbank,617.28,2025-01-24 08:32:00,success,660469934088,Paytm
TXN0005847,CUST00575,MER0116,cust00575@okhdfcbank,1078.99,2025-06-23 10:09:37,success,857136026985,GPay
TXN0005849,CUST00485,MER0031,cust00485@okhdfcbank,152.9,2025-01-19 03:47:20,success,181128951223,Amazon Pay
TXN0005850,CUST01650,MER0065,cust01650@okhdfcbank,570.7,2025-06-03 14:47:27,SUCCESS,374856861518,PhonePe
TXN0005851,CUST01226,MER0138,cust01226@okhdfcbank,250.31,2025-05-25 22:33:31,SUCCESS,444838006716,Paytm
TXN0005855,CUST01725,MER0126,cust01725@okhdfcbank,395.52,2025-06-08 15:48:02,Success,074472448319,BHIM
TXN0005857,CUST00182,MER0129,cust00182@okhdfcbank,628.92,2025-04-24 04:24:50,Success,514073283357,PhonePe
TXN0005858,CUST00470,MER0148,cust00470@okhdfcbank,295.36,2025-02-23 22:02:08,Success,961292678656,Paytm
TXN0005859,CUST00001,MER0110,cust00001@okhdfcbank,274.44,2025-05-16 05:21:42,Success,981141021062,Paytm
TXN0005861,CUST01426,MER0043,cust01426@okhdfcbank,332.04,2025-01-06 05:21:36,failed,273046001884,Amazon Pay
TXN0005862,CUST01514,MER0025,cust01514@okhdfcbank,209.42,2025-05-02 18:59:38,success,815405368842,Amazon Pay
TXN0005863,CUST01171,MER0006,cust01171@okhdfcbank,1299.96,2025-05-10 13:50:12,Success,287646966954,BHIM
TXN0005864,CUST00564,MER0050,cust00564@okhdfcbank,200.11,2025-02-03 09:53:45,success,754111921232,Paytm
TXN0005866,CUST00093,MER0046,cust00093@okhdfcbank,520.25,2025-02-08 00:45:19,success,002227306690,BHIM
TXN0005868,CUST00605,MER0118,cust00605@okhdfcbank,1464.65,2025-01-12 21:33:46,success,852100269320,Amazon Pay
TXN0005871,CUST01487,MER0053,cust01487@okhdfcbank,172.67,2025-03-13 04:40:38,SUCCESS,242630642421,Amazon Pay
TXN0005872,CUST01285,MER0077,cust01285@okhdfcbank,169.21,2025-06-12 02:12:00,FAILED,919514035313,Amazon Pay
TXN0005875,CUST00775,MER0002,cust00775@okhdfcbank,530.24,2025-02-03 06:39:57,Success,824693348276,BHIM
TXN0005876,CUST00768,MER0009,cust00768@okhdfcbank,1174.57,2025-04-14 12:05:53,Success,064649191948,GPay
TXN0005879,CUST00315,MER0107,cust00315@okhdfcbank,508.81,2025-01-22 01:21:56,Success,968116080384,PhonePe
TXN0005880,CUST00891,MER0059,cust00891@okhdfcbank,486.39,2025-05-16 20:46:48,SUCCESS,867316983658,PhonePe
TXN0005881,CUST01665,MER0043,cust01665@okhdfcbank,355.03,2025-02-21 16:18:09,Success,479869268933,GPay
TXN0005883,CUST01387,MER0136,cust01387@okhdfcbank,1611.23,2025-06-24 22:33:46,success,617629161228,PhonePe
TXN0005885,CUST01816,MER0116,cust01816@okhdfcbank,499.27,2025-01-31 13:31:26,SUCCESS,354297676668,Paytm
TXN0005886,CUST01698,MER0137,cust01698@okhdfcbank,220.79,2025-05-09 06:13:50,SUCCESS,119215614197,BHIM
TXN0005890,CUST00647,MER0067,cust00647@okhdfcbank,798.1,2025-04-28 17:28:32,success,377168404646,Paytm
TXN0005893,CUST01097,MER0120,cust01097@okhdfcbank,593.28,2025-01-18 16:12:21,Failed,246609558631,PhonePe
TXN0005894,CUST01792,MER0149,cust01792@okhdfcbank,473.73,2025-01-23 09:33:30,success,581859203112,Amazon Pay
TXN0005895,CUST01632,MER0033,cust01632@okhdfcbank,499.17,2025-06-24 22:10:35,Success,677957607085,PhonePe
TXN0005896,CUST00111,MER0059,cust00111@okhdfcbank,524.15,2025-05-24 02:41:08,success,234358372332,Paytm
TXN0005898,CUST00232,MER0144,cust00232@okhdfcbank,523.35,2025-04-04 01:48:03,Success,752628039755,Amazon Pay
TXN0005900,CUST01511,MER0035,cust01511@okhdfcbank,423.18,2025-01-11 06:12:48,success,900635146471,BHIM
TXN0005902,CUST00475,MER0033,cust00475@okhdfcbank,543.1,2025-02-16 16:43:53,SUCCESS,737888801188,Paytm
TXN0005903,CUST01860,MER0013,cust01860@okhdfcbank,1278.89,2025-04-09 17:23:24,failed,838545619166,Paytm
TXN0005904,CUST01758,MER0140,cust01758@okhdfcbank,916.06,2025-06-21 17:42:02,Success,074354844760,BHIM
TXN0005905,CUST00152,MER0062,cust00152@okhdfcbank,206.35,2025-04-15 15:56:07,success,863090591911,PhonePe
TXN0005907,CUST01101,MER0024,cust01101@okhdfcbank,360.92,2025-02-20 10:05:42,SUCCESS,498058050425,BHIM
TXN0005909,CUST00366,MER0012,cust00366@okhdfcbank,491.28,2025-03-25 01:19:22,success,766729288421,PhonePe
TXN0005910,CUST01005,MER0053,cust01005@okhdfcbank,908.25,2025-01-28 03:06:25,SUCCESS,506480436204,Amazon Pay
TXN0005911,CUST01645,MER0057,cust01645@okhdfcbank,588.35,2025-05-16 16:31:47,Success,283089547598,GPay
TXN0005914,CUST01477,MER0140,cust01477@okhdfcbank,214.74,2025-01-16 13:33:29,FAILED,895191857255,GPay
TXN0005915,CUST01511,MER0083,cust01511@okhdfcbank,308.81,2025-03-31 11:56:45,SUCCESS,428423869705,PhonePe
TXN0005916,CUST00338,MER0071,cust00338@okhdfcbank,901.26,2025-06-14 12:21:31,success,928511695834,BHIM
TXN0005919,CUST01588,MER0007,cust01588@okhdfcbank,498.05,2025-06-17 13:20:21,success,466704496405,GPay
TXN0005921,CUST00338,MER0150,cust00338@okhdfcbank,1820.81,2025-01-16 17:46:54,success,724715490368,Amazon Pay
TXN0005923,CUST01952,MER0026,cust01952@okhdfcbank,1423.44,2025-03-27 05:47:26,SUCCESS,675630871455,BHIM
TXN0005925,CUST01613,MER0007,cust01613@okhdfcbank,106.55,2025-05-20 15:50:00,Success,516654488068,Paytm
TXN0005931,CUST00977,MER0074,cust00977@okhdfcbank,109.98,2025-04-06 08:52:28,success,518309821620,PhonePe
TXN0005932,CUST01070,MER0020,cust01070@okhdfcbank,482.52,2025-01-30 05:44:27,success,769244368202,Amazon Pay
TXN0005933,CUST00360,MER0074,cust00360@okhdfcbank,43.81,2025-04-08 08:45:54,success,808231767497,GPay
TXN0005935,CUST00778,MER0121,cust00778@okhdfcbank,620.81,2025-01-08 20:11:57,success,518140261126,Paytm
TXN0005938,CUST00536,MER0063,cust00536@okhdfcbank,1621.34,2025-03-15 09:07:18,SUCCESS,886546986876,Amazon Pay
TXN0005939,CUST00708,MER0088,cust00708@okhdfcbank,178.27,2025-01-18 05:19:07,failed,411489691818,BHIM
TXN0005940,CUST00741,MER0133,cust00741@okhdfcbank,365.75,2025-02-23 09:57:45,Success,312902616125,Amazon Pay
TXN0005941,CUST01086,MER0039,cust01086@okhdfcbank,1332.34,2025-03-20 16:17:28,SUCCESS,417400785154,Paytm
TXN0005942,CUST00774,MER0145,cust00774@okhdfcbank,492.11,2025-01-24 20:57:10,SUCCESS,335655902337,BHIM
TXN0005943,CUST00483,MER0106,cust00483@okhdfcbank,122.18,2025-01-29 23:39:46,Success,973426738806,BHIM
TXN0005946,CUST01355,MER0013,cust01355@okhdfcbank,1492.49,2025-03-13 02:39:55,success,805893755506,GPay
TXN0005947,CUST00636,MER0044,cust00636@okhdfcbank,903.19,2025-06-02 11:01:01,success,045834553718,BHIM
TXN0005948,CUST01182,MER0097,cust01182@okhdfcbank,360.05,2025-05-22 16:10:51,success,305237788058,Paytm
TXN0005951,CUST00426,MER0062,cust00426@okhdfcbank,231.88,2025-03-21 15:35:36,SUCCESS,315992271804,Paytm
TXN0005952,CUST01234,MER0143,cust01234@okhdfcbank,2329.2,2025-03-31 07:51:56,Success,356202163704,Paytm
TXN0005955,CUST00258,MER0017,cust00258@okhdfcbank,621.42,2025-01-12 18:56:14,Failed,644488666486,BHIM
TXN0005957,CUST00803,MER0065,cust00803@okhdfcbank,66.76,2025-06-12 02:54:27,SUCCESS,275026935717,PhonePe
TXN0005958,CUST01083,MER0032,cust01083@okhdfcbank,408.21,2025-06-22 20:39:21,failed,405585455004,Paytm
TXN0005961,CUST01319,MER0046,cust01319@okhdfcbank,1854.5,2025-04-17 07:25:51,SUCCESS,157063250199,Amazon Pay
TXN0005963,CUST01804,MER0064,cust01804@okhdfcbank,287.98,2025-04-11 03:09:55,success,900552034288,Paytm
TXN0005965,CUST01327,MER0017,cust01327@okhdfcbank,164.53,2025-03-19 14:46:39,SUCCESS,673647158456,BHIM
TXN0005968,CUST01427,MER0103,cust01427@okhdfcbank,461.01,2025-05-01 05:05:49,SUCCESS,089849061677,BHIM
TXN0005972,CUST00610,MER0041,cust00610@okhdfcbank,1277.53,2025-01-05 00:30:45,SUCCESS,178854976801,BHIM
TXN0005975,CUST01480,MER0136,cust01480@okhdfcbank,92.86,2025-03-25 16:05:18,Success,026341002244,BHIM
TXN0005977,CUST01968,MER0065,cust01968@okhdfcbank,901.72,2025-01-16 22:55:54,success,227895723800,Amazon Pay
TXN0005978,CUST00947,MER0011,cust00947@okhdfcbank,132.46,2025-06-09 14:58:10,success,079496026755,Paytm
TXN0005979,CUST00800,MER0075,cust00800@okhdfcbank,324.91,2025-05-03 15:37:11,Success,559767403827,PhonePe
TXN0005982,CUST00826,MER0059,cust00826@okhdfcbank,,2025-05-21 00:40:55,success,693841286459,GPay
TXN0005984,CUST01114,MER0048,cust01114@okhdfcbank,466.84,2025-02-27 01:21:41,success,709301917729,GPay
TXN0005985,CUST00393,MER0006,cust00393@okhdfcbank,94.42,2025-05-10 20:12:06,success,345965303709,GPay
TXN0005986,CUST00174,MER0121,cust00174@okhdfcbank,390.47,2025-03-15 06:12:39,SUCCESS,372056261719,Amazon Pay
TXN0005991,CUST00463,MER0028,cust00463@okhdfcbank,341.61,2025-03-13 12:44:13,success,991204538149,Amazon Pay
TXN0005992,CUST00495,MER0143,cust00495@okhdfcbank,1249.9,2025-05-16 10:08:53,SUCCESS,814623126342,BHIM
TXN0005993,CUST01026,MER0133,cust01026@okhdfcbank,1739.69,2025-02-04 15:39:31,Success,542290908121,PhonePe
TXN0005994,CUST01701,MER0071,cust01701@okhdfcbank,5649.57,2025-03-06 09:08:26,success,515484119625,PhonePe
TXN0005995,CUST01486,MER0035,cust01486@okhdfcbank,2674.85,2025-04-01 10:14:19,SUCCESS,014622633112,Paytm
TXN0005997,CUST01410,MER0088,cust01410@okhdfcbank,327.52,2025-01-08 06:57:13,SUCCESS,508466353826,GPay
TXN0005999,CUST00597,MER0062,cust00597@okhdfcbank,452.34,2025-02-09 17:41:27,SUCCESS,294760888252,GPay
TXN0006000,CUST01877,MER0056,cust01877@okhdfcbank,528.23,2025-02-10 13:43:04,success,026704476849,Amazon Pay
TXN0006002,CUST01697,MER0135,cust01697@okhdfcbank,166.99,2025-02-20 01:02:55,success,024195217340,Paytm
TXN0006005,CUST00455,MER0037,cust00455@okhdfcbank,266.14,2025-06-06 11:59:23,SUCCESS,189291483435,GPay
TXN0006007,CUST01457,MER0117,cust01457@okhdfcbank,1386.67,2025-04-13 04:19:22,SUCCESS,061158879103,Paytm
TXN0006008,CUST00956,MER0032,cust00956@okhdfcbank,801.51,2025-04-16 16:59:05,FAILED,882596631477,Paytm
TXN0006010,CUST01216,MER0024,cust01216@okhdfcbank,1259.68,2025-05-03 12:05:02,SUCCESS,790383413457,PhonePe
TXN0006014,CUST00081,MER0105,cust00081@okhdfcbank,62.21,2025-06-15 23:43:11,SUCCESS,777085668897,GPay
TXN0006015,CUST00072,MER0020,cust00072@okhdfcbank,2031.61,2025-01-17 06:50:26,success,875526866857,GPay
TXN0006017,CUST01554,MER0084,cust01554@okhdfcbank,574.23,2025-03-17 14:27:32,Success,158879154271,Amazon Pay
TXN0006018,CUST00196,MER0119,cust00196@okhdfcbank,96.49,2025-04-08 05:21:15,Failed,108440009661,PhonePe
TXN0006019,CUST01758,MER0105,cust01758@okhdfcbank,136.1,2025-06-01 05:59:57,success,920380061860,GPay
TXN0006020,CUST01132,MER0135,cust01132@okhdfcbank,330.77,2025-06-23 04:12:02,Success,829051987620,PhonePe
TXN0006021,CUST00018,MER0003,cust00018@okhdfcbank,1104.81,2025-06-26 23:56:55,SUCCESS,915121643248,PhonePe
TXN0006024,CUST00219,MER0086,cust00219@okhdfcbank,343.77,2025-06-01 04:41:34,failed,835238751023,BHIM
TXN0006025,CUST00850,MER0029,cust00850@okhdfcbank,394.09,2025-04-17 17:58:34,SUCCESS,508669669136,Amazon Pay
TXN0006026,CUST00262,MER0135,cust00262@okhdfcbank,634.98,2025-06-29 11:40:25,failed,211962789938,Paytm
TXN0006028,CUST00773,MER0086,cust00773@okhdfcbank,241.67,2025-04-02 16:57:06,success,862374049311,Amazon Pay
TXN0006030,CUST00581,MER0031,cust00581@okhdfcbank,48.45,2025-05-21 17:42:30,Success,869837571541,Paytm
TXN0006032,CUST01272,MER0055,cust01272@okhdfcbank,574.6,2025-03-18 01:44:25,SUCCESS,600559108503,Paytm
TXN0006034,CUST01815,MER0015,cust01815@okhdfcbank,79.29,2025-01-15 19:21:35,success,879700442151,GPay
TXN0006036,CUST01078,MER0148,cust01078@okhdfcbank,141.4,2025-02-25 16:45:12,FAILED,676303448989,PhonePe
TXN0006039,CUST00703,MER0007,cust00703@okhdfcbank,502.62,2025-04-24 21:33:14,Success,409166945207,PhonePe
TXN0006042,CUST01243,MER0130,cust01243@okhdfcbank,755.56,2025-01-29 17:10:53,Failed,369295918116,PhonePe
TXN0006043,CUST00151,MER0062,cust00151@okhdfcbank,465.96,2025-03-29 15:10:22,SUCCESS,086353096230,GPay
TXN0006044,CUST00564,MER0086,cust00564@okhdfcbank,909.56,2025-03-07 13:46:16,SUCCESS,397658924137,GPay
TXN0006047,CUST01756,MER0076,cust01756@okhdfcbank,1076.91,2025-01-26 06:05:18,Success,872417620472,BHIM
TXN0006048,CUST01065,MER0138,cust01065@okhdfcbank,2111.87,2025-03-21 01:54:46,success,383240889072,Amazon Pay
TXN0006051,CUST01623,MER0087,cust01623@okhdfcbank,1389.13,2025-02-16 03:31:22,SUCCESS,072866782546,Amazon Pay
TXN0006053,CUST00892,MER0012,cust00892@okhdfcbank,1506.03,2025-04-11 20:17:46,success,979398110017,Paytm
TXN0006054,CUST01421,MER0025,cust01421@okhdfcbank,870.12,2025-01-23 14:59:17,SUCCESS,843927485028,PhonePe
TXN0006056,CUST01599,MER0005,cust01599@okhdfcbank,760.5,2025-01-09 04:28:22,Success,828943592043,PhonePe
TXN0006057,CUST01934,MER0050,cust01934@okhdfcbank,636.03,2025-06-19 20:59:56,FAILED,422172472014,Paytm
TXN0006058,CUST00114,MER0134,cust00114@okhdfcbank,661.38,2025-06-21 20:06:24,Success,068177358998,Paytm
TXN0006061,CUST01785,MER0007,cust01785@okhdfcbank,2873.18,2025-03-17 00:12:52,success,150793766557,Amazon Pay
TXN0006062,CUST00316,MER0117,cust00316@okhdfcbank,794.35,2025-01-15 02:42:38,Failed,812029289976,Paytm
TXN0006063,CUST00657,MER0055,cust00657@okhdfcbank,277.74,2025-01-20 09:46:51,SUCCESS,555968160031,Paytm
TXN0006065,CUST00521,MER0088,cust00521@okhdfcbank,1416.95,2025-03-11 02:07:35,SUCCESS,107369886526,Paytm
TXN0006067,CUST00376,MER0112,cust00376@okhdfcbank,111.94,2025-04-22 01:54:23,SUCCESS,023498192785,Paytm
TXN0006068,CUST00223,MER0125,cust00223@okhdfcbank,120.49,2025-05-02 15:08:03,Success,766306918381,PhonePe
TXN0006069,CUST01736,MER0125,cust01736@okhdfcbank,87.45,2025-03-24 10:11:24,success,020593086555,GPay
TXN0006070,CUST01563,MER0144,cust01563@okhdfcbank,134.45,2025-05-06 01:57:39,FAILED,571064096733,Amazon Pay
TXN0006072,CUST00432,MER0135,cust00432@okhdfcbank,1968.91,2025-06-11 10:33:55,Failed,234208467080,BHIM
TXN0006073,CUST00541,MER0075,cust00541@okhdfcbank,470.51,2025-05-26 13:41:03,SUCCESS,854705250316,Paytm
TXN0006074,CUST01973,MER0011,cust01973@okhdfcbank,342.66,2025-01-23 11:48:00,success,482503024433,GPay
TXN0006075,CUST00496,MER0078,cust00496@okhdfcbank,116.35,2025-06-24 01:20:33,SUCCESS,597848981023,Amazon Pay
TXN0006076,CUST01136,MER0002,cust01136@okhdfcbank,427.04,2025-06-04 03:25:44,SUCCESS,698857742839,Amazon Pay
TXN0006077,CUST01081,MER0115,cust01081@okhdfcbank,86.72,2025-06-01 12:11:49,SUCCESS,542796719612,PhonePe
TXN0006078,CUST00398,MER0088,cust00398@okhdfcbank,340.56,2025-02-27 22:49:56,SUCCESS,062341545223,Amazon Pay
TXN0006080,CUST01831,MER0136,cust01831@okhdfcbank,957.0,2025-01-27 12:06:50,SUCCESS,974569684328,Paytm
TXN0006081,CUST00835,MER0012,cust00835@okhdfcbank,399.5,2025-02-11 03:48:31,success,228441329374,BHIM
TXN0006083,CUST01483,MER0032,cust01483@okhdfcbank,292.5,2025-01-11 08:51:49,SUCCESS,265298298760,Paytm
TXN0006084,CUST00210,MER0095,cust00210@okhdfcbank,221.26,2025-03-29 16:18:01,Failed,273825467084,Paytm
TXN0006085,CUST01416,MER0005,cust01416@okhdfcbank,2708.44,2025-04-28 14:40:58,SUCCESS,416951513291,Paytm
TXN0006086,CUST01684,MER0013,cust01684@okhdfcbank,157.23,2025-04-09 12:39:10,Success,268427671331,Amazon Pay
TXN0006088,CUST00133,MER0075,cust00133@okhdfcbank,669.17,2025-02-25 11:45:31,Success,399567564334,Paytm
TXN0006090,CUST01464,MER0116,cust01464@okhdfcbank,944.45,2025-02-19 13:31:23,Success,995154184879,BHIM
TXN0006091,CUST01194,MER0043,cust01194@okhdfcbank,362.64,2025-03-20 05:26:26,pending,190153909115,PhonePe
TXN0006093,CUST01931,MER0108,cust01931@okhdfcbank,885.35,2025-05-29 20:44:51,Success,965918647416,BHIM
TXN0006095,CUST01599,MER0076,cust01599@okhdfcbank,2726.19,2025-06-11 05:23:43,Success,993922029063,PhonePe
TXN0006097,CUST01821,MER0134,cust01821@okhdfcbank,1898.6,2025-02-27 09:21:04,SUCCESS,031153203815,BHIM
TXN0006099,CUST00750,MER0149,cust00750@okhdfcbank,2895.41,2025-03-16 14:01:49,SUCCESS,685604855055,BHIM
TXN0006101,CUST00301,MER0085,cust00301@okhdfcbank,223.95,2025-04-20 18:40:29,success,834859347816,Amazon Pay
TXN0006103,CUST01025,MER0080,cust01025@okhdfcbank,352.59,2025-04-21 13:58:34,Success,955648584735,Amazon Pay
TXN0006105,CUST01824,MER0049,cust01824@okhdfcbank,407.57,2025-01-22 00:58:13,success,486572149808,PhonePe
TXN0006106,CUST00379,MER0058,cust00379@okhdfcbank,184.62,2025-02-27 04:09:03,success,691429943883,PhonePe
TXN0006107,CUST01599,MER0037,cust01599@okhdfcbank,833.93,2025-05-31 17:40:28,success,949256055693,BHIM
TXN0006108,CUST01985,MER0111,cust01985@okhdfcbank,268.9,2025-03-20 11:45:54,SUCCESS,941455052184,PhonePe
TXN0006109,CUST01155,MER0144,cust01155@okhdfcbank,369.63,2025-01-11 15:15:30,Success,294926688916,Paytm
TXN0006112,CUST01312,MER0031,cust01312@okhdfcbank,500.49,2025-03-30 18:37:12,Success,470626435824,Paytm
TXN0006114,CUST00063,MER0114,cust00063@okhdfcbank,498.83,2025-02-03 18:30:03,Success,049273420780,Amazon Pay
TXN0006115,CUST01535,MER0056,cust01535@okhdfcbank,320.17,2025-03-02 02:22:57,success,072615085008,Amazon Pay
TXN0006119,CUST00500,MER0134,cust00500@okhdfcbank,749.77,2025-01-27 21:33:51,Success,863291317276,PhonePe
TXN0006121,CUST01677,MER0073,cust01677@okhdfcbank,269.38,2025-06-10 18:49:23,SUCCESS,903850463516,Amazon Pay
TXN0006122,CUST00007,MER0089,cust00007@okhdfcbank,236.44,2025-03-21 02:57:28,PENDING,158237889680,PhonePe
TXN0006123,CUST01818,MER0031,cust01818@okhdfcbank,280.02,2025-01-28 15:53:39,SUCCESS,093518091812,BHIM
TXN0006127,CUST01210,MER0092,cust01210@okhdfcbank,763.18,2025-04-16 17:33:21,SUCCESS,378714240442,GPay
TXN0006128,CUST01386,MER0038,cust01386@okhdfcbank,333.42,2025-03-26 07:15:54,PENDING,708116399447,BHIM
TXN0006129,CUST01354,MER0069,cust01354@okhdfcbank,249.04,2025-01-19 03:43:45,Success,754720395051,GPay
TXN0006130,CUST01605,MER0141,cust01605@okhdfcbank,111.53,2025-03-16 06:16:15,Success,777248825175,GPay
TXN0006131,CUST01174,MER0097,cust01174@okhdfcbank,1302.34,2025-03-08 22:29:58,SUCCESS,789802767597,Amazon Pay
TXN0006133,CUST01151,MER0124,cust01151@okhdfcbank,467.8,2025-06-07 01:00:41,SUCCESS,518272496414,Paytm
TXN0006134,CUST00873,MER0026,cust00873@okhdfcbank,191.27,2025-05-11 11:48:04,Success,893333190345,PhonePe
TXN0006135,CUST01702,MER0038,cust01702@okhdfcbank,1070.46,2025-05-29 20:06:25,Success,479471766339,Amazon Pay
TXN0006136,CUST00390,MER0136,cust00390@okhdfcbank,352.71,2025-03-02 21:55:23,success,522810040433,BHIM
TXN0006137,CUST01171,MER0087,cust01171@okhdfcbank,430.75,2025-06-29 09:20:28,Success,382885889754,Paytm
TXN0006141,CUST00493,MER0080,cust00493@okhdfcbank,471.88,2025-06-15 00:11:06,SUCCESS,806595553545,Paytm
TXN0006142,CUST01043,MER0070,cust01043@okhdfcbank,293.42,2025-05-02 13:33:49,Success,739029164846,PhonePe
TXN0006143,CUST01842,MER0011,cust01842@okhdfcbank,102.03,2025-06-15 22:53:48,success,760465306003,Paytm
TXN0006146,CUST01368,MER0132,cust01368@okhdfcbank,362.92,2025-03-26 07:44:34,Success,407739798638,Paytm
TXN0006147,CUST01230,MER0101,cust01230@okhdfcbank,253.66,2025-06-26 04:30:22,Success,375738904218,GPay
TXN0006148,CUST01813,MER0100,cust01813@okhdfcbank,120.82,2025-01-13 03:45:36,Success,757416184193,GPay
TXN0006152,CUST01668,MER0086,cust01668@okhdfcbank,282.29,2025-06-09 22:04:13,failed,275017259609,Amazon Pay
TXN0006153,CUST01986,MER0007,cust01986@okhdfcbank,735.45,2025-01-10 07:18:19,SUCCESS,119919995397,Amazon Pay
TXN0006154,CUST01937,MER0017,cust01937@okhdfcbank,269.6,2025-03-14 20:31:07,SUCCESS,106799259993,BHIM
TXN0006155,CUST01081,MER0015,cust01081@okhdfcbank,933.43,2025-04-29 20:26:30,Success,052612537280,Paytm
TXN0006156,CUST01328,MER0072,cust01328@okhdfcbank,346.63,2025-01-16 13:18:49,Success,803640936553,Amazon Pay
TXN0006159,CUST01585,MER0046,cust01585@okhdfcbank,3084.05,2025-06-17 13:23:54,success,717298772396,BHIM
TXN0006161,CUST01786,MER0150,cust01786@okhdfcbank,801.54,2025-03-28 01:59:28,SUCCESS,203359089269,Paytm
TXN0006162,CUST01315,MER0106,cust01315@okhdfcbank,429.64,2025-05-02 17:55:39,Success,354703088824,GPay
TXN0006163,CUST00295,MER0013,cust00295@okhdfcbank,667.74,2025-05-22 17:56:11,SUCCESS,919933497682,GPay
TXN0006164,CUST00755,MER0057,cust00755@okhdfcbank,676.45,2025-05-04 18:58:43,Success,459314458746,BHIM
TXN0006165,CUST00574,MER0070,cust00574@okhdfcbank,473.48,2025-01-04 06:22:37,Success,897016146247,GPay
TXN0006166,CUST01835,MER0127,cust01835@okhdfcbank,765.82,2025-03-27 13:34:32,Success,947555787785,GPay
TXN0006167,CUST00907,MER0073,cust00907@okhdfcbank,606.82,2025-03-17 20:58:15,PENDING,325047217615,GPay
TXN0006169,CUST01932,MER0115,cust01932@okhdfcbank,149.12,2025-06-21 22:25:42,Success,818369748353,BHIM
TXN0006170,CUST00287,MER0104,cust00287@okhdfcbank,311.05,2025-05-29 03:40:51,SUCCESS,913199620734,GPay
TXN0006171,CUST01768,MER0106,cust01768@okhdfcbank,1096.11,2025-05-11 08:55:12,Success,419586947463,PhonePe
TXN0006173,CUST01138,MER0024,cust01138@okhdfcbank,665.33,2025-05-25 19:58:24,success,486434029305,Amazon Pay
TXN0006175,CUST01281,MER0122,cust01281@okhdfcbank,170.78,2025-06-29 04:41:39,FAILED,185908291779,GPay
TXN0006176,CUST00788,MER0013,cust00788@okhdfcbank,388.14,2025-02-01 06:10:58,Failed,662991730227,PhonePe
TXN0006178,CUST01593,MER0068,cust01593@okhdfcbank,166.29,2025-01-05 09:57:11,SUCCESS,757119217826,BHIM
TXN0006179,CUST00814,MER0135,cust00814@okhdfcbank,-1645.23,2025-05-12 00:00:53,SUCCESS,247073679936,Amazon Pay
TXN0006180,CUST01093,MER0068,cust01093@okhdfcbank,323.73,2025-01-14 00:58:45,success,928150178709,PhonePe
TXN0006182,CUST00930,MER0060,cust00930@okhdfcbank,2484.83,2025-01-18 07:38:26,SUCCESS,609073236144,Amazon Pay
TXN0006183,CUST01920,MER0034,cust01920@okhdfcbank,1113.19,2025-03-03 00:16:43,SUCCESS,452860986645,BHIM
TXN0006185,CUST00707,MER0103,cust00707@okhdfcbank,755.69,2025-01-22 02:38:26,SUCCESS,380529887546,GPay
TXN0006188,CUST01842,MER0043,cust01842@okhdfcbank,792.1,2025-05-12 15:51:41,Success,554563537208,GPay
TXN0006189,CUST00209,MER0021,cust00209@okhdfcbank,356.27,2025-04-28 01:50:39,success,097905201311,Amazon Pay
TXN0006190,CUST00335,MER0001,cust00335@okhdfcbank,531.39,2025-03-15 18:08:02,FAILED,404964806972,BHIM
TXN0006196,CUST00629,MER0068,cust00629@okhdfcbank,773.1,2025-04-26 01:30:23,success,579735466970,Paytm
TXN0006197,CUST00101,MER0044,cust00101@okhdfcbank,571.63,2025-06-17 21:07:55,Success,631774335280,GPay
TXN0006199,CUST00289,MER0102,cust00289@okhdfcbank,365.97,2025-02-27 02:12:58,Success,715491805002,BHIM
TXN0006200,CUST01046,MER0012,cust01046@okhdfcbank,3960.29,2025-06-08 17:38:45,SUCCESS,046565652817,BHIM
TXN0006202,CUST00485,MER0116,cust00485@okhdfcbank,1301.86,2025-02-09 18:51:29,SUCCESS,525663319275,Paytm
TXN0006205,CUST01900,MER0037,cust01900@okhdfcbank,876.37,2025-06-25 17:48:18,Success,300293620601,PhonePe
TXN0006207,CUST01052,MER0044,cust01052@okhdfcbank,300.27,2025-06-27 17:00:13,Success,969024128455,Amazon Pay
TXN0006208,CUST00383,MER0020,cust00383@okhdfcbank,567.44,2025-01-03 17:18:27,SUCCESS,639062805894,PhonePe
TXN0006209,CUST01708,MER0042,cust01708@okhdfcbank,643.56,2025-05-05 02:14:49,success,092605112514,GPay
TXN0006210,CUST00189,MER0126,cust00189@okhdfcbank,2951.11,2025-06-23 15:34:57,Success,675415088304,BHIM
TXN0006211,CUST01681,MER0138,cust01681@okhdfcbank,205.96,2025-06-10 15:36:13,Success,197544276787,BHIM
TXN0006212,CUST00374,MER0027,cust00374@okhdfcbank,282.62,2025-05-02 23:55:48,success,364699852526,BHIM
TXN0006213,CUST00397,MER0067,cust00397@okhdfcbank,655.07,2025-04-11 20:41:36,success,195107527648,Amazon Pay
TXN0006214,CUST01906,MER0108,cust01906@okhdfcbank,381.44,2025-02-03 07:48:19,SUCCESS,329057099913,GPay
TXN0006217,CUST01553,MER0110,cust01553@okhdfcbank,29.36,2025-06-18 06:34:19,Success,250786940277,BHIM
TXN0006218,CUST01693,MER0060,cust01693@okhdfcbank,270.98,2025-06-19 20:33:08,Success,428602308916,Amazon Pay
TXN0006219,CUST01685,MER0139,cust01685@okhdfcbank,86.28,2025-02-17 04:35:56,success,922075813659,PhonePe
TXN0006220,CUST01796,MER0030,cust01796@okhdfcbank,149.04,2025-06-14 16:19:15,SUCCESS,339450592501,Amazon Pay
TXN0006223,CUST01173,MER0116,cust01173@okhdfcbank,1276.1,2025-05-24 10:59:23,SUCCESS,056039017513,GPay
TXN0006224,CUST00047,MER0127,cust00047@okhdfcbank,454.62,2025-06-02 13:11:49,Success,884409839534,BHIM
TXN0006225,CUST01440,MER0140,cust01440@okhdfcbank,1052.28,2025-05-20 15:38:07,success,420657014768,GPay
TXN0006227,CUST00980,MER0016,cust00980@okhdfcbank,1391.72,2025-03-20 04:31:42,SUCCESS,831856731640,PhonePe
TXN0006230,CUST01623,MER0004,cust01623@okhdfcbank,816.6,2025-03-12 21:25:31,success,542921295984,PhonePe
TXN0006234,CUST01289,MER0090,cust01289@okhdfcbank,544.47,2025-03-05 16:04:51,Success,111901034557,GPay
TXN0006235,CUST01381,MER0041,cust01381@okhdfcbank,1287.63,2025-01-17 17:40:13,success,168812417223,Paytm
TXN0006242,CUST01163,MER0102,cust01163@okhdfcbank,1413.73,2025-03-30 16:29:46,Success,142279634704,GPay
TXN0006243,CUST01547,MER0011,cust01547@okhdfcbank,3549.82,2025-04-19 06:15:41,success,712422236752,Amazon Pay
TXN0006247,CUST00260,MER0010,cust00260@okhdfcbank,1816.38,2025-06-15 05:21:11,Success,252235247102,Paytm
TXN0006250,CUST01985,MER0075,cust01985@okhdfcbank,476.83,2025-05-06 21:37:34,success,671266219015,Paytm
TXN0006251,CUST00267,MER0077,cust00267@okhdfcbank,1391.04,2025-06-21 08:42:24,SUCCESS,500838464107,Amazon Pay
TXN0006252,CUST01241,MER0087,cust01241@okhdfcbank,469.26,2025-06-14 07:16:38,Success,579698235704,Paytm
TXN0006253,CUST01507,MER0132,cust01507@okhdfcbank,203.76,2025-04-18 11:41:14,success,989961573250,BHIM
TXN0006254,CUST01290,MER0017,cust01290@okhdfcbank,1516.52,2025-05-06 16:30:01,success,260156196424,Amazon Pay
TXN0006255,CUST00173,MER0073,cust00173@okhdfcbank,2524.68,2025-03-09 08:06:32,SUCCESS,983726978045,PhonePe
TXN0006256,CUST00926,MER0140,cust00926@okhdfcbank,177.58,2025-04-09 13:17:02,SUCCESS,016107587284,GPay
TXN0006260,CUST01115,MER0103,cust01115@okhdfcbank,158.57,2025-03-28 21:52:12,SUCCESS,949907274311,BHIM
TXN0006261,CUST00800,MER0123,cust00800@okhdfcbank,618.33,2025-02-08 01:22:25,success,740173192262,PhonePe
TXN0006263,CUST01913,MER0116,cust01913@okhdfcbank,993.1,2025-02-23 09:07:37,success,576677657242,Paytm
TXN0006266,CUST01251,MER0137,cust01251@okhdfcbank,420.64,2025-04-06 15:04:55,SUCCESS,232375739759,BHIM
TXN0006268,CUST01756,MER0148,cust01756@okhdfcbank,525.15,2025-06-27 17:41:32,success,260991666587,BHIM
TXN0006269,CUST00894,MER0130,cust00894@okhdfcbank,70.95,2025-04-07 13:14:29,Success,029575145533,Amazon Pay
TXN0006271,CUST01058,MER0148,cust01058@okhdfcbank,690.49,2025-02-08 02:08:31,success,223669148256,PhonePe
TXN0006273,CUST01318,MER0137,cust01318@okhdfcbank,37.67,2025-03-03 19:10:13,Success,697955140673,PhonePe
TXN0006274,CUST01396,MER0135,cust01396@okhdfcbank,47.5,2025-01-01 03:03:02,SUCCESS,474768534279,BHIM
TXN0006277,CUST01833,MER0093,cust01833@okhdfcbank,289.32,2025-05-27 17:11:53,success,714549742858,PhonePe
TXN0006278,CUST00800,MER0098,cust00800@okhdfcbank,1267.95,2025-05-22 07:16:28,success,526286046362,PhonePe
TXN0006280,CUST00936,MER0146,cust00936@okhdfcbank,644.49,2025-01-08 10:33:52,success,350451041532,BHIM
TXN0006285,CUST00806,MER0118,cust00806@okhdfcbank,409.56,2025-04-26 06:21:10,SUCCESS,729994767975,BHIM
TXN0006288,CUST01308,MER0064,cust01308@okhdfcbank,49.51,2025-05-04 02:24:59,Pending,947527187953,BHIM
TXN0006290,CUST01091,MER0148,cust01091@okhdfcbank,147.07,2025-06-14 10:06:32,SUCCESS,056862188544,Amazon Pay
TXN0006291,CUST00552,MER0101,cust00552@okhdfcbank,924.93,2025-06-11 05:31:02,Failed,292483906651,Amazon Pay
TXN0006292,CUST01775,MER0057,cust01775@okhdfcbank,450.15,2025-06-18 05:12:50,success,575818169955,PhonePe
TXN0006294,CUST01968,MER0147,cust01968@okhdfcbank,992.6,2025-01-21 00:29:34,SUCCESS,027950331115,Amazon Pay
TXN0006297,CUST01394,MER0084,cust01394@okhdfcbank,643.95,2025-02-06 05:37:38,success,771825405871,Amazon Pay
TXN0006298,CUST01092,MER0087,cust01092@okhdfcbank,409.62,2025-05-21 06:43:30,FAILED,641026094973,BHIM
TXN0006300,CUST00344,MER0148,cust00344@okhdfcbank,893.58,2025-02-03 08:54:45,SUCCESS,840387611936,Paytm
TXN0006302,CUST01423,MER0057,cust01423@okhdfcbank,552.03,2025-03-08 16:00:38,Success,174711012848,Amazon Pay
TXN0006303,CUST01085,MER0095,cust01085@okhdfcbank,168.97,2025-01-20 20:22:59,SUCCESS,333066421164,Amazon Pay
TXN0006305,CUST01147,MER0101,cust01147@okhdfcbank,463.9,2025-03-13 16:44:35,success,712784230011,Paytm
TXN0006306,CUST00750,MER0007,cust00750@okhdfcbank,980.92,2025-05-06 09:44:35,SUCCESS,641354848300,BHIM
TXN0006307,CUST01003,MER0133,cust01003@okhdfcbank,101.14,2025-02-21 00:58:00,SUCCESS,142644210172,BHIM
TXN0006308,CUST01959,MER0099,cust01959@okhdfcbank,280.39,2025-06-15 01:51:24,success,920604618971,BHIM
TXN0006309,CUST01145,MER0084,cust01145@okhdfcbank,329.42,2025-01-04 00:51:08,Success,938104947522,GPay
TXN0006311,CUST00999,MER0074,cust00999@okhdfcbank,134.11,2025-06-10 04:08:07,success,477631353009,GPay
TXN0006312,CUST00536,MER0058,cust00536@okhdfcbank,396.42,2025-01-02 11:25:45,Success,125360537595,Amazon Pay
TXN0006314,CUST01384,MER0132,cust01384@okhdfcbank,174.58,2025-06-10 01:38:58,SUCCESS,293716383048,Amazon Pay
TXN0006315,CUST01182,MER0020,cust01182@okhdfcbank,437.92,2025-06-29 20:57:27,FAILED,321590201213,Paytm
TXN0006320,CUST00177,MER0094,cust00177@okhdfcbank,219.56,2025-02-10 19:32:13,success,897023921587,PhonePe
TXN0006322,CUST00930,MER0028,cust00930@okhdfcbank,663.34,2025-03-05 10:50:54,Success,450448735035,Paytm
TXN0006323,CUST01695,MER0084,cust01695@okhdfcbank,623.11,2025-02-09 06:46:23,SUCCESS,640005765543,PhonePe
TXN0006324,CUST00220,MER0056,cust00220@okhdfcbank,324.72,2025-05-22 13:04:17,SUCCESS,218698213687,BHIM
TXN0006325,CUST00356,MER0094,cust00356@okhdfcbank,376.38,2025-05-01 06:31:04,Success,093397522521,Amazon Pay
TXN0006326,CUST01815,MER0055,cust01815@okhdfcbank,115.17,2025-06-08 18:00:25,SUCCESS,368552962223,Amazon Pay
TXN0006328,CUST01733,MER0135,cust01733@okhdfcbank,979.91,2025-01-19 21:48:49,success,873433481058,BHIM
TXN0006329,CUST00488,MER0110,cust00488@okhdfcbank,945.25,2025-03-28 20:41:39,Success,871147508943,PhonePe
TXN0006330,CUST01744,MER0082,cust01744@okhdfcbank,99.98,2025-01-09 21:24:25,Success,828347507599,Paytm
TXN0006331,CUST00033,MER0069,cust00033@okhdfcbank,271.65,2025-06-14 09:27:56,Success,226442338353,Amazon Pay
TXN0006333,CUST01947,MER0023,cust01947@okhdfcbank,71.45,2025-01-07 20:00:26,Success,367566104757,Paytm
TXN0006334,CUST01590,MER0091,cust01590@okhdfcbank,1199.85,2025-02-04 10:23:35,Success,821182294683,BHIM
TXN0006335,CUST00936,MER0099,cust00936@okhdfcbank,2108.82,2025-04-30 13:27:26,success,868427014143,GPay
TXN0006337,CUST01212,MER0135,cust01212@okhdfcbank,173.14,2025-04-02 19:48:59,success,989944497616,PhonePe
TXN0006338,CUST01150,MER0016,cust01150@okhdfcbank,554.09,2025-04-28 11:50:19,SUCCESS,995282368013,BHIM
TXN0006339,CUST01501,MER0034,cust01501@okhdfcbank,1849.77,2025-05-28 03:26:23,Success,278029850087,Paytm
TXN0006340,CUST00979,MER0002,cust00979@okhdfcbank,382.37,2025-02-22 18:07:48,SUCCESS,737726573786,Amazon Pay
TXN0006341,CUST00740,MER0034,cust00740@okhdfcbank,279.5,2025-02-15 15:13:32,SUCCESS,738318352868,Paytm
TXN0006345,CUST01658,MER0110,cust01658@okhdfcbank,237.62,2025-03-22 19:05:16,Success,294769841118,BHIM
TXN0006346,CUST00120,MER0084,cust00120@okhdfcbank,654.49,2025-06-17 18:41:32,success,147067464940,GPay
TXN0006347,CUST01583,MER0150,cust01583@okhdfcbank,574.22,2025-04-09 08:10:43,success,892146242672,GPay
TXN0006351,CUST00692,MER0131,cust00692@okhdfcbank,431.1,2025-03-07 11:51:48,success,354203646428,Amazon Pay
TXN0006352,CUST01518,MER0072,cust01518@okhdfcbank,2488.22,2025-04-16 02:52:16,Failed,753873692875,Amazon Pay
TXN0006353,CUST01295,MER0087,cust01295@okhdfcbank,866.2,2025-05-23 07:30:16,Success,941262401792,BHIM
TXN0006357,CUST01029,MER0033,cust01029@okhdfcbank,551.69,2025-03-01 03:16:02,SUCCESS,861134157946,Amazon Pay
TXN0006358,CUST01962,MER0031,cust01962@okhdfcbank,194.0,2025-01-17 02:42:17,success,830855300901,GPay
TXN0006361,CUST00013,MER0011,cust00013@okhdfcbank,198.86,2025-01-09 07:48:42,success,698340924527,BHIM
TXN0006362,CUST00320,MER0079,cust00320@okhdfcbank,463.02,2025-03-14 07:59:33,success,982940212206,Amazon Pay
TXN0006363,CUST01310,MER0059,cust01310@okhdfcbank,1418.26,2025-04-24 20:30:07,Success,364119031470,PhonePe
TXN0006364,CUST01326,MER0060,cust01326@okhdfcbank,667.79,2025-01-15 03:01:51,SUCCESS,217689946904,GPay
TXN0006365,CUST01963,MER0061,cust01963@okhdfcbank,239.34,2025-01-26 11:06:01,Success,428062005353,PhonePe
TXN0006367,CUST00668,MER0082,cust00668@okhdfcbank,852.25,2025-01-14 10:41:37,Failed,529555292779,Paytm
TXN0006368,CUST00427,MER0002,cust00427@okhdfcbank,1363.48,2025-03-04 21:50:25,success,939356552283,Paytm
TXN0006369,CUST00697,MER0124,cust00697@okhdfcbank,51.03,2025-01-07 13:28:10,SUCCESS,597434144132,BHIM
TXN0006372,CUST00206,MER0073,cust00206@okhdfcbank,2698.06,2025-02-28 21:18:19,SUCCESS,892972369144,GPay
TXN0006375,CUST01202,MER0126,cust01202@okhdfcbank,2551.36,2025-01-28 23:25:33,Success,466819369339,BHIM
TXN0006376,CUST01024,MER0057,cust01024@okhdfcbank,65.54,2025-03-24 03:39:35,PENDING,125114809825,Amazon Pay
TXN0006382,CUST00756,MER0074,cust00756@okhdfcbank,266.41,2025-02-10 14:42:48,Success,603478001435,GPay
TXN0006383,CUST01945,MER0018,cust01945@okhdfcbank,396.53,2025-04-13 02:32:04,failed,264197859021,Amazon Pay
TXN0006384,CUST00448,MER0045,cust00448@okhdfcbank,1110.35,2025-05-18 09:29:44,success,329257844188,Paytm
TXN0006385,CUST01113,MER0028,cust01113@okhdfcbank,2847.06,2025-05-24 02:53:02,SUCCESS,453290590647,PhonePe
TXN0006389,CUST00625,MER0024,cust00625@okhdfcbank,179.36,2025-01-12 10:53:15,success,650056426977,BHIM
TXN0006391,CUST00502,MER0107,cust00502@okhdfcbank,422.65,2025-02-20 22:49:39,success,536025692994,GPay
TXN0006392,CUST01003,MER0041,cust01003@okhdfcbank,1557.29,2025-02-09 14:30:31,FAILED,863965627157,BHIM
TXN0006396,CUST00179,MER0117,cust00179@okhdfcbank,456.44,2025-02-04 08:36:20,Success,393172227513,GPay
TXN0006397,CUST01612,MER0047,cust01612@okhdfcbank,147.59,2025-06-24 17:36:45,SUCCESS,172691397946,GPay
TXN0006398,CUST00717,MER0123,cust00717@okhdfcbank,3033.18,2025-04-01 03:36:54,success,783074973371,Amazon Pay
TXN0006399,CUST00658,MER0067,cust00658@okhdfcbank,263.23,2025-05-26 00:27:51,SUCCESS,850926140524,PhonePe
TXN0006403,CUST01170,MER0009,cust01170@okhdfcbank,180.84,2025-03-05 04:38:00,Pending,573617244054,BHIM
TXN0006405,CUST01673,MER0117,cust01673@okhdfcbank,207.34,2025-03-16 06:10:21,SUCCESS,807981854877,PhonePe
TXN0006407,CUST01495,MER0027,cust01495@okhdfcbank,403.36,2025-03-18 05:09:42,Failed,629329208915,BHIM
TXN0006408,CUST00109,MER0141,cust00109@okhdfcbank,1199.61,2025-06-18 17:58:30,SUCCESS,864189702489,GPay
TXN0006409,CUST00373,MER0113,cust00373@okhdfcbank,823.56,2025-01-24 11:34:24,Success,851033537900,PhonePe
TXN0006411,CUST00130,MER0118,cust00130@okhdfcbank,-513.02,2025-05-14 11:54:08,success,350168575803,GPay
TXN0006412,CUST00441,MER0051,cust00441@okhdfcbank,1697.87,2025-03-28 00:03:20,FAILED,737517108334,BHIM
TXN0006414,CUST01157,MER0150,cust01157@okhdfcbank,2769.26,2025-02-06 03:30:52,pending,209812240924,GPay
TXN0006415,CUST01960,MER0008,cust01960@okhdfcbank,136.02,2025-03-05 06:26:36,Success,224747939193,GPay
TXN0006416,CUST00373,MER0045,cust00373@okhdfcbank,1076.54,2025-01-31 03:14:43,failed,678702937265,BHIM
TXN0006417,CUST01181,MER0146,cust01181@okhdfcbank,120.88,2025-06-26 15:14:12,success,065320206194,BHIM
TXN0006420,CUST00875,MER0084,cust00875@okhdfcbank,302.87,2025-05-08 14:59:36,FAILED,477814836130,PhonePe
TXN0006422,CUST01312,MER0078,cust01312@okhdfcbank,123.1,2025-02-15 21:06:27,success,826713077477,GPay
TXN0006423,CUST01133,MER0141,cust01133@okhdfcbank,183.56,2025-01-28 22:29:47,SUCCESS,739908539291,Amazon Pay
TXN0006424,CUST00485,MER0043,cust00485@okhdfcbank,811.0,2025-03-05 03:05:15,success,902659207420,Amazon Pay
TXN0006425,CUST01338,MER0094,cust01338@okhdfcbank,507.59,2025-05-17 09:44:55,Success,612221486092,Paytm
TXN0006426,CUST01975,MER0063,cust01975@okhdfcbank,247.02,2025-06-03 06:38:43,success,755622756588,Paytm
TXN0006429,CUST00856,MER0032,cust00856@okhdfcbank,343.23,2025-04-05 23:23:10,success,883670962906,GPay
TXN0006434,CUST00520,MER0148,cust00520@okhdfcbank,77.93,2025-06-07 10:25:53,Success,404424697115,Paytm
TXN0006438,CUST00902,MER0018,cust00902@okhdfcbank,233.09,2025-02-01 11:23:31,Success,026590167469,PhonePe
TXN0006439,CUST00114,MER0085,cust00114@okhdfcbank,199.17,2025-02-17 20:43:25,success,659006615590,GPay
TXN0006440,CUST01366,MER0120,cust01366@okhdfcbank,2206.78,2025-05-28 12:40:16,success,695636420329,GPay
TXN0006441,CUST01080,MER0128,cust01080@okhdfcbank,83.66,2025-05-20 13:41:09,success,330474393719,GPay
TXN0006442,CUST00231,MER0055,cust00231@okhdfcbank,171.71,2025-04-06 05:05:30,Success,945278441466,PhonePe
TXN0006444,CUST01187,MER0143,cust01187@okhdfcbank,935.19,2025-06-27 16:07:09,SUCCESS,368991318826,BHIM
TXN0006446,CUST00058,MER0026,cust00058@okhdfcbank,1714.02,2025-01-27 03:49:24,SUCCESS,924171795021,Paytm
TXN0006448,CUST01494,MER0014,cust01494@okhdfcbank,621.83,2025-04-17 09:46:10,success,869063097800,Amazon Pay
TXN0006449,CUST00386,MER0045,cust00386@okhdfcbank,617.43,2025-01-08 07:29:41,Success,038298557212,GPay
TXN0006453,CUST01032,MER0130,cust01032@okhdfcbank,405.49,2025-06-17 16:46:30,SUCCESS,708849998729,PhonePe
TXN0006454,CUST01166,MER0113,cust01166@okhdfcbank,418.2,2025-03-09 19:54:58,success,789955380502,PhonePe
TXN0006456,CUST01516,MER0096,cust01516@okhdfcbank,467.83,2025-05-10 14:03:59,success,223319311132,Paytm
TXN0006458,CUST01096,MER0101,cust01096@okhdfcbank,1318.81,2025-06-29 11:33:44,success,999182033206,GPay
TXN0006459,CUST00125,MER0011,cust00125@okhdfcbank,286.1,2025-02-09 05:21:57,SUCCESS,456421751032,BHIM
TXN0006460,CUST00036,MER0072,cust00036@okhdfcbank,507.78,2025-02-28 15:54:16,SUCCESS,910529066409,Paytm
TXN0006461,CUST00484,MER0100,cust00484@okhdfcbank,134.77,2025-05-06 07:48:50,success,838798672169,Amazon Pay
TXN0006464,CUST00711,MER0042,cust00711@okhdfcbank,300.53,2025-02-10 18:54:37,SUCCESS,095294885926,Amazon Pay
TXN0006466,CUST01902,MER0024,cust01902@okhdfcbank,804.19,2025-01-05 10:26:41,SUCCESS,550367949051,Paytm
TXN0006467,CUST01596,MER0039,cust01596@okhdfcbank,453.84,2025-05-05 20:11:07,Success,790113257967,GPay
TXN0006468,CUST01183,MER0043,cust01183@okhdfcbank,102.77,2025-06-01 07:25:50,SUCCESS,219503369053,Amazon Pay
TXN0006477,CUST01247,MER0030,cust01247@okhdfcbank,157.93,2025-01-29 04:36:24,Success,613111755492,BHIM
TXN0006478,CUST00815,MER0013,cust00815@okhdfcbank,743.21,2025-05-03 23:20:54,success,533557899610,Amazon Pay
TXN0006479,CUST00310,MER0039,cust00310@okhdfcbank,432.38,2025-01-23 10:32:48,SUCCESS,774078529254,BHIM
TXN0006480,CUST00425,MER0041,cust00425@okhdfcbank,231.04,2025-01-23 22:17:20,Success,667641395622,BHIM
TXN0006482,CUST00956,MER0036,cust00956@okhdfcbank,144.39,2025-01-11 09:20:39,pending,227657347785,BHIM
TXN0006484,CUST00231,MER0098,cust00231@okhdfcbank,387.75,2025-03-20 04:42:02,success,731734276899,PhonePe
TXN0006485,CUST00215,MER0034,cust00215@okhdfcbank,319.81,2025-06-27 08:13:04,Success,706467997339,PhonePe
TXN0006486,CUST00371,MER0011,cust00371@okhdfcbank,520.69,2025-01-24 11:41:58,success,918788023777,GPay
TXN0006488,CUST00279,MER0088,cust00279@okhdfcbank,620.65,2025-05-09 11:49:40,success,075707344987,Paytm
TXN0006489,CUST01521,MER0136,cust01521@okhdfcbank,1265.34,2025-05-28 13:37:58,SUCCESS,223682075525,BHIM
TXN0006492,CUST00602,MER0147,cust00602@okhdfcbank,211.09,2025-02-07 08:51:24,Success,332035755934,GPay
TXN0006493,CUST00884,MER0098,cust00884@okhdfcbank,296.3,2025-03-07 11:59:36,success,567323335113,Amazon Pay
TXN0006494,CUST00427,MER0138,cust00427@okhdfcbank,947.28,2025-01-03 14:29:26,SUCCESS,059462785830,GPay
TXN0006496,CUST01333,MER0078,cust01333@okhdfcbank,249.98,2025-05-31 19:26:43,Failed,258672988777,GPay
TXN0006497,CUST01067,MER0027,cust01067@okhdfcbank,908.31,2025-01-30 01:20:04,Pending,861912246216,PhonePe
TXN0006498,CUST01566,MER0073,cust01566@okhdfcbank,191.8,2025-02-04 04:51:31,Success,745739126926,Paytm
TXN0006499,CUST00206,MER0024,cust00206@okhdfcbank,797.16,2025-02-25 05:38:06,Success,849764635385,PhonePe
TXN0006501,CUST01075,MER0036,cust01075@okhdfcbank,123.42,2025-06-29 00:30:01,success,285049435108,BHIM
TXN0006502,CUST00691,MER0003,cust00691@okhdfcbank,319.23,2025-04-22 22:21:23,success,598163170263,PhonePe
TXN0006503,CUST01362,MER0084,cust01362@okhdfcbank,4368.91,2025-01-27 03:26:27,success,122937958808,PhonePe
TXN0006504,CUST00308,MER0074,cust00308@okhdfcbank,603.52,2025-03-14 22:18:55,success,719588434809,Paytm
TXN0006505,CUST00264,MER0005,cust00264@okhdfcbank,4916.98,2025-06-13 02:38:36,success,316821365857,Paytm
TXN0006511,CUST01166,MER0089,cust01166@okhdfcbank,1138.98,2025-01-25 21:28:14,success,721478076741,BHIM
TXN0006515,CUST00391,MER0109,cust00391@okhdfcbank,418.18,2025-03-11 17:08:10,Success,302622454713,PhonePe
TXN0006516,CUST01126,MER0084,cust01126@okhdfcbank,319.47,2025-04-15 18:54:05,success,031200281191,BHIM
TXN0006520,CUST01819,MER0040,cust01819@okhdfcbank,1461.65,2025-01-05 23:31:00,SUCCESS,727896653639,Amazon Pay
TXN0006521,CUST00289,MER0124,cust00289@okhdfcbank,1400.68,2025-01-11 10:47:52,success,331911180095,PhonePe
TXN0006522,CUST00866,MER0032,cust00866@okhdfcbank,187.18,2025-03-12 06:12:55,success,197237587007,BHIM
TXN0006524,CUST01142,MER0127,cust01142@okhdfcbank,815.18,2025-02-23 23:15:04,FAILED,396713817445,GPay
TXN0006525,CUST00124,MER0043,cust00124@okhdfcbank,174.01,2025-04-27 07:51:13,Success,619601272478,Paytm
TXN0006527,CUST01473,MER0022,cust01473@okhdfcbank,177.16,2025-03-25 17:38:22,success,692881244584,PhonePe
TXN0006529,CUST00468,MER0034,cust00468@okhdfcbank,1111.86,2025-01-25 13:27:08,success,109390226782,Paytm
TXN0006534,CUST01437,MER0074,cust01437@okhdfcbank,382.83,2025-01-07 06:54:56,SUCCESS,101001414435,Paytm
TXN0006535,CUST00512,MER0016,cust00512@okhdfcbank,4608.62,2025-01-25 05:07:09,Success,753440998208,PhonePe
TXN0006536,CUST00035,MER0093,cust00035@okhdfcbank,168.94,2025-06-26 07:29:45,SUCCESS,845757866165,Paytm
TXN0006539,CUST00867,MER0079,cust00867@okhdfcbank,1219.52,2025-05-01 22:57:15,SUCCESS,022113000347,Paytm
TXN0006541,CUST00584,MER0109,cust00584@okhdfcbank,420.28,2025-06-13 19:01:10,success,596795763781,Amazon Pay
TXN0006544,CUST01714,MER0065,cust01714@okhdfcbank,604.35,2025-03-31 15:53:30,success,740696705702,PhonePe
TXN0006545,CUST00890,MER0001,cust00890@okhdfcbank,841.52,2025-01-22 11:14:52,Success,730794162180,BHIM
TXN0006546,CUST00091,MER0143,cust00091@okhdfcbank,320.32,2025-01-12 12:49:01,SUCCESS,459363063955,Amazon Pay
TXN0006548,CUST01054,MER0032,cust01054@okhdfcbank,627.63,2025-01-08 12:29:48,success,378264241650,Paytm
TXN0006549,CUST00425,MER0007,cust00425@okhdfcbank,1174.01,2025-06-06 12:40:59,SUCCESS,588387136756,GPay
TXN0006550,CUST01867,MER0106,cust01867@okhdfcbank,223.1,2025-04-18 13:05:49,success,237815543738,Paytm
TXN0006551,CUST00471,MER0026,cust00471@okhdfcbank,24.03,2025-03-29 06:00:35,FAILED,764523745381,PhonePe
TXN0006552,CUST00817,MER0071,cust00817@okhdfcbank,972.22,2025-05-29 05:54:28,success,689218286503,Paytm
TXN0006554,CUST00868,MER0133,cust00868@okhdfcbank,601.87,2025-01-09 06:38:22,Success,307877365354,PhonePe
TXN0006557,CUST00220,MER0038,cust00220@okhdfcbank,812.55,2025-04-26 02:24:10,SUCCESS,026628563528,GPay
TXN0006558,CUST00063,MER0028,cust00063@okhdfcbank,1156.52,2025-03-08 13:11:10,SUCCESS,082994073176,Amazon Pay
TXN0006561,CUST00837,MER0116,cust00837@okhdfcbank,103.16,2025-01-20 17:47:59,SUCCESS,075700046674,PhonePe
TXN0006562,CUST00505,MER0014,cust00505@okhdfcbank,579.96,2025-03-31 16:49:30,Success,981555718021,Amazon Pay
TXN0006563,CUST01460,MER0059,cust01460@okhdfcbank,152.27,2025-03-06 11:52:52,Success,390582680400,Paytm
TXN0006565,CUST01987,MER0136,cust01987@okhdfcbank,101.34,2025-02-23 12:08:44,Success,661145347933,Paytm
TXN0006566,CUST01008,MER0077,cust01008@okhdfcbank,129.81,2025-02-08 17:42:42,FAILED,742446063352,Amazon Pay
TXN0006569,CUST00892,MER0047,cust00892@okhdfcbank,271.65,2025-03-09 18:08:53,SUCCESS,947229132360,PhonePe
TXN0006570,CUST01089,MER0136,cust01089@okhdfcbank,274.39,2025-05-12 08:05:40,success,755773004581,Amazon Pay
TXN0006572,CUST00520,MER0128,cust00520@okhdfcbank,386.74,2025-01-06 18:20:15,Success,414659390632,Amazon Pay
TXN0006573,CUST00419,MER0031,cust00419@okhdfcbank,2180.81,2025-04-19 23:39:04,SUCCESS,638446441962,Amazon Pay
TXN0006575,CUST01375,MER0052,cust01375@okhdfcbank,356.18,2025-04-28 20:39:04,SUCCESS,606549153032,GPay
TXN0006578,CUST00521,MER0112,cust00521@okhdfcbank,186.99,2025-06-22 18:00:23,success,218967503495,Amazon Pay
TXN0006579,CUST00807,MER0112,cust00807@okhdfcbank,636.84,2025-06-09 20:21:28,success,671082699013,BHIM
TXN0006584,CUST00545,MER0104,cust00545@okhdfcbank,-343.7,2025-03-22 13:07:36,Success,071249627420,BHIM
TXN0006586,CUST01284,MER0007,cust01284@okhdfcbank,1033.96,2025-05-27 15:00:09,success,793797500687,PhonePe
TXN0006587,CUST00139,MER0030,cust00139@okhdfcbank,259.62,2025-01-10 19:42:30,Success,208219463252,Amazon Pay
TXN0006588,CUST00916,MER0125,cust00916@okhdfcbank,754.41,2025-05-10 10:17:07,SUCCESS,022230353139,BHIM
TXN0006589,CUST00958,MER0032,cust00958@okhdfcbank,1749.57,2025-06-27 11:13:10,success,590934320462,Amazon Pay
TXN0006591,CUST01342,MER0068,cust01342@okhdfcbank,177.19,2025-04-24 16:55:43,SUCCESS,388889760353,Paytm
TXN0006592,CUST00484,MER0140,cust00484@okhdfcbank,487.28,2025-05-30 04:24:36,SUCCESS,959755865837,Paytm
TXN0006593,CUST01929,MER0142,cust01929@okhdfcbank,510.61,2025-01-14 04:38:42,success,404070348358,PhonePe
TXN0006596,CUST00007,MER0081,cust00007@okhdfcbank,355.65,2025-02-18 09:46:40,failed,458837027803,PhonePe
TXN0006597,CUST01368,MER0017,cust01368@okhdfcbank,723.61,2025-03-03 11:46:12,Success,136099911702,Paytm
TXN0006598,CUST01607,MER0045,cust01607@okhdfcbank,1531.41,2025-01-09 05:07:04,SUCCESS,109147835410,PhonePe
TXN0006601,CUST00809,MER0136,cust00809@okhdfcbank,3500.61,2025-04-06 16:43:41,success,209128447524,Amazon Pay
TXN0006603,CUST00407,MER0119,cust00407@okhdfcbank,918.26,2025-04-25 15:04:38,Success,758926750755,BHIM
TXN0006605,CUST00850,MER0098,cust00850@okhdfcbank,368.66,2025-04-28 02:07:22,success,775593110479,Amazon Pay
TXN0006606,CUST01140,MER0075,cust01140@okhdfcbank,214.3,2025-01-20 19:36:45,Success,749754846707,GPay
TXN0006607,CUST00842,MER0098,cust00842@okhdfcbank,291.21,2025-01-20 08:03:40,SUCCESS,653003093714,Paytm
TXN0006608,CUST00305,MER0056,cust00305@okhdfcbank,180.74,2025-04-05 04:03:21,success,732768868755,Amazon Pay
TXN0006610,CUST00983,MER0147,cust00983@okhdfcbank,665.03,2025-02-21 16:27:40,SUCCESS,580027786082,Paytm
TXN0006613,CUST00432,MER0132,cust00432@okhdfcbank,562.93,2025-05-11 01:10:30,success,933400445660,Paytm
TXN0006614,CUST01211,MER0075,cust01211@okhdfcbank,2797.06,2025-04-24 04:20:34,success,334036805127,GPay
TXN0006615,CUST01165,MER0030,cust01165@okhdfcbank,916.03,2025-04-29 13:21:04,SUCCESS,878416271152,BHIM
TXN0006617,CUST01685,MER0068,cust01685@okhdfcbank,596.33,2025-02-02 01:37:15,Success,966723278904,PhonePe
TXN0006618,CUST01810,MER0111,cust01810@okhdfcbank,97.95,2025-06-14 16:31:58,failed,746688774274,Paytm
TXN0006619,CUST01958,MER0036,cust01958@okhdfcbank,80.33,2025-01-06 02:35:57,SUCCESS,073619784654,Paytm
TXN0006621,CUST01679,MER0139,cust01679@okhdfcbank,289.51,2025-06-13 22:29:39,success,047452720655,BHIM
TXN0006622,CUST00352,MER0028,cust00352@okhdfcbank,265.93,2025-01-18 06:52:35,Success,390279356226,PhonePe
TXN0006623,CUST00842,MER0015,cust00842@okhdfcbank,629.96,2025-06-13 07:28:19,SUCCESS,041091203382,BHIM
TXN0006624,CUST00325,MER0008,cust00325@okhdfcbank,854.4,2025-05-03 11:51:21,success,359732161411,Paytm
TXN0006626,CUST01741,MER0140,cust01741@okhdfcbank,2905.67,2025-06-05 04:28:33,success,998202905639,Amazon Pay
TXN0006631,CUST00172,MER0114,cust00172@okhdfcbank,429.44,2025-01-05 08:27:10,FAILED,247157584367,Paytm
TXN0006632,CUST01497,MER0138,cust01497@okhdfcbank,165.01,2025-04-08 19:10:36,success,802437975846,GPay
TXN0006634,CUST01041,MER0008,cust01041@okhdfcbank,477.44,2025-06-08 07:39:40,Success,883966919182,Amazon Pay
TXN0006636,CUST01832,MER0067,cust01832@okhdfcbank,1246.15,2025-03-01 01:16:27,Success,977956671654,Amazon Pay
TXN0006639,CUST01810,MER0092,cust01810@okhdfcbank,1934.35,2025-04-12 08:26:45,SUCCESS,958564388350,Amazon Pay
TXN0006640,CUST01051,MER0060,cust01051@okhdfcbank,111.58,2025-04-21 21:27:40,SUCCESS,912024349428,BHIM
TXN0006643,CUST00127,MER0007,cust00127@okhdfcbank,673.52,2025-02-20 09:21:38,success,621247067696,Paytm
TXN0006645,CUST00972,MER0082,cust00972@okhdfcbank,1172.8,2025-04-02 21:37:21,Success,446092984794,Paytm
TXN0006646,CUST01366,MER0024,cust01366@okhdfcbank,542.9,2025-06-10 22:32:15,SUCCESS,081738935643,GPay
TXN0006651,CUST01047,MER0128,cust01047@okhdfcbank,631.74,2025-05-11 22:39:15,Success,120905940261,Amazon Pay
TXN0006653,CUST00339,MER0109,cust00339@okhdfcbank,195.51,2025-04-19 16:20:21,Failed,411253032911,Amazon Pay
TXN0006654,CUST01852,MER0130,cust01852@okhdfcbank,138.55,2025-01-30 05:05:14,SUCCESS,200325255174,GPay
TXN0006655,CUST00949,MER0101,cust00949@okhdfcbank,389.74,2025-04-23 08:27:09,SUCCESS,490190230143,BHIM
TXN0006656,CUST01932,MER0123,cust01932@okhdfcbank,3524.05,2025-05-10 01:10:59,SUCCESS,466007766501,Amazon Pay
TXN0006657,CUST01302,MER0013,cust01302@okhdfcbank,217.19,2025-02-21 20:56:12,Success,408571634026,Paytm
TXN0006658,CUST00089,MER0091,cust00089@okhdfcbank,1593.88,2025-02-14 12:47:20,Success,985826516422,Amazon Pay
TXN0006659,CUST01462,MER0031,cust01462@okhdfcbank,2403.64,2025-02-20 05:24:11,SUCCESS,787701792905,Amazon Pay
TXN0006660,CUST01853,MER0023,cust01853@okhdfcbank,515.67,2025-06-03 10:12:36,FAILED,055061529435,GPay
TXN0006662,CUST00091,MER0127,cust00091@okhdfcbank,822.89,2025-06-24 16:22:45,failed,914236210874,Amazon Pay
TXN0006663,CUST01131,MER0064,cust01131@okhdfcbank,598.84,2025-02-04 09:00:58,Success,382843946566,Amazon Pay
TXN0006667,CUST00220,MER0118,cust00220@okhdfcbank,1253.18,2025-04-23 19:48:48,Success,258892197245,GPay
TXN0006669,CUST00600,MER0012,cust00600@okhdfcbank,459.83,2025-06-21 19:18:54,PENDING,840826008227,BHIM
TXN0006670,CUST01239,MER0108,cust01239@okhdfcbank,961.64,2025-05-17 07:36:30,FAILED,718907670662,Amazon Pay
TXN0006671,CUST01311,MER0073,cust01311@okhdfcbank,414.68,2025-06-12 03:47:08,Success,882507417130,Paytm
TXN0006673,CUST01120,MER0064,cust01120@okhdfcbank,231.52,2025-05-20 21:05:50,Success,403997106344,GPay
TXN0006674,CUST00543,MER0110,cust00543@okhdfcbank,227.54,2025-01-05 23:24:09,Success,776389032601,Paytm
TXN0006675,CUST00545,MER0116,cust00545@okhdfcbank,7107.34,2025-04-10 08:41:51,success,792354820446,Amazon Pay
TXN0006678,CUST00693,MER0027,cust00693@okhdfcbank,2654.45,2025-03-16 22:35:18,Failed,481342638869,GPay
TXN0006680,CUST01188,MER0063,cust01188@okhdfcbank,712.25,2025-06-10 07:12:04,Success,932307471956,GPay
TXN0006682,CUST00257,MER0001,cust00257@okhdfcbank,98.28,2025-04-08 13:58:22,SUCCESS,019104117166,Amazon Pay
TXN0006684,CUST01595,MER0057,cust01595@okhdfcbank,517.42,2025-02-21 15:16:07,success,242332953069,PhonePe
TXN0006686,CUST01258,MER0011,cust01258@okhdfcbank,3266.85,2025-06-20 22:39:18,SUCCESS,609679314154,Amazon Pay
TXN0006687,CUST00893,MER0036,cust00893@okhdfcbank,388.94,2025-02-20 04:50:40,SUCCESS,380202261468,GPay
TXN0006688,CUST00810,MER0123,cust00810@okhdfcbank,3466.6,2025-01-30 09:17:21,SUCCESS,193235699895,BHIM
TXN0006689,CUST01542,MER0135,cust01542@okhdfcbank,306.01,2025-03-28 10:39:45,Success,073980436479,PhonePe
TXN0006690,CUST01233,MER0148,cust01233@okhdfcbank,3334.91,2025-01-14 05:36:04,Success,174011737360,Amazon Pay
TXN0006692,CUST00130,MER0023,cust00130@okhdfcbank,865.49,2025-02-28 05:38:01,SUCCESS,409288658870,BHIM
TXN0006698,CUST01474,MER0105,cust01474@okhdfcbank,385.0,2025-06-23 16:24:14,success,157664270811,Amazon Pay
TXN0006700,CUST00510,MER0012,cust00510@okhdfcbank,1159.04,2025-06-28 07:49:27,success,749888039148,PhonePe
TXN0006703,CUST00340,MER0093,cust00340@okhdfcbank,512.51,2025-06-26 00:15:56,Success,917478025503,PhonePe
TXN0006704,CUST01959,MER0072,cust01959@okhdfcbank,752.91,2025-05-26 17:28:25,success,375130737022,Paytm
TXN0006705,CUST00619,MER0127,cust00619@okhdfcbank,1436.78,2025-01-29 02:05:33,success,243496497566,Amazon Pay
TXN0006708,CUST01332,MER0009,cust01332@okhdfcbank,710.4,2025-06-19 12:40:12,Success,738537360877,Amazon Pay
TXN0006711,CUST00824,MER0017,cust00824@okhdfcbank,138.06,2025-04-02 06:34:26,SUCCESS,704114384420,PhonePe
TXN0006712,CUST01548,MER0124,cust01548@okhdfcbank,1163.48,2025-06-24 02:20:44,success,650108549632,Amazon Pay
TXN0006716,CUST01543,MER0140,cust01543@okhdfcbank,1478.63,2025-05-03 10:16:55,Success,961579900145,BHIM
TXN0006717,CUST00086,MER0140,cust00086@okhdfcbank,300.18,2025-04-16 01:26:15,Success,949529974541,PhonePe
TXN0006718,CUST01959,MER0001,cust01959@okhdfcbank,1089.45,2025-06-18 05:14:41,Success,004700498495,Paytm
TXN0006719,CUST00821,MER0119,cust00821@okhdfcbank,1576.6,2025-06-11 19:35:22,SUCCESS,749374994898,Amazon Pay
TXN0006720,CUST01129,MER0038,cust01129@okhdfcbank,2864.31,2025-01-19 19:34:40,failed,968611255144,Paytm
TXN0006722,CUST00848,MER0133,cust00848@okhdfcbank,741.38,2025-06-14 14:59:31,Success,512701506190,Amazon Pay
TXN0006724,CUST00669,MER0048,cust00669@okhdfcbank,180.56,2025-06-28 11:23:39,SUCCESS,306673576602,BHIM
TXN0006726,CUST00865,MER0138,cust00865@okhdfcbank,532.43,2025-04-30 21:19:24,Success,259005435826,Amazon Pay
TXN0006727,CUST01649,MER0064,cust01649@okhdfcbank,1548.44,2025-05-16 17:01:13,SUCCESS,190794437242,Amazon Pay
TXN0006728,CUST01998,MER0149,cust01998@okhdfcbank,348.56,2025-03-18 20:41:24,success,219673877064,PhonePe
TXN0006731,CUST01162,MER0080,cust01162@okhdfcbank,208.13,2025-05-14 17:31:26,Success,791661336202,PhonePe
TXN0006732,CUST01828,MER0024,cust01828@okhdfcbank,239.11,2025-03-05 13:27:09,success,369832170693,PhonePe
TXN0006734,CUST01646,MER0013,cust01646@okhdfcbank,284.59,2025-01-22 11:38:51,failed,844954938311,PhonePe
TXN0006735,CUST00255,MER0035,cust00255@okhdfcbank,1607.57,2025-05-21 06:32:31,success,099701764437,GPay
TXN0006738,CUST00505,MER0098,cust00505@okhdfcbank,837.46,2025-06-22 15:45:25,success,632421902036,GPay
TXN0006739,CUST01423,MER0012,cust01423@okhdfcbank,830.88,2025-03-10 04:59:42,failed,197048176592,BHIM
TXN0006741,CUST00161,MER0109,cust00161@okhdfcbank,427.57,2025-05-13 13:55:13,Success,352398513277,PhonePe
TXN0006742,CUST01492,MER0016,cust01492@okhdfcbank,192.47,2025-02-14 02:13:09,success,444106544878,Amazon Pay
TXN0006745,CUST00644,MER0064,cust00644@okhdfcbank,203.69,2025-03-21 18:25:05,SUCCESS,518372828996,BHIM
TXN0006748,CUST01228,MER0015,cust01228@okhdfcbank,190.74,2025-03-15 14:11:18,SUCCESS,470820176719,PhonePe
TXN0006750,CUST00051,MER0147,cust00051@okhdfcbank,253.31,2025-02-28 11:22:49,SUCCESS,397013268974,GPay
TXN0006751,CUST01653,MER0035,cust01653@okhdfcbank,197.9,2025-02-28 00:06:18,success,718446101899,GPay
TXN0006753,CUST00097,MER0076,cust00097@okhdfcbank,439.73,2025-06-28 17:52:49,SUCCESS,830802089993,BHIM
TXN0006754,CUST00771,MER0097,cust00771@okhdfcbank,1723.79,2025-05-13 12:15:13,SUCCESS,669893599319,Paytm
TXN0006755,CUST01772,MER0071,cust01772@okhdfcbank,209.66,2025-06-02 12:46:30,Success,342255306573,PhonePe
TXN0006756,CUST01850,MER0143,cust01850@okhdfcbank,87.57,2025-04-30 02:36:24,SUCCESS,062785262845,BHIM
TXN0006760,CUST00030,MER0080,cust00030@okhdfcbank,12275.67,2025-03-03 02:49:48,Success,159314234209,Paytm
TXN0006761,CUST00868,MER0094,cust00868@okhdfcbank,686.81,2025-04-06 03:42:07,Success,624700601597,GPay
TXN0006762,CUST01549,MER0114,cust01549@okhdfcbank,623.63,2025-03-08 00:07:36,SUCCESS,719324372114,GPay
TXN0006763,CUST01101,MER0008,cust01101@okhdfcbank,57.09,2025-04-21 22:01:56,success,246203061720,Amazon Pay
TXN0006764,CUST00923,MER0079,cust00923@okhdfcbank,755.93,2025-05-30 03:09:52,success,265900145175,PhonePe
TXN0006768,CUST01603,MER0095,cust01603@okhdfcbank,460.31,2025-02-20 02:46:47,success,731065622215,Amazon Pay
TXN0006770,CUST00781,MER0034,cust00781@okhdfcbank,3982.7,2025-06-15 21:16:18,SUCCESS,608761158723,Paytm
TXN0006771,CUST01298,MER0048,cust01298@okhdfcbank,340.07,2025-05-30 14:26:21,SUCCESS,287670671182,Paytm
TXN0006774,CUST01296,MER0086,cust01296@okhdfcbank,1078.61,2025-04-28 05:12:54,success,306961937094,Amazon Pay
TXN0006775,CUST01246,MER0089,cust01246@okhdfcbank,588.02,2025-02-14 10:45:40,Success,289025489311,PhonePe
TXN0006776,CUST01896,MER0014,cust01896@okhdfcbank,372.45,2025-01-02 18:40:13,success,634070470075,GPay
TXN0006778,CUST01753,MER0048,cust01753@okhdfcbank,628.48,2025-01-23 23:51:02,success,031832384049,Amazon Pay
TXN0006780,CUST00371,MER0116,cust00371@okhdfcbank,463.71,2025-03-25 03:28:21,Success,203409377307,BHIM
TXN0006781,CUST01975,MER0123,cust01975@okhdfcbank,151.04,2025-05-15 18:02:22,Success,961581153289,PhonePe
TXN0006782,CUST01345,MER0122,cust01345@okhdfcbank,2065.82,2025-03-02 07:34:36,SUCCESS,518161825823,Paytm
TXN0006783,CUST00822,MER0035,cust00822@okhdfcbank,1160.66,2025-05-29 07:36:27,success,854356090755,GPay
TXN0006784,CUST00648,MER0018,cust00648@okhdfcbank,2060.5,2025-03-17 18:12:02,Success,978649435329,Amazon Pay
TXN0006792,CUST00222,MER0122,cust00222@okhdfcbank,1050.0,2025-04-25 08:03:11,Success,374224701546,Amazon Pay
TXN0006793,CUST01058,MER0102,cust01058@okhdfcbank,873.26,2025-04-04 10:33:22,SUCCESS,493710667660,Paytm
TXN0006794,CUST01457,MER0127,cust01457@okhdfcbank,330.2,2025-04-19 12:20:01,Failed,393819990560,GPay
TXN0006795,CUST00262,MER0051,cust00262@okhdfcbank,268.56,2025-06-19 20:01:08,SUCCESS,723939992908,Amazon Pay
TXN0006796,CUST00163,MER0045,cust00163@okhdfcbank,6213.83,2025-04-23 04:55:39,success,531674754333,Amazon Pay
TXN0006798,CUST01907,MER0004,cust01907@okhdfcbank,419.15,2025-06-05 17:11:24,Failed,721459660863,Amazon Pay
TXN0006799,CUST00560,MER0115,cust00560@okhdfcbank,241.4,2025-01-27 04:43:34,Success,067937311831,Paytm
TXN0006800,CUST01472,MER0105,cust01472@okhdfcbank,629.34,2025-06-03 21:26:58,PENDING,306173146830,GPay
TXN0006801,CUST00539,MER0043,cust00539@okhdfcbank,600.66,2025-05-05 00:03:50,SUCCESS,546559901870,Paytm
TXN0006802,CUST01663,MER0109,cust01663@okhdfcbank,484.82,2025-01-15 18:50:12,SUCCESS,726890558050,GPay
TXN0006803,CUST00302,MER0029,cust00302@okhdfcbank,721.78,2025-06-28 13:16:55,SUCCESS,291293031312,PhonePe
TXN0006804,CUST00338,MER0014,cust00338@okhdfcbank,2874.22,2025-02-09 14:12:02,success,168815839174,GPay
TXN0006805,CUST01083,MER0065,cust01083@okhdfcbank,271.77,2025-02-14 10:19:13,success,104492011635,GPay
TXN0006808,CUST01542,MER0137,cust01542@okhdfcbank,661.62,2025-01-10 08:07:58,success,944680704778,Paytm
TXN0006809,CUST00945,MER0142,cust00945@okhdfcbank,279.09,2025-03-10 00:46:11,Success,824174365020,GPay
TXN0006810,CUST01995,MER0044,cust01995@okhdfcbank,291.36,2025-03-13 13:18:53,SUCCESS,222599179264,GPay
TXN0006812,CUST00262,MER0032,cust00262@okhdfcbank,543.37,2025-05-11 10:34:40,FAILED,086165050820,BHIM
TXN0006813,CUST01142,MER0060,cust01142@okhdfcbank,757.31,2025-04-08 18:18:22,Success,157827506985,Amazon Pay
TXN0006815,CUST01541,MER0069,cust01541@okhdfcbank,788.0,2025-01-10 03:43:50,Success,026640593675,BHIM
TXN0006816,CUST00065,MER0110,cust00065@okhdfcbank,314.29,2025-02-19 09:53:28,Success,863909809448,Paytm
TXN0006817,CUST00626,MER0095,cust00626@okhdfcbank,126.51,2025-02-25 09:09:38,success,360140055497,Paytm
TXN0006821,CUST00287,MER0050,cust00287@okhdfcbank,657.08,2025-01-30 22:27:19,FAILED,837896111773,GPay
TXN0006822,CUST01915,MER0115,cust01915@okhdfcbank,275.07,2025-02-25 10:22:04,Success,185863170601,Paytm
TXN0006825,CUST01926,MER0022,cust01926@okhdfcbank,267.92,2025-03-29 12:38:52,success,763797253268,BHIM
TXN0006827,CUST00423,MER0063,cust00423@okhdfcbank,478.21,2025-05-10 00:47:07,success,423564487709,Paytm
TXN0006828,CUST00602,MER0043,cust00602@okhdfcbank,115.88,2025-04-06 00:14:03,success,850529119884,Paytm
TXN0006830,CUST01706,MER0143,cust01706@okhdfcbank,157.57,2025-04-15 15:26:13,SUCCESS,138534692301,GPay
TXN0006832,CUST00150,MER0122,cust00150@okhdfcbank,1826.48,2025-03-10 16:02:10,SUCCESS,857981170840,GPay
TXN0006833,CUST01463,MER0004,cust01463@okhdfcbank,746.32,2025-05-08 04:46:35,success,476790715620,Paytm
TXN0006836,CUST01606,MER0100,cust01606@okhdfcbank,187.41,2025-02-17 22:48:51,FAILED,183864354829,GPay
TXN0006837,CUST01694,MER0011,cust01694@okhdfcbank,199.04,2025-02-19 12:03:34,SUCCESS,665726004332,GPay
TXN0006839,CUST00792,MER0059,cust00792@okhdfcbank,596.49,2025-03-05 02:36:30,FAILED,790587834163,Amazon Pay
TXN0006842,CUST01279,MER0059,cust01279@okhdfcbank,172.31,2025-03-06 06:41:02,Failed,461282240142,PhonePe
TXN0006843,CUST01737,MER0059,cust01737@okhdfcbank,660.59,2025-06-21 02:12:27,failed,610458426788,GPay
TXN0006844,CUST00626,MER0004,cust00626@okhdfcbank,1773.16,2025-01-07 22:40:18,Success,386399030405,PhonePe
TXN0006846,CUST00142,MER0102,cust00142@okhdfcbank,410.64,2025-03-27 13:04:21,SUCCESS,341347067562,GPay
TXN0006847,CUST00972,MER0130,cust00972@okhdfcbank,535.39,2025-02-25 15:40:46,SUCCESS,735980590908,Amazon Pay
TXN0006848,CUST01054,MER0018,cust01054@okhdfcbank,1507.5,2025-06-13 14:36:53,Success,994608578362,BHIM
TXN0006850,CUST00521,MER0066,cust00521@okhdfcbank,2102.43,2025-06-28 00:32:59,Success,186344918850,GPay
TXN0006851,CUST01373,MER0093,cust01373@okhdfcbank,750.86,2025-02-20 19:23:24,PENDING,867023251554,PhonePe
TXN0006855,CUST00136,MER0122,cust00136@okhdfcbank,830.51,2025-04-28 01:05:58,SUCCESS,856153751311,GPay
TXN0006856,CUST01269,MER0056,cust01269@okhdfcbank,757.72,2025-03-29 10:43:11,success,455120032884,PhonePe
TXN0006858,CUST01315,MER0083,cust01315@okhdfcbank,781.05,2025-02-16 18:47:06,Pending,625396743840,BHIM
TXN0006861,CUST01354,MER0066,cust01354@okhdfcbank,1167.73,2025-06-19 17:45:25,SUCCESS,112562792236,BHIM
TXN0006864,CUST00872,MER0136,cust00872@okhdfcbank,431.96,2025-04-10 21:42:31,SUCCESS,045697433505,GPay
TXN0006865,CUST01591,MER0040,cust01591@okhdfcbank,266.48,2025-06-21 19:27:47,success,213041284871,Amazon Pay
TXN0006866,CUST01817,MER0016,cust01817@okhdfcbank,814.75,2025-03-01 10:24:47,success,517597352044,Amazon Pay
TXN0006867,CUST00645,MER0124,cust00645@okhdfcbank,400.32,2025-04-23 09:17:16,Success,821862738174,BHIM
TXN0006868,CUST01440,MER0035,cust01440@okhdfcbank,112.96,2025-06-12 15:04:53,SUCCESS,968770434194,PhonePe
TXN0006871,CUST00772,MER0060,cust00772@okhdfcbank,,2025-01-08 01:46:20,Success,391616448435,Paytm
TXN0006872,CUST01660,MER0023,cust01660@okhdfcbank,651.57,2025-06-17 08:30:08,SUCCESS,743302023442,GPay
TXN0006874,CUST01974,MER0098,cust01974@okhdfcbank,340.86,2025-05-18 23:02:32,success,894767623664,Amazon Pay
TXN0006876,CUST00271,MER0053,cust00271@okhdfcbank,589.74,2025-06-11 11:43:49,FAILED,217016039057,GPay
TXN0006877,CUST01141,MER0058,cust01141@okhdfcbank,1049.04,2025-04-26 00:45:03,success,947504200336,GPay
TXN0006878,CUST00921,MER0042,cust00921@okhdfcbank,655.12,2025-04-12 06:11:45,pending,980049929311,PhonePe
TXN0006880,CUST00212,MER0039,cust00212@okhdfcbank,483.43,2025-01-22 21:21:29,Success,596053227002,BHIM
TXN0006882,CUST00803,MER0041,cust00803@okhdfcbank,1462.8,2025-06-21 04:23:01,Success,871967999412,PhonePe
TXN0006883,CUST01161,MER0054,cust01161@okhdfcbank,3470.27,2025-02-03 11:27:13,SUCCESS,596545901209,Paytm
TXN0006884,CUST01059,MER0132,cust01059@okhdfcbank,615.01,2025-06-29 10:52:07,Success,666511010809,GPay
TXN0006887,CUST00299,MER0032,cust00299@okhdfcbank,150.24,2025-01-09 16:41:58,SUCCESS,176548357992,GPay
TXN0006888,CUST01672,MER0030,cust01672@okhdfcbank,1061.08,2025-01-03 21:27:08,success,200134212486,GPay
TXN0006889,CUST00380,MER0059,cust00380@okhdfcbank,274.26,2025-02-04 02:57:25,FAILED,005226730605,Amazon Pay
TXN0006890,CUST01821,MER0001,cust01821@okhdfcbank,23.21,2025-01-04 03:51:30,success,309676216417,Amazon Pay
TXN0006891,CUST00130,MER0134,cust00130@okhdfcbank,5789.35,2025-03-16 22:36:35,SUCCESS,838070493438,Amazon Pay
TXN0006894,CUST00062,MER0131,cust00062@okhdfcbank,2621.79,2025-06-13 08:37:33,Success,982360824168,BHIM
TXN0006895,CUST01294,MER0143,cust01294@okhdfcbank,147.19,2025-06-28 13:24:55,Success,349410802253,Amazon Pay
TXN0006898,CUST01122,MER0022,cust01122@okhdfcbank,131.13,2025-06-08 19:21:48,SUCCESS,483000915841,PhonePe
TXN0006899,CUST00606,MER0049,cust00606@okhdfcbank,2712.75,2025-03-14 08:46:27,Success,105486316206,GPay
TXN0006900,CUST00786,MER0024,cust00786@okhdfcbank,1240.29,2025-02-26 01:44:14,success,577418644187,PhonePe
TXN0006901,CUST00127,MER0061,cust00127@okhdfcbank,1236.45,2025-06-24 07:46:35,success,770604313869,BHIM
TXN0006902,CUST01133,MER0075,cust01133@okhdfcbank,711.7,2025-03-04 00:09:39,Success,911288062103,Amazon Pay
TXN0006903,CUST01331,MER0063,cust01331@okhdfcbank,897.04,2025-05-05 11:59:27,failed,239296494584,BHIM
TXN0006905,CUST01547,MER0013,cust01547@okhdfcbank,550.93,2025-06-02 15:48:43,SUCCESS,147048996460,GPay
TXN0006906,CUST00989,MER0071,cust00989@okhdfcbank,194.66,2025-03-23 18:39:19,Success,059281084954,Paytm
TXN0006907,CUST01604,MER0141,cust01604@okhdfcbank,122.86,2025-05-05 13:40:27,SUCCESS,066926360585,Amazon Pay
TXN0006910,CUST01206,MER0081,cust01206@okhdfcbank,335.84,2025-06-11 13:40:08,success,513797226379,Paytm
TXN0006911,CUST01386,MER0026,cust01386@okhdfcbank,398.61,2025-01-07 18:30:08,Success,901350578875,GPay
TXN0006913,CUST01584,MER0005,cust01584@okhdfcbank,496.32,2025-03-30 17:58:46,pending,943257406270,BHIM
TXN0006914,CUST01711,MER0104,cust01711@okhdfcbank,1053.71,2025-06-27 20:51:58,Success,622340634581,BHIM
TXN0006915,CUST00374,MER0001,cust00374@okhdfcbank,1087.38,2025-03-13 20:35:47,Success,901475357687,PhonePe
TXN0006916,CUST01674,MER0072,cust01674@okhdfcbank,849.95,2025-03-05 23:13:37,success,807751257209,PhonePe
TXN0006917,CUST01951,MER0098,cust01951@okhdfcbank,265.49,2025-03-26 23:03:37,success,955980669804,PhonePe
TXN0006920,CUST00887,MER0100,cust00887@okhdfcbank,1109.87,2025-03-23 23:02:37,PENDING,460556000875,GPay
TXN0006922,CUST00027,MER0101,cust00027@okhdfcbank,321.77,2025-06-27 21:31:16,Success,677965111728,BHIM
TXN0006923,CUST00760,MER0077,cust00760@okhdfcbank,1583.27,2025-06-18 10:51:37,success,318362225394,Paytm
TXN0006926,CUST00206,MER0103,cust00206@okhdfcbank,429.73,2025-04-30 05:59:58,success,634472524553,Amazon Pay
TXN0006927,CUST01676,MER0069,cust01676@okhdfcbank,172.86,2025-05-30 23:45:56,SUCCESS,367391619052,GPay
TXN0006931,CUST00603,MER0142,cust00603@okhdfcbank,122.63,2025-01-28 08:18:00,SUCCESS,455020434078,BHIM
TXN0006932,CUST00774,MER0137,cust00774@okhdfcbank,135.64,2025-05-21 21:36:49,failed,152832622552,GPay
TXN0006933,CUST01163,MER0145,cust01163@okhdfcbank,339.37,2025-05-01 17:56:17,success,010016723892,GPay
TXN0006934,CUST00830,MER0041,cust00830@okhdfcbank,3378.3,2025-03-17 10:08:30,Success,319965934165,PhonePe
TXN0006936,CUST00032,MER0136,cust00032@okhdfcbank,2095.31,2025-02-15 10:53:28,success,057484183889,BHIM
TXN0006937,CUST01106,MER0111,cust01106@okhdfcbank,432.35,2025-04-19 08:36:30,success,878582844998,Amazon Pay
TXN0006939,CUST00968,MER0136,cust00968@okhdfcbank,306.98,2025-05-13 10:56:52,Success,474986348579,Paytm
TXN0006940,CUST01353,MER0125,cust01353@okhdfcbank,136.87,2025-06-01 18:28:12,success,851243952028,BHIM
TXN0006944,CUST01729,MER0020,cust01729@okhdfcbank,2236.79,2025-04-21 13:21:42,failed,335846963381,BHIM
TXN0006947,CUST01932,MER0023,cust01932@okhdfcbank,615.08,2025-01-26 18:25:54,Success,367618387679,PhonePe
TXN0006948,CUST00884,MER0092,cust00884@okhdfcbank,213.69,2025-03-30 06:21:59,Success,498705437993,Amazon Pay
TXN0006950,CUST01145,MER0048,cust01145@okhdfcbank,9477.65,2025-03-15 19:34:58,Success,884722882967,BHIM
TXN0006952,CUST01751,MER0002,cust01751@okhdfcbank,273.41,2025-05-28 18:45:40,success,281305459516,Paytm
TXN0006953,CUST01933,MER0147,cust01933@okhdfcbank,71.24,2025-03-13 13:32:18,failed,075555562573,GPay
TXN0006954,CUST01914,MER0036,cust01914@okhdfcbank,110.59,2025-01-15 03:27:26,SUCCESS,456224251868,Amazon Pay
TXN0006956,CUST00688,MER0131,cust00688@okhdfcbank,2212.63,2025-03-03 00:59:54,Failed,736148503042,Amazon Pay
TXN0006957,CUST01990,MER0031,cust01990@okhdfcbank,1046.51,2025-03-31 10:24:53,Success,839750256604,PhonePe
TXN0006961,CUST00153,MER0025,cust00153@okhdfcbank,948.54,2025-04-16 05:01:14,success,501665510989,BHIM
TXN0006962,CUST01379,MER0142,cust01379@okhdfcbank,769.83,2025-01-29 02:08:01,success,874923243340,PhonePe
TXN0006965,CUST00546,MER0046,cust00546@okhdfcbank,295.83,2025-02-01 14:19:28,SUCCESS,860105116316,BHIM
TXN0006966,CUST00289,MER0123,cust00289@okhdfcbank,937.9,2025-03-06 21:47:56,SUCCESS,201633627977,Amazon Pay
TXN0006968,CUST00110,MER0068,cust00110@okhdfcbank,413.5,2025-05-21 00:07:54,SUCCESS,544430249633,Amazon Pay
TXN0006970,CUST01687,MER0142,cust01687@okhdfcbank,1088.7,2025-03-09 07:19:35,success,640390510127,Amazon Pay
TXN0006971,CUST01395,MER0076,cust01395@okhdfcbank,967.46,2025-03-14 09:35:58,success,783990047717,GPay
TXN0006973,CUST00892,MER0130,cust00892@okhdfcbank,2093.7,2025-01-25 13:09:19,Success,696804979919,Amazon Pay
TXN0006974,CUST00006,MER0148,cust00006@okhdfcbank,153.97,2025-01-28 11:36:19,success,591498231506,PhonePe
TXN0006975,CUST00259,MER0094,cust00259@okhdfcbank,1468.86,2025-04-07 11:55:52,SUCCESS,277826452967,PhonePe
TXN0006976,CUST01701,MER0001,cust01701@okhdfcbank,284.25,2025-05-18 22:16:07,FAILED,593760128715,Amazon Pay
TXN0006980,CUST01841,MER0088,cust01841@okhdfcbank,967.29,2025-03-21 14:46:45,success,643342278928,PhonePe
TXN0006981,CUST00564,MER0014,cust00564@okhdfcbank,728.84,2025-03-31 04:45:51,success,296687690772,PhonePe
TXN0006982,CUST00352,MER0055,cust00352@okhdfcbank,1078.85,2025-06-10 15:24:28,Success,361746605058,BHIM
TXN0006986,CUST01147,MER0084,cust01147@okhdfcbank,280.38,2025-06-22 07:41:46,success,179185493443,Amazon Pay
TXN0006987,CUST01477,MER0072,cust01477@okhdfcbank,162.51,2025-01-01 23:34:00,success,490636763326,Amazon Pay
TXN0006988,CUST00120,MER0023,cust00120@okhdfcbank,368.77,2025-04-05 06:28:35,Success,344469078637,Amazon Pay
TXN0006989,CUST01066,MER0133,cust01066@okhdfcbank,591.84,2025-02-05 11:45:41,Success,315707847580,GPay
TXN0006990,CUST00330,MER0068,cust00330@okhdfcbank,632.5,2025-05-20 05:49:11,success,593567259102,BHIM
TXN0006992,CUST00280,MER0108,cust00280@okhdfcbank,1821.31,2025-01-15 01:49:06,SUCCESS,094323186932,Amazon Pay
TXN0006993,CUST00798,MER0139,cust00798@okhdfcbank,689.72,2025-06-29 11:03:55,failed,850555262250,GPay
TXN0006994,CUST01908,MER0096,cust01908@okhdfcbank,826.42,2025-01-02 05:06:47,Success,712021127056,GPay
TXN0006999,CUST01997,MER0001,cust01997@okhdfcbank,4238.58,2025-04-29 12:45:21,Success,506427571093,Amazon Pay
TXN0007001,CUST01346,MER0023,cust01346@okhdfcbank,2110.03,2025-03-03 03:55:44,Success,059962620286,PhonePe
TXN0007002,CUST00381,MER0110,cust00381@okhdfcbank,127.19,2025-01-16 16:53:07,SUCCESS,387271491952,BHIM
TXN0007005,CUST01766,MER0113,cust01766@okhdfcbank,73.17,2025-01-11 08:07:00,SUCCESS,476372055203,Paytm
TXN0007006,CUST01682,MER0146,cust01682@okhdfcbank,566.2,2025-01-27 10:34:17,SUCCESS,127583753556,GPay
TXN0007007,CUST00409,MER0012,cust00409@okhdfcbank,1007.69,2025-01-07 08:59:23,SUCCESS,929406756854,Paytm
TXN0007008,CUST00947,MER0019,cust00947@okhdfcbank,633.95,2025-06-07 05:17:54,success,207054955987,GPay
TXN0007009,CUST00882,MER0081,cust00882@okhdfcbank,719.21,2025-05-13 03:17:31,success,088574908246,GPay
TXN0007010,CUST00031,MER0002,cust00031@okhdfcbank,564.66,2025-04-04 22:58:59,SUCCESS,523996263843,PhonePe
TXN0007011,CUST00526,MER0023,cust00526@okhdfcbank,164.97,2025-06-20 08:18:42,SUCCESS,981045117072,BHIM
TXN0007013,CUST00640,MER0144,cust00640@okhdfcbank,297.81,2025-05-19 03:15:17,Success,887175045796,GPay
TXN0007014,CUST00671,MER0076,cust00671@okhdfcbank,760.64,2025-02-14 01:54:44,success,227033305763,PhonePe
TXN0007015,CUST01661,MER0037,cust01661@okhdfcbank,258.05,2025-06-04 20:22:50,SUCCESS,716044576304,Amazon Pay
TXN0007017,CUST00847,MER0143,cust00847@okhdfcbank,195.49,2025-04-22 06:45:59,SUCCESS,373899086082,GPay
TXN0007018,CUST00437,MER0106,cust00437@okhdfcbank,115.86,2025-03-08 22:00:59,success,920631253615,Amazon Pay
TXN0007019,CUST00270,MER0066,cust00270@okhdfcbank,1467.87,2025-02-24 04:22:02,success,680120061180,PhonePe
TXN0007026,CUST00529,MER0086,cust00529@okhdfcbank,666.5,2025-01-09 19:35:51,Success,132815172142,GPay
TXN0007027,CUST00315,MER0091,cust00315@okhdfcbank,278.15,2025-05-31 10:17:07,success,454704295429,Amazon Pay
TXN0007029,CUST01403,MER0047,cust01403@okhdfcbank,496.68,2025-01-14 08:15:42,Success,893618539333,GPay
TXN0007030,CUST00960,MER0076,cust00960@okhdfcbank,503.46,2025-02-11 10:12:59,SUCCESS,432581407427,GPay
TXN0007032,CUST00525,MER0135,cust00525@okhdfcbank,458.94,2025-05-29 08:13:21,success,829058672520,BHIM
TXN0007035,CUST00124,MER0104,cust00124@okhdfcbank,232.32,2025-06-17 09:25:01,Success,175254974873,Paytm
TXN0007037,CUST00080,MER0110,cust00080@okhdfcbank,859.94,2025-03-28 22:55:15,SUCCESS,517447660193,BHIM
TXN0007038,CUST00397,MER0141,cust00397@okhdfcbank,107.83,2025-02-12 12:45:03,success,337732523759,Amazon Pay
TXN0007039,CUST01470,MER0065,cust01470@okhdfcbank,211.62,2025-06-23 00:20:28,failed,612144304512,PhonePe
TXN0007042,CUST01639,MER0059,cust01639@okhdfcbank,501.75,2025-03-16 07:09:43,success,575920784726,GPay
TXN0007044,CUST01874,MER0036,cust01874@okhdfcbank,153.76,2025-04-15 21:28:39,SUCCESS,227227382083,PhonePe
TXN0007046,CUST00109,MER0115,cust00109@okhdfcbank,183.5,2025-06-08 12:15:15,success,093019289496,GPay
TXN0007048,CUST00738,MER0115,cust00738@okhdfcbank,1904.63,2025-05-01 08:49:30,success,723180638908,Amazon Pay
TXN0007049,CUST00688,MER0091,cust00688@okhdfcbank,517.06,2025-01-16 13:06:51,success,330470756609,GPay
TXN0007050,CUST00746,MER0102,cust00746@okhdfcbank,1296.74,2025-01-31 23:07:03,success,933742471477,Amazon Pay
TXN0007052,CUST01494,MER0003,cust01494@okhdfcbank,644.17,2025-04-26 08:33:04,SUCCESS,356069392891,Amazon Pay
TXN0007054,CUST01848,MER0084,cust01848@okhdfcbank,460.88,2025-01-21 19:18:33,Failed,509438094259,Paytm
TXN0007055,CUST00088,MER0127,cust00088@okhdfcbank,234.4,2025-05-03 03:05:30,success,675779675323,GPay
TXN0007056,CUST01434,MER0080,cust01434@okhdfcbank,229.16,2025-05-22 20:56:07,PENDING,468993205216,GPay
TXN0007058,CUST00479,MER0026,cust00479@okhdfcbank,418.24,2025-01-17 04:22:03,Success,524373576518,Amazon Pay
TXN0007062,CUST00673,MER0076,cust00673@okhdfcbank,1380.39,2025-05-17 17:37:17,SUCCESS,835805419278,Amazon Pay
TXN0007065,CUST00049,MER0104,cust00049@okhdfcbank,77.12,2025-05-20 05:51:59,success,420067340844,Paytm
TXN0007067,CUST01675,MER0069,cust01675@okhdfcbank,1105.07,2025-05-16 15:51:49,success,629094613472,Paytm
TXN0007068,CUST01927,MER0022,cust01927@okhdfcbank,361.66,2025-05-13 13:05:25,success,666323001868,BHIM
TXN0007069,CUST00363,MER0001,cust00363@okhdfcbank,3047.49,2025-06-23 09:32:10,success,876907941745,GPay
TXN0007070,CUST00170,MER0035,cust00170@okhdfcbank,759.34,2025-02-05 09:18:14,SUCCESS,372221332203,BHIM
TXN0007071,CUST00897,MER0081,cust00897@okhdfcbank,837.65,2025-06-02 10:03:20,success,486232735743,Paytm
TXN0007072,CUST01626,MER0145,cust01626@okhdfcbank,167.93,2025-03-11 09:20:44,success,097878792336,GPay
TXN0007074,CUST01762,MER0107,cust01762@okhdfcbank,236.84,2025-05-28 11:44:36,success,020992566778,Amazon Pay
TXN0007075,CUST01664,MER0013,cust01664@okhdfcbank,169.79,2025-01-16 07:53:11,SUCCESS,911553964598,Paytm
TXN0007076,CUST00655,MER0029,cust00655@okhdfcbank,957.09,2025-03-07 11:44:53,Success,624752666531,GPay
TXN0007081,CUST01009,MER0026,cust01009@okhdfcbank,72.77,2025-05-29 13:05:18,success,897922905170,BHIM
TXN0007083,CUST01219,MER0141,cust01219@okhdfcbank,134.54,2025-01-10 14:46:05,Success,435196898780,GPay
TXN0007084,CUST01907,MER0091,cust01907@okhdfcbank,160.7,2025-05-18 12:54:11,success,770405198077,BHIM
TXN0007086,CUST00058,MER0060,cust00058@okhdfcbank,604.35,2025-05-10 09:46:30,SUCCESS,796351421761,Paytm
TXN0007089,CUST01274,MER0056,cust01274@okhdfcbank,1530.5,2025-03-01 01:02:01,SUCCESS,506873245171,Paytm
TXN0007090,CUST01583,MER0004,cust01583@okhdfcbank,91.29,2025-02-09 11:16:34,success,607406411534,Amazon Pay
TXN0007091,CUST01414,MER0149,cust01414@okhdfcbank,111.8,2025-01-24 00:19:53,Success,969368110630,Paytm
TXN0007094,CUST00094,MER0130,cust00094@okhdfcbank,1673.42,2025-04-29 18:08:40,SUCCESS,583845834606,Amazon Pay
TXN0007095,CUST01431,MER0073,cust01431@okhdfcbank,151.68,2025-01-13 12:10:11,SUCCESS,132017378902,Amazon Pay
TXN0007098,CUST01261,MER0045,cust01261@okhdfcbank,1694.35,2025-04-16 21:57:01,Success,688325984402,GPay
TXN0007099,CUST00736,MER0089,cust00736@okhdfcbank,3252.26,2025-05-28 13:41:40,success,693833783316,Paytm
TXN0007101,CUST00766,MER0146,cust00766@okhdfcbank,178.94,2025-03-08 02:41:38,FAILED,878369604178,GPay
TXN0007102,CUST00301,MER0012,cust00301@okhdfcbank,444.52,2025-03-12 03:59:39,Success,530793792242,BHIM
TXN0007105,CUST01927,MER0148,cust01927@okhdfcbank,572.98,2025-01-03 12:48:32,SUCCESS,129533482563,PhonePe
TXN0007106,CUST01320,MER0005,cust01320@okhdfcbank,360.79,2025-03-19 05:48:19,SUCCESS,828076111275,Paytm
TXN0007107,CUST01170,MER0110,cust01170@okhdfcbank,232.24,2025-06-27 11:34:55,Success,753262268759,Amazon Pay
TXN0007108,CUST01862,MER0141,cust01862@okhdfcbank,385.52,2025-01-12 09:58:49,SUCCESS,324477125506,GPay
TXN0007110,CUST01469,MER0113,cust01469@okhdfcbank,1282.31,2025-04-03 17:18:51,SUCCESS,866016624691,Amazon Pay
TXN0007113,CUST01026,MER0069,cust01026@okhdfcbank,427.8,2025-05-15 20:05:00,success,180709865025,BHIM
TXN0007114,CUST01394,MER0033,cust01394@okhdfcbank,151.03,2025-05-20 03:51:39,success,615423704391,Paytm
TXN0007115,CUST01823,MER0056,cust01823@okhdfcbank,437.16,2025-05-09 14:07:59,SUCCESS,401865424795,Paytm
TXN0007118,CUST01432,MER0096,cust01432@okhdfcbank,532.27,2025-06-17 08:41:21,Success,121943848765,Paytm
TXN0007122,CUST00330,MER0090,cust00330@okhdfcbank,856.38,2025-06-10 20:49:14,Success,103825169856,PhonePe
TXN0007123,CUST00023,MER0019,cust00023@okhdfcbank,1345.92,2025-04-06 18:37:10,SUCCESS,368721679699,Amazon Pay
TXN0007125,CUST00523,MER0034,cust00523@okhdfcbank,1783.44,2025-06-24 12:54:59,success,055539193397,BHIM
TXN0007126,CUST00802,MER0048,cust00802@okhdfcbank,521.58,2025-02-25 12:14:47,SUCCESS,065777759633,Amazon Pay
TXN0007127,CUST00217,MER0118,cust00217@okhdfcbank,493.61,2025-04-15 07:42:53,Failed,387438065445,BHIM
TXN0007128,CUST00522,MER0048,cust00522@okhdfcbank,930.04,2025-04-24 00:50:34,SUCCESS,218248596307,Paytm
TXN0007129,CUST00126,MER0048,cust00126@okhdfcbank,2383.58,2025-05-09 10:46:25,pending,494070128739,Amazon Pay
TXN0007131,CUST01596,MER0039,cust01596@okhdfcbank,891.45,2025-02-12 11:50:44,SUCCESS,408124831454,Paytm
TXN0007132,CUST01617,MER0057,cust01617@okhdfcbank,826.01,2025-03-01 18:03:25,success,821266608071,BHIM
TXN0007134,CUST01510,MER0009,cust01510@okhdfcbank,1320.31,2025-04-21 22:32:00,SUCCESS,586437639958,BHIM
TXN0007135,CUST00082,MER0108,cust00082@okhdfcbank,1805.75,2025-06-12 21:41:54,success,100219606960,BHIM
TXN0007140,CUST00239,MER0023,cust00239@okhdfcbank,1962.45,2025-03-16 13:41:28,Failed,724232200122,Paytm
TXN0007142,CUST01628,MER0035,cust01628@okhdfcbank,1231.51,2025-04-30 16:00:32,SUCCESS,962151979294,Amazon Pay
TXN0007144,CUST01390,MER0086,cust01390@okhdfcbank,2204.62,2025-06-29 07:57:35,Success,423178530258,Amazon Pay
TXN0007148,CUST01756,MER0145,cust01756@okhdfcbank,6554.0,2025-06-17 03:10:12,failed,489134016618,Amazon Pay
TXN0007149,CUST00382,MER0023,cust00382@okhdfcbank,153.1,2025-02-03 04:52:48,Success,558538488560,Paytm
TXN0007152,CUST00493,MER0108,cust00493@okhdfcbank,754.98,2025-05-11 07:15:23,success,210024430931,BHIM
TXN0007155,CUST00758,MER0091,cust00758@okhdfcbank,1649.84,2025-04-12 02:27:17,failed,048629611358,Paytm
TXN0007157,CUST00947,MER0119,cust00947@okhdfcbank,253.36,2025-06-22 19:21:56,SUCCESS,980194631611,Paytm
TXN0007158,CUST00051,MER0033,cust00051@okhdfcbank,447.25,2025-01-01 05:06:50,Success,039277736149,GPay
TXN0007159,CUST01859,MER0114,cust01859@okhdfcbank,346.98,2025-01-23 05:46:09,SUCCESS,458851709576,GPay
TXN0007162,CUST00388,MER0111,cust00388@okhdfcbank,2492.23,2025-05-17 00:12:45,SUCCESS,040197393003,PhonePe
TXN0007166,CUST00255,MER0134,cust00255@okhdfcbank,213.89,2025-04-22 05:40:40,Success,589952083795,PhonePe
TXN0007168,CUST00009,MER0094,cust00009@okhdfcbank,557.15,2025-04-20 19:37:23,success,693377812651,GPay
TXN0007169,CUST00194,MER0112,cust00194@okhdfcbank,124.47,2025-01-21 15:56:04,success,661777133967,Paytm
TXN0007170,CUST01583,MER0029,cust01583@okhdfcbank,359.22,2025-04-08 16:46:09,success,157558220647,BHIM
TXN0007171,CUST00895,MER0055,cust00895@okhdfcbank,636.29,2025-04-14 23:45:11,Success,997894785192,PhonePe
TXN0007173,CUST01128,MER0021,cust01128@okhdfcbank,178.63,2025-05-22 19:35:04,success,481188423212,BHIM
TXN0007175,CUST00950,MER0121,cust00950@okhdfcbank,169.94,2025-02-02 12:30:37,Success,451093008094,Amazon Pay
TXN0007176,CUST01442,MER0025,cust01442@okhdfcbank,929.95,2025-03-16 02:56:34,SUCCESS,772696036010,Amazon Pay
TXN0007179,CUST00696,MER0061,cust00696@okhdfcbank,828.41,2025-04-03 23:08:15,success,597853470945,Paytm
TXN0007180,CUST01096,MER0056,cust01096@okhdfcbank,450.1,2025-01-14 01:01:44,Success,562239898318,GPay
TXN0007181,CUST01122,MER0097,cust01122@okhdfcbank,1470.3,2025-04-29 04:32:41,SUCCESS,646790647770,PhonePe
TXN0007182,CUST01931,MER0040,cust01931@okhdfcbank,125.14,2025-04-09 17:52:35,Success,989650181503,Paytm
TXN0007185,CUST00637,MER0014,cust00637@okhdfcbank,1004.98,2025-05-08 15:30:12,failed,472382824871,BHIM
TXN0007188,CUST00003,MER0014,cust00003@okhdfcbank,220.13,2025-02-04 11:49:34,Success,854639768325,GPay
TXN0007189,CUST01129,MER0055,cust01129@okhdfcbank,122.12,2025-04-30 10:18:10,success,029416657336,GPay
TXN0007192,CUST00182,MER0072,cust00182@okhdfcbank,975.61,2025-02-24 03:02:38,PENDING,076445948016,Amazon Pay
TXN0007193,CUST00998,MER0072,cust00998@okhdfcbank,-185.18,2025-05-08 03:44:46,SUCCESS,255335280356,Amazon Pay
TXN0007194,CUST00433,MER0034,cust00433@okhdfcbank,62.22,2025-06-29 12:44:14,success,230171128193,BHIM
TXN0007196,CUST00225,MER0017,cust00225@okhdfcbank,1211.36,2025-03-23 20:08:48,PENDING,256286274129,GPay
TXN0007197,CUST01995,MER0093,cust01995@okhdfcbank,145.22,2025-04-23 02:17:36,Success,752920246573,BHIM
TXN0007201,CUST00568,MER0039,cust00568@okhdfcbank,392.38,2025-02-12 12:41:44,Success,523726985507,Paytm
TXN0007202,CUST01746,MER0034,cust01746@okhdfcbank,2385.29,2025-01-26 08:34:04,SUCCESS,814305087132,Amazon Pay
TXN0007203,CUST01469,MER0113,cust01469@okhdfcbank,944.44,2025-04-07 16:58:26,success,937461057729,BHIM
TXN0007204,CUST00736,MER0033,cust00736@okhdfcbank,379.37,2025-05-16 01:02:38,Success,585019768212,PhonePe
TXN0007206,CUST00764,MER0050,cust00764@okhdfcbank,248.32,2025-01-09 01:04:20,SUCCESS,832251678022,BHIM
TXN0007207,CUST01841,MER0034,cust01841@okhdfcbank,1500.71,2025-04-08 17:43:32,failed,158413448369,PhonePe
TXN0007208,CUST00192,MER0107,cust00192@okhdfcbank,1500.06,2025-03-07 03:22:51,Pending,962603238862,BHIM
TXN0007209,CUST01816,MER0013,cust01816@okhdfcbank,556.08,2025-03-21 01:29:37,SUCCESS,746505426405,PhonePe
TXN0007211,CUST01690,MER0015,cust01690@okhdfcbank,181.49,2025-03-08 21:10:49,SUCCESS,465325821319,BHIM
TXN0007212,CUST01465,MER0060,cust01465@okhdfcbank,127.48,2025-06-10 19:35:01,Success,522679254865,GPay
TXN0007213,CUST00902,MER0117,cust00902@okhdfcbank,338.12,2025-03-31 05:53:09,SUCCESS,181304202296,GPay
TXN0007214,CUST00729,MER0102,cust00729@okhdfcbank,451.51,2025-06-25 08:43:12,SUCCESS,246499093085,GPay
TXN0007215,CUST01198,MER0025,cust01198@okhdfcbank,1426.0,2025-04-29 15:57:24,Success,934138433075,GPay
TXN0007222,CUST01535,MER0136,cust01535@okhdfcbank,1702.23,2025-02-12 08:44:41,PENDING,954249901619,Amazon Pay
TXN0007223,CUST00245,MER0008,cust00245@okhdfcbank,486.22,2025-02-21 04:47:39,SUCCESS,475801962980,Amazon Pay
TXN0007224,CUST00508,MER0139,cust00508@okhdfcbank,66.8,2025-06-09 10:58:00,failed,108034047154,PhonePe
TXN0007228,CUST01642,MER0052,cust01642@okhdfcbank,339.93,2025-01-24 00:19:19,Success,269416408412,PhonePe
TXN0007230,CUST01027,MER0015,cust01027@okhdfcbank,71.87,2025-03-13 05:50:34,success,438066763830,GPay
TXN0007231,CUST00832,MER0143,cust00832@okhdfcbank,46.31,2025-06-21 19:27:28,success,227316417762,Paytm
TXN0007232,CUST00755,MER0107,cust00755@okhdfcbank,1810.98,2025-06-13 09:22:10,Success,049044651194,GPay
TXN0007233,CUST01986,MER0101,cust01986@okhdfcbank,216.14,2025-03-31 10:06:24,SUCCESS,237535805578,Paytm
TXN0007234,CUST01954,MER0011,cust01954@okhdfcbank,3150.34,2025-03-16 09:40:37,success,622146802346,PhonePe
TXN0007235,CUST00479,MER0101,cust00479@okhdfcbank,1939.92,2025-01-30 16:53:58,Success,326345395466,BHIM
TXN0007236,CUST00173,MER0147,cust00173@okhdfcbank,2361.84,2025-04-10 10:46:07,success,548002057538,GPay
TXN0007240,CUST01344,MER0010,cust01344@okhdfcbank,315.31,2025-03-27 15:05:37,failed,157145872922,BHIM
TXN0007243,CUST01578,MER0049,cust01578@okhdfcbank,402.75,2025-05-20 06:45:57,Success,211740151317,Amazon Pay
TXN0007244,CUST00461,MER0146,cust00461@okhdfcbank,135.04,2025-03-22 22:34:44,Success,289618165108,PhonePe
TXN0007245,CUST00705,MER0003,cust00705@okhdfcbank,174.08,2025-02-28 16:49:26,PENDING,979533442721,PhonePe
TXN0007246,CUST01326,MER0097,cust01326@okhdfcbank,395.2,2025-02-02 11:33:25,PENDING,049404437783,GPay
TXN0007249,CUST00889,MER0031,cust00889@okhdfcbank,660.01,2025-01-18 04:15:06,Failed,177930627915,PhonePe
TXN0007253,CUST01137,MER0083,cust01137@okhdfcbank,129.88,2025-02-21 18:14:11,SUCCESS,614481777369,PhonePe
TXN0007255,CUST01391,MER0132,cust01391@okhdfcbank,925.47,2025-06-15 01:59:16,Success,163366860204,Amazon Pay
TXN0007257,CUST01506,MER0127,cust01506@okhdfcbank,453.22,2025-04-26 08:47:35,success,981333067317,GPay
TXN0007258,CUST01947,MER0026,cust01947@okhdfcbank,418.21,2025-05-24 16:12:30,Success,116030119845,Paytm
TXN0007260,CUST00492,MER0080,cust00492@okhdfcbank,78.67,2025-06-26 04:58:34,SUCCESS,403769267940,PhonePe
TXN0007261,CUST01681,MER0022,cust01681@okhdfcbank,161.64,2025-05-08 18:34:19,SUCCESS,764969575897,BHIM
TXN0007262,CUST01231,MER0147,cust01231@okhdfcbank,221.9,2025-05-13 13:36:16,PENDING,661179030295,BHIM
TXN0007264,CUST01147,MER0087,cust01147@okhdfcbank,204.45,2025-06-06 07:33:44,SUCCESS,602417227905,Amazon Pay
TXN0007266,CUST01978,MER0073,cust01978@okhdfcbank,534.56,2025-03-31 12:06:13,failed,889370968472,GPay
TXN0007267,CUST01995,MER0048,cust01995@okhdfcbank,1983.99,2025-06-22 14:52:11,success,997996841480,PhonePe
TXN0007268,CUST00749,MER0015,cust00749@okhdfcbank,5847.44,2025-03-12 19:29:15,success,332121071741,PhonePe
TXN0007269,CUST01089,MER0061,cust01089@okhdfcbank,139.37,2025-02-13 16:10:11,success,483979315640,GPay
TXN0007270,CUST00503,MER0067,cust00503@okhdfcbank,570.95,2025-02-09 06:49:06,Success,694419331455,Paytm
TXN0007271,CUST01945,MER0009,cust01945@okhdfcbank,569.94,2025-06-07 01:49:32,Success,968355286188,PhonePe
TXN0007274,CUST01370,MER0136,cust01370@okhdfcbank,196.92,2025-04-07 23:52:37,SUCCESS,031127248358,Amazon Pay
TXN0007275,CUST00831,MER0008,cust00831@okhdfcbank,626.66,2025-03-14 14:19:24,success,902533330156,PhonePe
TXN0007277,CUST01769,MER0120,cust01769@okhdfcbank,577.83,2025-06-01 03:25:47,Failed,066260409836,Paytm
TXN0007278,CUST01491,MER0100,cust01491@okhdfcbank,385.31,2025-06-27 21:30:38,Success,439606987286,PhonePe
TXN0007282,CUST01582,MER0086,cust01582@okhdfcbank,204.19,2025-02-08 17:07:25,FAILED,875810054492,Amazon Pay
TXN0007283,CUST00739,MER0062,cust00739@okhdfcbank,578.65,2025-03-26 18:38:19,success,146084686051,PhonePe
TXN0007285,CUST00792,MER0129,cust00792@okhdfcbank,639.69,2025-03-16 05:40:59,success,341603248306,Amazon Pay
TXN0007286,CUST01971,MER0017,cust01971@okhdfcbank,679.85,2025-03-25 16:10:36,SUCCESS,710786456775,PhonePe
TXN0007287,CUST00428,MER0072,cust00428@okhdfcbank,1115.67,2025-01-25 13:24:27,Success,109693444676,PhonePe
TXN0007288,CUST00162,MER0046,cust00162@okhdfcbank,121.08,2025-03-08 15:41:46,Success,900321326812,Paytm
TXN0007292,CUST00180,MER0088,cust00180@okhdfcbank,1039.93,2025-02-05 23:51:44,pending,590166284260,PhonePe
TXN0007293,CUST01558,MER0103,cust01558@okhdfcbank,199.9,2025-04-26 17:18:10,SUCCESS,842596725074,Paytm
TXN0007294,CUST00293,MER0083,cust00293@okhdfcbank,1351.39,2025-06-02 17:28:59,Success,569979841087,BHIM
TXN0007295,CUST01926,MER0096,cust01926@okhdfcbank,810.63,2025-04-22 19:02:01,FAILED,508976635781,Paytm
TXN0007297,CUST01730,MER0115,cust01730@okhdfcbank,597.87,2025-02-05 06:53:40,success,559534737603,Amazon Pay
TXN0007298,CUST00232,MER0062,cust00232@okhdfcbank,442.06,2025-01-03 15:07:48,success,949810936643,BHIM
TXN0007299,CUST00929,MER0071,cust00929@okhdfcbank,294.49,2025-01-27 13:06:34,SUCCESS,884886427916,Amazon Pay
TXN0007301,CUST00372,MER0099,cust00372@okhdfcbank,358.44,2025-01-24 19:04:36,SUCCESS,959370220463,BHIM
TXN0007302,CUST01912,MER0074,cust01912@okhdfcbank,373.94,2025-01-11 05:18:58,SUCCESS,786820917466,BHIM
TXN0007303,CUST01368,MER0068,cust01368@okhdfcbank,640.38,2025-05-07 08:19:09,Pending,321608217413,Amazon Pay
TXN0007305,CUST00508,MER0041,cust00508@okhdfcbank,387.99,2025-03-22 16:09:56,success,959431740000,BHIM
TXN0007308,CUST00633,MER0055,cust00633@okhdfcbank,76.72,2025-05-20 11:57:36,Success,566595054840,BHIM
TXN0007310,CUST00846,MER0057,cust00846@okhdfcbank,385.07,2025-05-08 17:30:09,Success,126084095853,Paytm
TXN0007312,CUST00214,MER0005,cust00214@okhdfcbank,46.32,2025-01-06 19:45:09,success,230990733152,PhonePe
TXN0007313,CUST01094,MER0032,cust01094@okhdfcbank,2194.2,2025-04-07 06:02:50,Success,237478305744,Amazon Pay
TXN0007314,CUST01926,MER0136,cust01926@okhdfcbank,588.04,2025-06-09 14:34:20,Success,710058464103,Paytm
TXN0007315,CUST00730,MER0043,cust00730@okhdfcbank,106.54,2025-01-28 14:10:53,Success,222867734377,Paytm
TXN0007317,CUST00755,MER0141,cust00755@okhdfcbank,695.39,2025-03-28 17:27:57,Success,673655009831,PhonePe
TXN0007319,CUST00652,MER0041,cust00652@okhdfcbank,361.52,2025-02-10 14:32:51,PENDING,517672736419,Paytm
TXN0007321,CUST01836,MER0046,cust01836@okhdfcbank,259.09,2025-03-26 01:40:21,Success,172014717773,PhonePe
TXN0007322,CUST01822,MER0130,cust01822@okhdfcbank,896.01,2025-06-04 20:40:05,failed,984408444800,BHIM
TXN0007323,CUST00944,MER0067,cust00944@okhdfcbank,225.09,2025-02-21 20:35:11,Success,044990151090,GPay
TXN0007325,CUST00231,MER0128,cust00231@okhdfcbank,460.45,2025-02-07 16:05:05,Success,212883705017,Paytm
TXN0007326,CUST01317,MER0042,cust01317@okhdfcbank,144.62,2025-06-18 21:03:57,FAILED,137857738898,Amazon Pay
TXN0007327,CUST01328,MER0007,cust01328@okhdfcbank,2445.81,2025-05-15 06:37:41,SUCCESS,930948581249,GPay
TXN0007329,CUST01520,MER0038,cust01520@okhdfcbank,313.06,2025-02-13 05:13:30,SUCCESS,023900818680,BHIM
TXN0007331,CUST01183,MER0111,cust01183@okhdfcbank,689.93,2025-03-19 17:33:23,Success,695663543169,Paytm
TXN0007334,CUST00007,MER0029,cust00007@okhdfcbank,224.27,2025-02-24 02:38:14,failed,403295585997,Amazon Pay
TXN0007335,CUST01866,MER0016,cust01866@okhdfcbank,849.39,2025-05-06 09:12:20,SUCCESS,341288614116,Paytm
TXN0007336,CUST01695,MER0012,cust01695@okhdfcbank,552.25,2025-06-29 14:48:51,pending,956262300079,BHIM
TXN0007337,CUST01564,MER0092,cust01564@okhdfcbank,250.57,2025-06-08 07:31:54,SUCCESS,530080884283,BHIM
TXN0007338,CUST00313,MER0113,cust00313@okhdfcbank,626.44,2025-04-15 06:38:51,success,468185723433,GPay
TXN0007340,CUST00667,MER0133,cust00667@okhdfcbank,537.46,2025-05-08 19:49:54,success,854326997228,GPay
TXN0007342,CUST01886,MER0039,cust01886@okhdfcbank,205.86,2025-04-04 22:52:50,SUCCESS,103124875071,BHIM
TXN0007344,CUST00634,MER0048,cust00634@okhdfcbank,1400.45,2025-03-04 02:19:22,Success,296156246507,PhonePe
TXN0007345,CUST00949,MER0050,cust00949@okhdfcbank,326.83,2025-01-24 06:50:41,Success,179054894293,GPay
TXN0007346,CUST00872,MER0007,cust00872@okhdfcbank,435.16,2025-04-28 07:50:50,Success,052179477780,Amazon Pay
TXN0007347,CUST00617,MER0059,cust00617@okhdfcbank,2026.81,2025-04-22 09:28:09,SUCCESS,095133535357,Paytm
TXN0007348,CUST01418,MER0032,cust01418@okhdfcbank,158.61,2025-05-30 08:54:55,success,980503777160,GPay
TXN0007351,CUST00337,MER0009,cust00337@okhdfcbank,2916.32,2025-02-08 12:53:17,Success,201608428946,GPay
TXN0007352,CUST00250,MER0051,cust00250@okhdfcbank,525.03,2025-03-15 09:59:47,Success,611380897102,Paytm
TXN0007353,CUST01275,MER0089,cust01275@okhdfcbank,1737.81,2025-03-10 04:04:43,success,179261450671,Amazon Pay
TXN0007354,CUST01453,MER0040,cust01453@okhdfcbank,230.14,2025-04-11 14:30:33,success,822593378072,Amazon Pay
TXN0007355,CUST01589,MER0101,cust01589@okhdfcbank,141.38,2025-02-04 04:16:02,success,971474017145,Amazon Pay
TXN0007359,CUST01473,MER0096,cust01473@okhdfcbank,1051.85,2025-04-30 11:49:59,success,382682308767,BHIM
TXN0007362,CUST01311,MER0114,cust01311@okhdfcbank,856.46,2025-02-14 01:08:54,SUCCESS,120604220379,Paytm
TXN0007363,CUST01433,MER0049,cust01433@okhdfcbank,203.87,2025-06-23 12:34:40,success,915634703638,Paytm
TXN0007365,CUST00589,MER0094,cust00589@okhdfcbank,2328.85,2025-06-15 14:38:05,SUCCESS,046606766588,Amazon Pay
TXN0007366,CUST00971,MER0057,cust00971@okhdfcbank,2901.0,2025-06-01 19:43:32,success,948130121293,GPay
TXN0007367,CUST00726,MER0058,cust00726@okhdfcbank,277.14,2025-01-26 02:07:40,FAILED,689376219906,BHIM
TXN0007369,CUST00717,MER0009,cust00717@okhdfcbank,283.65,2025-04-02 04:13:34,SUCCESS,470211016988,PhonePe
TXN0007373,CUST01020,MER0031,cust01020@okhdfcbank,541.89,2025-05-29 10:47:14,Success,656792148151,PhonePe
TXN0007375,CUST00080,MER0026,cust00080@okhdfcbank,251.89,2025-01-03 17:59:16,success,639926998673,Amazon Pay
TXN0007376,CUST01007,MER0032,cust01007@okhdfcbank,1462.34,2025-01-31 06:52:37,success,376688735062,GPay
TXN0007377,CUST00812,MER0026,cust00812@okhdfcbank,318.59,2025-03-10 18:47:18,success,662522527143,GPay
TXN0007378,CUST01321,MER0142,cust01321@okhdfcbank,260.55,2025-02-13 03:48:47,SUCCESS,828941790757,BHIM
TXN0007380,CUST01970,MER0047,cust01970@okhdfcbank,105.35,2025-05-18 02:36:13,Success,378171518549,BHIM
TXN0007381,CUST00184,MER0127,cust00184@okhdfcbank,1220.09,2025-05-10 08:48:47,Success,341062335115,BHIM
TXN0007382,CUST01626,MER0112,cust01626@okhdfcbank,329.58,2025-06-29 05:41:29,SUCCESS,463387265907,Amazon Pay
TXN0007386,CUST01544,MER0068,cust01544@okhdfcbank,218.77,2025-01-26 10:37:00,FAILED,673423660480,PhonePe
TXN0007387,CUST00298,MER0054,cust00298@okhdfcbank,141.06,2025-02-12 01:51:10,success,334646645932,Paytm
TXN0007389,CUST01951,MER0042,cust01951@okhdfcbank,1484.61,2025-06-28 13:50:43,SUCCESS,056532376663,Amazon Pay
TXN0007390,CUST01459,MER0131,cust01459@okhdfcbank,430.61,2025-01-04 06:42:02,Success,085876650917,GPay
TXN0007392,CUST00599,MER0065,cust00599@okhdfcbank,431.78,2025-01-30 21:32:45,Success,284789707097,Amazon Pay
TXN0007394,CUST01758,MER0145,cust01758@okhdfcbank,1073.56,2025-01-30 23:00:39,success,364109952069,PhonePe
TXN0007395,CUST01470,MER0048,cust01470@okhdfcbank,763.95,2025-02-04 16:30:51,Pending,216086404690,BHIM
TXN0007396,CUST01504,MER0091,cust01504@okhdfcbank,932.52,2025-03-20 15:33:51,success,481399861530,GPay
TXN0007397,CUST00118,MER0097,cust00118@okhdfcbank,590.03,2025-02-05 13:01:49,success,464132944503,BHIM
TXN0007400,CUST01707,MER0123,cust01707@okhdfcbank,492.72,2025-06-17 20:49:49,SUCCESS,027718905304,Paytm
TXN0007401,CUST01636,MER0063,cust01636@okhdfcbank,1046.68,2025-01-13 22:42:01,Success,053292749742,BHIM
TXN0007404,CUST00215,MER0061,cust00215@okhdfcbank,836.21,2025-01-02 05:25:13,success,513897562844,BHIM
TXN0007405,CUST00995,MER0081,cust00995@okhdfcbank,630.96,2025-02-14 11:45:14,success,862875840759,PhonePe
TXN0007406,CUST01755,MER0144,cust01755@okhdfcbank,908.15,2025-03-01 04:53:33,Success,084445982689,BHIM
TXN0007409,CUST01820,MER0019,cust01820@okhdfcbank,463.4,2025-02-12 16:06:59,Success,758856197206,Paytm
TXN0007411,CUST00118,MER0131,cust00118@okhdfcbank,312.16,2025-06-02 08:14:42,SUCCESS,913955483251,PhonePe
TXN0007412,CUST00588,MER0103,cust00588@okhdfcbank,334.54,2025-02-14 12:19:45,success,403687574169,Paytm
TXN0007413,CUST01170,MER0122,cust01170@okhdfcbank,899.69,2025-05-08 13:08:50,Success,032831543803,GPay
TXN0007415,CUST00643,MER0071,cust00643@okhdfcbank,4472.86,2025-06-03 13:10:53,success,233249159401,Paytm
TXN0007416,CUST00976,MER0012,cust00976@okhdfcbank,868.22,2025-03-12 04:51:42,Success,005006957389,GPay
TXN0007417,CUST00653,MER0065,cust00653@okhdfcbank,505.18,2025-04-21 10:13:36,Success,235126357554,Amazon Pay
TXN0007418,CUST00149,MER0045,cust00149@okhdfcbank,1118.68,2025-05-02 14:20:47,failed,417868633312,PhonePe
TXN0007419,CUST01352,MER0018,cust01352@okhdfcbank,304.7,2025-03-13 12:20:37,Success,538465194903,Amazon Pay
TXN0007421,CUST00159,MER0145,cust00159@okhdfcbank,1206.21,2025-05-29 19:48:33,FAILED,479560629647,Amazon Pay
TXN0007423,CUST00557,MER0005,cust00557@okhdfcbank,317.09,2025-04-21 14:24:50,SUCCESS,308028351249,Paytm
TXN0007424,CUST01912,MER0024,cust01912@okhdfcbank,145.08,2025-04-22 21:26:08,Success,779068116838,GPay
TXN0007425,CUST01477,MER0097,cust01477@okhdfcbank,267.69,2025-04-26 00:54:03,SUCCESS,773560704341,BHIM
TXN0007426,CUST00434,MER0083,cust00434@okhdfcbank,371.8,2025-03-29 13:09:23,SUCCESS,807880076835,Amazon Pay
TXN0007427,CUST01121,MER0128,cust01121@okhdfcbank,2610.28,2025-03-11 11:14:54,SUCCESS,428403188927,PhonePe
TXN0007428,CUST01649,MER0048,cust01649@okhdfcbank,4424.94,2025-01-12 16:32:36,SUCCESS,197981076278,GPay
TXN0007431,CUST01366,MER0004,cust01366@okhdfcbank,347.27,2025-01-14 19:26:46,failed,355846010361,Amazon Pay
TXN0007432,CUST01276,MER0128,cust01276@okhdfcbank,1124.05,2025-01-19 15:49:49,Success,305667677071,BHIM
TXN0007433,CUST00279,MER0023,cust00279@okhdfcbank,4396.58,2025-01-30 01:31:05,Success,235424882460,PhonePe
TXN0007434,CUST00630,MER0019,cust00630@okhdfcbank,2939.08,2025-02-09 04:23:16,Success,796525490610,PhonePe
TXN0007435,CUST01171,MER0063,cust01171@okhdfcbank,1537.6,2025-05-27 00:05:51,Success,162431204735,BHIM
TXN0007437,CUST01939,MER0104,cust01939@okhdfcbank,1132.64,2025-03-31 20:36:21,success,338589431451,GPay
TXN0007438,CUST01090,MER0146,cust01090@okhdfcbank,469.99,2025-05-06 16:28:46,Success,126814736886,Amazon Pay
TXN0007439,CUST00930,MER0104,cust00930@okhdfcbank,235.91,2025-01-08 01:20:11,SUCCESS,835286022772,BHIM
TXN0007440,CUST01160,MER0134,cust01160@okhdfcbank,482.6,2025-04-03 03:38:24,failed,760662184983,PhonePe
TXN0007442,CUST01005,MER0124,cust01005@okhdfcbank,115.17,2025-02-14 22:02:56,SUCCESS,569084689050,Paytm
TXN0007443,CUST00164,MER0048,cust00164@okhdfcbank,422.86,2025-01-26 14:28:22,SUCCESS,645676653731,BHIM
TXN0007445,CUST01965,MER0087,cust01965@okhdfcbank,1358.1,2025-05-16 01:02:43,Success,192931577706,BHIM
TXN0007448,CUST00486,MER0054,cust00486@okhdfcbank,244.69,2025-05-03 12:30:39,success,513510895616,GPay
TXN0007450,CUST00237,MER0024,cust00237@okhdfcbank,89.95,2025-05-03 07:51:03,Success,621312770969,Paytm
TXN0007451,CUST01577,MER0098,cust01577@okhdfcbank,793.01,2025-03-05 20:23:31,Success,916330027938,BHIM
TXN0007452,CUST00633,MER0049,cust00633@okhdfcbank,137.38,2025-01-06 23:53:53,success,328445387457,BHIM
TXN0007453,CUST01954,MER0132,cust01954@okhdfcbank,296.09,2025-05-11 12:16:33,success,993419895670,Amazon Pay
TXN0007458,CUST00049,MER0090,cust00049@okhdfcbank,259.34,2025-04-05 10:16:31,success,174951525249,Amazon Pay
TXN0007459,CUST01654,MER0097,cust01654@okhdfcbank,418.19,2025-02-22 20:57:05,success,968247062453,PhonePe
TXN0007460,CUST00580,MER0145,cust00580@okhdfcbank,508.59,2025-05-05 07:00:25,Success,824893735108,Paytm
TXN0007461,CUST00935,MER0073,cust00935@okhdfcbank,599.06,2025-04-04 04:40:22,SUCCESS,318452378458,GPay
TXN0007462,CUST00015,MER0013,cust00015@okhdfcbank,461.42,2025-01-01 05:32:55,SUCCESS,416167923693,Paytm
TXN0007464,CUST00951,MER0102,cust00951@okhdfcbank,540.98,2025-03-01 10:51:26,success,304070123634,Amazon Pay
TXN0007465,CUST00634,MER0140,cust00634@okhdfcbank,602.64,2025-05-10 04:54:05,SUCCESS,388311332364,BHIM
TXN0007466,CUST01562,MER0112,cust01562@okhdfcbank,336.08,2025-04-07 09:26:48,success,269076982239,Paytm
TXN0007470,CUST00413,MER0099,cust00413@okhdfcbank,768.05,2025-06-22 22:09:13,SUCCESS,079791961601,PhonePe
TXN0007472,CUST00070,MER0066,cust00070@okhdfcbank,1112.92,2025-06-16 14:06:29,Pending,822402028910,GPay
TXN0007474,CUST00833,MER0063,cust00833@okhdfcbank,1006.92,2025-03-10 13:06:53,success,261988816589,BHIM
TXN0007475,CUST00645,MER0057,cust00645@okhdfcbank,340.77,2025-04-02 07:34:09,Success,747418041793,Amazon Pay
TXN0007476,CUST00408,MER0010,cust00408@okhdfcbank,701.56,2025-04-25 08:18:06,Success,956345627787,Paytm
TXN0007478,CUST00874,MER0048,cust00874@okhdfcbank,300.95,2025-04-01 04:16:30,Success,234692737683,GPay
TXN0007480,CUST01808,MER0145,cust01808@okhdfcbank,822.27,2025-05-07 05:33:49,success,712915309265,Paytm
TXN0007481,CUST00734,MER0036,cust00734@okhdfcbank,713.49,2025-04-21 13:10:32,Success,832283141000,PhonePe
TXN0007482,CUST01426,MER0098,cust01426@okhdfcbank,754.79,2025-02-13 06:02:39,success,798970608521,Amazon Pay
TXN0007483,CUST00658,MER0053,cust00658@okhdfcbank,648.93,2025-01-10 14:53:53,SUCCESS,644209309101,Paytm
TXN0007484,CUST01423,MER0095,cust01423@okhdfcbank,229.92,2025-04-26 06:12:39,Pending,998456686832,PhonePe
TXN0007485,CUST00955,MER0003,cust00955@okhdfcbank,1294.53,2025-02-04 19:20:53,Success,636829115860,GPay
TXN0007487,CUST00330,MER0119,cust00330@okhdfcbank,224.03,2025-03-22 07:10:06,PENDING,627749097487,Amazon Pay
TXN0007491,CUST00594,MER0135,cust00594@okhdfcbank,366.49,2025-05-01 12:58:27,Failed,806547057989,GPay
TXN0007492,CUST01741,MER0144,cust01741@okhdfcbank,840.6,2025-06-13 04:59:43,Pending,634352508853,PhonePe
TXN0007493,CUST01168,MER0086,cust01168@okhdfcbank,108.82,2025-04-29 18:50:26,success,329377330303,Amazon Pay
TXN0007496,CUST00612,MER0085,cust00612@okhdfcbank,81.75,2025-05-27 08:35:10,SUCCESS,500984587812,Paytm
TXN0007497,CUST00537,MER0075,cust00537@okhdfcbank,1458.17,2025-05-25 17:29:06,FAILED,623928199821,Amazon Pay
TXN0007499,CUST00528,MER0019,cust00528@okhdfcbank,694.44,2025-06-03 17:37:21,success,129908411621,GPay
TXN0007501,CUST01167,MER0063,cust01167@okhdfcbank,367.38,2025-05-27 05:08:53,Success,649603243346,GPay
TXN0007503,CUST01446,MER0067,cust01446@okhdfcbank,621.94,2025-02-23 13:15:53,SUCCESS,694920936362,PhonePe
TXN0007504,CUST01185,MER0116,cust01185@okhdfcbank,493.65,2025-02-25 08:36:37,success,781896111432,Paytm
TXN0007507,CUST01077,MER0144,cust01077@okhdfcbank,196.62,2025-02-03 06:29:23,SUCCESS,484237943579,GPay
TXN0007508,CUST00300,MER0058,cust00300@okhdfcbank,864.0,2025-01-10 06:30:15,FAILED,535357112802,Amazon Pay
TXN0007513,CUST01579,MER0134,cust01579@okhdfcbank,364.2,2025-04-24 03:17:05,PENDING,326723089217,Amazon Pay
TXN0007514,CUST01758,MER0070,cust01758@okhdfcbank,5039.46,2025-01-20 08:54:37,Success,201986784731,Amazon Pay
TXN0007517,CUST00265,MER0016,cust00265@okhdfcbank,532.97,2025-05-15 05:33:38,Success,846002713444,BHIM
TXN0007518,CUST00355,MER0030,cust00355@okhdfcbank,843.98,2025-06-17 01:51:13,SUCCESS,138103683537,Paytm
TXN0007520,CUST00618,MER0133,cust00618@okhdfcbank,749.07,2025-03-09 12:37:17,success,597977431604,PhonePe
TXN0007521,CUST00395,MER0074,cust00395@okhdfcbank,232.44,2025-05-03 09:23:53,Failed,678202201051,PhonePe
TXN0007522,CUST01454,MER0106,cust01454@okhdfcbank,2935.14,2025-03-13 22:51:37,success,316763472630,Amazon Pay
TXN0007525,CUST00021,MER0011,cust00021@okhdfcbank,594.16,2025-02-28 14:21:21,success,863745885663,PhonePe
TXN0007528,CUST01252,MER0058,cust01252@okhdfcbank,665.93,2025-04-21 00:25:26,SUCCESS,466215366127,Amazon Pay
TXN0007530,CUST01510,MER0092,cust01510@okhdfcbank,148.36,2025-01-21 16:57:36,SUCCESS,328758803499,BHIM
TXN0007531,CUST00280,MER0030,cust00280@okhdfcbank,953.57,2025-02-09 14:53:45,SUCCESS,363697402872,Amazon Pay
TXN0007532,CUST01503,MER0119,cust01503@okhdfcbank,300.87,2025-03-06 17:22:35,success,493587210697,Paytm
TXN0007533,CUST01759,MER0101,cust01759@okhdfcbank,314.89,2025-06-17 20:01:09,SUCCESS,519226777984,GPay
TXN0007534,CUST00730,MER0136,cust00730@okhdfcbank,301.71,2025-05-18 06:45:35,SUCCESS,491486127984,Paytm
TXN0007538,CUST01175,MER0056,cust01175@okhdfcbank,1313.27,2025-01-14 08:33:29,success,665846182867,BHIM
TXN0007539,CUST00535,MER0093,cust00535@okhdfcbank,141.79,2025-04-18 07:04:18,SUCCESS,077295326727,Paytm
TXN0007540,CUST00612,MER0049,cust00612@okhdfcbank,585.74,2025-02-20 08:46:28,SUCCESS,443522863026,Paytm
TXN0007541,CUST01425,MER0084,cust01425@okhdfcbank,262.07,2025-03-19 00:03:04,FAILED,643717216772,Amazon Pay
TXN0007542,CUST00795,MER0057,cust00795@okhdfcbank,329.08,2025-01-17 10:27:38,success,945880357442,Amazon Pay
TXN0007545,CUST01813,MER0053,cust01813@okhdfcbank,1059.58,2025-02-27 14:21:54,Pending,569135618842,BHIM
TXN0007546,CUST01824,MER0047,cust01824@okhdfcbank,305.54,2025-02-06 23:45:53,success,275110759714,GPay
TXN0007548,CUST01758,MER0064,cust01758@okhdfcbank,162.14,2025-02-07 20:18:46,SUCCESS,377713826157,PhonePe
TXN0007552,CUST00617,MER0060,cust00617@okhdfcbank,549.96,2025-05-09 19:08:07,SUCCESS,280563386706,Paytm
TXN0007554,CUST01519,MER0102,cust01519@okhdfcbank,66.64,2025-06-01 17:43:55,SUCCESS,973486356387,GPay
TXN0007556,CUST01131,MER0081,cust01131@okhdfcbank,1206.45,2025-05-19 00:21:40,Success,185845821665,BHIM
TXN0007557,CUST01450,MER0037,cust01450@okhdfcbank,109.22,2025-04-21 12:06:32,success,400624199237,Paytm
TXN0007558,CUST01763,MER0072,cust01763@okhdfcbank,165.68,2025-03-16 01:35:18,success,147489482502,PhonePe
TXN0007559,CUST01543,MER0150,cust01543@okhdfcbank,321.57,2025-01-10 17:35:25,SUCCESS,641286624205,GPay
TXN0007563,CUST00386,MER0010,cust00386@okhdfcbank,334.34,2025-02-28 15:52:44,success,785133021617,BHIM
TXN0007565,CUST00468,MER0138,cust00468@okhdfcbank,942.88,2025-06-04 04:01:29,Success,515014333345,BHIM
TXN0007568,CUST01146,MER0072,cust01146@okhdfcbank,3255.37,2025-03-23 23:14:30,SUCCESS,310023189415,BHIM
TXN0007570,CUST00919,MER0087,cust00919@okhdfcbank,1128.76,2025-05-22 17:16:01,SUCCESS,378713055351,PhonePe
TXN0007571,CUST01787,MER0041,cust01787@okhdfcbank,3399.92,2025-02-08 15:16:08,Success,639322247716,GPay
TXN0007572,CUST00412,MER0035,cust00412@okhdfcbank,566.4,2025-04-12 00:50:19,Pending,313923731216,GPay
TXN0007573,CUST00314,MER0060,cust00314@okhdfcbank,124.77,2025-01-02 19:25:51,success,337382524974,Paytm
TXN0007575,CUST00822,MER0147,cust00822@okhdfcbank,267.3,2025-01-21 22:25:03,SUCCESS,669802543290,Paytm
TXN0007576,CUST00442,MER0053,cust00442@okhdfcbank,374.49,2025-06-20 10:54:47,success,236776877662,GPay
TXN0007582,CUST00022,MER0113,cust00022@okhdfcbank,1037.78,2025-06-16 04:47:45,Success,330978963895,BHIM
TXN0007583,CUST00875,MER0037,cust00875@okhdfcbank,677.33,2025-05-31 15:58:57,Success,077823960587,BHIM
TXN0007584,CUST00980,MER0089,cust00980@okhdfcbank,393.46,2025-05-26 19:27:54,success,602831594328,Paytm
TXN0007585,CUST01667,MER0081,cust01667@okhdfcbank,257.29,2025-02-18 08:59:58,success,717116641079,Amazon Pay
TXN0007587,CUST01315,MER0095,cust01315@okhdfcbank,2718.1,2025-02-10 21:30:39,Success,274935224425,Amazon Pay
TXN0007589,CUST00355,MER0060,cust00355@okhdfcbank,3333.12,2025-05-23 16:01:31,SUCCESS,015998211880,PhonePe
TXN0007590,CUST01192,MER0143,cust01192@okhdfcbank,1635.16,2025-05-30 10:30:51,SUCCESS,564145956113,PhonePe
TXN0007591,CUST00530,MER0125,cust00530@okhdfcbank,1937.89,2025-02-03 03:10:51,Success,217413370664,GPay
TXN0007595,CUST00939,MER0018,cust00939@okhdfcbank,252.64,2025-06-05 06:11:45,SUCCESS,657748739345,GPay
TXN0007597,CUST00931,MER0042,cust00931@okhdfcbank,662.38,2025-02-01 17:31:47,PENDING,456508805641,Paytm
TXN0007598,CUST01356,MER0034,cust01356@okhdfcbank,424.8,2025-02-26 19:57:36,success,455139619239,Amazon Pay
TXN0007600,CUST00900,MER0106,cust00900@okhdfcbank,318.79,2025-06-27 22:13:45,success,826870102059,PhonePe
TXN0007602,CUST01120,MER0119,cust01120@okhdfcbank,807.17,2025-05-22 16:24:10,Success,870074213866,GPay
TXN0007605,CUST01690,MER0067,cust01690@okhdfcbank,6925.12,2025-03-22 09:00:24,Pending,294156818829,GPay
TXN0007607,CUST00541,MER0013,cust00541@okhdfcbank,1416.4,2025-03-17 00:22:09,failed,153217236228,Paytm
TXN0007609,CUST01787,MER0113,cust01787@okhdfcbank,1099.04,2025-01-30 22:05:36,Success,568989570063,BHIM
TXN0007610,CUST01616,MER0121,cust01616@okhdfcbank,227.93,2025-05-03 02:59:25,Success,910198880120,Amazon Pay
TXN0007611,CUST00304,MER0087,cust00304@okhdfcbank,,2025-04-09 05:08:55,Success,868866231767,BHIM
TXN0007612,CUST01787,MER0017,cust01787@okhdfcbank,1293.24,2025-02-04 22:17:44,SUCCESS,137338903806,GPay
TXN0007614,CUST00083,MER0150,cust00083@okhdfcbank,455.88,2025-06-01 20:06:34,SUCCESS,441803483426,GPay
TXN0007615,CUST01410,MER0088,cust01410@okhdfcbank,56.2,2025-03-16 19:31:21,Success,234598397328,BHIM
TXN0007616,CUST00808,MER0137,cust00808@okhdfcbank,543.94,2025-02-24 17:02:17,success,376572423955,GPay
TXN0007617,CUST01460,MER0066,cust01460@okhdfcbank,1157.56,2025-06-27 15:32:51,success,919552593644,PhonePe
TXN0007620,CUST00385,MER0116,cust00385@okhdfcbank,3515.11,2025-04-22 08:15:13,Success,843885368482,Paytm
TXN0007623,CUST00177,MER0013,cust00177@okhdfcbank,609.52,2025-01-24 03:37:57,SUCCESS,559483703891,Paytm
TXN0007625,CUST00483,MER0089,cust00483@okhdfcbank,267.45,2025-05-14 15:59:24,Success,859472040066,Paytm
TXN0007628,CUST01752,MER0013,cust01752@okhdfcbank,2146.19,2025-06-17 13:39:23,success,414704242362,GPay
TXN0007631,CUST01910,MER0058,cust01910@okhdfcbank,780.86,2025-04-27 04:06:48,success,003301917414,GPay
TXN0007633,CUST00727,MER0046,cust00727@okhdfcbank,352.06,2025-04-27 03:42:35,failed,114070385611,PhonePe
TXN0007636,CUST01855,MER0127,cust01855@okhdfcbank,677.59,2025-03-17 07:19:39,Success,366221090721,Paytm
TXN0007637,CUST01533,MER0066,cust01533@okhdfcbank,566.53,2025-02-18 12:01:41,SUCCESS,016618651897,Amazon Pay
TXN0007639,CUST00044,MER0093,cust00044@okhdfcbank,128.75,2025-06-16 10:37:54,SUCCESS,431881345582,BHIM
TXN0007640,CUST00593,MER0039,cust00593@okhdfcbank,536.91,2025-01-29 00:40:56,SUCCESS,368284905876,BHIM
TXN0007641,CUST00232,MER0097,cust00232@okhdfcbank,546.14,2025-02-04 04:54:25,SUCCESS,800877036192,Paytm
TXN0007642,CUST00772,MER0083,cust00772@okhdfcbank,187.05,2025-05-14 00:47:37,FAILED,513188294723,BHIM
TXN0007643,CUST01661,MER0067,cust01661@okhdfcbank,150.39,2025-04-25 18:44:16,SUCCESS,345237042180,Paytm
TXN0007644,CUST01801,MER0098,cust01801@okhdfcbank,304.43,2025-06-15 01:16:29,success,229166843371,Paytm
TXN0007645,CUST01963,MER0050,cust01963@okhdfcbank,525.81,2025-06-26 11:10:57,SUCCESS,675646005845,Amazon Pay
TXN0007647,CUST01106,MER0051,cust01106@okhdfcbank,172.28,2025-02-09 07:03:01,Success,828889813126,Paytm
TXN0007648,CUST02000,MER0075,cust02000@okhdfcbank,658.04,2025-02-27 04:07:56,Success,277266259165,BHIM
TXN0007649,CUST00619,MER0114,cust00619@okhdfcbank,844.6,2025-06-20 08:05:26,Success,658852919752,BHIM
TXN0007651,CUST01722,MER0133,cust01722@okhdfcbank,280.62,2025-04-07 21:57:17,Success,432698981952,BHIM
TXN0007652,CUST01042,MER0149,cust01042@okhdfcbank,893.23,2025-06-29 02:55:19,success,679022587320,GPay
TXN0007653,CUST00678,MER0004,cust00678@okhdfcbank,407.26,2025-02-22 14:46:30,success,444154793010,Amazon Pay
TXN0007659,CUST00528,MER0047,cust00528@okhdfcbank,233.96,2025-03-19 03:22:12,success,003856089120,Paytm
TXN0007661,CUST01941,MER0082,cust01941@okhdfcbank,109.03,2025-03-22 09:54:54,pending,624849479895,Amazon Pay
TXN0007664,CUST00350,MER0041,cust00350@okhdfcbank,678.9,2025-06-27 02:27:15,SUCCESS,225352656079,PhonePe
TXN0007665,CUST00735,MER0146,cust00735@okhdfcbank,110.26,2025-01-30 19:52:44,success,196697363097,Amazon Pay
TXN0007666,CUST00036,MER0108,cust00036@okhdfcbank,586.5,2025-01-16 15:24:21,success,549960677258,Paytm
TXN0007670,CUST01486,MER0041,cust01486@okhdfcbank,207.29,2025-01-30 07:17:19,success,651319835435,GPay
TXN0007674,CUST00651,MER0081,cust00651@okhdfcbank,817.97,2025-05-28 01:58:36,Success,779411909298,PhonePe
TXN0007675,CUST01362,MER0149,cust01362@okhdfcbank,1754.53,2025-03-20 02:29:45,SUCCESS,246634886660,Paytm
TXN0007679,CUST01565,MER0047,cust01565@okhdfcbank,337.6,2025-01-09 07:12:28,success,822077395559,GPay
TXN0007680,CUST00884,MER0097,cust00884@okhdfcbank,156.14,2025-01-15 18:10:31,failed,828484658215,Amazon Pay
TXN0007682,CUST01054,MER0007,cust01054@okhdfcbank,195.93,2025-05-06 12:00:34,Success,014132361412,Amazon Pay
TXN0007684,CUST00420,MER0028,cust00420@okhdfcbank,3387.44,2025-02-13 07:25:11,failed,030257653468,Paytm
TXN0007685,CUST01341,MER0138,cust01341@okhdfcbank,1312.88,2025-05-28 15:10:34,Success,879583556549,BHIM
TXN0007688,CUST01753,MER0041,cust01753@okhdfcbank,1056.52,2025-01-13 11:20:39,SUCCESS,034024831690,Paytm
TXN0007689,CUST01678,MER0022,cust01678@okhdfcbank,156.93,2025-02-04 07:51:19,success,137012153834,GPay
TXN0007691,CUST01946,MER0045,cust01946@okhdfcbank,2810.93,2025-06-01 20:54:04,Success,414446196465,GPay
TXN0007693,CUST00607,MER0131,cust00607@okhdfcbank,1497.21,2025-05-09 16:37:17,success,692435945236,BHIM
TXN0007697,CUST01831,MER0003,cust01831@okhdfcbank,833.14,2025-01-21 04:35:14,success,435188880583,Paytm
TXN0007699,CUST00537,MER0143,cust00537@okhdfcbank,1463.37,2025-04-15 07:41:26,success,601322519885,Paytm
TXN0007700,CUST00120,MER0100,cust00120@okhdfcbank,94.16,2025-03-02 01:27:38,Success,628285845859,Amazon Pay
TXN0007704,CUST01876,MER0128,cust01876@okhdfcbank,203.28,2025-03-27 21:00:25,success,681315632013,Paytm
TXN0007705,CUST01308,MER0135,cust01308@okhdfcbank,79.03,2025-04-04 07:01:11,Pending,190321093382,Paytm
TXN0007706,CUST00501,MER0081,cust00501@okhdfcbank,238.33,2025-04-12 03:00:54,Success,516787972155,GPay
TXN0007709,CUST00818,MER0080,cust00818@okhdfcbank,583.71,2025-05-31 12:05:30,success,666375528795,BHIM
TXN0007711,CUST00892,MER0034,cust00892@okhdfcbank,1510.88,2025-02-12 06:36:33,success,261593568762,GPay
TXN0007712,CUST00607,MER0047,cust00607@okhdfcbank,483.56,2025-01-22 16:59:36,Success,169527724075,BHIM
TXN0007713,CUST01251,MER0037,cust01251@okhdfcbank,509.64,2025-05-19 19:29:04,SUCCESS,343435688805,PhonePe
TXN0007714,CUST01905,MER0112,cust01905@okhdfcbank,1261.93,2025-06-07 00:38:39,Success,235236237383,Paytm
TXN0007715,CUST00297,MER0046,cust00297@okhdfcbank,182.85,2025-01-15 14:00:31,SUCCESS,276921706346,PhonePe
TXN0007717,CUST00626,MER0017,cust00626@okhdfcbank,752.55,2025-01-09 19:54:55,success,309052859615,GPay
TXN0007719,CUST00519,MER0137,cust00519@okhdfcbank,946.12,2025-02-12 03:05:53,Failed,588307089086,PhonePe
TXN0007723,CUST01766,MER0029,cust01766@okhdfcbank,831.76,2025-01-18 11:39:08,SUCCESS,738157730209,GPay
TXN0007726,CUST01249,MER0072,cust01249@okhdfcbank,1510.49,2025-04-22 17:24:21,success,489914169875,BHIM
TXN0007727,CUST01415,MER0135,cust01415@okhdfcbank,951.96,2025-01-19 17:53:09,Success,108509904739,Paytm
TXN0007728,CUST01335,MER0042,cust01335@okhdfcbank,82.4,2025-04-10 17:57:22,SUCCESS,704690826394,PhonePe
TXN0007730,CUST01507,MER0141,cust01507@okhdfcbank,1607.18,2025-01-04 20:45:06,success,162385181441,GPay
TXN0007731,CUST00117,MER0057,cust00117@okhdfcbank,384.99,2025-06-19 22:39:00,SUCCESS,960071624287,PhonePe
TXN0007732,CUST00885,MER0109,cust00885@okhdfcbank,580.67,2025-03-21 13:54:21,Success,026299040310,BHIM
TXN0007733,CUST00043,MER0044,cust00043@okhdfcbank,1539.62,2025-05-18 03:16:19,SUCCESS,963894210913,Paytm
TXN0007735,CUST00713,MER0051,cust00713@okhdfcbank,511.46,2025-05-26 05:54:46,SUCCESS,791001931885,PhonePe
TXN0007738,CUST00198,MER0001,cust00198@okhdfcbank,885.82,2025-03-04 11:32:08,success,687784679829,PhonePe
TXN0007740,CUST00368,MER0070,cust00368@okhdfcbank,195.97,2025-02-17 10:23:20,SUCCESS,598866329490,Paytm
TXN0007742,CUST01454,MER0001,cust01454@okhdfcbank,449.03,2025-03-10 23:42:56,SUCCESS,335694670187,GPay
TXN0007744,CUST01660,MER0044,cust01660@okhdfcbank,998.83,2025-05-09 03:45:06,SUCCESS,013019614237,BHIM
TXN0007745,CUST01595,MER0145,cust01595@okhdfcbank,468.35,2025-05-29 23:54:24,failed,606386355899,PhonePe
TXN0007747,CUST00816,MER0137,cust00816@okhdfcbank,798.75,2025-05-16 10:36:56,failed,294107903866,GPay
TXN0007749,CUST01549,MER0112,cust01549@okhdfcbank,2383.82,2025-02-17 09:25:41,PENDING,903779415775,BHIM
TXN0007751,CUST01139,MER0053,cust01139@okhdfcbank,373.58,2025-06-21 06:29:01,failed,663472796665,PhonePe
TXN0007753,CUST01618,MER0053,cust01618@okhdfcbank,1215.96,2025-02-11 15:35:47,SUCCESS,544606989690,GPay
TXN0007754,CUST01669,MER0124,cust01669@okhdfcbank,593.45,2025-03-21 03:07:47,Success,550216918927,BHIM
TXN0007755,CUST01844,MER0022,cust01844@okhdfcbank,4113.83,2025-04-09 04:32:16,pending,119044943269,Amazon Pay
TXN0007757,CUST01662,MER0104,cust01662@okhdfcbank,802.4,2025-02-04 09:02:03,Success,778948696311,BHIM
TXN0007760,CUST00625,MER0028,cust00625@okhdfcbank,795.42,2025-01-01 03:49:25,success,477672225178,Amazon Pay
TXN0007762,CUST01360,MER0130,cust01360@okhdfcbank,1796.2,2025-06-03 14:48:08,PENDING,762911219600,Paytm
TXN0007763,CUST00322,MER0052,cust00322@okhdfcbank,186.02,2025-06-24 18:37:30,FAILED,571244573346,PhonePe
TXN0007767,CUST00383,MER0119,cust00383@okhdfcbank,220.32,2025-05-24 03:28:32,success,453128015453,BHIM
TXN0007768,CUST01229,MER0017,cust01229@okhdfcbank,81.45,2025-04-13 14:18:45,SUCCESS,981104300325,Paytm
TXN0007769,CUST00977,MER0084,cust00977@okhdfcbank,1462.7,2025-05-18 12:40:14,success,922794579616,Paytm
TXN0007771,CUST01952,MER0124,cust01952@okhdfcbank,169.27,2025-04-06 17:35:07,SUCCESS,515497693036,BHIM
TXN0007773,CUST00866,MER0095,cust00866@okhdfcbank,2742.88,2025-06-10 07:12:37,Success,664140127156,Amazon Pay
TXN0007774,CUST01192,MER0043,cust01192@okhdfcbank,255.43,2025-01-02 05:14:19,pending,744405896046,Amazon Pay
TXN0007775,CUST01301,MER0138,cust01301@okhdfcbank,435.56,2025-04-12 11:42:36,SUCCESS,886184390341,BHIM
TXN0007776,CUST00206,MER0069,cust00206@okhdfcbank,315.16,2025-02-18 00:47:30,Success,914823013137,BHIM
TXN0007777,CUST01578,MER0020,cust01578@okhdfcbank,143.64,2025-05-01 14:51:41,Success,657349066230,Amazon Pay
TXN0007780,CUST00944,MER0129,cust00944@okhdfcbank,1281.62,2025-05-15 21:58:21,SUCCESS,548446820867,Paytm
TXN0007781,CUST00227,MER0091,cust00227@okhdfcbank,545.05,2025-04-26 05:32:29,success,058622147244,Amazon Pay
TXN0007782,CUST00859,MER0149,cust00859@okhdfcbank,5899.82,2025-06-15 16:20:03,Success,753525530953,Amazon Pay
TXN0007784,CUST01419,MER0077,cust01419@okhdfcbank,208.75,2025-03-09 22:51:17,Success,076589468884,Amazon Pay
TXN0007786,CUST01505,MER0005,cust01505@okhdfcbank,1419.38,2025-05-20 01:41:22,Success,142237710640,GPay
TXN0007787,CUST01684,MER0039,cust01684@okhdfcbank,723.98,2025-05-17 05:12:16,SUCCESS,826163442610,Amazon Pay
TXN0007789,CUST01426,MER0103,cust01426@okhdfcbank,2821.42,2025-04-14 15:59:54,Failed,620722393843,GPay
TXN0007791,CUST01699,MER0025,cust01699@okhdfcbank,320.32,2025-01-27 20:49:53,SUCCESS,886620440072,GPay
TXN0007792,CUST00663,MER0115,cust00663@okhdfcbank,1545.28,2025-02-09 15:21:41,SUCCESS,988903038328,Paytm
TXN0007793,CUST00631,MER0130,cust00631@okhdfcbank,481.88,2025-04-26 04:24:12,success,513599730238,BHIM
TXN0007796,CUST01375,MER0112,cust01375@okhdfcbank,225.57,2025-05-02 23:58:18,success,654457940809,BHIM
TXN0007798,CUST00911,MER0077,cust00911@okhdfcbank,204.03,2025-06-22 03:49:46,SUCCESS,533120445621,GPay
TXN0007799,CUST00280,MER0149,cust00280@okhdfcbank,290.69,2025-06-17 07:35:41,SUCCESS,463459951563,Amazon Pay
TXN0007800,CUST01245,MER0006,cust01245@okhdfcbank,155.14,2025-03-28 10:05:30,success,355990565215,Amazon Pay
TXN0007801,CUST00550,MER0122,cust00550@okhdfcbank,875.9,2025-01-28 17:07:13,Failed,024946873885,GPay
TXN0007802,CUST01567,MER0106,cust01567@okhdfcbank,226.46,2025-03-24 03:33:44,success,368041998189,PhonePe
TXN0007804,CUST01566,MER0113,cust01566@okhdfcbank,143.55,2025-04-22 11:28:24,Success,530324200557,Amazon Pay
TXN0007805,CUST01268,MER0102,cust01268@okhdfcbank,,2025-04-05 01:36:47,SUCCESS,296687087723,Paytm
TXN0007806,CUST00045,MER0144,cust00045@okhdfcbank,137.49,2025-01-01 17:55:45,SUCCESS,152319407542,Paytm
TXN0007809,CUST01146,MER0091,cust01146@okhdfcbank,209.37,2025-05-14 03:03:09,success,388302876771,GPay
TXN0007810,CUST01266,MER0147,cust01266@okhdfcbank,2855.29,2025-02-25 04:35:31,Success,823079245735,BHIM
TXN0007811,CUST00831,MER0071,cust00831@okhdfcbank,866.61,2025-01-15 14:46:26,Success,685635772795,PhonePe
TXN0007812,CUST01953,MER0131,cust01953@okhdfcbank,1086.01,2025-02-07 13:58:03,Pending,577501859359,GPay
TXN0007813,CUST01644,MER0130,cust01644@okhdfcbank,1401.74,2025-06-14 11:12:44,failed,183473531123,GPay
TXN0007814,CUST00620,MER0029,cust00620@okhdfcbank,551.52,2025-03-21 19:10:55,success,200597957770,Paytm
TXN0007815,CUST00947,MER0063,cust00947@okhdfcbank,557.83,2025-02-26 02:43:20,SUCCESS,694545680139,GPay
TXN0007816,CUST01719,MER0118,cust01719@okhdfcbank,1774.62,2025-04-11 18:39:26,SUCCESS,696722350545,GPay
TXN0007817,CUST01933,MER0088,cust01933@okhdfcbank,550.79,2025-02-10 01:13:53,Success,207978730585,Paytm
TXN0007821,CUST01094,MER0008,cust01094@okhdfcbank,1843.75,2025-02-21 12:01:11,SUCCESS,176633345757,Paytm
TXN0007822,CUST00594,MER0081,cust00594@okhdfcbank,1882.66,2025-01-02 22:01:37,Success,657131994141,GPay
TXN0007823,CUST01623,MER0043,cust01623@okhdfcbank,1632.99,2025-05-09 17:15:03,failed,310980748114,BHIM
TXN0007825,CUST00021,MER0084,cust00021@okhdfcbank,452.97,2025-02-03 04:27:28,Success,378825005251,Paytm
TXN0007828,CUST00081,MER0102,cust00081@okhdfcbank,2830.03,2025-03-19 17:08:09,SUCCESS,138226212327,Amazon Pay
TXN0007830,CUST01721,MER0140,cust01721@okhdfcbank,692.21,2025-02-04 18:51:35,SUCCESS,402272209535,Amazon Pay
TXN0007831,CUST00555,MER0137,cust00555@okhdfcbank,635.27,2025-06-11 20:41:20,Success,754955263394,PhonePe
TXN0007832,CUST00518,MER0092,cust00518@okhdfcbank,128.97,2025-04-11 23:45:52,SUCCESS,753260119429,Paytm
TXN0007833,CUST00214,MER0057,cust00214@okhdfcbank,86.08,2025-01-01 02:32:19,Success,146055236516,Amazon Pay
TXN0007835,CUST01138,MER0049,cust01138@okhdfcbank,313.01,2025-06-19 21:29:17,Success,974060860198,PhonePe
TXN0007836,CUST01364,MER0011,cust01364@okhdfcbank,450.59,2025-03-06 01:21:08,success,805126873324,Amazon Pay
TXN0007839,CUST01707,MER0028,cust01707@okhdfcbank,1052.08,2025-04-18 10:42:54,Success,502605770863,BHIM
TXN0007842,CUST01967,MER0115,cust01967@okhdfcbank,180.95,2025-06-03 01:45:26,Success,797548330319,Paytm
TXN0007843,CUST00759,MER0004,cust00759@okhdfcbank,642.08,2025-01-10 04:10:11,Success,787739679825,BHIM
TXN0007844,CUST00002,MER0055,cust00002@okhdfcbank,535.87,2025-01-09 22:01:21,SUCCESS,068307967544,Amazon Pay
TXN0007848,CUST00417,MER0005,cust00417@okhdfcbank,391.7,2025-06-26 22:18:55,success,917871572729,GPay
TXN0007849,CUST01983,MER0092,cust01983@okhdfcbank,196.62,2025-03-17 05:25:36,SUCCESS,449746844086,Amazon Pay
TXN0007850,CUST00600,MER0025,cust00600@okhdfcbank,2094.16,2025-04-19 08:16:24,Success,171896511150,Paytm
TXN0007851,CUST00535,MER0145,cust00535@okhdfcbank,1540.14,2025-02-07 04:50:10,Success,966049912770,GPay
TXN0007854,CUST00920,MER0146,cust00920@okhdfcbank,77.87,2025-01-11 01:20:30,SUCCESS,622592392514,GPay
TXN0007855,CUST01030,MER0123,cust01030@okhdfcbank,1319.87,2025-06-27 11:27:30,Success,996651824011,Amazon Pay
TXN0007856,CUST01477,MER0005,cust01477@okhdfcbank,245.59,2025-05-07 22:07:33,Success,691852153149,Amazon Pay
TXN0007857,CUST00243,MER0136,cust00243@okhdfcbank,706.2,2025-04-02 16:09:52,SUCCESS,552234455941,Amazon Pay
TXN0007858,CUST00332,MER0107,cust00332@okhdfcbank,71.56,2025-06-20 12:38:50,Success,330082800439,BHIM
TXN0007859,CUST01317,MER0009,cust01317@okhdfcbank,148.61,2025-01-07 01:32:32,FAILED,057479055881,BHIM
TXN0007860,CUST00232,MER0053,cust00232@okhdfcbank,787.37,2025-03-25 01:21:04,Success,762136662868,PhonePe
TXN0007861,CUST00763,MER0032,cust00763@okhdfcbank,244.47,2025-01-10 05:51:26,SUCCESS,994918902720,BHIM
TXN0007862,CUST00473,MER0070,cust00473@okhdfcbank,212.73,2025-06-28 10:32:34,FAILED,187011404430,Paytm
TXN0007863,CUST00606,MER0078,cust00606@okhdfcbank,1989.94,2025-02-18 22:42:29,Success,670259782798,PhonePe
TXN0007865,CUST00992,MER0071,cust00992@okhdfcbank,1257.67,2025-05-10 04:21:37,success,059733098861,PhonePe
TXN0007867,CUST01849,MER0103,cust01849@okhdfcbank,2874.17,2025-06-08 22:29:14,success,833686274331,Amazon Pay
TXN0007868,CUST01878,MER0096,cust01878@okhdfcbank,103.4,2025-02-02 00:11:07,success,950539881299,Paytm
TXN0007869,CUST00617,MER0010,cust00617@okhdfcbank,363.4,2025-03-15 08:48:52,Success,321930943295,PhonePe
TXN0007870,CUST00291,MER0033,cust00291@okhdfcbank,520.49,2025-01-23 16:27:47,SUCCESS,483695797837,Paytm
TXN0007872,CUST01224,MER0112,cust01224@okhdfcbank,1227.41,2025-06-19 08:56:44,success,361843696863,Paytm
TXN0007875,CUST00366,MER0048,cust00366@okhdfcbank,1342.37,2025-06-16 01:05:38,SUCCESS,409383085461,Amazon Pay
TXN0007876,CUST00371,MER0032,cust00371@okhdfcbank,289.06,2025-04-29 06:05:30,SUCCESS,573001646284,BHIM
TXN0007878,CUST01327,MER0076,cust01327@okhdfcbank,125.24,2025-03-27 08:34:35,success,932227001890,BHIM
TXN0007880,CUST00630,MER0123,cust00630@okhdfcbank,803.27,2025-06-24 21:52:35,Success,637087527985,Amazon Pay
TXN0007881,CUST00797,MER0078,cust00797@okhdfcbank,142.36,2025-04-16 02:05:58,FAILED,365094780174,GPay
TXN0007882,CUST00591,MER0084,cust00591@okhdfcbank,1382.46,2025-03-14 07:20:55,Success,280955732658,Paytm
TXN0007883,CUST01224,MER0058,cust01224@okhdfcbank,858.12,2025-04-27 15:50:53,SUCCESS,306888836641,BHIM
TXN0007885,CUST00198,MER0060,cust00198@okhdfcbank,337.42,2025-04-14 18:22:47,Success,835935781940,Amazon Pay
TXN0007887,CUST01002,MER0021,cust01002@okhdfcbank,524.99,2025-01-27 15:18:16,PENDING,321464705123,Amazon Pay
TXN0007888,CUST00589,MER0086,cust00589@okhdfcbank,424.89,2025-05-22 11:46:28,Success,894769855070,BHIM
TXN0007889,CUST00713,MER0056,cust00713@okhdfcbank,584.35,2025-01-20 17:37:04,success,414912769450,PhonePe
TXN0007890,CUST00341,MER0015,cust00341@okhdfcbank,1730.98,2025-01-01 15:29:32,SUCCESS,105003474645,PhonePe
TXN0007891,CUST01518,MER0064,cust01518@okhdfcbank,1443.68,2025-03-18 13:58:26,SUCCESS,833112514787,GPay
TXN0007892,CUST00262,MER0048,cust00262@okhdfcbank,151.13,2025-01-18 17:58:34,SUCCESS,744069073110,GPay
TXN0007894,CUST01596,MER0121,cust01596@okhdfcbank,1621.56,2025-02-15 23:42:03,SUCCESS,714394831334,PhonePe
TXN0007895,CUST01891,MER0037,cust01891@okhdfcbank,423.61,2025-05-03 23:25:33,SUCCESS,793931393329,Paytm
TXN0007898,CUST01316,MER0140,cust01316@okhdfcbank,210.62,2025-05-23 01:04:00,Success,456130871221,BHIM
TXN0007899,CUST00505,MER0089,cust00505@okhdfcbank,336.31,2025-04-18 21:40:48,FAILED,307897776001,GPay
TXN0007902,CUST01370,MER0079,cust01370@okhdfcbank,1307.01,2025-02-03 01:42:27,success,077225023678,PhonePe
TXN0007903,CUST01396,MER0089,cust01396@okhdfcbank,1817.06,2025-01-28 04:10:55,success,848829041899,Paytm
TXN0007905,CUST00832,MER0030,cust00832@okhdfcbank,3568.16,2025-04-08 13:09:13,Success,580688267600,GPay
TXN0007907,CUST01260,MER0022,cust01260@okhdfcbank,588.28,2025-03-29 02:45:06,SUCCESS,394541456125,Amazon Pay
TXN0007909,CUST00107,MER0136,cust00107@okhdfcbank,463.87,2025-06-15 09:06:50,SUCCESS,576398072221,PhonePe
TXN0007910,CUST01305,MER0013,cust01305@okhdfcbank,847.41,2025-03-12 12:58:26,Success,176943378871,GPay
TXN0007912,CUST00918,MER0117,cust00918@okhdfcbank,604.8,2025-03-01 15:55:05,success,175208384140,BHIM
TXN0007913,CUST00552,MER0121,cust00552@okhdfcbank,124.28,2025-02-14 17:22:26,Success,523204650929,Amazon Pay
TXN0007914,CUST01567,MER0094,cust01567@okhdfcbank,188.18,2025-05-05 00:13:29,SUCCESS,387476793848,PhonePe
TXN0007915,CUST00440,MER0092,cust00440@okhdfcbank,1025.45,2025-05-30 23:32:20,Success,880691259329,Paytm
TXN0007916,CUST00290,MER0077,cust00290@okhdfcbank,403.79,2025-03-27 02:54:27,Success,024919764529,Amazon Pay
TXN0007918,CUST01707,MER0119,cust01707@okhdfcbank,395.13,2025-01-24 02:57:52,success,331482435067,GPay
TXN0007919,CUST00730,MER0149,cust00730@okhdfcbank,1489.81,2025-02-28 07:24:26,success,485381453655,Amazon Pay
TXN0007920,CUST01439,MER0147,cust01439@okhdfcbank,387.97,2025-03-31 05:14:58,failed,014310651124,BHIM
TXN0007923,CUST00474,MER0126,cust00474@okhdfcbank,56.33,2025-04-10 03:18:45,Success,621310632936,Amazon Pay
TXN0007924,CUST01095,MER0008,cust01095@okhdfcbank,115.27,2025-02-13 03:44:21,Success,334140809528,BHIM
TXN0007926,CUST00446,MER0108,cust00446@okhdfcbank,179.88,2025-01-17 03:29:16,SUCCESS,541664518383,Amazon Pay
TXN0007930,CUST01918,MER0010,cust01918@okhdfcbank,2302.7,2025-04-10 14:39:33,failed,625691236589,PhonePe
TXN0007934,CUST00357,MER0123,cust00357@okhdfcbank,160.02,2025-04-16 11:59:06,SUCCESS,906861629909,PhonePe
TXN0007935,CUST00974,MER0051,cust00974@okhdfcbank,203.37,2025-01-02 20:56:17,SUCCESS,655222532262,Paytm
TXN0007936,CUST00585,MER0143,cust00585@okhdfcbank,1002.59,2025-03-26 10:17:28,success,473031500909,Paytm
TXN0007937,CUST00377,MER0081,cust00377@okhdfcbank,314.77,2025-05-13 20:56:05,success,691336851942,Amazon Pay
TXN0007939,CUST01417,MER0079,cust01417@okhdfcbank,769.89,2025-03-21 08:11:04,SUCCESS,024872999485,BHIM
TXN0007940,CUST00670,MER0055,cust00670@okhdfcbank,1556.1,2025-06-29 22:11:09,SUCCESS,342750980178,Amazon Pay
TXN0007941,CUST00671,MER0058,cust00671@okhdfcbank,842.92,2025-04-04 17:13:23,SUCCESS,435248813900,Amazon Pay
TXN0007944,CUST01769,MER0028,cust01769@okhdfcbank,516.69,2025-03-11 04:12:02,success,168562887788,BHIM
TXN0007945,CUST00871,MER0123,cust00871@okhdfcbank,385.95,2025-02-06 12:06:14,success,661508495209,Amazon Pay
TXN0007946,CUST00600,MER0072,cust00600@okhdfcbank,355.22,2025-06-18 19:29:42,SUCCESS,383312180173,PhonePe
TXN0007950,CUST01910,MER0017,cust01910@okhdfcbank,506.29,2025-03-02 06:31:47,success,513248390678,Paytm
TXN0007952,CUST00812,MER0035,cust00812@okhdfcbank,495.84,2025-04-25 02:41:51,Failed,760396149567,Amazon Pay
TXN0007954,CUST01626,MER0111,cust01626@okhdfcbank,463.08,2025-02-20 20:58:35,success,726228052754,Paytm
TXN0007956,CUST01249,MER0148,cust01249@okhdfcbank,108.37,2025-04-24 18:11:57,PENDING,887122427040,PhonePe
TXN0007959,CUST01220,MER0142,cust01220@okhdfcbank,1259.26,2025-03-08 01:50:23,success,100128842014,Paytm
TXN0007960,CUST00983,MER0059,cust00983@okhdfcbank,1027.99,2025-04-23 03:03:46,SUCCESS,612385666894,GPay
TXN0007962,CUST00480,MER0088,cust00480@okhdfcbank,1529.34,2025-02-01 19:01:03,SUCCESS,046817313744,PhonePe
TXN0007963,CUST00195,MER0022,cust00195@okhdfcbank,1058.94,2025-04-15 21:59:33,Success,139217919006,GPay
TXN0007964,CUST01218,MER0105,cust01218@okhdfcbank,983.23,2025-05-09 20:27:56,FAILED,002436183072,Amazon Pay
TXN0007966,CUST00349,MER0076,cust00349@okhdfcbank,3804.57,2025-03-17 16:53:26,SUCCESS,305882170281,Paytm
TXN0007967,CUST00568,MER0132,cust00568@okhdfcbank,982.32,2025-05-31 18:39:15,SUCCESS,453123986709,BHIM
TXN0007968,CUST01059,MER0077,cust01059@okhdfcbank,867.14,2025-05-01 05:55:44,Success,436428110333,BHIM
TXN0007969,CUST01539,MER0118,cust01539@okhdfcbank,1453.39,2025-04-24 04:13:34,SUCCESS,390721239265,Paytm
TXN0007973,CUST01455,MER0147,cust01455@okhdfcbank,209.25,2025-03-09 16:15:54,success,196094739998,BHIM
TXN0007975,CUST01937,MER0133,cust01937@okhdfcbank,576.42,2025-05-25 01:29:30,Success,149314180609,BHIM
TXN0007976,CUST00228,MER0014,cust00228@okhdfcbank,209.31,2025-02-04 18:54:00,SUCCESS,814472240191,GPay
TXN0007981,CUST00385,MER0116,cust00385@okhdfcbank,684.7,2025-06-24 12:18:33,FAILED,357165148212,GPay
TXN0007982,CUST00168,MER0119,cust00168@okhdfcbank,779.92,2025-01-03 19:03:22,SUCCESS,388425741286,BHIM
TXN0007984,CUST00613,MER0068,cust00613@okhdfcbank,699.43,2025-06-29 16:51:55,success,389878277083,GPay
TXN0007985,CUST00674,MER0026,cust00674@okhdfcbank,172.59,2025-06-03 09:14:09,success,849560308329,BHIM
TXN0007988,CUST00802,MER0134,cust00802@okhdfcbank,788.21,2025-01-21 08:27:19,SUCCESS,295091130987,GPay
TXN0007992,CUST01099,MER0030,cust01099@okhdfcbank,719.72,2025-05-31 13:26:34,success,239044118089,BHIM
TXN0007993,CUST00168,MER0148,cust00168@okhdfcbank,368.71,2025-02-17 17:19:56,success,357092872402,Amazon Pay
TXN0007994,CUST01249,MER0126,cust01249@okhdfcbank,175.0,2025-06-12 00:04:59,success,973505338966,Amazon Pay
TXN0007995,CUST01104,MER0021,cust01104@okhdfcbank,217.09,2025-02-23 10:04:09,failed,287870869928,GPay
TXN0007996,CUST01936,MER0087,cust01936@okhdfcbank,113.66,2025-04-22 22:23:40,SUCCESS,885366208664,GPay
TXN0007997,CUST00024,MER0006,cust00024@okhdfcbank,567.12,2025-05-24 06:48:34,success,427736423164,Paytm
TXN0007998,CUST01629,MER0147,cust01629@okhdfcbank,208.07,2025-05-03 09:17:40,Success,704943052265,Amazon Pay
TXN0008000,CUST00216,MER0114,cust00216@okhdfcbank,433.72,2025-04-01 21:05:10,Success,264524468875,Amazon Pay
TXN0008003,CUST00867,MER0150,cust00867@okhdfcbank,466.52,2025-02-10 08:04:21,SUCCESS,613763487531,Amazon Pay
TXN0008006,CUST01034,MER0138,cust01034@okhdfcbank,3220.27,2025-05-26 19:15:06,Success,972794065401,GPay
TXN0008008,CUST00025,MER0082,cust00025@okhdfcbank,546.1,2025-02-07 21:30:22,SUCCESS,901875351116,Paytm
TXN0008010,CUST01525,MER0032,cust01525@okhdfcbank,317.96,2025-01-24 15:54:40,SUCCESS,959786983454,PhonePe
TXN0008012,CUST01198,MER0021,cust01198@okhdfcbank,927.12,2025-01-03 00:37:54,success,270666437280,BHIM
TXN0008014,CUST01747,MER0147,cust01747@okhdfcbank,237.82,2025-04-03 02:26:50,SUCCESS,919777913884,BHIM
TXN0008017,CUST00874,MER0011,cust00874@okhdfcbank,1064.07,2025-04-22 10:53:01,Success,408437397061,BHIM
TXN0008019,CUST01096,MER0026,cust01096@okhdfcbank,2167.83,2025-06-16 03:18:58,success,129835403378,GPay
TXN0008021,CUST00581,MER0084,cust00581@okhdfcbank,492.4,2025-01-12 20:15:52,SUCCESS,301235780514,BHIM
TXN0008024,CUST00821,MER0018,cust00821@okhdfcbank,127.84,2025-06-25 21:13:34,SUCCESS,884772047433,Paytm
TXN0008025,CUST00703,MER0136,cust00703@okhdfcbank,161.09,2025-04-07 08:24:35,Success,702050257504,BHIM
TXN0008026,CUST00422,MER0098,cust00422@okhdfcbank,360.23,2025-05-28 02:19:37,Success,505558678059,Amazon Pay
TXN0008028,CUST00901,MER0021,cust00901@okhdfcbank,379.38,2025-02-12 03:26:48,SUCCESS,002573615527,Paytm
TXN0008029,CUST01414,MER0090,cust01414@okhdfcbank,436.25,2025-04-09 23:10:25,SUCCESS,160779342742,BHIM
TXN0008031,CUST00503,MER0054,cust00503@okhdfcbank,1308.88,2025-03-10 14:10:13,SUCCESS,184423822632,GPay
TXN0008033,CUST00015,MER0086,cust00015@okhdfcbank,-1578.68,2025-04-16 17:47:57,success,658724194498,BHIM
TXN0008034,CUST00659,MER0111,cust00659@okhdfcbank,149.31,2025-01-18 13:03:00,SUCCESS,858725872842,Paytm
TXN0008036,CUST01364,MER0064,cust01364@okhdfcbank,1575.75,2025-01-17 16:32:51,Success,665839081620,BHIM
TXN0008037,CUST01333,MER0086,cust01333@okhdfcbank,498.17,2025-06-17 03:29:54,success,705759265623,GPay
TXN0008039,CUST01198,MER0125,cust01198@okhdfcbank,131.3,2025-04-21 07:32:13,Failed,858608853893,PhonePe
TXN0008042,CUST00778,MER0075,cust00778@okhdfcbank,786.33,2025-02-17 18:54:21,Success,612537765518,Paytm
TXN0008043,CUST00805,MER0011,cust00805@okhdfcbank,354.58,2025-05-09 03:56:15,SUCCESS,333526741789,Paytm
TXN0008045,CUST00996,MER0047,cust00996@okhdfcbank,318.28,2025-03-30 17:28:29,Success,108417109800,GPay
TXN0008046,CUST00058,MER0041,cust00058@okhdfcbank,1675.59,2025-04-16 18:29:47,success,461085057879,GPay
TXN0008048,CUST00010,MER0088,cust00010@okhdfcbank,332.75,2025-06-27 12:04:24,SUCCESS,966203469389,BHIM
TXN0008050,CUST01068,MER0022,cust01068@okhdfcbank,733.93,2025-03-15 08:15:38,failed,773633916345,Paytm
TXN0008051,CUST01654,MER0066,cust01654@okhdfcbank,566.06,2025-02-19 19:01:33,Success,631194042265,GPay
TXN0008052,CUST00141,MER0106,cust00141@okhdfcbank,946.95,2025-01-15 20:43:05,success,013993154562,Paytm
TXN0008056,CUST01097,MER0077,cust01097@okhdfcbank,602.85,2025-03-21 12:50:59,Failed,514369584630,BHIM
TXN0008057,CUST01697,MER0068,cust01697@okhdfcbank,335.36,2025-01-09 07:42:45,success,818660478241,Paytm
TXN0008058,CUST01998,MER0096,cust01998@okhdfcbank,5671.46,2025-01-25 03:55:52,Success,893640259232,GPay
TXN0008059,CUST00077,MER0049,cust00077@okhdfcbank,438.69,2025-05-10 23:03:55,failed,724675705342,GPay
TXN0008062,CUST00997,MER0108,cust00997@okhdfcbank,432.73,2025-02-10 11:49:23,Success,340328682354,PhonePe
TXN0008064,CUST01043,MER0027,cust01043@okhdfcbank,211.66,2025-02-21 03:03:12,success,200763181985,GPay
TXN0008066,CUST00555,MER0117,cust00555@okhdfcbank,84.91,2025-01-23 12:52:30,success,035116234110,BHIM
TXN0008067,CUST01084,MER0149,cust01084@okhdfcbank,134.55,2025-02-14 15:29:22,Success,308791118321,GPay
TXN0008068,CUST01213,MER0082,cust01213@okhdfcbank,3058.64,2025-06-04 05:27:32,Success,339773320255,Paytm
TXN0008069,CUST00433,MER0006,cust00433@okhdfcbank,140.31,2025-04-22 17:17:58,Success,671682325801,PhonePe
TXN0008071,CUST01015,MER0103,cust01015@okhdfcbank,143.82,2025-02-20 12:16:59,Success,214628681343,PhonePe
TXN0008072,CUST01424,MER0001,cust01424@okhdfcbank,2807.52,2025-04-21 14:50:39,success,368849193247,Amazon Pay
TXN0008076,CUST00656,MER0090,cust00656@okhdfcbank,374.6,2025-01-22 17:25:32,Success,195767853200,Amazon Pay
TXN0008079,CUST01006,MER0032,cust01006@okhdfcbank,3153.08,2025-03-30 01:31:21,Success,678910575964,BHIM
TXN0008080,CUST00545,MER0051,cust00545@okhdfcbank,148.55,2025-01-05 03:08:21,SUCCESS,550622682402,Paytm
TXN0008081,CUST01315,MER0109,cust01315@okhdfcbank,444.88,2025-06-06 12:26:15,Success,641905854912,GPay
TXN0008082,CUST01133,MER0144,cust01133@okhdfcbank,691.32,2025-01-24 06:23:34,Success,053595777222,PhonePe
TXN0008083,CUST01616,MER0028,cust01616@okhdfcbank,184.9,2025-05-28 02:28:50,Success,153351137965,Paytm
TXN0008084,CUST00786,MER0070,cust00786@okhdfcbank,801.58,2025-05-31 14:50:09,SUCCESS,033538179239,PhonePe
TXN0008089,CUST00908,MER0092,cust00908@okhdfcbank,1819.1,2025-04-10 09:56:59,success,043473206496,PhonePe
TXN0008092,CUST00973,MER0116,cust00973@okhdfcbank,200.75,2025-01-03 16:53:35,SUCCESS,267947395986,Amazon Pay
TXN0008095,CUST00026,MER0029,cust00026@okhdfcbank,416.22,2025-03-09 18:57:17,SUCCESS,720386191840,BHIM
TXN0008097,CUST01305,MER0108,cust01305@okhdfcbank,454.91,2025-01-05 12:04:58,success,182536142555,Amazon Pay
TXN0008098,CUST00382,MER0140,cust00382@okhdfcbank,92.34,2025-01-25 19:12:03,success,456519891655,BHIM
TXN0008099,CUST00811,MER0035,cust00811@okhdfcbank,368.29,2025-03-09 16:58:13,Failed,877226443443,GPay
TXN0008103,CUST01782,MER0060,cust01782@okhdfcbank,809.72,2025-06-23 16:23:10,success,490754433751,PhonePe
TXN0008104,CUST00175,MER0009,cust00175@okhdfcbank,252.85,2025-05-21 14:50:08,success,063344619686,Amazon Pay
TXN0008107,CUST01553,MER0072,cust01553@okhdfcbank,174.75,2025-01-13 20:54:33,failed,315820895247,Amazon Pay
TXN0008108,CUST00041,MER0015,cust00041@okhdfcbank,1030.36,2025-05-18 08:08:43,Success,300920367386,BHIM
TXN0008111,CUST00761,MER0062,cust00761@okhdfcbank,555.31,2025-06-13 03:33:47,FAILED,161055352269,GPay
TXN0008112,CUST01129,MER0020,cust01129@okhdfcbank,268.5,2025-01-12 13:16:37,SUCCESS,353397836055,Amazon Pay
TXN0008115,CUST01538,MER0071,cust01538@okhdfcbank,1078.02,2025-04-16 15:09:32,success,833695083042,PhonePe
TXN0008116,CUST01950,MER0120,cust01950@okhdfcbank,482.38,2025-01-06 11:14:27,SUCCESS,870071435329,Paytm
TXN0008118,CUST00310,MER0100,cust00310@okhdfcbank,488.63,2025-02-19 15:55:29,SUCCESS,113309336290,PhonePe
TXN0008119,CUST01773,MER0148,cust01773@okhdfcbank,801.92,2025-03-21 00:10:10,success,697902807303,BHIM
TXN0008120,CUST00420,MER0047,cust00420@okhdfcbank,221.52,2025-02-04 11:00:18,SUCCESS,822858423855,GPay
TXN0008121,CUST00765,MER0021,cust00765@okhdfcbank,1167.37,2025-04-07 07:34:08,success,010966245862,Paytm
TXN0008123,CUST00380,MER0075,cust00380@okhdfcbank,378.78,2025-01-03 17:11:32,FAILED,823167688417,GPay
TXN0008125,CUST00859,MER0026,cust00859@okhdfcbank,1142.68,2025-01-21 22:46:04,Success,598157244842,Paytm
TXN0008126,CUST01093,MER0014,cust01093@okhdfcbank,423.91,2025-01-07 21:11:25,success,088989846256,BHIM
TXN0008127,CUST00395,MER0079,cust00395@okhdfcbank,244.96,2025-03-16 06:54:51,success,771277361929,GPay
TXN0008130,CUST00103,MER0122,cust00103@okhdfcbank,98.44,2025-01-03 07:55:13,Success,601208018462,GPay
TXN0008134,CUST01218,MER0086,cust01218@okhdfcbank,647.3,2025-06-01 08:25:12,success,256062105514,GPay
TXN0008136,CUST01644,MER0107,cust01644@okhdfcbank,1202.71,2025-05-21 02:09:43,success,877624378590,GPay
TXN0008137,CUST00278,MER0018,cust00278@okhdfcbank,317.33,2025-04-21 22:10:37,Success,414119103951,BHIM
TXN0008139,CUST01963,MER0140,cust01963@okhdfcbank,1217.75,2025-04-24 06:48:20,success,119284798857,PhonePe
TXN0008140,CUST00064,MER0003,cust00064@okhdfcbank,1260.76,2025-03-07 19:41:14,success,930847887958,PhonePe
TXN0008141,CUST00953,MER0122,cust00953@okhdfcbank,451.22,2025-04-28 11:06:32,Success,183742363378,Paytm
TXN0008144,CUST01957,MER0145,cust01957@okhdfcbank,1933.14,2025-01-03 09:26:06,Success,654013480201,BHIM
TXN0008146,CUST01261,MER0119,cust01261@okhdfcbank,985.73,2025-01-18 08:59:05,success,521251525964,Amazon Pay
TXN0008147,CUST00389,MER0009,cust00389@okhdfcbank,167.56,2025-05-08 01:29:06,FAILED,629602996907,GPay
TXN0008149,CUST00192,MER0028,cust00192@okhdfcbank,394.54,2025-02-09 15:36:44,Success,252115836102,Paytm
TXN0008150,CUST01108,MER0098,cust01108@okhdfcbank,2035.48,2025-04-20 23:28:59,failed,988830515201,PhonePe
TXN0008151,CUST00085,MER0131,cust00085@okhdfcbank,388.05,2025-04-02 18:32:27,success,985587090781,BHIM
TXN0008153,CUST00799,MER0127,cust00799@okhdfcbank,278.47,2025-01-28 16:15:41,Success,753600254689,Amazon Pay
TXN0008156,CUST01889,MER0072,cust01889@okhdfcbank,2364.09,2025-05-25 08:52:29,success,477466757679,Amazon Pay
TXN0008158,CUST01167,MER0043,cust01167@okhdfcbank,37.99,2025-04-17 05:56:22,Success,350276563429,Amazon Pay
TXN0008159,CUST01655,MER0018,cust01655@okhdfcbank,103.11,2025-04-03 00:49:05,success,305813839663,BHIM
TXN0008162,CUST00111,MER0038,cust00111@okhdfcbank,207.36,2025-06-10 05:01:25,failed,366768393778,Paytm
TXN0008163,CUST00462,MER0078,cust00462@okhdfcbank,498.87,2025-02-26 22:06:41,Success,889546118105,Paytm
TXN0008164,CUST01755,MER0034,cust01755@okhdfcbank,42.55,2025-02-05 15:57:03,SUCCESS,591617265516,Paytm
TXN0008165,CUST00739,MER0037,cust00739@okhdfcbank,337.06,2025-01-19 00:40:46,success,704556737024,PhonePe
TXN0008166,CUST01327,MER0102,cust01327@okhdfcbank,153.73,2025-01-03 23:45:14,success,459647339530,Amazon Pay
TXN0008167,CUST00296,MER0088,cust00296@okhdfcbank,110.04,2025-02-05 03:54:40,Success,261795070621,GPay
TXN0008169,CUST00169,MER0037,cust00169@okhdfcbank,169.15,2025-05-23 06:00:57,Success,584080269352,Amazon Pay
TXN0008170,CUST01872,MER0005,cust01872@okhdfcbank,787.99,2025-04-24 06:33:58,success,520294435990,Amazon Pay
TXN0008173,CUST01726,MER0122,cust01726@okhdfcbank,271.48,2025-06-21 12:29:07,SUCCESS,884740908384,GPay
TXN0008174,CUST00370,MER0097,cust00370@okhdfcbank,325.64,2025-04-30 19:32:26,Success,960921228999,Paytm
TXN0008176,CUST00862,MER0091,cust00862@okhdfcbank,135.81,2025-03-03 07:45:50,success,710046642989,GPay
TXN0008177,CUST00194,MER0058,cust00194@okhdfcbank,95.05,2025-06-29 05:15:19,Success,409826168304,Amazon Pay
TXN0008179,CUST00954,MER0077,cust00954@okhdfcbank,2519.94,2025-05-20 20:22:32,success,834135358999,Paytm
TXN0008180,CUST01142,MER0007,cust01142@okhdfcbank,247.05,2025-05-12 11:38:29,success,920978848454,BHIM
TXN0008181,CUST00275,MER0070,cust00275@okhdfcbank,26.01,2025-03-08 23:34:00,failed,037943744777,Paytm
TXN0008182,CUST01695,MER0092,cust01695@okhdfcbank,273.95,2025-04-24 11:15:01,Success,980322586993,PhonePe
TXN0008183,CUST01107,MER0090,cust01107@okhdfcbank,100.44,2025-01-22 17:42:34,FAILED,227760484122,BHIM
TXN0008185,CUST00217,MER0028,cust00217@okhdfcbank,469.49,2025-04-22 15:33:57,success,892927373379,PhonePe
TXN0008186,CUST01367,MER0029,cust01367@okhdfcbank,521.07,2025-03-04 01:45:58,success,527805484622,Paytm
TXN0008187,CUST01957,MER0138,cust01957@okhdfcbank,473.08,2025-04-23 21:43:01,success,094749458342,PhonePe
TXN0008189,CUST01650,MER0111,cust01650@okhdfcbank,114.9,2025-04-15 22:52:41,SUCCESS,510404979289,PhonePe
TXN0008190,CUST01804,MER0104,cust01804@okhdfcbank,457.3,2025-05-28 01:57:49,success,814663519833,Paytm
TXN0008192,CUST01243,MER0138,cust01243@okhdfcbank,3022.0,2025-06-21 19:54:53,Success,512922159325,PhonePe
TXN0008193,CUST00848,MER0066,cust00848@okhdfcbank,388.39,2025-04-04 00:09:34,Success,516956089130,Amazon Pay
TXN0008194,CUST01139,MER0110,cust01139@okhdfcbank,432.85,2025-06-03 15:05:24,Success,865274840719,PhonePe
TXN0008195,CUST01800,MER0132,cust01800@okhdfcbank,812.75,2025-05-11 23:13:56,success,823222836264,BHIM
TXN0008196,CUST00863,MER0033,cust00863@okhdfcbank,2193.47,2025-02-11 12:49:04,Success,968463203958,PhonePe
TXN0008198,CUST00020,MER0129,cust00020@okhdfcbank,985.01,2025-04-13 01:05:44,success,778868038201,PhonePe
TXN0008200,CUST01047,MER0060,cust01047@okhdfcbank,685.29,2025-03-27 02:43:42,failed,439670020025,BHIM
TXN0008201,CUST01682,MER0143,cust01682@okhdfcbank,1300.63,2025-01-18 04:46:10,Success,030863673193,PhonePe
TXN0008202,CUST01157,MER0029,cust01157@okhdfcbank,135.52,2025-04-22 01:11:12,success,076390382694,Amazon Pay
TXN0008204,CUST01270,MER0146,cust01270@okhdfcbank,1280.21,2025-01-26 08:46:39,SUCCESS,062254202758,BHIM
TXN0008206,CUST00827,MER0147,cust00827@okhdfcbank,1388.45,2025-05-24 02:33:43,SUCCESS,977755011753,GPay
TXN0008207,CUST01488,MER0136,cust01488@okhdfcbank,1151.06,2025-06-09 23:33:29,SUCCESS,573475929969,PhonePe
TXN0008208,CUST01574,MER0052,cust01574@okhdfcbank,350.34,2025-03-18 07:41:25,success,109209093722,BHIM
TXN0008209,CUST01246,MER0033,cust01246@okhdfcbank,4443.47,2025-06-11 20:53:03,Success,172251609462,GPay
TXN0008210,CUST00405,MER0084,cust00405@okhdfcbank,565.05,2025-02-14 18:01:37,success,066388033374,Amazon Pay
TXN0008211,CUST00571,MER0139,cust00571@okhdfcbank,23.2,2025-02-22 05:42:11,SUCCESS,971082126221,BHIM
TXN0008213,CUST01033,MER0041,cust01033@okhdfcbank,308.22,2025-01-23 18:30:36,success,586629741508,BHIM
TXN0008215,CUST00653,MER0071,cust00653@okhdfcbank,313.82,2025-03-25 19:50:14,SUCCESS,705255076819,Paytm
TXN0008216,CUST00384,MER0038,cust00384@okhdfcbank,1478.78,2025-05-19 17:25:09,Success,241467156805,Paytm
TXN0008218,CUST00341,MER0052,cust00341@okhdfcbank,181.26,2025-05-25 08:52:09,SUCCESS,792603613568,PhonePe
TXN0008219,CUST01489,MER0126,cust01489@okhdfcbank,,2025-05-14 06:28:45,success,989748214300,Amazon Pay
TXN0008222,CUST01800,MER0054,cust01800@okhdfcbank,225.54,2025-05-28 20:12:23,SUCCESS,459624821023,BHIM
TXN0008223,CUST00447,MER0001,cust00447@okhdfcbank,530.83,2025-01-12 20:05:30,SUCCESS,911282999196,Amazon Pay
TXN0008225,CUST01063,MER0097,cust01063@okhdfcbank,423.17,2025-02-18 06:52:16,success,029347234239,PhonePe
TXN0008227,CUST00826,MER0117,cust00826@okhdfcbank,343.61,2025-02-16 11:05:29,Success,041394236136,BHIM
TXN0008228,CUST01216,MER0029,cust01216@okhdfcbank,71.21,2025-04-29 20:59:44,SUCCESS,675280792429,Amazon Pay
TXN0008230,CUST01171,MER0146,cust01171@okhdfcbank,1350.13,2025-01-18 11:20:35,pending,132724882757,Paytm
TXN0008231,CUST00249,MER0065,cust00249@okhdfcbank,68.11,2025-01-24 03:05:50,success,346882242954,BHIM
TXN0008232,CUST00832,MER0001,cust00832@okhdfcbank,244.47,2025-01-05 11:51:09,SUCCESS,946111980754,PhonePe
TXN0008235,CUST00482,MER0036,cust00482@okhdfcbank,490.43,2025-05-14 02:42:45,Success,979043447214,Amazon Pay
TXN0008236,CUST01013,MER0052,cust01013@okhdfcbank,501.61,2025-03-30 16:35:31,Success,742300164006,Amazon Pay
TXN0008240,CUST01113,MER0022,cust01113@okhdfcbank,187.04,2025-06-15 22:35:02,Success,017865356085,Paytm
TXN0008243,CUST00048,MER0132,cust00048@okhdfcbank,1208.58,2025-02-23 20:27:05,Failed,503239745764,BHIM
TXN0008244,CUST01402,MER0057,cust01402@okhdfcbank,552.75,2025-02-18 08:36:57,SUCCESS,451455374623,Amazon Pay
TXN0008245,CUST00890,MER0031,cust00890@okhdfcbank,574.47,2025-06-22 21:11:07,Success,331973462103,BHIM
TXN0008247,CUST00169,MER0025,cust00169@okhdfcbank,214.15,2025-04-12 15:10:50,SUCCESS,605942356916,Paytm
TXN0008253,CUST00388,MER0067,cust00388@okhdfcbank,26.93,2025-06-06 07:11:54,success,688134549219,BHIM
TXN0008255,CUST00417,MER0083,cust00417@okhdfcbank,2864.53,2025-05-29 02:09:21,Success,204232272708,GPay
TXN0008257,CUST00842,MER0008,cust00842@okhdfcbank,802.11,2025-03-28 16:44:12,Success,153327532885,GPay
TXN0008261,CUST00905,MER0038,cust00905@okhdfcbank,366.81,2025-05-20 01:19:59,SUCCESS,142102786409,GPay
TXN0008262,CUST00110,MER0025,cust00110@okhdfcbank,239.99,2025-01-12 08:54:36,Success,002985869884,Paytm
TXN0008264,CUST01319,MER0005,cust01319@okhdfcbank,1806.64,2025-06-07 07:24:06,Failed,334635773491,GPay
TXN0008266,CUST00188,MER0130,cust00188@okhdfcbank,350.39,2025-01-30 13:20:18,success,527017921398,BHIM
TXN0008268,CUST01052,MER0115,cust01052@okhdfcbank,119.17,2025-04-26 19:43:17,success,988064874150,BHIM
TXN0008271,CUST01088,MER0089,cust01088@okhdfcbank,520.92,2025-04-08 05:53:01,success,319838865999,BHIM
TXN0008272,CUST01818,MER0018,cust01818@okhdfcbank,348.99,2025-04-07 11:37:54,Success,354969451086,GPay
TXN0008273,CUST00537,MER0084,cust00537@okhdfcbank,360.2,2025-06-25 16:50:03,Success,656429560442,Amazon Pay
TXN0008275,CUST01989,MER0050,cust01989@okhdfcbank,168.88,2025-03-21 22:07:44,success,410356056229,BHIM
TXN0008277,CUST00706,MER0117,cust00706@okhdfcbank,-351.5,2025-01-04 09:04:30,SUCCESS,157208688093,GPay
TXN0008278,CUST00018,MER0076,cust00018@okhdfcbank,915.09,2025-01-17 22:20:04,Success,868941819404,BHIM
TXN0008279,CUST00327,MER0025,cust00327@okhdfcbank,162.13,2025-05-30 19:52:04,Success,056998954272,PhonePe
TXN0008280,CUST01147,MER0036,cust01147@okhdfcbank,253.35,2025-04-18 02:55:26,Success,186182980310,Amazon Pay
TXN0008281,CUST01437,MER0085,cust01437@okhdfcbank,394.97,2025-01-21 19:30:30,Success,675042981885,BHIM
TXN0008284,CUST00362,MER0084,cust00362@okhdfcbank,320.37,2025-03-09 04:15:04,success,806315249384,Paytm
TXN0008287,CUST01810,MER0009,cust01810@okhdfcbank,442.81,2025-01-12 19:29:55,FAILED,730940713972,Amazon Pay
TXN0008288,CUST00952,MER0045,cust00952@okhdfcbank,190.32,2025-02-12 12:54:31,Success,959173768430,Paytm
TXN0008289,CUST00114,MER0068,cust00114@okhdfcbank,1050.35,2025-03-24 19:29:48,success,310673231366,Paytm
TXN0008290,CUST00837,MER0007,cust00837@okhdfcbank,195.13,2025-01-11 10:38:34,Success,640021977714,Paytm
TXN0008293,CUST00061,MER0023,cust00061@okhdfcbank,400.58,2025-05-21 11:19:03,success,209608107831,PhonePe
TXN0008294,CUST01801,MER0045,cust01801@okhdfcbank,333.85,2025-02-08 22:24:56,FAILED,319443587936,BHIM
TXN0008299,CUST00767,MER0003,cust00767@okhdfcbank,433.5,2025-04-07 15:43:21,success,906504869992,PhonePe
TXN0008302,CUST00782,MER0012,cust00782@okhdfcbank,3405.66,2025-06-19 23:17:00,SUCCESS,415970989565,Paytm
TXN0008304,CUST00859,MER0057,cust00859@okhdfcbank,421.15,2025-06-15 11:12:52,SUCCESS,471795580431,Amazon Pay
TXN0008305,CUST01299,MER0077,cust01299@okhdfcbank,160.22,2025-03-16 08:04:02,success,061789825919,GPay
TXN0008306,CUST01691,MER0007,cust01691@okhdfcbank,116.33,2025-01-21 18:59:12,SUCCESS,557358266354,GPay
TXN0008307,CUST01274,MER0023,cust01274@okhdfcbank,83.6,2025-03-06 15:24:33,Success,096664794454,Amazon Pay
TXN0008308,CUST00485,MER0002,cust00485@okhdfcbank,222.33,2025-03-13 01:27:18,Success,837827158762,GPay
TXN0008309,CUST01023,MER0053,cust01023@okhdfcbank,60.89,2025-05-23 02:50:59,success,316006687698,Amazon Pay
TXN0008310,CUST00634,MER0126,cust00634@okhdfcbank,1449.29,2025-06-14 03:35:23,success,861713961372,BHIM
TXN0008311,CUST00305,MER0067,cust00305@okhdfcbank,752.27,2025-02-15 14:36:46,SUCCESS,397234200296,BHIM
TXN0008312,CUST00717,MER0143,cust00717@okhdfcbank,383.12,2025-03-23 21:59:25,success,379938939922,PhonePe
TXN0008313,CUST00171,MER0126,cust00171@okhdfcbank,1494.26,2025-03-21 13:57:25,Success,381677785087,BHIM
TXN0008315,CUST01551,MER0026,cust01551@okhdfcbank,217.03,2025-05-26 12:42:19,success,171581973774,Amazon Pay
TXN0008316,CUST01392,MER0033,cust01392@okhdfcbank,71.25,2025-06-10 09:40:21,Success,324545410980,PhonePe
TXN0008320,CUST01658,MER0100,cust01658@okhdfcbank,1342.89,2025-03-10 04:09:45,Pending,258316814959,PhonePe
TXN0008321,CUST01909,MER0103,cust01909@okhdfcbank,1940.79,2025-01-30 15:22:00,Success,976597150290,GPay
TXN0008323,CUST01959,MER0114,cust01959@okhdfcbank,723.6,2025-06-21 15:09:07,SUCCESS,297800870825,PhonePe
TXN0008324,CUST00838,MER0140,cust00838@okhdfcbank,199.57,2025-03-27 19:51:33,failed,390104648269,PhonePe
TXN0008325,CUST01046,MER0070,cust01046@okhdfcbank,2652.81,2025-06-03 10:09:54,SUCCESS,572494680459,Paytm
TXN0008327,CUST00957,MER0021,cust00957@okhdfcbank,533.94,2025-05-09 14:58:04,SUCCESS,165922794012,PhonePe
TXN0008330,CUST00031,MER0010,cust00031@okhdfcbank,601.6,2025-03-22 03:41:55,success,359941661054,BHIM
TXN0008334,CUST01770,MER0070,cust01770@okhdfcbank,1248.21,2025-06-07 14:46:22,Success,694784016380,PhonePe
TXN0008336,CUST00859,MER0097,cust00859@okhdfcbank,188.49,2025-04-17 08:23:28,SUCCESS,240890106870,BHIM
TXN0008338,CUST00178,MER0087,cust00178@okhdfcbank,571.82,2025-06-03 12:36:08,success,918097547487,Amazon Pay
TXN0008339,CUST01305,MER0111,cust01305@okhdfcbank,1221.04,2025-06-13 18:53:09,SUCCESS,036457820407,BHIM
TXN0008343,CUST01352,MER0071,cust01352@okhdfcbank,804.04,2025-06-05 13:04:10,Success,673907916632,Paytm
TXN0008344,CUST00580,MER0023,cust00580@okhdfcbank,662.27,2025-05-29 19:45:08,success,748424550776,GPay
TXN0008348,CUST00301,MER0119,cust00301@okhdfcbank,178.61,2025-02-18 08:47:09,success,633036824426,Amazon Pay
TXN0008349,CUST00006,MER0110,cust00006@okhdfcbank,673.48,2025-02-15 08:11:48,Failed,925725502233,GPay
TXN0008352,CUST01791,MER0129,cust01791@okhdfcbank,101.7,2025-06-06 13:35:27,Success,359032227325,GPay
TXN0008354,CUST01059,MER0071,cust01059@okhdfcbank,983.89,2025-04-24 22:09:25,Success,439167394532,Paytm
TXN0008355,CUST01642,MER0108,cust01642@okhdfcbank,347.71,2025-04-15 05:51:26,FAILED,362564680547,GPay
TXN0008356,CUST00048,MER0104,cust00048@okhdfcbank,554.44,2025-03-20 16:08:36,Success,761594433762,PhonePe
TXN0008357,CUST00532,MER0005,cust00532@okhdfcbank,1429.98,2025-03-09 10:36:47,Success,104878287760,BHIM
TXN0008358,CUST01735,MER0026,cust01735@okhdfcbank,148.09,2025-06-08 13:26:21,SUCCESS,207340479082,PhonePe
TXN0008359,CUST00207,MER0012,cust00207@okhdfcbank,325.63,2025-02-05 06:59:32,success,372079852529,BHIM
TXN0008360,CUST00187,MER0042,cust00187@okhdfcbank,292.11,2025-06-08 07:00:09,success,812203416043,PhonePe
TXN0008362,CUST00402,MER0072,cust00402@okhdfcbank,1067.3,2025-01-16 23:22:02,Success,875729322348,Amazon Pay
TXN0008363,CUST01643,MER0048,cust01643@okhdfcbank,112.14,2025-02-17 23:43:49,SUCCESS,259240576513,Amazon Pay
TXN0008364,CUST01768,MER0008,cust01768@okhdfcbank,490.03,2025-01-24 00:04:53,PENDING,962783759244,Paytm
TXN0008365,CUST01451,MER0103,cust01451@okhdfcbank,1175.36,2025-01-10 21:28:48,SUCCESS,787285451350,GPay
TXN0008367,CUST00009,MER0062,cust00009@okhdfcbank,462.02,2025-04-07 10:39:21,Failed,673672458590,Paytm
TXN0008370,CUST00120,MER0052,cust00120@okhdfcbank,40.24,2025-02-01 16:21:37,Success,823058739052,Amazon Pay
TXN0008371,CUST00128,MER0052,cust00128@okhdfcbank,1983.73,2025-01-21 09:29:47,success,134809844591,BHIM
TXN0008372,CUST01218,MER0115,cust01218@okhdfcbank,345.22,2025-04-17 22:43:19,Success,368999444935,PhonePe
TXN0008373,CUST01696,MER0013,cust01696@okhdfcbank,219.82,2025-01-16 13:40:29,SUCCESS,399175672207,BHIM
TXN0008376,CUST01666,MER0030,cust01666@okhdfcbank,158.03,2025-02-16 17:45:07,success,047149011300,GPay
TXN0008377,CUST00220,MER0128,cust00220@okhdfcbank,2231.28,2025-05-26 03:46:55,Success,863512569831,BHIM
TXN0008378,CUST00203,MER0120,cust00203@okhdfcbank,3006.89,2025-05-28 22:50:23,Success,338621560280,Paytm
TXN0008380,CUST01535,MER0027,cust01535@okhdfcbank,1432.76,2025-06-21 18:39:23,Success,570808833274,BHIM
TXN0008381,CUST01291,MER0100,cust01291@okhdfcbank,703.48,2025-06-21 16:13:58,SUCCESS,939692464948,BHIM
TXN0008382,CUST01900,MER0040,cust01900@okhdfcbank,119.84,2025-05-28 16:27:52,success,063930741948,GPay
TXN0008385,CUST01192,MER0073,cust01192@okhdfcbank,118.3,2025-06-14 03:51:15,Success,822989622968,PhonePe
TXN0008386,CUST01303,MER0120,cust01303@okhdfcbank,4822.27,2025-06-09 12:21:13,Success,439443773224,GPay
TXN0008388,CUST00747,MER0003,cust00747@okhdfcbank,2394.23,2025-05-03 01:53:26,Success,026368881489,Paytm
TXN0008390,CUST00698,MER0058,cust00698@okhdfcbank,1096.53,2025-03-07 13:46:57,success,490613595939,Amazon Pay
TXN0008392,CUST00047,MER0121,cust00047@okhdfcbank,-1978.22,2025-06-29 03:44:21,success,170129748402,PhonePe
TXN0008398,CUST00874,MER0008,cust00874@okhdfcbank,216.85,2025-04-18 06:57:08,Success,693517450355,PhonePe
TXN0008401,CUST00317,MER0034,cust00317@okhdfcbank,86.29,2025-06-23 13:12:38,Success,268628792721,Paytm
TXN0008404,CUST00406,MER0125,cust00406@okhdfcbank,507.32,2025-03-07 19:08:46,SUCCESS,848059031844,Paytm
TXN0008405,CUST01716,MER0059,cust01716@okhdfcbank,1472.03,2025-01-08 19:53:50,Success,007271379067,Paytm
TXN0008406,CUST00917,MER0108,cust00917@okhdfcbank,1178.0,2025-04-19 16:11:46,success,586677091668,BHIM
TXN0008407,CUST01769,MER0028,cust01769@okhdfcbank,230.02,2025-06-24 16:46:02,FAILED,962928503004,Paytm
TXN0008408,CUST01850,MER0002,cust01850@okhdfcbank,314.26,2025-02-05 08:27:59,success,740386756691,PhonePe
TXN0008409,CUST01635,MER0074,cust01635@okhdfcbank,161.91,2025-04-17 05:20:38,SUCCESS,176129854184,GPay
TXN0008410,CUST00031,MER0141,cust00031@okhdfcbank,113.93,2025-03-13 03:15:04,success,187692175528,Amazon Pay
TXN0008411,CUST01607,MER0091,cust01607@okhdfcbank,878.83,2025-04-01 09:29:24,success,140240575494,PhonePe
TXN0008413,CUST00031,MER0044,cust00031@okhdfcbank,1054.51,2025-05-07 11:25:35,Success,040761403281,GPay
TXN0008414,CUST00527,MER0076,cust00527@okhdfcbank,1775.09,2025-02-07 16:49:34,SUCCESS,066404704749,GPay
TXN0008415,CUST01636,MER0035,cust01636@okhdfcbank,1069.0,2025-02-11 09:59:26,success,775002756767,Paytm
TXN0008416,CUST01795,MER0102,cust01795@okhdfcbank,1168.48,2025-02-06 03:51:42,SUCCESS,060196969491,Amazon Pay
TXN0008420,CUST00722,MER0117,cust00722@okhdfcbank,153.21,2025-02-20 09:44:16,Success,621466773792,GPay
TXN0008422,CUST01641,MER0114,cust01641@okhdfcbank,828.37,2025-05-13 11:28:12,SUCCESS,337213908221,Paytm
TXN0008423,CUST01399,MER0092,cust01399@okhdfcbank,767.28,2025-01-13 20:56:55,SUCCESS,605607458194,Paytm
TXN0008424,CUST00895,MER0031,cust00895@okhdfcbank,712.51,2025-02-17 18:00:48,Success,933585769975,Paytm
TXN0008425,CUST01184,MER0094,cust01184@okhdfcbank,896.87,2025-05-16 08:10:08,Failed,750742486825,BHIM
TXN0008426,CUST01534,MER0037,cust01534@okhdfcbank,590.37,2025-01-18 08:49:59,Success,806533467378,BHIM
TXN0008427,CUST00660,MER0015,cust00660@okhdfcbank,114.1,2025-05-23 21:04:33,success,272361514357,Amazon Pay
TXN0008429,CUST00611,MER0038,cust00611@okhdfcbank,655.07,2025-03-17 10:03:10,Success,445059587863,Paytm
TXN0008430,CUST00149,MER0002,cust00149@okhdfcbank,115.61,2025-04-04 06:33:33,Success,185170929402,Paytm
TXN0008431,CUST01901,MER0003,cust01901@okhdfcbank,1958.11,2025-02-12 06:01:20,failed,083085088827,PhonePe
TXN0008433,CUST00529,MER0041,cust00529@okhdfcbank,123.92,2025-02-24 18:32:17,SUCCESS,563605839770,GPay
TXN0008436,CUST01103,MER0057,cust01103@okhdfcbank,280.13,2025-04-23 05:09:00,SUCCESS,978561516941,GPay
TXN0008437,CUST00281,MER0074,cust00281@okhdfcbank,660.54,2025-04-16 05:06:27,success,951779617097,BHIM
TXN0008438,CUST01752,MER0075,cust01752@okhdfcbank,185.61,2025-04-08 17:57:49,success,252639553176,GPay
TXN0008440,CUST00618,MER0028,cust00618@okhdfcbank,1402.21,2025-05-24 10:04:47,Success,003130959412,BHIM
TXN0008441,CUST00871,MER0020,cust00871@okhdfcbank,915.36,2025-06-08 01:44:09,Success,922028114514,GPay
TXN0008442,CUST00032,MER0081,cust00032@okhdfcbank,515.04,2025-06-16 15:16:35,success,847976994877,Paytm
TXN0008444,CUST00755,MER0019,cust00755@okhdfcbank,373.92,2025-03-15 05:12:46,Success,542835874489,GPay
TXN0008445,CUST00976,MER0094,cust00976@okhdfcbank,238.77,2025-05-29 06:52:12,Success,993132131893,Paytm
TXN0008449,CUST00635,MER0141,cust00635@okhdfcbank,324.49,2025-01-18 14:45:48,Success,968078527698,GPay
TXN0008452,CUST00566,MER0128,cust00566@okhdfcbank,494.77,2025-03-23 16:11:23,FAILED,099965753319,Amazon Pay
TXN0008454,CUST01036,MER0150,cust01036@okhdfcbank,1013.55,2025-06-02 20:47:41,SUCCESS,669936505794,Paytm
TXN0008456,CUST00968,MER0064,cust00968@okhdfcbank,1475.2,2025-04-18 03:37:07,Success,580657333688,GPay
TXN0008458,CUST01119,MER0020,cust01119@okhdfcbank,3071.79,2025-06-25 21:29:13,Success,884820955173,Paytm
TXN0008460,CUST01654,MER0026,cust01654@okhdfcbank,1390.81,2025-01-27 00:25:18,Success,189737164156,Amazon Pay
TXN0008463,CUST00202,MER0088,cust00202@okhdfcbank,367.38,2025-03-12 08:20:59,SUCCESS,972841580339,Amazon Pay
TXN0008466,CUST01376,MER0119,cust01376@okhdfcbank,673.82,2025-02-01 05:16:16,success,459904961327,Amazon Pay
TXN0008467,CUST00466,MER0099,cust00466@okhdfcbank,182.94,2025-01-04 15:53:51,SUCCESS,070337425214,Paytm
TXN0008468,CUST00315,MER0076,cust00315@okhdfcbank,484.95,2025-06-02 18:36:14,failed,839321825480,BHIM
TXN0008469,CUST00600,MER0112,cust00600@okhdfcbank,1103.76,2025-05-28 06:17:57,SUCCESS,070405006123,PhonePe
TXN0008470,CUST01512,MER0095,cust01512@okhdfcbank,60.16,2025-05-30 20:23:29,success,191942584327,Paytm
TXN0008471,CUST00574,MER0109,cust00574@okhdfcbank,137.9,2025-05-31 03:12:21,SUCCESS,478020325322,GPay
TXN0008472,CUST00948,MER0120,cust00948@okhdfcbank,352.45,2025-01-28 10:43:19,Success,457970282004,Amazon Pay
TXN0008473,CUST00076,MER0092,cust00076@okhdfcbank,504.58,2025-01-13 13:19:38,success,965633176075,Amazon Pay
TXN0008474,CUST00905,MER0027,cust00905@okhdfcbank,464.7,2025-01-06 07:18:14,SUCCESS,211547621234,Paytm
TXN0008477,CUST00787,MER0068,cust00787@okhdfcbank,988.94,2025-05-27 13:09:03,success,306061555584,Paytm
TXN0008481,CUST00468,MER0136,cust00468@okhdfcbank,2126.16,2025-01-04 02:18:45,Success,577023244896,Amazon Pay
TXN0008482,CUST01590,MER0048,cust01590@okhdfcbank,586.63,2025-06-22 13:29:22,success,850123751673,Amazon Pay
TXN0008487,CUST00354,MER0086,cust00354@okhdfcbank,347.76,2025-02-20 09:38:16,Success,002322283367,BHIM
TXN0008488,CUST01579,MER0101,cust01579@okhdfcbank,353.74,2025-05-14 01:30:07,Success,233478647147,BHIM
TXN0008489,CUST01082,MER0104,cust01082@okhdfcbank,1681.53,2025-01-29 15:24:08,Success,880622123087,BHIM
TXN0008490,CUST01830,MER0116,cust01830@okhdfcbank,603.8,2025-02-06 02:31:36,SUCCESS,740078707667,PhonePe
TXN0008492,CUST00615,MER0012,cust00615@okhdfcbank,300.89,2025-03-29 03:04:10,SUCCESS,909009692712,GPay
TXN0008493,CUST00854,MER0110,cust00854@okhdfcbank,688.7,2025-02-18 16:12:52,SUCCESS,426482336781,Paytm
TXN0008495,CUST01337,MER0097,cust01337@okhdfcbank,343.41,2025-05-13 15:54:30,SUCCESS,082171689126,Paytm
TXN0008499,CUST01489,MER0141,cust01489@okhdfcbank,352.68,2025-06-28 19:27:26,success,176620307265,Amazon Pay
TXN0008500,CUST00822,MER0122,cust00822@okhdfcbank,170.57,2025-03-23 02:00:44,SUCCESS,011563428103,GPay
TXN0008501,CUST01417,MER0036,cust01417@okhdfcbank,1848.21,2025-03-11 13:01:40,SUCCESS,189617360818,Amazon Pay
TXN0008502,CUST01237,MER0033,cust01237@okhdfcbank,213.15,2025-02-12 07:25:55,Success,141916130390,Amazon Pay
TXN0008503,CUST01830,MER0136,cust01830@okhdfcbank,1082.25,2025-03-25 17:42:42,SUCCESS,269463457613,GPay
TXN0008505,CUST00974,MER0014,cust00974@okhdfcbank,508.19,2025-03-20 22:08:00,SUCCESS,302229396455,PhonePe
TXN0008507,CUST00540,MER0133,cust00540@okhdfcbank,51.39,2025-06-28 08:37:31,success,518741464854,GPay
TXN0008510,CUST00118,MER0086,cust00118@okhdfcbank,69.31,2025-06-01 11:51:55,Success,458408850742,Paytm
TXN0008511,CUST00759,MER0061,cust00759@okhdfcbank,149.2,2025-02-20 10:19:41,SUCCESS,265097745296,GPay
TXN0008515,CUST00671,MER0116,cust00671@okhdfcbank,397.88,2025-03-25 07:35:04,success,087143979483,BHIM
TXN0008516,CUST01949,MER0066,cust01949@okhdfcbank,356.12,2025-05-31 18:48:23,SUCCESS,419721929134,GPay
TXN0008519,CUST00923,MER0015,cust00923@okhdfcbank,324.25,2025-05-24 01:28:56,failed,735272486058,BHIM
TXN0008521,CUST01806,MER0119,cust01806@okhdfcbank,1325.02,2025-04-08 01:17:24,Success,670947754225,BHIM
TXN0008522,CUST01456,MER0087,cust01456@okhdfcbank,263.99,2025-03-08 20:22:36,Success,780007720954,Paytm
TXN0008523,CUST00522,MER0041,cust00522@okhdfcbank,335.79,2025-03-26 17:27:52,SUCCESS,033744980085,BHIM
TXN0008524,CUST01742,MER0020,cust01742@okhdfcbank,757.03,2025-04-24 22:12:14,success,063571047743,Paytm
TXN0008525,CUST01443,MER0008,cust01443@okhdfcbank,677.72,2025-02-16 20:15:36,success,848525519857,PhonePe
TXN0008526,CUST01703,MER0135,cust01703@okhdfcbank,201.66,2025-02-20 10:09:32,success,460980878973,Paytm
TXN0008527,CUST00302,MER0047,cust00302@okhdfcbank,1048.36,2025-04-03 14:18:50,Pending,916987916562,PhonePe
TXN0008532,CUST00218,MER0020,cust00218@okhdfcbank,402.7,2025-06-12 07:39:13,success,361599093969,PhonePe
TXN0008535,CUST00219,MER0109,cust00219@okhdfcbank,1202.43,2025-02-01 22:04:26,SUCCESS,919484890339,BHIM
TXN0008536,CUST00118,MER0076,cust00118@okhdfcbank,1183.67,2025-01-31 14:32:14,Success,151547394049,Paytm
TXN0008537,CUST01264,MER0140,cust01264@okhdfcbank,336.69,2025-03-14 05:24:27,SUCCESS,449322582105,Paytm
TXN0008539,CUST01715,MER0142,cust01715@okhdfcbank,3313.98,2025-03-20 11:28:03,success,754899319973,PhonePe
TXN0008545,CUST01628,MER0141,cust01628@okhdfcbank,180.06,2025-01-03 16:50:41,SUCCESS,871909401628,GPay
TXN0008546,CUST00196,MER0069,cust00196@okhdfcbank,3786.52,2025-02-05 19:17:42,Success,150677026459,GPay
TXN0008548,CUST01015,MER0020,cust01015@okhdfcbank,1294.44,2025-01-12 18:11:00,Success,675744925617,Amazon Pay
TXN0008549,CUST00865,MER0140,cust00865@okhdfcbank,478.65,2025-01-05 21:46:55,FAILED,005689565635,BHIM
TXN0008550,CUST01779,MER0019,cust01779@okhdfcbank,180.69,2025-03-29 11:50:26,failed,844264347651,Paytm
TXN0008552,CUST00443,MER0021,cust00443@okhdfcbank,635.48,2025-03-19 16:25:28,SUCCESS,639227542306,PhonePe
TXN0008554,CUST01595,MER0011,cust01595@okhdfcbank,964.1,2025-06-22 11:10:57,SUCCESS,143538345572,Paytm
TXN0008555,CUST00702,MER0003,cust00702@okhdfcbank,1003.67,2025-01-07 09:18:59,success,895035444720,PhonePe
TXN0008557,CUST00847,MER0118,cust00847@okhdfcbank,79.39,2025-02-05 15:21:27,Success,501751603993,GPay
TXN0008561,CUST00909,MER0111,cust00909@okhdfcbank,946.28,2025-02-16 22:14:42,success,931121859080,BHIM
TXN0008565,CUST01904,MER0084,cust01904@okhdfcbank,1374.91,2025-02-20 12:11:54,Success,927801237304,Paytm
TXN0008566,CUST00125,MER0041,cust00125@okhdfcbank,6418.51,2025-06-21 01:38:51,SUCCESS,736522606031,BHIM
TXN0008569,CUST01239,MER0058,cust01239@okhdfcbank,443.48,2025-01-25 16:53:26,Success,367420714191,BHIM
TXN0008570,CUST00947,MER0041,cust00947@okhdfcbank,1182.31,2025-05-28 05:03:05,Success,216909236652,PhonePe
TXN0008571,CUST01011,MER0047,cust01011@okhdfcbank,4047.99,2025-04-16 00:51:40,Success,628764861570,BHIM
TXN0008572,CUST01764,MER0023,cust01764@okhdfcbank,722.62,2025-02-01 01:57:30,success,153030180940,PhonePe
TXN0008573,CUST01833,MER0147,cust01833@okhdfcbank,4195.6,2025-01-23 21:19:39,Success,711129173495,PhonePe
TXN0008574,CUST01684,MER0100,cust01684@okhdfcbank,584.31,2025-02-13 03:34:02,success,862505188764,PhonePe
TXN0008576,CUST01997,MER0145,cust01997@okhdfcbank,684.19,2025-06-08 15:58:53,Success,003961059137,PhonePe
TXN0008578,CUST00882,MER0108,cust00882@okhdfcbank,323.01,2025-03-29 21:05:38,success,924083421545,Paytm
TXN0008579,CUST00810,MER0085,cust00810@okhdfcbank,1116.87,2025-06-10 00:24:39,Success,811395718790,Paytm
TXN0008580,CUST00352,MER0117,cust00352@okhdfcbank,143.91,2025-06-17 13:55:49,success,353664352347,Amazon Pay
TXN0008581,CUST00341,MER0142,cust00341@okhdfcbank,370.74,2025-05-06 03:41:12,SUCCESS,774638603552,PhonePe
TXN0008584,CUST01534,MER0096,cust01534@okhdfcbank,359.21,2025-01-05 13:01:41,Success,604680029116,GPay
TXN0008585,CUST00928,MER0001,cust00928@okhdfcbank,1528.64,2025-04-09 04:34:19,Success,865819709832,BHIM
TXN0008586,CUST01760,MER0140,cust01760@okhdfcbank,204.66,2025-03-26 10:32:36,FAILED,984702455144,GPay
TXN0008589,CUST00846,MER0006,cust00846@okhdfcbank,1331.64,2025-02-02 22:36:30,Success,883059640840,Amazon Pay
TXN0008592,CUST00096,MER0043,cust00096@okhdfcbank,366.95,2025-02-06 03:37:07,Success,303244698636,Amazon Pay
TXN0008593,CUST01581,MER0020,cust01581@okhdfcbank,1123.54,2025-06-25 13:29:48,success,144128522519,PhonePe
TXN0008596,CUST00573,MER0067,cust00573@okhdfcbank,3288.27,2025-04-16 06:53:59,Success,598493937932,Amazon Pay
TXN0008597,CUST01173,MER0009,cust01173@okhdfcbank,359.53,2025-04-24 13:16:46,Success,463401157284,BHIM
TXN0008598,CUST00462,MER0045,cust00462@okhdfcbank,313.52,2025-06-24 12:29:20,SUCCESS,195414801383,Paytm
TXN0008599,CUST00322,MER0090,cust00322@okhdfcbank,11297.38,2025-02-07 08:46:54,FAILED,883359046016,Amazon Pay
TXN0008601,CUST01961,MER0043,cust01961@okhdfcbank,466.37,2025-02-17 12:17:04,SUCCESS,270355646647,PhonePe
TXN0008604,CUST01336,MER0085,cust01336@okhdfcbank,86.6,2025-03-08 19:24:02,SUCCESS,086333336211,BHIM
TXN0008605,CUST01748,MER0016,cust01748@okhdfcbank,809.65,2025-01-23 01:03:04,success,501534193524,GPay
TXN0008606,CUST01267,MER0058,cust01267@okhdfcbank,186.73,2025-03-07 13:32:16,success,535223783479,Paytm
TXN0008608,CUST01752,MER0104,cust01752@okhdfcbank,114.9,2025-04-23 19:10:05,Success,631020018062,Amazon Pay
TXN0008611,CUST00397,MER0063,cust00397@okhdfcbank,57.15,2025-02-07 10:16:16,Success,350942404616,Amazon Pay
TXN0008614,CUST01883,MER0042,cust01883@okhdfcbank,2133.94,2025-04-25 23:21:54,success,751953667266,GPay
TXN0008615,CUST00874,MER0034,cust00874@okhdfcbank,473.15,2025-01-02 09:45:08,Success,147199704159,Amazon Pay
TXN0008618,CUST01517,MER0138,cust01517@okhdfcbank,903.33,2025-05-06 06:25:41,pending,978722644223,PhonePe
TXN0008619,CUST00473,MER0032,cust00473@okhdfcbank,238.54,2025-01-25 12:43:11,success,213012214227,GPay
TXN0008620,CUST01704,MER0069,cust01704@okhdfcbank,222.86,2025-05-27 03:38:35,SUCCESS,709945639264,Paytm
TXN0008622,CUST01802,MER0149,cust01802@okhdfcbank,689.35,2025-01-12 04:07:10,Failed,557293245654,PhonePe
TXN0008623,CUST00910,MER0086,cust00910@okhdfcbank,640.39,2025-05-26 21:34:36,Success,936300908199,Paytm
TXN0008625,CUST01859,MER0035,cust01859@okhdfcbank,610.89,2025-01-11 23:02:16,SUCCESS,047249066711,PhonePe
TXN0008627,CUST00823,MER0051,cust00823@okhdfcbank,587.59,2025-01-15 14:42:31,Failed,550982328626,Paytm
TXN0008629,CUST01205,MER0096,cust01205@okhdfcbank,356.34,2025-02-23 22:53:56,failed,330754614863,GPay
TXN0008632,CUST01776,MER0069,cust01776@okhdfcbank,450.72,2025-05-05 10:53:26,success,915213466234,Amazon Pay
TXN0008633,CUST00191,MER0145,cust00191@okhdfcbank,1132.34,2025-02-09 10:44:42,success,781132762449,BHIM
TXN0008634,CUST01847,MER0115,cust01847@okhdfcbank,701.3,2025-03-08 09:21:33,SUCCESS,704140753017,PhonePe
TXN0008635,CUST01275,MER0026,cust01275@okhdfcbank,222.96,2025-04-24 18:45:24,success,326396165587,BHIM
TXN0008638,CUST00470,MER0026,cust00470@okhdfcbank,920.88,2025-04-04 12:30:02,Success,798583609578,PhonePe
TXN0008642,CUST01748,MER0131,cust01748@okhdfcbank,733.35,2025-05-03 05:56:25,SUCCESS,522890805014,Paytm
TXN0008643,CUST01880,MER0103,cust01880@okhdfcbank,1155.1,2025-02-18 21:49:13,success,652619662786,GPay
TXN0008644,CUST00785,MER0027,cust00785@okhdfcbank,213.42,2025-06-24 05:43:00,SUCCESS,321543977870,BHIM
TXN0008645,CUST01855,MER0037,cust01855@okhdfcbank,610.51,2025-05-17 03:55:11,Success,688143030967,GPay
TXN0008646,CUST00053,MER0109,cust00053@okhdfcbank,120.53,2025-01-24 09:24:36,success,654957245422,Paytm
TXN0008647,CUST00919,MER0059,cust00919@okhdfcbank,2727.94,2025-01-06 03:15:52,Success,599115334486,GPay
TXN0008648,CUST00010,MER0147,cust00010@okhdfcbank,65.76,2025-04-26 04:00:24,SUCCESS,950907013626,PhonePe
TXN0008650,CUST00551,MER0081,cust00551@okhdfcbank,194.08,2025-06-19 19:44:40,Success,297263808837,GPay
TXN0008651,CUST00282,MER0070,cust00282@okhdfcbank,967.49,2025-01-12 20:40:26,SUCCESS,750278224015,Paytm
TXN0008652,CUST00392,MER0043,cust00392@okhdfcbank,3374.31,2025-05-17 22:14:22,Success,836615867507,Amazon Pay
TXN0008653,CUST00217,MER0017,cust00217@okhdfcbank,948.53,2025-03-10 16:58:50,Success,734370151740,GPay
TXN0008655,CUST00727,MER0003,cust00727@okhdfcbank,124.22,2025-03-03 17:01:56,SUCCESS,905213680282,Amazon Pay
TXN0008656,CUST00193,MER0070,cust00193@okhdfcbank,134.13,2025-02-10 18:07:44,success,686821612290,Amazon Pay
TXN0008657,CUST01475,MER0036,cust01475@okhdfcbank,201.72,2025-01-20 11:44:47,SUCCESS,293055364221,Paytm
TXN0008658,CUST01192,MER0027,cust01192@okhdfcbank,556.26,2025-02-28 03:49:49,success,361144866013,BHIM
TXN0008659,CUST00487,MER0013,cust00487@okhdfcbank,176.46,2025-04-11 11:22:26,success,869623170065,BHIM
TXN0008661,CUST01879,MER0119,cust01879@okhdfcbank,916.43,2025-05-04 19:56:59,Success,703038735431,Amazon Pay
TXN0008662,CUST00287,MER0067,cust00287@okhdfcbank,142.71,2025-04-01 12:21:33,Success,833857071509,Amazon Pay
TXN0008663,CUST01240,MER0033,cust01240@okhdfcbank,158.67,2025-03-14 16:39:07,success,950209699727,Amazon Pay
TXN0008664,CUST01419,MER0065,cust01419@okhdfcbank,330.78,2025-06-16 23:44:54,Success,915355382805,Amazon Pay
TXN0008668,CUST00225,MER0047,cust00225@okhdfcbank,239.78,2025-05-23 21:47:35,SUCCESS,201330545135,Amazon Pay
TXN0008669,CUST01900,MER0002,cust01900@okhdfcbank,881.54,2025-02-28 17:48:14,SUCCESS,018851856322,PhonePe
TXN0008672,CUST01010,MER0098,cust01010@okhdfcbank,787.7,2025-06-11 01:49:09,SUCCESS,650687753831,PhonePe
TXN0008673,CUST01177,MER0051,cust01177@okhdfcbank,561.36,2025-02-10 13:52:08,SUCCESS,100978727850,Paytm
TXN0008674,CUST01804,MER0061,cust01804@okhdfcbank,875.71,2025-05-28 02:27:21,Success,600095193499,BHIM
TXN0008675,CUST00349,MER0143,cust00349@okhdfcbank,377.13,2025-03-25 11:56:15,success,706765357221,PhonePe
TXN0008676,CUST00726,MER0025,cust00726@okhdfcbank,374.37,2025-03-11 12:15:13,SUCCESS,063540069786,Paytm
TXN0008677,CUST01788,MER0015,cust01788@okhdfcbank,83.59,2025-02-02 05:17:09,SUCCESS,273018578807,Paytm
TXN0008679,CUST00594,MER0111,cust00594@okhdfcbank,608.78,2025-02-23 09:17:59,SUCCESS,817235638117,Amazon Pay
TXN0008680,CUST00118,MER0134,cust00118@okhdfcbank,1071.74,2025-03-06 18:25:31,SUCCESS,900000399404,Paytm
TXN0008681,CUST01304,MER0129,cust01304@okhdfcbank,29.49,2025-06-02 13:12:31,success,218273913190,Paytm
TXN0008683,CUST01080,MER0136,cust01080@okhdfcbank,209.37,2025-02-07 07:16:34,Success,243817911800,PhonePe
TXN0008685,CUST00657,MER0112,cust00657@okhdfcbank,910.7,2025-05-18 23:38:34,SUCCESS,635999531894,BHIM
TXN0008687,CUST00353,MER0005,cust00353@okhdfcbank,319.92,2025-05-24 15:02:49,SUCCESS,689570006410,BHIM
TXN0008688,CUST01041,MER0069,cust01041@okhdfcbank,733.05,2025-03-19 06:20:30,success,799589749982,PhonePe
TXN0008689,CUST00988,MER0033,cust00988@okhdfcbank,194.77,2025-05-08 20:39:21,success,318500408716,Amazon Pay
TXN0008690,CUST01198,MER0044,cust01198@okhdfcbank,445.98,2025-03-12 08:57:54,success,062294097514,Amazon Pay
TXN0008691,CUST00625,MER0056,cust00625@okhdfcbank,276.34,2025-06-17 10:26:21,SUCCESS,905012595443,GPay
TXN0008693,CUST00765,MER0021,cust00765@okhdfcbank,2142.97,2025-06-02 13:47:35,Success,065107040379,BHIM
TXN0008694,CUST01200,MER0101,cust01200@okhdfcbank,1426.6,2025-02-02 18:32:21,PENDING,954985604592,Amazon Pay
TXN0008695,CUST01138,MER0041,cust01138@okhdfcbank,111.02,2025-02-03 12:26:14,success,161595695993,PhonePe
TXN0008699,CUST01551,MER0077,cust01551@okhdfcbank,680.21,2025-03-28 20:12:22,pending,413312088852,Amazon Pay
TXN0008703,CUST01744,MER0044,cust01744@okhdfcbank,228.74,2025-06-03 23:16:12,success,439288083248,Amazon Pay
TXN0008704,CUST00333,MER0063,cust00333@okhdfcbank,715.75,2025-06-29 01:06:08,failed,725936004373,PhonePe
TXN0008705,CUST00561,MER0023,cust00561@okhdfcbank,1539.77,2025-02-25 19:43:25,Success,576132500617,Amazon Pay
TXN0008706,CUST01167,MER0147,cust01167@okhdfcbank,284.15,2025-02-03 23:34:24,PENDING,809612075502,BHIM
TXN0008708,CUST01241,MER0107,cust01241@okhdfcbank,99.39,2025-03-18 14:07:32,success,624924183893,BHIM
TXN0008709,CUST00349,MER0114,cust00349@okhdfcbank,2120.3,2025-01-08 17:16:59,SUCCESS,544553964828,GPay
TXN0008712,CUST01719,MER0014,cust01719@okhdfcbank,740.12,2025-04-23 18:18:58,SUCCESS,483402429951,GPay
TXN0008714,CUST00978,MER0073,cust00978@okhdfcbank,220.3,2025-05-06 15:18:45,success,977022960136,Paytm
TXN0008717,CUST01511,MER0022,cust01511@okhdfcbank,1331.84,2025-04-22 15:19:30,SUCCESS,180119262237,Amazon Pay
TXN0008720,CUST00364,MER0035,cust00364@okhdfcbank,2668.02,2025-02-01 03:09:18,success,667884324339,GPay
TXN0008721,CUST00611,MER0119,cust00611@okhdfcbank,743.72,2025-01-19 04:25:21,SUCCESS,120859139944,Amazon Pay
TXN0008723,CUST01746,MER0002,cust01746@okhdfcbank,154.62,2025-05-15 22:07:56,Failed,802718210256,PhonePe
TXN0008724,CUST00096,MER0108,cust00096@okhdfcbank,950.17,2025-01-05 03:06:52,SUCCESS,837940913414,PhonePe
TXN0008727,CUST00820,MER0072,cust00820@okhdfcbank,1019.25,2025-03-19 17:13:20,SUCCESS,966369065742,PhonePe
TXN0008728,CUST00228,MER0108,cust00228@okhdfcbank,2068.22,2025-06-11 08:31:25,SUCCESS,553435301720,Paytm
TXN0008729,CUST01722,MER0015,cust01722@okhdfcbank,382.3,2025-04-03 01:00:27,PENDING,327456679592,Amazon Pay
TXN0008730,CUST01999,MER0112,cust01999@okhdfcbank,285.27,2025-06-18 23:55:51,Success,765390908063,Paytm
TXN0008731,CUST00266,MER0101,cust00266@okhdfcbank,2726.7,2025-02-24 15:19:36,FAILED,332955292381,Amazon Pay
TXN0008733,CUST00031,MER0147,cust00031@okhdfcbank,461.38,2025-03-05 05:14:24,success,927837207793,Paytm
TXN0008734,CUST00468,MER0119,cust00468@okhdfcbank,2681.03,2025-02-03 16:24:05,Success,460572149757,Amazon Pay
TXN0008735,CUST00410,MER0070,cust00410@okhdfcbank,345.99,2025-03-24 06:23:42,success,925704617196,Amazon Pay
TXN0008737,CUST00872,MER0038,cust00872@okhdfcbank,1113.77,2025-06-16 11:43:32,Success,024968262816,GPay
TXN0008738,CUST00457,MER0029,cust00457@okhdfcbank,241.81,2025-02-09 22:06:00,success,899360501902,Amazon Pay
TXN0008739,CUST01777,MER0051,cust01777@okhdfcbank,426.41,2025-06-02 17:21:32,Success,845864119558,PhonePe
TXN0008742,CUST01460,MER0024,cust01460@okhdfcbank,527.47,2025-03-26 12:31:06,SUCCESS,327743544929,GPay
TXN0008743,CUST00614,MER0036,cust00614@okhdfcbank,1297.27,2025-02-08 20:17:55,SUCCESS,203561931263,PhonePe
TXN0008744,CUST01466,MER0026,cust01466@okhdfcbank,1161.25,2025-03-17 13:17:17,failed,162575093977,BHIM
TXN0008745,CUST00715,MER0071,cust00715@okhdfcbank,855.36,2025-06-24 17:58:09,SUCCESS,991835066521,GPay
TXN0008746,CUST01674,MER0074,cust01674@okhdfcbank,730.88,2025-01-23 14:01:00,PENDING,100846810237,GPay
TXN0008747,CUST01875,MER0051,cust01875@okhdfcbank,457.94,2025-03-31 06:40:05,SUCCESS,837256499893,GPay
TXN0008748,CUST00366,MER0119,cust00366@okhdfcbank,906.47,2025-04-02 05:44:42,Success,345478479772,GPay
TXN0008749,CUST01349,MER0100,cust01349@okhdfcbank,162.01,2025-04-12 15:01:45,Success,796932180975,Paytm
TXN0008750,CUST00742,MER0123,cust00742@okhdfcbank,47.04,2025-03-23 14:22:56,SUCCESS,948027867356,GPay
TXN0008752,CUST01759,MER0054,cust01759@okhdfcbank,966.96,2025-06-03 09:50:56,success,140623481243,BHIM
TXN0008753,CUST00515,MER0075,cust00515@okhdfcbank,433.99,2025-02-04 23:08:38,Success,116085729361,PhonePe
TXN0008754,CUST01278,MER0012,cust01278@okhdfcbank,1443.11,2025-06-08 23:50:07,success,011673297722,PhonePe
TXN0008757,CUST01758,MER0088,cust01758@okhdfcbank,211.85,2025-01-20 10:26:17,success,114375689465,PhonePe
TXN0008758,CUST01048,MER0141,cust01048@okhdfcbank,869.24,2025-03-27 16:58:52,failed,772398116102,BHIM
TXN0008759,CUST00041,MER0023,cust00041@okhdfcbank,101.19,2025-06-12 07:32:44,SUCCESS,884041732698,PhonePe
TXN0008760,CUST01734,MER0127,cust01734@okhdfcbank,228.84,2025-05-01 08:06:59,Success,574756052994,PhonePe
TXN0008761,CUST01261,MER0145,cust01261@okhdfcbank,658.34,2025-02-06 15:48:17,Success,190841884178,PhonePe
TXN0008763,CUST00085,MER0044,cust00085@okhdfcbank,254.6,2025-02-25 17:39:43,Success,572457951041,PhonePe
TXN0008765,CUST00631,MER0069,cust00631@okhdfcbank,903.08,2025-05-30 19:25:48,success,468613294502,PhonePe
TXN0008768,CUST00708,MER0110,cust00708@okhdfcbank,134.96,2025-06-01 15:16:48,SUCCESS,018543467415,GPay
TXN0008769,CUST00687,MER0051,cust00687@okhdfcbank,324.34,2025-04-08 06:45:02,SUCCESS,184274815805,PhonePe
TXN0008770,CUST01688,MER0100,cust01688@okhdfcbank,101.48,2025-04-22 04:30:25,success,221880224833,Amazon Pay
TXN0008771,CUST00524,MER0115,cust00524@okhdfcbank,3437.09,2025-04-21 17:39:46,SUCCESS,054143040788,GPay
TXN0008772,CUST01559,MER0003,cust01559@okhdfcbank,45.39,2025-02-02 03:19:20,Success,138983534927,Paytm
TXN0008774,CUST01527,MER0058,cust01527@okhdfcbank,548.35,2025-03-15 11:56:21,SUCCESS,959886598333,Paytm
TXN0008776,CUST01146,MER0146,cust01146@okhdfcbank,609.19,2025-01-09 01:13:44,Pending,261109465460,Paytm
TXN0008778,CUST00406,MER0133,cust00406@okhdfcbank,2275.82,2025-03-26 05:59:48,Success,286293754072,Amazon Pay
TXN0008780,CUST00025,MER0001,cust00025@okhdfcbank,46.94,2025-04-26 15:47:27,FAILED,358627672613,GPay
TXN0008781,CUST00695,MER0059,cust00695@okhdfcbank,134.49,2025-04-08 06:10:33,failed,923312839906,Paytm
TXN0008783,CUST01814,MER0081,cust01814@okhdfcbank,437.94,2025-04-04 12:55:32,Success,186125176105,BHIM
TXN0008786,CUST01598,MER0005,cust01598@okhdfcbank,260.79,2025-06-12 04:26:58,SUCCESS,320639731118,BHIM
TXN0008787,CUST01635,MER0009,cust01635@okhdfcbank,302.15,2025-04-23 22:13:27,success,057899347555,Paytm
TXN0008789,CUST00160,MER0068,cust00160@okhdfcbank,3243.3,2025-05-11 11:34:05,success,611637094333,Paytm
TXN0008792,CUST00193,MER0076,cust00193@okhdfcbank,1142.28,2025-02-13 03:11:45,success,806946068747,Amazon Pay
TXN0008793,CUST00934,MER0130,cust00934@okhdfcbank,462.39,2025-06-26 00:43:57,SUCCESS,575317169892,GPay
TXN0008795,CUST00937,MER0014,cust00937@okhdfcbank,602.76,2025-03-18 22:19:45,SUCCESS,141525255992,Amazon Pay
TXN0008796,CUST01491,MER0097,cust01491@okhdfcbank,463.65,2025-01-16 23:47:57,Success,974922867551,GPay
TXN0008797,CUST01111,MER0116,cust01111@okhdfcbank,448.7,2025-06-13 17:47:22,FAILED,972873457898,PhonePe
TXN0008798,CUST01335,MER0090,cust01335@okhdfcbank,399.77,2025-06-20 13:58:05,success,162083911488,GPay
TXN0008799,CUST00852,MER0066,cust00852@okhdfcbank,63.28,2025-06-24 00:06:59,SUCCESS,238830978334,PhonePe
TXN0008800,CUST00849,MER0120,cust00849@okhdfcbank,1738.61,2025-01-26 12:14:43,Success,227910441128,Paytm
TXN0008802,CUST01134,MER0018,cust01134@okhdfcbank,119.79,2025-03-13 09:48:23,Failed,321768720559,BHIM
TXN0008803,CUST01350,MER0077,cust01350@okhdfcbank,797.72,2025-06-21 07:40:01,success,997123626901,Paytm
TXN0008807,CUST00928,MER0122,cust00928@okhdfcbank,1365.99,2025-06-29 12:29:43,Failed,853428675902,PhonePe
TXN0008809,CUST00226,MER0003,cust00226@okhdfcbank,325.78,2025-05-31 21:24:47,SUCCESS,923948401582,PhonePe
TXN0008810,CUST01059,MER0079,cust01059@okhdfcbank,263.61,2025-03-06 22:58:59,SUCCESS,973882763552,GPay
TXN0008811,CUST00084,MER0117,cust00084@okhdfcbank,239.23,2025-05-07 04:20:37,Success,487996158115,GPay
TXN0008812,CUST01723,MER0144,cust01723@okhdfcbank,484.33,2025-03-16 18:30:13,SUCCESS,341362349051,Amazon Pay
TXN0008814,CUST00745,MER0106,cust00745@okhdfcbank,215.87,2025-05-27 04:45:45,success,043327658791,Paytm
TXN0008818,CUST01213,MER0131,cust01213@okhdfcbank,157.38,2025-02-17 16:47:54,SUCCESS,198304221944,BHIM
TXN0008820,CUST01321,MER0113,cust01321@okhdfcbank,2898.92,2025-05-10 07:11:16,success,839446276628,GPay
TXN0008821,CUST00433,MER0006,cust00433@okhdfcbank,1290.25,2025-06-08 17:28:08,failed,716141492343,GPay
TXN0008823,CUST01621,MER0031,cust01621@okhdfcbank,468.61,2025-04-17 09:50:07,success,695320231969,Amazon Pay
TXN0008824,CUST01911,MER0035,cust01911@okhdfcbank,2299.46,2025-02-05 13:00:41,SUCCESS,764644731838,PhonePe
TXN0008826,CUST00841,MER0122,cust00841@okhdfcbank,1077.71,2025-06-26 22:36:51,Success,976449491951,Paytm
TXN0008828,CUST00034,MER0132,cust00034@okhdfcbank,2654.57,2025-03-29 19:02:27,Success,955347328314,Amazon Pay
TXN0008829,CUST01041,MER0130,cust01041@okhdfcbank,320.44,2025-03-25 16:10:35,Success,966116706810,Amazon Pay
TXN0008830,CUST00674,MER0056,cust00674@okhdfcbank,4578.12,2025-04-08 13:16:00,PENDING,971485386238,Paytm
TXN0008831,CUST01557,MER0085,cust01557@okhdfcbank,2774.05,2025-05-12 07:33:58,Failed,876220174954,Amazon Pay
TXN0008832,CUST01225,MER0012,cust01225@okhdfcbank,443.0,2025-03-17 04:31:59,SUCCESS,289284626902,Amazon Pay
TXN0008834,CUST00419,MER0078,cust00419@okhdfcbank,598.71,2025-05-12 23:48:19,SUCCESS,353076923893,Amazon Pay
TXN0008836,CUST01055,MER0129,cust01055@okhdfcbank,329.78,2025-05-27 18:55:50,Success,993354693235,GPay
TXN0008837,CUST00987,MER0103,cust00987@okhdfcbank,93.87,2025-01-05 16:10:34,Success,825908099419,GPay
TXN0008840,CUST00283,MER0036,cust00283@okhdfcbank,855.47,2025-06-10 20:47:26,Success,678684987983,PhonePe
TXN0008843,CUST01567,MER0020,cust01567@okhdfcbank,693.93,2025-04-16 20:11:13,success,821658207854,Amazon Pay
TXN0008845,CUST01482,MER0114,cust01482@okhdfcbank,605.1,2025-01-06 18:35:46,failed,622059048430,Paytm
TXN0008849,CUST01836,MER0004,cust01836@okhdfcbank,426.04,2025-04-03 03:38:25,success,883443345114,Paytm
TXN0008850,CUST00393,MER0149,cust00393@okhdfcbank,2597.66,2025-04-23 21:18:27,SUCCESS,482455774976,Amazon Pay
TXN0008852,CUST01261,MER0021,cust01261@okhdfcbank,906.11,2025-05-11 15:57:34,SUCCESS,396911924223,PhonePe
TXN0008853,CUST01161,MER0138,cust01161@okhdfcbank,88.53,2025-02-01 00:26:03,SUCCESS,064460411320,PhonePe
TXN0008855,CUST00858,MER0083,cust00858@okhdfcbank,421.99,2025-06-21 13:43:52,Failed,093549020623,Amazon Pay
TXN0008856,CUST01576,MER0053,cust01576@okhdfcbank,418.36,2025-05-31 00:38:48,Success,217426464881,PhonePe
TXN0008857,CUST01648,MER0060,cust01648@okhdfcbank,103.19,2025-04-01 00:46:05,SUCCESS,764666594512,Amazon Pay
TXN0008858,CUST00186,MER0118,cust00186@okhdfcbank,166.04,2025-05-24 05:10:29,success,017640200111,PhonePe
TXN0008861,CUST00830,MER0075,cust00830@okhdfcbank,273.0,2025-01-31 15:05:55,Success,465196536131,Amazon Pay
TXN0008865,CUST01580,MER0061,cust01580@okhdfcbank,433.2,2025-03-05 11:09:40,SUCCESS,202578780849,GPay
TXN0008867,CUST00579,MER0092,cust00579@okhdfcbank,128.32,2025-05-31 12:10:09,failed,597355892664,GPay
TXN0008870,CUST01264,MER0088,cust01264@okhdfcbank,478.15,2025-06-09 03:16:05,success,361027525801,PhonePe
TXN0008872,CUST00005,MER0095,cust00005@okhdfcbank,3437.7,2025-02-20 04:31:38,SUCCESS,327466211202,Paytm
TXN0008874,CUST01150,MER0132,cust01150@okhdfcbank,1170.26,2025-05-25 04:17:48,SUCCESS,484328858969,PhonePe
TXN0008876,CUST01611,MER0063,cust01611@okhdfcbank,260.29,2025-06-07 14:54:13,Success,784053117116,PhonePe
TXN0008877,CUST00112,MER0038,cust00112@okhdfcbank,897.4,2025-06-02 00:09:32,FAILED,075641394034,Paytm
TXN0008878,CUST01785,MER0020,cust01785@okhdfcbank,2548.95,2025-04-01 11:17:26,SUCCESS,982625450048,PhonePe
TXN0008879,CUST01485,MER0138,cust01485@okhdfcbank,229.3,2025-01-22 16:18:29,failed,215803115868,Amazon Pay
TXN0008880,CUST00849,MER0121,cust00849@okhdfcbank,627.33,2025-04-08 11:28:47,Success,131427212168,PhonePe
TXN0008882,CUST00772,MER0070,cust00772@okhdfcbank,840.65,2025-05-09 19:18:44,SUCCESS,985950749895,GPay
TXN0008883,CUST00455,MER0030,cust00455@okhdfcbank,1063.47,2025-03-08 17:56:37,SUCCESS,012616357460,Paytm
TXN0008884,CUST01809,MER0136,cust01809@okhdfcbank,581.9,2025-04-23 14:31:20,Success,811198333298,GPay
TXN0008889,CUST00004,MER0052,cust00004@okhdfcbank,144.05,2025-03-29 03:24:42,Failed,918052186146,PhonePe
TXN0008890,CUST01587,MER0012,cust01587@okhdfcbank,296.15,2025-01-23 05:19:05,Success,742311300478,PhonePe
TXN0008891,CUST00975,MER0014,cust00975@okhdfcbank,645.13,2025-04-27 07:54:05,Success,223636060897,GPay
TXN0008894,CUST01802,MER0013,cust01802@okhdfcbank,192.93,2025-02-09 12:47:04,FAILED,859514140782,BHIM
TXN0008895,CUST00064,MER0132,cust00064@okhdfcbank,1017.04,2025-05-03 03:50:11,Success,818897738271,Paytm
TXN0008896,CUST01105,MER0009,cust01105@okhdfcbank,819.05,2025-04-11 12:06:14,success,267889459652,BHIM
TXN0008897,CUST01312,MER0017,cust01312@okhdfcbank,1196.44,2025-03-30 05:00:44,Success,660392424703,Paytm
TXN0008899,CUST01231,MER0107,cust01231@okhdfcbank,843.78,2025-04-17 20:26:01,SUCCESS,189332009837,BHIM
TXN0008901,CUST00613,MER0135,cust00613@okhdfcbank,552.72,2025-03-05 08:25:49,SUCCESS,079328439150,Paytm
TXN0008914,CUST00117,MER0045,cust00117@okhdfcbank,609.63,2025-06-29 04:42:02,Success,137774964844,Amazon Pay
TXN0008915,CUST00863,MER0050,cust00863@okhdfcbank,235.62,2025-05-11 14:09:36,SUCCESS,704446244974,Amazon Pay
TXN0008916,CUST01846,MER0068,cust01846@okhdfcbank,159.19,2025-02-24 11:44:31,success,792519807095,GPay
TXN0008917,CUST00552,MER0056,cust00552@okhdfcbank,954.73,2025-03-05 07:33:58,success,418043822928,Paytm
TXN0008919,CUST01334,MER0048,cust01334@okhdfcbank,664.9,2025-05-05 15:35:14,Success,652259050833,Amazon Pay
TXN0008921,CUST01683,MER0125,cust01683@okhdfcbank,853.97,2025-06-24 18:15:31,FAILED,861160415050,GPay
TXN0008922,CUST00013,MER0021,cust00013@okhdfcbank,333.37,2025-02-04 16:32:07,success,786744977741,PhonePe
TXN0008925,CUST00333,MER0096,cust00333@okhdfcbank,1636.84,2025-02-11 17:44:16,failed,623602551865,GPay
TXN0008928,CUST00746,MER0064,cust00746@okhdfcbank,2395.9,2025-01-02 17:43:58,SUCCESS,511918727455,PhonePe
TXN0008929,CUST00375,MER0142,cust00375@okhdfcbank,691.49,2025-06-26 14:26:59,SUCCESS,866355741265,Amazon Pay
TXN0008931,CUST00830,MER0016,cust00830@okhdfcbank,1395.28,2025-02-18 12:44:15,success,458780113939,Amazon Pay
TXN0008932,CUST01250,MER0097,cust01250@okhdfcbank,235.67,2025-05-07 00:40:35,Success,098369846556,Amazon Pay
TXN0008933,CUST01559,MER0115,cust01559@okhdfcbank,134.53,2025-01-01 03:35:04,Success,343377918922,BHIM
TXN0008937,CUST01027,MER0021,cust01027@okhdfcbank,263.24,2025-05-16 21:49:40,SUCCESS,477821246746,GPay
TXN0008939,CUST00753,MER0072,cust00753@okhdfcbank,2004.27,2025-05-12 23:29:24,SUCCESS,435601514531,BHIM
TXN0008940,CUST00034,MER0063,cust00034@okhdfcbank,2598.0,2025-06-19 15:45:20,SUCCESS,630311108237,Paytm
TXN0008941,CUST00820,MER0070,cust00820@okhdfcbank,2966.03,2025-06-13 04:32:54,success,995602261309,Amazon Pay
TXN0008942,CUST01797,MER0131,cust01797@okhdfcbank,1465.75,2025-04-17 04:11:59,success,422846461084,Paytm
TXN0008945,CUST01021,MER0064,cust01021@okhdfcbank,408.49,2025-04-11 12:59:11,SUCCESS,885417418015,Amazon Pay
TXN0008949,CUST00781,MER0104,cust00781@okhdfcbank,520.63,2025-06-06 15:56:50,Success,661740594037,Amazon Pay
TXN0008951,CUST00582,MER0150,cust00582@okhdfcbank,934.94,2025-01-15 07:25:15,pending,605484986493,GPay
TXN0008953,CUST00636,MER0146,cust00636@okhdfcbank,469.19,2025-06-08 13:36:57,success,479612578363,GPay
TXN0008955,CUST01533,MER0013,cust01533@okhdfcbank,92.96,2025-02-19 19:42:48,SUCCESS,475072769869,Paytm
TXN0008956,CUST00381,MER0135,cust00381@okhdfcbank,123.28,2025-03-17 03:19:30,Pending,498405162314,GPay
TXN0008961,CUST00836,MER0046,cust00836@okhdfcbank,149.36,2025-02-06 17:28:26,success,583524808964,GPay
TXN0008962,CUST01828,MER0089,cust01828@okhdfcbank,609.75,2025-03-15 04:44:21,Success,142940595072,GPay
TXN0008963,CUST01250,MER0040,cust01250@okhdfcbank,898.5,2025-04-25 04:13:16,FAILED,740732322742,GPay
TXN0008964,CUST01874,MER0141,cust01874@okhdfcbank,75.62,2025-02-18 03:31:22,Success,909351017364,BHIM
TXN0008970,CUST00506,MER0066,cust00506@okhdfcbank,747.61,2025-04-12 23:34:17,success,826386841027,Paytm
TXN0008971,CUST00354,MER0013,cust00354@okhdfcbank,862.2,2025-04-12 14:33:20,failed,256346510535,Paytm
TXN0008973,CUST01246,MER0064,cust01246@okhdfcbank,160.23,2025-01-19 13:44:27,success,146285192790,Amazon Pay
TXN0008974,CUST00671,MER0052,cust00671@okhdfcbank,109.37,2025-04-28 02:45:17,FAILED,798354592664,GPay
TXN0008975,CUST01082,MER0049,cust01082@okhdfcbank,651.26,2025-05-29 10:31:44,Success,556940114283,Amazon Pay
TXN0008977,CUST00825,MER0003,cust00825@okhdfcbank,8979.06,2025-01-06 16:41:31,SUCCESS,367446074177,GPay
TXN0008980,CUST00301,MER0018,cust00301@okhdfcbank,414.54,2025-06-03 20:53:44,success,699936230036,Paytm
TXN0008985,CUST00312,MER0140,cust00312@okhdfcbank,541.55,2025-04-02 06:43:08,FAILED,506527634955,BHIM
TXN0008987,CUST01107,MER0112,cust01107@okhdfcbank,86.55,2025-05-06 03:14:57,Success,372933743307,Amazon Pay
TXN0008991,CUST01986,MER0039,cust01986@okhdfcbank,1782.74,2025-01-11 19:10:01,SUCCESS,167973277924,BHIM
TXN0008992,CUST01063,MER0047,cust01063@okhdfcbank,2920.32,2025-02-15 08:20:20,success,954811507933,BHIM
TXN0008993,CUST00690,MER0060,cust00690@okhdfcbank,89.97,2025-01-07 00:22:42,Success,153473052626,Paytm
TXN0008994,CUST01168,MER0125,cust01168@okhdfcbank,507.88,2025-03-24 20:13:19,Success,785680112442,PhonePe
TXN0008995,CUST00877,MER0027,cust00877@okhdfcbank,647.37,2025-05-01 20:31:31,SUCCESS,079193612069,GPay
TXN0008996,CUST01932,MER0067,cust01932@okhdfcbank,109.12,2025-04-19 11:43:39,Success,099977404036,PhonePe
TXN0008997,CUST01855,MER0103,cust01855@okhdfcbank,1099.48,2025-01-25 07:01:09,SUCCESS,113496572337,PhonePe
TXN0008999,CUST01591,MER0140,cust01591@okhdfcbank,598.34,2025-06-28 21:10:56,SUCCESS,633086478467,BHIM
TXN0009002,CUST01094,MER0034,cust01094@okhdfcbank,1139.36,2025-06-20 18:03:10,SUCCESS,319346066226,PhonePe
TXN0009004,CUST00747,MER0063,cust00747@okhdfcbank,294.73,2025-05-02 22:26:51,SUCCESS,130876263826,PhonePe
TXN0009006,CUST00837,MER0105,cust00837@okhdfcbank,614.25,2025-01-20 12:22:57,SUCCESS,851168250914,PhonePe
TXN0009007,CUST01918,MER0135,cust01918@okhdfcbank,517.39,2025-03-25 14:48:14,Failed,036606752943,GPay
TXN0009009,CUST01552,MER0075,cust01552@okhdfcbank,304.83,2025-06-14 23:18:08,Success,358030441526,Amazon Pay
TXN0009011,CUST01629,MER0079,cust01629@okhdfcbank,705.84,2025-04-06 07:04:21,success,562417026497,Amazon Pay
TXN0009012,CUST00528,MER0031,cust00528@okhdfcbank,305.66,2025-05-19 00:40:01,success,561152230819,PhonePe
TXN0009013,CUST00335,MER0082,cust00335@okhdfcbank,1078.88,2025-02-13 19:05:05,SUCCESS,651463338114,PhonePe
TXN0009014,CUST01976,MER0019,cust01976@okhdfcbank,496.48,2025-05-08 12:12:13,Success,851871285153,Amazon Pay
TXN0009015,CUST00398,MER0124,cust00398@okhdfcbank,948.43,2025-05-09 06:02:31,Success,696609221340,Amazon Pay
TXN0009016,CUST01268,MER0081,cust01268@okhdfcbank,178.7,2025-06-15 03:14:43,SUCCESS,136529288041,BHIM
TXN0009017,CUST00829,MER0025,cust00829@okhdfcbank,568.72,2025-01-03 11:20:19,SUCCESS,536595537508,Paytm
TXN0009019,CUST01016,MER0051,cust01016@okhdfcbank,145.42,2025-05-05 17:37:52,success,161879524015,GPay
TXN0009021,CUST00128,MER0058,cust00128@okhdfcbank,285.87,2025-03-23 08:53:06,success,727520628088,Paytm
TXN0009023,CUST01359,MER0046,cust01359@okhdfcbank,278.4,2025-01-09 17:39:41,SUCCESS,537936683452,PhonePe
TXN0009024,CUST00301,MER0086,cust00301@okhdfcbank,138.17,2025-06-11 19:34:50,success,019358040621,PhonePe
TXN0009025,CUST01274,MER0150,cust01274@okhdfcbank,561.99,2025-04-27 01:06:43,Success,887053017480,BHIM
TXN0009026,CUST01480,MER0019,cust01480@okhdfcbank,507.34,2025-04-25 17:15:49,Success,562381026541,Amazon Pay
TXN0009028,CUST00942,MER0011,cust00942@okhdfcbank,419.38,2025-02-06 20:53:32,SUCCESS,082593415456,PhonePe
TXN0009030,CUST00602,MER0080,cust00602@okhdfcbank,963.63,2025-02-23 09:52:49,Success,654206060680,Paytm
TXN0009031,CUST01734,MER0115,cust01734@okhdfcbank,883.8,2025-02-25 15:42:17,Success,013753817955,Paytm
TXN0009033,CUST00884,MER0007,cust00884@okhdfcbank,8835.63,2025-03-28 04:52:13,success,745991984148,BHIM
TXN0009035,CUST01774,MER0033,cust01774@okhdfcbank,826.36,2025-05-31 09:16:37,SUCCESS,938002143051,GPay
TXN0009037,CUST01984,MER0002,cust01984@okhdfcbank,1271.22,2025-05-15 08:09:11,SUCCESS,249615140225,GPay
TXN0009040,CUST01246,MER0019,cust01246@okhdfcbank,91.76,2025-06-02 17:01:05,SUCCESS,886256671243,BHIM
TXN0009041,CUST00966,MER0009,cust00966@okhdfcbank,142.38,2025-06-28 10:28:08,success,368782849570,PhonePe
TXN0009042,CUST01410,MER0143,cust01410@okhdfcbank,763.98,2025-06-15 16:48:57,success,969237791130,BHIM
TXN0009044,CUST00990,MER0062,cust00990@okhdfcbank,977.41,2025-05-08 15:45:08,pending,795566990703,PhonePe
TXN0009045,CUST00341,MER0138,cust00341@okhdfcbank,944.65,2025-04-26 03:59:50,SUCCESS,861027138717,GPay
TXN0009046,CUST00711,MER0021,cust00711@okhdfcbank,461.85,2025-02-22 00:53:54,SUCCESS,780960976597,PhonePe
TXN0009047,CUST00721,MER0099,cust00721@okhdfcbank,328.09,2025-02-07 09:30:51,SUCCESS,922867346469,BHIM
TXN0009050,CUST01628,MER0091,cust01628@okhdfcbank,495.15,2025-04-09 19:34:08,SUCCESS,681848880579,PhonePe
TXN0009052,CUST01116,MER0021,cust01116@okhdfcbank,397.39,2025-05-22 13:00:44,SUCCESS,463043442512,PhonePe
TXN0009053,CUST01509,MER0025,cust01509@okhdfcbank,184.88,2025-03-04 07:47:11,Success,269477883722,Paytm
TXN0009054,CUST01834,MER0116,cust01834@okhdfcbank,487.67,2025-02-20 14:21:13,success,395214119654,GPay
TXN0009058,CUST00816,MER0013,cust00816@okhdfcbank,1102.46,2025-05-06 13:25:56,success,235072500224,GPay
TXN0009059,CUST01008,MER0122,cust01008@okhdfcbank,117.81,2025-01-01 12:32:58,SUCCESS,410209487256,BHIM
TXN0009060,CUST00104,MER0073,cust00104@okhdfcbank,2285.56,2025-01-03 04:41:55,success,012514758223,PhonePe
TXN0009064,CUST01106,MER0071,cust01106@okhdfcbank,407.66,2025-01-04 13:38:01,success,249260647628,Paytm
TXN0009065,CUST01559,MER0064,cust01559@okhdfcbank,464.05,2025-04-28 07:48:31,SUCCESS,415366028014,Amazon Pay
TXN0009066,CUST01891,MER0140,cust01891@okhdfcbank,724.3,2025-01-30 01:14:21,SUCCESS,464848626644,Amazon Pay
TXN0009067,CUST00365,MER0021,cust00365@okhdfcbank,492.62,2025-06-06 04:10:43,SUCCESS,137663115495,Paytm
TXN0009068,CUST01106,MER0007,cust01106@okhdfcbank,431.21,2025-05-13 05:33:44,SUCCESS,074564615402,Paytm
TXN0009069,CUST00429,MER0098,cust00429@okhdfcbank,1824.24,2025-03-18 10:34:15,Success,539128364409,PhonePe
TXN0009070,CUST01575,MER0042,cust01575@okhdfcbank,867.48,2025-05-29 23:19:07,SUCCESS,012539519315,PhonePe
TXN0009073,CUST00818,MER0072,cust00818@okhdfcbank,832.23,2025-05-03 00:17:09,Success,418938114090,GPay
TXN0009074,CUST01991,MER0006,cust01991@okhdfcbank,285.64,2025-05-09 04:09:21,Success,875685301432,Amazon Pay
TXN0009075,CUST00911,MER0137,cust00911@okhdfcbank,1088.05,2025-04-15 22:50:31,success,154239552412,Paytm
TXN0009080,CUST00418,MER0061,cust00418@okhdfcbank,290.99,2025-03-08 12:22:44,success,575891579290,PhonePe
TXN0009081,CUST01477,MER0107,cust01477@okhdfcbank,1005.43,2025-01-26 15:52:08,FAILED,938762551617,BHIM
TXN0009082,CUST00410,MER0015,cust00410@okhdfcbank,481.83,2025-02-06 20:52:28,Success,089395874203,Amazon Pay
TXN0009083,CUST01239,MER0120,cust01239@okhdfcbank,136.29,2025-02-28 06:00:46,success,683921014397,Amazon Pay
TXN0009085,CUST01039,MER0014,cust01039@okhdfcbank,365.55,2025-05-28 23:35:00,SUCCESS,616106890195,BHIM
TXN0009086,CUST01575,MER0111,cust01575@okhdfcbank,145.25,2025-04-05 15:21:53,SUCCESS,251218222636,BHIM
TXN0009087,CUST00088,MER0130,cust00088@okhdfcbank,4473.89,2025-05-20 18:40:14,pending,691338033432,BHIM
TXN0009089,CUST01985,MER0011,cust01985@okhdfcbank,1187.36,2025-04-26 20:16:06,success,335829338671,Amazon Pay
TXN0009091,CUST01466,MER0031,cust01466@okhdfcbank,564.44,2025-04-27 09:48:12,SUCCESS,425785955324,Paytm
TXN0009092,CUST01433,MER0024,cust01433@okhdfcbank,199.9,2025-04-16 00:33:00,SUCCESS,439517039933,BHIM
TXN0009093,CUST01719,MER0073,cust01719@okhdfcbank,142.69,2025-06-18 02:14:02,SUCCESS,570682962367,PhonePe
TXN0009095,CUST01395,MER0038,cust01395@okhdfcbank,738.99,2025-06-07 10:24:03,failed,243269912912,GPay
TXN0009097,CUST00198,MER0086,cust00198@okhdfcbank,476.1,2025-04-15 07:07:55,success,895340958480,Amazon Pay
TXN0009098,CUST00565,MER0142,cust00565@okhdfcbank,4538.5,2025-03-07 17:32:23,success,806802613116,PhonePe
TXN0009100,CUST00334,MER0103,cust00334@okhdfcbank,868.51,2025-02-16 18:59:46,SUCCESS,669944539133,Paytm
TXN0009103,CUST01636,MER0041,cust01636@okhdfcbank,828.55,2025-01-29 11:51:29,SUCCESS,789638795785,BHIM
TXN0009105,CUST00015,MER0122,cust00015@okhdfcbank,594.48,2025-04-03 16:52:41,SUCCESS,043711428454,GPay
TXN0009106,CUST01950,MER0070,cust01950@okhdfcbank,217.78,2025-03-12 13:22:23,success,775703176175,PhonePe
TXN0009107,CUST01457,MER0072,cust01457@okhdfcbank,556.66,2025-02-27 12:41:56,Success,156666508705,Amazon Pay
TXN0009109,CUST01090,MER0036,cust01090@okhdfcbank,151.35,2025-06-28 08:40:41,SUCCESS,918564342385,GPay
TXN0009112,CUST00800,MER0019,cust00800@okhdfcbank,592.43,2025-06-09 18:52:19,SUCCESS,222090106941,BHIM
TXN0009113,CUST01265,MER0147,cust01265@okhdfcbank,2880.14,2025-03-07 19:39:39,SUCCESS,562889719356,PhonePe
TXN0009114,CUST01494,MER0063,cust01494@okhdfcbank,973.16,2025-04-22 23:03:11,success,230572246917,Paytm
TXN0009115,CUST00558,MER0108,cust00558@okhdfcbank,967.1,2025-06-20 04:18:59,success,125384461899,PhonePe
TXN0009116,CUST01624,MER0125,cust01624@okhdfcbank,200.85,2025-06-06 02:28:32,SUCCESS,699883465895,BHIM
TXN0009122,CUST01535,MER0099,cust01535@okhdfcbank,2969.5,2025-01-15 07:20:18,Success,696721939664,PhonePe
TXN0009125,CUST01138,MER0115,cust01138@okhdfcbank,426.76,2025-01-02 03:40:17,Success,140799016830,PhonePe
TXN0009127,CUST00822,MER0013,cust00822@okhdfcbank,,2025-03-06 04:54:47,SUCCESS,076635532723,GPay
TXN0009131,CUST00091,MER0034,cust00091@okhdfcbank,275.4,2025-05-22 22:23:58,Failed,026400402232,PhonePe
TXN0009133,CUST01297,MER0110,cust01297@okhdfcbank,278.72,2025-02-21 15:33:55,success,872253463977,Paytm
TXN0009134,CUST01716,MER0003,cust01716@okhdfcbank,2250.69,2025-05-02 03:19:30,SUCCESS,716018884043,PhonePe
TXN0009138,CUST00060,MER0037,cust00060@okhdfcbank,429.12,2025-03-12 20:15:40,SUCCESS,194323536017,PhonePe
TXN0009139,CUST00278,MER0006,cust00278@okhdfcbank,223.51,2025-04-29 02:55:49,Success,306371473945,Paytm
TXN0009141,CUST01931,MER0118,cust01931@okhdfcbank,317.18,2025-05-27 23:45:52,Success,925834908206,PhonePe
TXN0009142,CUST00760,MER0146,cust00760@okhdfcbank,247.21,2025-04-01 18:39:55,Success,615843558889,GPay
TXN0009144,CUST01757,MER0029,cust01757@okhdfcbank,851.95,2025-04-22 13:15:43,SUCCESS,844462523915,BHIM
TXN0009146,CUST00102,MER0137,cust00102@okhdfcbank,333.09,2025-03-25 13:43:48,SUCCESS,537165960779,BHIM
TXN0009147,CUST00089,MER0035,cust00089@okhdfcbank,409.13,2025-06-17 14:03:32,SUCCESS,290542675704,PhonePe
TXN0009148,CUST01981,MER0119,cust01981@okhdfcbank,384.3,2025-03-09 17:36:16,SUCCESS,839645529586,PhonePe
TXN0009149,CUST01879,MER0127,cust01879@okhdfcbank,690.38,2025-02-27 08:05:05,pending,751392340814,Paytm
TXN0009150,CUST01355,MER0083,cust01355@okhdfcbank,936.18,2025-02-20 01:23:11,success,997754599747,GPay
TXN0009151,CUST01662,MER0070,cust01662@okhdfcbank,478.07,2025-05-03 08:46:45,success,710371988379,PhonePe
TXN0009152,CUST01210,MER0036,cust01210@okhdfcbank,223.04,2025-01-09 12:19:52,FAILED,002311535829,Amazon Pay
TXN0009153,CUST00654,MER0074,cust00654@okhdfcbank,1054.23,2025-05-26 02:02:55,SUCCESS,283839518468,PhonePe
TXN0009154,CUST01141,MER0073,cust01141@okhdfcbank,509.49,2025-05-15 15:52:40,Success,699050597387,PhonePe
TXN0009155,CUST00585,MER0085,cust00585@okhdfcbank,116.65,2025-02-13 17:10:38,SUCCESS,700380678599,Paytm
TXN0009156,CUST01053,MER0024,cust01053@okhdfcbank,58.25,2025-01-25 03:32:22,SUCCESS,257783284314,GPay
TXN0009160,CUST00433,MER0073,cust00433@okhdfcbank,226.87,2025-06-22 02:31:38,SUCCESS,022395394082,PhonePe
TXN0009164,CUST01405,MER0095,cust01405@okhdfcbank,1274.51,2025-01-30 00:17:31,SUCCESS,773355021005,PhonePe
TXN0009168,CUST00025,MER0061,cust00025@okhdfcbank,540.04,2025-06-07 14:24:44,success,078316278145,BHIM
TXN0009169,CUST00837,MER0027,cust00837@okhdfcbank,2142.21,2025-06-07 10:52:54,Success,853030488868,Paytm
TXN0009170,CUST00861,MER0036,cust00861@okhdfcbank,458.26,2025-03-02 02:49:34,success,645132867038,BHIM
TXN0009171,CUST01110,MER0109,cust01110@okhdfcbank,121.82,2025-01-06 22:03:45,FAILED,749778515264,PhonePe
TXN0009173,CUST00920,MER0040,cust00920@okhdfcbank,2613.15,2025-05-28 03:27:41,SUCCESS,610871582797,GPay
TXN0009174,CUST00864,MER0104,cust00864@okhdfcbank,795.13,2025-01-04 02:43:49,Success,038718993673,BHIM
TXN0009175,CUST00269,MER0051,cust00269@okhdfcbank,,2025-03-10 14:35:16,PENDING,613472551535,Amazon Pay
TXN0009176,CUST01638,MER0017,cust01638@okhdfcbank,2185.6,2025-03-13 01:33:19,Success,329686616791,Amazon Pay
TXN0009177,CUST01033,MER0094,cust01033@okhdfcbank,94.47,2025-01-06 06:38:09,success,573278792370,GPay
TXN0009180,CUST01392,MER0024,cust01392@okhdfcbank,1035.12,2025-03-24 04:04:14,Success,343086582952,Paytm
TXN0009181,CUST01018,MER0025,cust01018@okhdfcbank,246.5,2025-03-03 08:49:20,SUCCESS,130656823825,PhonePe
TXN0009182,CUST00867,MER0014,cust00867@okhdfcbank,148.21,2025-03-09 08:29:21,success,852609270812,BHIM
TXN0009183,CUST01079,MER0113,cust01079@okhdfcbank,146.89,2025-04-22 02:05:36,success,402896980518,Paytm
TXN0009188,CUST01984,MER0068,cust01984@okhdfcbank,244.95,2025-05-23 03:00:28,SUCCESS,739786905232,Paytm
TXN0009192,CUST00112,MER0082,cust00112@okhdfcbank,810.24,2025-05-21 07:56:30,SUCCESS,919574291182,Amazon Pay
TXN0009196,CUST01179,MER0137,cust01179@okhdfcbank,105.08,2025-03-19 06:09:36,success,984853179736,GPay
TXN0009202,CUST01285,MER0144,cust01285@okhdfcbank,491.92,2025-03-31 07:47:01,SUCCESS,911698225129,BHIM
TXN0009204,CUST01407,MER0120,cust01407@okhdfcbank,737.14,2025-01-10 13:10:36,Success,668559145835,Paytm
TXN0009206,CUST01528,MER0123,cust01528@okhdfcbank,416.69,2025-06-14 13:56:20,Success,800112260644,Amazon Pay
TXN0009207,CUST00971,MER0023,cust00971@okhdfcbank,1088.62,2025-04-16 06:11:12,SUCCESS,037567002075,Paytm
TXN0009213,CUST01674,MER0037,cust01674@okhdfcbank,473.36,2025-05-15 00:34:48,success,465276250384,GPay
TXN0009214,CUST01447,MER0123,cust01447@okhdfcbank,538.57,2025-02-11 07:15:37,success,883096749263,BHIM
TXN0009215,CUST01611,MER0035,cust01611@okhdfcbank,44.5,2025-02-10 20:13:27,Success,047973537341,Paytm
TXN0009216,CUST01159,MER0104,cust01159@okhdfcbank,391.37,2025-02-26 03:17:03,success,239352166175,PhonePe
TXN0009217,CUST00531,MER0011,cust00531@okhdfcbank,152.04,2025-02-06 03:01:28,SUCCESS,094571309519,Paytm
TXN0009220,CUST01563,MER0042,cust01563@okhdfcbank,321.71,2025-06-08 08:23:56,Success,259733246775,BHIM
TXN0009221,CUST00809,MER0118,cust00809@okhdfcbank,853.22,2025-03-15 00:34:34,success,744819699247,Paytm
TXN0009223,CUST00339,MER0113,cust00339@okhdfcbank,391.62,2025-04-02 22:11:36,success,102869183217,Paytm
TXN0009224,CUST01881,MER0061,cust01881@okhdfcbank,2285.38,2025-05-01 18:29:40,Success,694024920415,Paytm
TXN0009227,CUST00693,MER0037,cust00693@okhdfcbank,393.39,2025-01-10 01:47:48,SUCCESS,197630306065,BHIM
TXN0009229,CUST00374,MER0006,cust00374@okhdfcbank,346.7,2025-04-22 16:46:25,Success,346383800694,Amazon Pay
TXN0009231,CUST00134,MER0109,cust00134@okhdfcbank,1079.83,2025-04-30 18:43:01,success,309016715169,Amazon Pay
TXN0009232,CUST00387,MER0059,cust00387@okhdfcbank,99.21,2025-05-28 19:11:40,Success,570011696156,PhonePe
TXN0009234,CUST00572,MER0076,cust00572@okhdfcbank,193.28,2025-01-27 20:31:30,SUCCESS,058476176492,PhonePe
TXN0009236,CUST00145,MER0135,cust00145@okhdfcbank,504.83,2025-01-30 00:01:30,success,924001080983,Amazon Pay
TXN0009237,CUST01822,MER0003,cust01822@okhdfcbank,646.01,2025-06-05 06:51:02,Success,249989434656,PhonePe
TXN0009238,CUST01378,MER0124,cust01378@okhdfcbank,273.13,2025-03-06 08:25:59,success,266656226528,GPay
TXN0009239,CUST01680,MER0083,cust01680@okhdfcbank,701.21,2025-06-17 09:17:37,success,959309294441,GPay
TXN0009241,CUST00701,MER0033,cust00701@okhdfcbank,114.67,2025-06-24 02:55:15,SUCCESS,392343680170,Amazon Pay
TXN0009245,CUST01965,MER0057,cust01965@okhdfcbank,1724.7,2025-01-25 03:21:34,Success,991382452079,Paytm
TXN0009247,CUST01705,MER0101,cust01705@okhdfcbank,226.18,2025-06-03 03:09:13,Failed,923772522500,PhonePe
TXN0009248,CUST00583,MER0063,cust00583@okhdfcbank,301.64,2025-02-11 10:43:17,success,437112676578,Paytm
TXN0009249,CUST01380,MER0040,cust01380@okhdfcbank,297.54,2025-02-05 18:55:25,success,595944504746,GPay
TXN0009250,CUST01585,MER0111,cust01585@okhdfcbank,369.43,2025-05-02 10:39:12,Success,764042729992,GPay
TXN0009251,CUST01485,MER0039,cust01485@okhdfcbank,168.12,2025-06-27 09:44:08,success,383059319640,BHIM
TXN0009253,CUST00448,MER0053,cust00448@okhdfcbank,1060.62,2025-01-15 15:32:22,success,992253027935,GPay
TXN0009254,CUST00849,MER0130,cust00849@okhdfcbank,593.09,2025-05-16 21:30:24,success,745477068685,Amazon Pay
TXN0009256,CUST00823,MER0077,cust00823@okhdfcbank,494.04,2025-05-22 18:34:27,success,512938042650,GPay
TXN0009257,CUST00980,MER0008,cust00980@okhdfcbank,470.8,2025-06-29 17:12:13,success,510783839967,BHIM
TXN0009258,CUST01644,MER0114,cust01644@okhdfcbank,399.76,2025-01-01 16:04:24,SUCCESS,307747393468,Amazon Pay
TXN0009260,CUST00776,MER0009,cust00776@okhdfcbank,767.52,2025-03-07 01:29:01,PENDING,489571695084,GPay
TXN0009261,CUST01259,MER0081,cust01259@okhdfcbank,102.33,2025-02-02 21:46:02,Success,774086005509,BHIM
TXN0009262,CUST01278,MER0129,cust01278@okhdfcbank,432.01,2025-06-04 14:19:21,SUCCESS,378099937046,PhonePe
TXN0009266,CUST00110,MER0034,cust00110@okhdfcbank,267.53,2025-06-24 08:04:59,SUCCESS,428833213434,GPay
TXN0009267,CUST01016,MER0070,cust01016@okhdfcbank,438.45,2025-01-04 14:13:42,SUCCESS,547706277438,Paytm
TXN0009268,CUST01384,MER0112,cust01384@okhdfcbank,59.65,2025-04-02 21:28:17,success,490956849519,Paytm
TXN0009269,CUST01601,MER0094,cust01601@okhdfcbank,1303.48,2025-04-09 07:42:48,Pending,781630407196,Amazon Pay
TXN0009270,CUST00343,MER0110,cust00343@okhdfcbank,1001.92,2025-03-30 01:11:52,success,873522039279,GPay
TXN0009271,CUST00861,MER0036,cust00861@okhdfcbank,1556.33,2025-03-14 02:09:05,SUCCESS,129416685501,Amazon Pay
TXN0009272,CUST01166,MER0001,cust01166@okhdfcbank,2178.83,2025-06-13 11:20:22,Success,086392820719,GPay
TXN0009274,CUST01726,MER0011,cust01726@okhdfcbank,1197.56,2025-02-17 14:17:47,success,229438822465,PhonePe
TXN0009276,CUST00731,MER0104,cust00731@okhdfcbank,110.54,2025-06-21 11:15:22,success,802434345616,GPay
TXN0009277,CUST01957,MER0068,cust01957@okhdfcbank,415.21,2025-03-21 22:18:08,success,408092187945,GPay
TXN0009278,CUST01493,MER0019,cust01493@okhdfcbank,342.61,2025-02-24 21:35:30,SUCCESS,830658401351,GPay
TXN0009279,CUST01175,MER0115,cust01175@okhdfcbank,1159.17,2025-02-21 21:32:55,Success,388678781926,Paytm
TXN0009280,CUST00646,MER0125,cust00646@okhdfcbank,44.97,2025-05-06 09:07:41,success,781404746768,Amazon Pay
TXN0009281,CUST01201,MER0054,cust01201@okhdfcbank,3028.91,2025-01-21 06:56:44,Success,768541237852,GPay
TXN0009284,CUST01177,MER0139,cust01177@okhdfcbank,463.94,2025-05-18 11:50:00,success,075213854184,BHIM
TXN0009289,CUST00578,MER0054,cust00578@okhdfcbank,657.69,2025-01-28 18:04:00,success,805267549731,Paytm
TXN0009290,CUST01687,MER0107,cust01687@okhdfcbank,95.89,2025-05-31 12:07:23,Success,187918190053,GPay
TXN0009291,CUST01787,MER0112,cust01787@okhdfcbank,523.97,2025-02-27 14:15:03,Failed,580906333809,Amazon Pay
TXN0009292,CUST00444,MER0033,cust00444@okhdfcbank,217.3,2025-01-26 14:10:36,Success,138921176365,Paytm
TXN0009293,CUST01527,MER0057,cust01527@okhdfcbank,199.25,2025-04-25 15:49:30,SUCCESS,733929779530,BHIM
TXN0009300,CUST01262,MER0074,cust01262@okhdfcbank,1133.62,2025-04-20 04:54:12,SUCCESS,942945040615,GPay
TXN0009301,CUST01911,MER0087,cust01911@okhdfcbank,275.75,2025-02-14 06:27:23,success,838553931632,Paytm
TXN0009302,CUST00516,MER0005,cust00516@okhdfcbank,196.85,2025-01-01 19:01:54,success,753154238553,Paytm
TXN0009304,CUST01403,MER0116,cust01403@okhdfcbank,290.8,2025-03-26 20:16:32,Success,016078238913,PhonePe
TXN0009306,CUST01863,MER0050,cust01863@okhdfcbank,1920.06,2025-06-08 13:43:37,success,786420179346,PhonePe
TXN0009307,CUST01212,MER0136,cust01212@okhdfcbank,1488.22,2025-05-17 13:08:41,success,211373218473,PhonePe
TXN0009309,CUST00354,MER0042,cust00354@okhdfcbank,223.89,2025-03-08 05:12:44,Failed,621698623233,GPay
TXN0009310,CUST00815,MER0119,cust00815@okhdfcbank,1807.39,2025-05-25 23:03:01,Success,399739550778,PhonePe
TXN0009311,CUST01033,MER0126,cust01033@okhdfcbank,237.2,2025-01-13 11:15:31,SUCCESS,176964515167,GPay
TXN0009312,CUST01736,MER0132,cust01736@okhdfcbank,465.49,2025-05-31 08:44:18,Success,040307470415,Paytm
TXN0009314,CUST00923,MER0135,cust00923@okhdfcbank,-1560.92,2025-05-05 20:24:39,Success,295346608838,BHIM
TXN0009316,CUST01347,MER0140,cust01347@okhdfcbank,95.32,2025-06-14 15:07:40,success,669442857524,Amazon Pay
TXN0009318,CUST01070,MER0013,cust01070@okhdfcbank,3361.23,2025-03-16 15:31:31,SUCCESS,501229916086,PhonePe
TXN0009321,CUST01316,MER0095,cust01316@okhdfcbank,1222.04,2025-03-19 19:55:43,SUCCESS,580352331111,BHIM
TXN0009324,CUST00051,MER0084,cust00051@okhdfcbank,303.25,2025-04-11 01:32:12,Failed,516760551682,BHIM
TXN0009325,CUST00878,MER0114,cust00878@okhdfcbank,102.84,2025-05-02 01:52:13,Success,758837965581,GPay
TXN0009328,CUST01989,MER0001,cust01989@okhdfcbank,318.03,2025-06-16 06:43:19,Failed,507291168131,Amazon Pay
TXN0009329,CUST01272,MER0114,cust01272@okhdfcbank,180.94,2025-01-30 22:27:44,success,642389924904,BHIM
TXN0009333,CUST00172,MER0099,cust00172@okhdfcbank,355.27,2025-03-19 19:45:06,Success,919747833463,GPay
TXN0009335,CUST00661,MER0092,cust00661@okhdfcbank,209.84,2025-06-24 22:21:03,Success,763574646342,BHIM
TXN0009336,CUST00653,MER0116,cust00653@okhdfcbank,1257.42,2025-05-13 21:27:35,SUCCESS,608919726027,BHIM
TXN0009339,CUST00661,MER0084,cust00661@okhdfcbank,,2025-05-26 22:44:47,Success,515555540115,BHIM
TXN0009340,CUST01554,MER0092,cust01554@okhdfcbank,362.24,2025-06-22 12:33:30,success,375713516517,GPay
TXN0009342,CUST00964,MER0111,cust00964@okhdfcbank,181.97,2025-02-23 07:42:56,SUCCESS,723098008419,Paytm
TXN0009345,CUST01612,MER0107,cust01612@okhdfcbank,326.89,2025-06-06 23:12:53,SUCCESS,253857374823,Amazon Pay
TXN0009351,CUST00620,MER0067,cust00620@okhdfcbank,290.97,2025-01-14 08:13:00,Success,151870398724,GPay
TXN0009352,CUST01577,MER0132,cust01577@okhdfcbank,1455.17,2025-04-25 07:40:23,Success,772075523053,Paytm
TXN0009354,CUST00011,MER0037,cust00011@okhdfcbank,1909.01,2025-06-05 16:04:42,Success,308763224093,Paytm
TXN0009355,CUST01737,MER0052,cust01737@okhdfcbank,4499.54,2025-02-09 03:28:54,success,038643115536,Amazon Pay
TXN0009358,CUST00478,MER0082,cust00478@okhdfcbank,991.59,2025-06-09 08:11:25,SUCCESS,233181076239,Amazon Pay
TXN0009361,CUST00398,MER0012,cust00398@okhdfcbank,256.05,2025-06-21 05:56:14,Success,286526478381,GPay
TXN0009363,CUST01919,MER0069,cust01919@okhdfcbank,250.44,2025-01-30 21:08:46,Success,891930591713,GPay
TXN0009364,CUST01877,MER0055,cust01877@okhdfcbank,2962.15,2025-04-10 13:19:47,SUCCESS,486693349142,GPay
TXN0009365,CUST01317,MER0106,cust01317@okhdfcbank,1513.45,2025-01-12 19:10:36,Success,713999874824,Paytm
TXN0009366,CUST00356,MER0012,cust00356@okhdfcbank,765.77,2025-06-04 19:45:02,SUCCESS,338037245454,Paytm
TXN0009367,CUST01421,MER0086,cust01421@okhdfcbank,1110.25,2025-05-23 00:12:27,success,251559056778,BHIM
TXN0009372,CUST01578,MER0111,cust01578@okhdfcbank,1059.17,2025-05-04 21:09:21,Success,597675752476,GPay
TXN0009373,CUST00136,MER0122,cust00136@okhdfcbank,118.62,2025-04-26 19:18:59,Success,843324385453,Paytm
TXN0009375,CUST00998,MER0035,cust00998@okhdfcbank,1856.26,2025-06-13 05:56:39,success,647892455490,PhonePe
TXN0009376,CUST00559,MER0087,cust00559@okhdfcbank,180.0,2025-01-30 16:21:47,success,549144960874,Paytm
TXN0009378,CUST00743,MER0100,cust00743@okhdfcbank,1325.58,2025-04-29 07:58:36,SUCCESS,063009637685,GPay
TXN0009380,CUST00612,MER0082,cust00612@okhdfcbank,411.51,2025-06-27 13:17:12,FAILED,402712434286,BHIM
TXN0009381,CUST00087,MER0119,cust00087@okhdfcbank,402.59,2025-02-09 17:42:35,SUCCESS,528315920744,PhonePe
TXN0009382,CUST00725,MER0097,cust00725@okhdfcbank,697.57,2025-05-26 23:36:17,success,027467141543,BHIM
TXN0009384,CUST01174,MER0083,cust01174@okhdfcbank,552.32,2025-04-07 18:05:05,success,378160397857,Amazon Pay
TXN0009385,CUST01312,MER0058,cust01312@okhdfcbank,297.81,2025-04-22 06:32:48,SUCCESS,872775935787,Amazon Pay
TXN0009388,CUST01287,MER0141,cust01287@okhdfcbank,3287.51,2025-01-09 18:26:55,Success,396010500883,GPay
TXN0009389,CUST00288,MER0111,cust00288@okhdfcbank,336.55,2025-01-01 05:04:43,SUCCESS,890088771694,BHIM
TXN0009390,CUST00346,MER0065,cust00346@okhdfcbank,409.87,2025-02-22 11:31:31,Success,736498916367,GPay
TXN0009393,CUST01867,MER0136,cust01867@okhdfcbank,165.41,2025-04-27 14:22:04,Success,748949221390,Paytm
TXN0009395,CUST00575,MER0005,cust00575@okhdfcbank,40.13,2025-04-02 00:02:18,Success,635083336313,GPay
TXN0009396,CUST00392,MER0080,cust00392@okhdfcbank,375.58,2025-01-30 19:39:50,SUCCESS,323254457402,PhonePe
TXN0009397,CUST00084,MER0059,cust00084@okhdfcbank,1440.47,2025-01-19 17:06:44,Success,811523396453,Amazon Pay
TXN0009398,CUST01155,MER0113,cust01155@okhdfcbank,238.38,2025-05-10 03:04:05,SUCCESS,956829486264,GPay
TXN0009399,CUST00942,MER0121,cust00942@okhdfcbank,588.07,2025-02-25 11:28:16,SUCCESS,479937960797,GPay
TXN0009400,CUST01091,MER0112,cust01091@okhdfcbank,290.35,2025-03-31 09:02:27,Success,244613271573,PhonePe
TXN0009402,CUST00633,MER0018,cust00633@okhdfcbank,1301.78,2025-04-10 17:00:53,success,172800509249,Amazon Pay
TXN0009404,CUST01407,MER0134,cust01407@okhdfcbank,660.48,2025-05-21 03:03:38,Success,857166085825,Amazon Pay
TXN0009405,CUST00326,MER0052,cust00326@okhdfcbank,670.72,2025-01-01 17:12:47,Success,917546419404,Paytm
TXN0009406,CUST01026,MER0134,cust01026@okhdfcbank,210.23,2025-05-27 12:45:32,Pending,767709978000,PhonePe
TXN0009407,CUST01483,MER0034,cust01483@okhdfcbank,575.76,2025-06-12 22:29:06,Success,041122625291,Paytm
TXN0009408,CUST01242,MER0082,cust01242@okhdfcbank,193.46,2025-06-02 18:19:27,success,037991493268,Amazon Pay
TXN0009409,CUST01314,MER0134,cust01314@okhdfcbank,830.3,2025-06-19 16:09:56,failed,474926451773,GPay
TXN0009410,CUST00812,MER0132,cust00812@okhdfcbank,132.3,2025-06-06 12:08:35,SUCCESS,080845487799,BHIM
TXN0009411,CUST01921,MER0071,cust01921@okhdfcbank,350.86,2025-01-21 14:05:40,FAILED,287259655264,PhonePe
TXN0009414,CUST00880,MER0008,cust00880@okhdfcbank,566.82,2025-05-24 01:52:13,Success,377901126435,GPay
TXN0009415,CUST01317,MER0093,cust01317@okhdfcbank,1280.51,2025-05-21 07:25:39,success,703283401664,PhonePe
TXN0009416,CUST01124,MER0097,cust01124@okhdfcbank,858.07,2025-05-20 02:48:46,SUCCESS,308392563955,Amazon Pay
TXN0009418,CUST00861,MER0124,cust00861@okhdfcbank,353.56,2025-02-26 19:18:52,PENDING,682873550083,PhonePe
TXN0009419,CUST01901,MER0133,cust01901@okhdfcbank,1367.73,2025-02-10 17:40:41,SUCCESS,147808774318,Amazon Pay
TXN0009420,CUST00203,MER0114,cust00203@okhdfcbank,345.1,2025-02-07 08:58:27,SUCCESS,723102476855,Amazon Pay
TXN0009422,CUST00826,MER0047,cust00826@okhdfcbank,397.51,2025-06-13 18:38:33,SUCCESS,542045291619,Paytm
TXN0009424,CUST01874,MER0023,cust01874@okhdfcbank,98.83,2025-03-14 03:27:26,Success,788274076407,Amazon Pay
TXN0009427,CUST01108,MER0129,cust01108@okhdfcbank,1082.16,2025-01-30 01:05:58,success,295309572668,BHIM
TXN0009429,CUST00782,MER0093,cust00782@okhdfcbank,399.53,2025-06-09 13:24:37,success,031780047302,GPay
TXN0009432,CUST01713,MER0006,cust01713@okhdfcbank,2330.4,2025-03-23 15:14:43,Failed,327543558810,PhonePe
TXN0009434,CUST00943,MER0037,cust00943@okhdfcbank,395.49,2025-02-12 17:34:14,success,957172091618,Amazon Pay
TXN0009435,CUST01339,MER0122,cust01339@okhdfcbank,350.45,2025-01-24 02:47:59,Success,740660732445,BHIM
TXN0009436,CUST00923,MER0129,cust00923@okhdfcbank,531.32,2025-04-23 11:36:03,success,613418724014,BHIM
TXN0009438,CUST00966,MER0147,cust00966@okhdfcbank,508.17,2025-01-11 23:50:25,SUCCESS,590302486883,BHIM
TXN0009439,CUST00074,MER0110,cust00074@okhdfcbank,209.62,2025-03-03 10:20:13,success,246491434611,BHIM
TXN0009441,CUST01464,MER0139,cust01464@okhdfcbank,1724.42,2025-05-02 21:14:06,success,156299015373,Amazon Pay
TXN0009442,CUST01307,MER0115,cust01307@okhdfcbank,208.67,2025-01-11 19:14:56,success,056154268362,PhonePe
TXN0009443,CUST01375,MER0142,cust01375@okhdfcbank,956.79,2025-02-24 11:32:29,success,923041116423,Amazon Pay
TXN0009444,CUST01659,MER0120,cust01659@okhdfcbank,249.71,2025-03-28 17:26:17,Success,789694588701,Paytm
TXN0009445,CUST01190,MER0083,cust01190@okhdfcbank,138.84,2025-05-17 13:27:41,SUCCESS,128683020586,GPay
TXN0009446,CUST00532,MER0019,cust00532@okhdfcbank,902.53,2025-05-02 18:35:26,Success,227780397891,GPay
TXN0009449,CUST01075,MER0020,cust01075@okhdfcbank,811.82,2025-06-08 22:41:14,success,223852068973,BHIM
TXN0009450,CUST01800,MER0140,cust01800@okhdfcbank,850.88,2025-04-16 00:14:58,Success,858933209642,Paytm
TXN0009451,CUST01279,MER0011,cust01279@okhdfcbank,376.85,2025-06-13 16:37:54,FAILED,039519431155,GPay
TXN0009453,CUST00136,MER0091,cust00136@okhdfcbank,195.87,2025-04-24 05:50:29,success,441395013780,BHIM
TXN0009454,CUST00133,MER0083,cust00133@okhdfcbank,42.35,2025-04-06 22:43:52,success,159918638951,PhonePe
TXN0009456,CUST01190,MER0078,cust01190@okhdfcbank,581.49,2025-03-13 18:25:56,Success,521159768459,GPay
TXN0009457,CUST01045,MER0100,cust01045@okhdfcbank,267.71,2025-02-02 13:17:51,Success,918979283844,GPay
TXN0009460,CUST00908,MER0106,cust00908@okhdfcbank,518.92,2025-02-09 21:03:39,Success,570566156675,Amazon Pay
TXN0009462,CUST01966,MER0005,cust01966@okhdfcbank,428.99,2025-05-14 01:29:11,Success,783983396611,GPay
TXN0009464,CUST01216,MER0103,cust01216@okhdfcbank,480.89,2025-05-13 06:53:45,Success,099250836598,BHIM
TXN0009469,CUST01654,MER0140,cust01654@okhdfcbank,687.07,2025-01-20 08:57:14,Success,321064209420,Amazon Pay
TXN0009470,CUST00317,MER0146,cust00317@okhdfcbank,171.34,2025-05-06 15:25:41,success,412439194768,PhonePe
TXN0009471,CUST01617,MER0139,cust01617@okhdfcbank,1052.72,2025-04-12 13:19:55,success,880201077442,Paytm
TXN0009474,CUST01656,MER0007,cust01656@okhdfcbank,531.73,2025-05-06 23:53:17,failed,640642897464,BHIM
TXN0009479,CUST01201,MER0034,cust01201@okhdfcbank,1523.01,2025-02-12 14:41:34,success,652395880668,PhonePe
TXN0009480,CUST00986,MER0038,cust00986@okhdfcbank,765.93,2025-04-25 11:10:28,Success,868183927693,Amazon Pay
TXN0009481,CUST01137,MER0037,cust01137@okhdfcbank,189.29,2025-03-17 06:27:01,success,406133168879,Amazon Pay
TXN0009482,CUST01134,MER0060,cust01134@okhdfcbank,70.06,2025-02-13 11:28:00,success,294038046898,GPay
TXN0009487,CUST00091,MER0108,cust00091@okhdfcbank,273.37,2025-04-06 07:25:57,SUCCESS,555610873862,BHIM
TXN0009488,CUST00672,MER0118,cust00672@okhdfcbank,458.19,2025-04-10 05:35:02,success,817047874337,Amazon Pay
TXN0009489,CUST01258,MER0106,cust01258@okhdfcbank,1079.9,2025-06-17 10:23:11,Success,723054143276,BHIM
TXN0009490,CUST01063,MER0058,cust01063@okhdfcbank,492.54,2025-02-07 02:09:57,Success,240555663673,PhonePe
TXN0009491,CUST00693,MER0091,cust00693@okhdfcbank,524.23,2025-05-15 02:02:32,Success,501539045663,GPay
TXN0009492,CUST00914,MER0004,cust00914@okhdfcbank,393.52,2025-06-05 09:58:33,success,204704114420,Paytm
TXN0009493,CUST00998,MER0114,cust00998@okhdfcbank,299.06,2025-02-15 20:25:30,SUCCESS,624667953869,BHIM
TXN0009494,CUST01515,MER0026,cust01515@okhdfcbank,1205.01,2025-05-29 17:32:57,FAILED,897885314896,Amazon Pay
TXN0009496,CUST00662,MER0085,cust00662@okhdfcbank,3809.6,2025-03-08 01:44:36,success,369467600216,BHIM
TXN0009497,CUST01295,MER0011,cust01295@okhdfcbank,,2025-05-13 07:18:01,SUCCESS,951962686086,PhonePe
TXN0009498,CUST01729,MER0082,cust01729@okhdfcbank,299.34,2025-03-27 10:26:50,failed,393188261353,Amazon Pay
TXN0009500,CUST00261,MER0024,cust00261@okhdfcbank,1277.86,2025-04-12 21:44:02,Failed,668150097595,BHIM
TXN0009501,CUST00980,MER0057,cust00980@okhdfcbank,218.11,2025-04-11 07:25:45,Success,148295624434,BHIM
TXN0009505,CUST00638,MER0017,cust00638@okhdfcbank,170.76,2025-03-01 22:02:04,Success,050521196430,PhonePe
TXN0009506,CUST01819,MER0124,cust01819@okhdfcbank,1074.8,2025-01-10 23:34:13,success,612487420481,Amazon Pay
TXN0009507,CUST01335,MER0027,cust01335@okhdfcbank,143.5,2025-05-27 03:06:12,FAILED,581109752856,Paytm
TXN0009509,CUST00101,MER0051,cust00101@okhdfcbank,404.3,2025-03-19 18:54:51,success,172614391922,Paytm
TXN0009510,CUST01098,MER0114,cust01098@okhdfcbank,545.56,2025-01-23 02:29:24,success,535680367747,PhonePe
TXN0009511,CUST00665,MER0101,cust00665@okhdfcbank,331.69,2025-06-09 01:26:53,success,441841546273,BHIM
TXN0009512,CUST01914,MER0137,cust01914@okhdfcbank,324.0,2025-04-27 20:18:50,Success,002619493139,Paytm
TXN0009513,CUST00153,MER0010,cust00153@okhdfcbank,575.24,2025-04-24 03:56:54,SUCCESS,822109159687,Amazon Pay
TXN0009516,CUST01309,MER0078,cust01309@okhdfcbank,344.28,2025-06-06 04:17:37,Success,944404885889,PhonePe
TXN0009517,CUST01594,MER0069,cust01594@okhdfcbank,331.14,2025-03-11 08:29:18,Success,827728448377,PhonePe
TXN0009519,CUST02000,MER0122,cust02000@okhdfcbank,1241.67,2025-04-22 13:23:14,SUCCESS,623297903774,PhonePe
TXN0009520,CUST01660,MER0076,cust01660@okhdfcbank,352.67,2025-01-05 19:17:43,SUCCESS,990383510579,PhonePe
TXN0009521,CUST01874,MER0060,cust01874@okhdfcbank,392.81,2025-06-09 02:41:37,Success,362426839640,BHIM
TXN0009525,CUST01256,MER0082,cust01256@okhdfcbank,225.79,2025-04-04 03:52:15,SUCCESS,081666814049,Amazon Pay
TXN0009526,CUST00448,MER0128,cust00448@okhdfcbank,1679.22,2025-04-09 06:16:46,SUCCESS,124663944762,Amazon Pay
TXN0009528,CUST00244,MER0091,cust00244@okhdfcbank,2449.82,2025-04-24 01:40:41,success,696462693104,Amazon Pay
TXN0009531,CUST01864,MER0038,cust01864@okhdfcbank,40.48,2025-05-09 15:41:23,success,131080983795,PhonePe
TXN0009533,CUST01043,MER0101,cust01043@okhdfcbank,502.97,2025-04-19 15:44:23,success,195069239352,BHIM
TXN0009535,CUST00078,MER0035,cust00078@okhdfcbank,146.23,2025-04-20 16:47:14,SUCCESS,972481057264,Paytm
TXN0009536,CUST01700,MER0023,cust01700@okhdfcbank,237.75,2025-03-06 08:33:37,Success,360705547634,Amazon Pay
TXN0009539,CUST00359,MER0077,cust00359@okhdfcbank,563.25,2025-01-18 13:37:18,SUCCESS,224141066692,PhonePe
TXN0009541,CUST01127,MER0089,cust01127@okhdfcbank,724.49,2025-05-02 17:14:02,success,775744735684,GPay
TXN0009542,CUST01514,MER0066,cust01514@okhdfcbank,689.17,2025-04-15 09:08:14,success,060246792512,Paytm
TXN0009543,CUST00507,MER0150,cust00507@okhdfcbank,65.36,2025-03-26 01:16:33,success,876335794516,BHIM
TXN0009544,CUST01633,MER0100,cust01633@okhdfcbank,216.61,2025-01-05 15:41:22,Success,795440800303,GPay
TXN0009545,CUST01939,MER0120,cust01939@okhdfcbank,3843.74,2025-06-26 18:41:15,failed,406436743551,Paytm
TXN0009546,CUST00425,MER0077,cust00425@okhdfcbank,270.65,2025-02-26 15:07:36,SUCCESS,153756772131,BHIM
TXN0009547,CUST01628,MER0099,cust01628@okhdfcbank,1744.94,2025-06-14 09:15:03,Success,526828635268,Paytm
TXN0009548,CUST00965,MER0066,cust00965@okhdfcbank,267.51,2025-03-17 11:49:42,success,964274147272,PhonePe
TXN0009549,CUST00362,MER0032,cust00362@okhdfcbank,373.22,2025-03-09 01:34:23,SUCCESS,395896077481,GPay
TXN0009551,CUST01116,MER0073,cust01116@okhdfcbank,544.95,2025-05-07 06:37:32,Success,125232766408,GPay
TXN0009557,CUST00193,MER0104,cust00193@okhdfcbank,,2025-04-20 14:57:57,success,150522958672,PhonePe
TXN0009558,CUST01131,MER0019,cust01131@okhdfcbank,1390.3,2025-05-06 08:23:23,Success,278966075318,GPay
TXN0009562,CUST01822,MER0015,cust01822@okhdfcbank,161.51,2025-05-17 22:37:33,success,748717054088,Paytm
TXN0009564,CUST00417,MER0125,cust00417@okhdfcbank,561.6,2025-06-07 10:53:15,SUCCESS,814491525370,Amazon Pay
TXN0009565,CUST00922,MER0074,cust00922@okhdfcbank,1053.55,2025-01-06 00:22:43,success,227651435138,Amazon Pay
TXN0009566,CUST01508,MER0033,cust01508@okhdfcbank,169.26,2025-04-25 20:32:57,success,278044556572,BHIM
TXN0009569,CUST01305,MER0062,cust01305@okhdfcbank,701.94,2025-02-09 02:02:38,Success,045611758996,Amazon Pay
TXN0009571,CUST00311,MER0109,cust00311@okhdfcbank,506.75,2025-06-15 14:03:44,Success,764715598495,BHIM
TXN0009572,CUST01300,MER0090,cust01300@okhdfcbank,1186.51,2025-05-26 11:03:54,success,793774496028,Paytm
TXN0009573,CUST00061,MER0148,cust00061@okhdfcbank,311.44,2025-05-21 23:26:49,Success,297280393870,Paytm
TXN0009574,CUST01323,MER0150,cust01323@okhdfcbank,372.92,2025-03-16 15:45:50,success,890528988106,BHIM
TXN0009575,CUST01449,MER0048,cust01449@okhdfcbank,533.27,2025-01-23 15:16:44,Pending,482239764356,Amazon Pay
TXN0009576,CUST01143,MER0049,cust01143@okhdfcbank,145.5,2025-03-22 16:54:41,Success,556450638562,GPay
TXN0009579,CUST00892,MER0020,cust00892@okhdfcbank,2532.7,2025-01-01 06:58:13,SUCCESS,920673293542,GPay
TXN0009580,CUST00286,MER0081,cust00286@okhdfcbank,365.73,2025-05-25 23:26:01,success,966445742773,PhonePe
TXN0009581,CUST00808,MER0062,cust00808@okhdfcbank,601.85,2025-02-23 23:02:14,Failed,900189190951,GPay
TXN0009582,CUST00357,MER0009,cust00357@okhdfcbank,1234.74,2025-01-27 02:28:35,SUCCESS,828434910845,BHIM
TXN0009583,CUST01625,MER0033,cust01625@okhdfcbank,213.26,2025-01-26 22:48:18,success,733171787921,Amazon Pay
TXN0009584,CUST01393,MER0057,cust01393@okhdfcbank,1950.3,2025-02-22 04:04:08,Success,623863050285,Paytm
TXN0009587,CUST00897,MER0109,cust00897@okhdfcbank,287.31,2025-04-18 12:33:13,SUCCESS,656338165360,GPay
TXN0009588,CUST00453,MER0108,cust00453@okhdfcbank,2507.7,2025-04-05 19:16:48,SUCCESS,987409320860,Amazon Pay
TXN0009589,CUST00734,MER0005,cust00734@okhdfcbank,1091.85,2025-01-19 05:04:50,success,865128735029,Paytm
TXN0009591,CUST00307,MER0078,cust00307@okhdfcbank,2052.56,2025-02-23 14:37:03,SUCCESS,029225223616,Amazon Pay
TXN0009592,CUST01668,MER0104,cust01668@okhdfcbank,1846.4,2025-01-24 08:37:39,SUCCESS,830382440734,GPay
TXN0009594,CUST00337,MER0055,cust00337@okhdfcbank,631.9,2025-02-17 15:14:33,Success,515727519571,GPay
TXN0009595,CUST01592,MER0090,cust01592@okhdfcbank,877.25,2025-01-13 04:02:59,success,673486029309,GPay
TXN0009596,CUST00938,MER0078,cust00938@okhdfcbank,507.11,2025-06-15 08:07:12,failed,131392575312,Amazon Pay
TXN0009597,CUST00810,MER0093,cust00810@okhdfcbank,122.62,2025-03-26 07:53:46,SUCCESS,771247736021,BHIM
TXN0009598,CUST01806,MER0079,cust01806@okhdfcbank,192.82,2025-01-28 04:58:17,pending,612242320371,Paytm
TXN0009599,CUST01779,MER0097,cust01779@okhdfcbank,126.69,2025-06-07 23:26:46,Pending,462306684322,PhonePe
TXN0009600,CUST00108,MER0029,cust00108@okhdfcbank,806.68,2025-04-17 17:15:14,SUCCESS,704628929086,GPay
TXN0009601,CUST00786,MER0064,cust00786@okhdfcbank,150.75,2025-04-06 01:46:37,failed,100841797477,Paytm
TXN0009603,CUST00137,MER0146,cust00137@okhdfcbank,3077.6,2025-04-24 12:13:50,Success,223669321190,Amazon Pay
TXN0009604,CUST01603,MER0092,cust01603@okhdfcbank,2054.46,2025-05-23 17:38:49,Success,400474555622,GPay
TXN0009608,CUST01743,MER0068,cust01743@okhdfcbank,153.08,2025-06-07 15:41:41,Success,797164146726,Amazon Pay
TXN0009609,CUST00190,MER0077,cust00190@okhdfcbank,94.27,2025-04-29 00:48:50,success,521199118440,Amazon Pay
TXN0009612,CUST00006,MER0046,cust00006@okhdfcbank,1279.26,2025-05-25 06:24:11,FAILED,075619017706,PhonePe
TXN0009614,CUST00131,MER0054,cust00131@okhdfcbank,375.44,2025-06-11 12:12:20,Success,829586646612,Amazon Pay
TXN0009620,CUST01547,MER0062,cust01547@okhdfcbank,76.97,2025-02-15 07:50:24,Success,693826207408,GPay
TXN0009621,CUST00136,MER0065,cust00136@okhdfcbank,2206.21,2025-06-29 15:31:05,Success,295843935746,Paytm
TXN0009622,CUST00740,MER0071,cust00740@okhdfcbank,248.12,2025-03-15 09:28:13,SUCCESS,859401668831,Amazon Pay
TXN0009623,CUST01498,MER0022,cust01498@okhdfcbank,704.55,2025-03-14 13:59:38,success,307900382631,Paytm
TXN0009625,CUST00406,MER0039,cust00406@okhdfcbank,487.2,2025-03-11 10:31:40,Success,861110392500,GPay
TXN0009626,CUST00191,MER0030,cust00191@okhdfcbank,544.71,2025-02-20 15:01:01,Success,077490159239,PhonePe
TXN0009629,CUST01688,MER0082,cust01688@okhdfcbank,262.14,2025-02-11 11:42:37,Success,569918750483,Amazon Pay
TXN0009630,CUST00131,MER0035,cust00131@okhdfcbank,1119.53,2025-06-19 21:05:23,FAILED,561075703379,BHIM
TXN0009631,CUST01410,MER0003,cust01410@okhdfcbank,831.5,2025-02-26 05:13:46,success,885874766029,BHIM
TXN0009633,CUST00903,MER0127,cust00903@okhdfcbank,1102.87,2025-05-07 08:09:45,Success,767311445586,PhonePe
TXN0009635,CUST00107,MER0136,cust00107@okhdfcbank,1182.33,2025-06-06 04:44:04,Success,543987678672,GPay
TXN0009636,CUST00766,MER0129,cust00766@okhdfcbank,3501.56,2025-01-11 00:27:55,Success,713087047042,Amazon Pay
TXN0009638,CUST01427,MER0138,cust01427@okhdfcbank,371.99,2025-04-04 06:56:04,Success,589462734054,BHIM
TXN0009639,CUST01977,MER0063,cust01977@okhdfcbank,1410.3,2025-01-17 15:44:10,Failed,824714656403,GPay
TXN0009640,CUST00640,MER0053,cust00640@okhdfcbank,1991.52,2025-04-24 01:42:04,Success,163889218397,PhonePe
TXN0009641,CUST00173,MER0084,cust00173@okhdfcbank,203.72,2025-01-18 21:12:48,Pending,442488280623,Paytm
TXN0009642,CUST01922,MER0017,cust01922@okhdfcbank,313.26,2025-02-18 13:52:46,SUCCESS,167929378561,Amazon Pay
TXN0009643,CUST00469,MER0111,cust00469@okhdfcbank,968.19,2025-04-04 11:23:54,SUCCESS,113752810898,GPay
TXN0009644,CUST01096,MER0106,cust01096@okhdfcbank,431.8,2025-02-03 04:07:35,success,230719835592,BHIM
TXN0009645,CUST01293,MER0027,cust01293@okhdfcbank,189.74,2025-06-05 09:08:42,Success,325523177135,Amazon Pay
TXN0009648,CUST01376,MER0104,cust01376@okhdfcbank,352.7,2025-05-03 12:01:44,success,955607738237,Paytm
TXN0009650,CUST00678,MER0117,cust00678@okhdfcbank,276.84,2025-06-12 21:47:17,Success,443152611783,BHIM
TXN0009651,CUST00109,MER0105,cust00109@okhdfcbank,164.8,2025-05-05 17:24:14,success,095217026790,Amazon Pay
TXN0009652,CUST01123,MER0001,cust01123@okhdfcbank,299.75,2025-01-28 17:26:23,SUCCESS,393261253057,Paytm
TXN0009653,CUST01769,MER0110,cust01769@okhdfcbank,530.56,2025-06-09 14:38:57,Success,098466100416,BHIM
TXN0009654,CUST01185,MER0051,cust01185@okhdfcbank,112.72,2025-02-17 10:56:42,SUCCESS,235928302330,PhonePe
TXN0009655,CUST01894,MER0019,cust01894@okhdfcbank,322.46,2025-03-14 06:59:11,SUCCESS,217097933043,Paytm
TXN0009658,CUST00828,MER0009,cust00828@okhdfcbank,360.47,2025-01-11 06:02:13,Success,651996773032,BHIM
TXN0009662,CUST01425,MER0005,cust01425@okhdfcbank,855.92,2025-05-12 03:02:00,success,014701063133,Paytm
TXN0009663,CUST00669,MER0036,cust00669@okhdfcbank,351.46,2025-02-02 15:52:02,Success,355709798176,Amazon Pay
TXN0009664,CUST00591,MER0025,cust00591@okhdfcbank,32.77,2025-01-19 14:38:08,success,817395333399,PhonePe
TXN0009665,CUST00593,MER0040,cust00593@okhdfcbank,19764.14,2025-01-06 07:16:00,success,031183390819,BHIM
TXN0009667,CUST00646,MER0020,cust00646@okhdfcbank,538.72,2025-02-19 17:29:13,failed,927733573199,Amazon Pay
TXN0009668,CUST00655,MER0145,cust00655@okhdfcbank,105.49,2025-01-28 12:13:06,Success,317421705910,BHIM
TXN0009671,CUST01739,MER0133,cust01739@okhdfcbank,689.64,2025-01-28 07:28:27,SUCCESS,079699647882,BHIM
TXN0009673,CUST00570,MER0010,cust00570@okhdfcbank,624.8,2025-01-07 02:50:02,Success,245856322453,BHIM
TXN0009674,CUST00655,MER0060,cust00655@okhdfcbank,150.51,2025-06-18 18:07:03,Success,488490852046,GPay
TXN0009675,CUST01203,MER0034,cust01203@okhdfcbank,40.27,2025-02-05 18:23:02,Success,027540435041,Amazon Pay
TXN0009678,CUST00057,MER0025,cust00057@okhdfcbank,139.41,2025-05-09 18:59:30,success,294371959262,Paytm
TXN0009679,CUST01514,MER0012,cust01514@okhdfcbank,1127.84,2025-06-15 02:51:17,Success,581610771309,Paytm
TXN0009680,CUST00155,MER0030,cust00155@okhdfcbank,101.94,2025-05-28 05:18:12,success,050575585694,Paytm
TXN0009681,CUST00426,MER0066,cust00426@okhdfcbank,913.21,2025-04-14 17:28:58,Success,984069308626,GPay
TXN0009682,CUST00629,MER0054,cust00629@okhdfcbank,120.28,2025-02-13 10:10:41,success,377400417053,BHIM
TXN0009683,CUST01180,MER0026,cust01180@okhdfcbank,563.46,2025-02-07 08:50:59,SUCCESS,772431376937,BHIM
TXN0009686,CUST00440,MER0041,cust00440@okhdfcbank,2670.23,2025-02-17 05:39:34,Success,349544324239,Paytm
TXN0009687,CUST01502,MER0066,cust01502@okhdfcbank,3353.92,2025-03-07 03:42:24,Success,459117232926,GPay
TXN0009688,CUST01705,MER0106,cust01705@okhdfcbank,624.64,2025-05-12 21:39:01,FAILED,316329750226,PhonePe
TXN0009689,CUST00581,MER0086,cust00581@okhdfcbank,846.73,2025-01-25 12:19:22,SUCCESS,096846164138,Paytm
TXN0009692,CUST01583,MER0077,cust01583@okhdfcbank,762.99,2025-04-29 08:03:55,success,444134434280,PhonePe
TXN0009693,CUST00907,MER0110,cust00907@okhdfcbank,291.76,2025-06-03 23:53:12,success,205503032007,BHIM
TXN0009695,CUST01196,MER0132,cust01196@okhdfcbank,122.72,2025-03-25 12:10:15,success,332994330225,BHIM
TXN0009697,CUST01527,MER0014,cust01527@okhdfcbank,680.25,2025-05-22 16:34:00,Success,728272221786,GPay
TXN0009699,CUST00896,MER0117,cust00896@okhdfcbank,1742.94,2025-05-04 15:02:18,Success,132138131497,PhonePe
TXN0009702,CUST01356,MER0147,cust01356@okhdfcbank,532.29,2025-04-17 19:52:06,pending,671122796490,Amazon Pay
TXN0009705,CUST00829,MER0024,cust00829@okhdfcbank,187.79,2025-03-06 23:23:16,Success,144941929050,Amazon Pay
TXN0009706,CUST01410,MER0046,cust01410@okhdfcbank,216.4,2025-03-16 11:55:50,Success,572263567246,Paytm
TXN0009707,CUST01966,MER0104,cust01966@okhdfcbank,225.0,2025-03-14 00:38:30,FAILED,148031357760,BHIM
TXN0009708,CUST01668,MER0086,cust01668@okhdfcbank,491.29,2025-04-20 06:28:04,SUCCESS,065412902390,BHIM
TXN0009709,CUST01735,MER0017,cust01735@okhdfcbank,103.95,2025-02-21 22:41:31,success,076200823617,GPay
TXN0009711,CUST00758,MER0064,cust00758@okhdfcbank,564.27,2025-06-19 09:23:13,SUCCESS,045221294909,Amazon Pay
TXN0009713,CUST01269,MER0107,cust01269@okhdfcbank,595.99,2025-03-22 20:58:47,success,022094015776,GPay
TXN0009714,CUST00615,MER0027,cust00615@okhdfcbank,471.05,2025-02-21 18:27:03,success,852984443410,BHIM
TXN0009715,CUST00969,MER0095,cust00969@okhdfcbank,6117.75,2025-02-12 13:25:54,Success,743628872445,BHIM
TXN0009716,CUST00511,MER0104,cust00511@okhdfcbank,559.33,2025-06-14 20:36:29,success,771414071397,PhonePe
TXN0009717,CUST01192,MER0095,cust01192@okhdfcbank,337.28,2025-01-31 22:10:38,SUCCESS,294939614476,PhonePe
TXN0009718,CUST00591,MER0114,cust00591@okhdfcbank,545.19,2025-05-31 23:12:05,Success,645333854670,Paytm
TXN0009719,CUST01944,MER0070,cust01944@okhdfcbank,1366.43,2025-06-29 09:14:18,SUCCESS,036107144932,BHIM
TXN0009722,CUST01432,MER0105,cust01432@okhdfcbank,732.19,2025-01-25 17:10:34,success,714510293465,GPay
TXN0009725,CUST00594,MER0052,cust00594@okhdfcbank,2437.97,2025-06-20 09:07:08,SUCCESS,465413890316,BHIM
TXN0009728,CUST00212,MER0087,cust00212@okhdfcbank,357.98,2025-04-03 04:49:35,failed,343707990770,Amazon Pay
TXN0009729,CUST00168,MER0041,cust00168@okhdfcbank,59.49,2025-05-05 11:03:37,success,222323828276,BHIM
TXN0009730,CUST00938,MER0108,cust00938@okhdfcbank,565.32,2025-02-08 03:49:46,success,358584461142,Amazon Pay
TXN0009731,CUST01526,MER0141,cust01526@okhdfcbank,1829.98,2025-02-13 14:44:15,success,793404615995,Paytm
TXN0009733,CUST00587,MER0106,cust00587@okhdfcbank,572.34,2025-04-17 12:19:45,SUCCESS,447928747105,PhonePe
TXN0009738,CUST01247,MER0140,cust01247@okhdfcbank,816.42,2025-06-02 21:12:48,Success,623779045387,GPay
TXN0009739,CUST01347,MER0020,cust01347@okhdfcbank,109.34,2025-03-22 15:20:51,Success,266918797908,PhonePe
TXN0009741,CUST01939,MER0129,cust01939@okhdfcbank,1120.04,2025-01-17 04:13:02,success,242249257649,Paytm
TXN0009742,CUST00208,MER0101,cust00208@okhdfcbank,577.12,2025-06-24 04:01:49,Success,201647412075,Paytm
TXN0009745,CUST00502,MER0006,cust00502@okhdfcbank,2150.82,2025-04-07 12:40:00,Success,494315534842,GPay
TXN0009748,CUST00341,MER0002,cust00341@okhdfcbank,167.31,2025-01-19 12:41:02,Success,926753957450,BHIM
TXN0009749,CUST00561,MER0138,cust00561@okhdfcbank,1589.86,2025-04-30 03:19:30,Success,102331025029,Paytm
TXN0009751,CUST01852,MER0005,cust01852@okhdfcbank,267.41,2025-04-18 22:49:50,Success,110140307585,Amazon Pay
TXN0009752,CUST01836,MER0036,cust01836@okhdfcbank,921.0,2025-03-17 01:40:29,Success,512411202498,Amazon Pay
TXN0009753,CUST01499,MER0071,cust01499@okhdfcbank,882.9,2025-04-22 10:17:31,SUCCESS,037043106621,PhonePe
TXN0009755,CUST00585,MER0102,cust00585@okhdfcbank,3851.82,2025-06-02 04:33:35,success,761261289067,PhonePe
TXN0009756,CUST00403,MER0077,cust00403@okhdfcbank,3024.04,2025-06-02 01:01:53,SUCCESS,826291077438,GPay
TXN0009757,CUST01584,MER0114,cust01584@okhdfcbank,902.38,2025-03-19 01:30:15,success,227973739342,BHIM
TXN0009759,CUST00570,MER0037,cust00570@okhdfcbank,685.25,2025-05-26 09:01:58,success,140518577812,Paytm
TXN0009762,CUST01538,MER0104,cust01538@okhdfcbank,544.32,2025-02-09 19:54:15,success,481063665171,Paytm
TXN0009766,CUST01652,MER0077,cust01652@okhdfcbank,164.47,2025-01-03 04:53:10,Pending,021948835457,PhonePe
TXN0009770,CUST00848,MER0099,cust00848@okhdfcbank,591.61,2025-05-20 12:56:36,success,739649715894,GPay
TXN0009772,CUST00840,MER0116,cust00840@okhdfcbank,292.89,2025-05-11 12:50:30,Pending,494842686785,PhonePe
TXN0009773,CUST00053,MER0106,cust00053@okhdfcbank,968.98,2025-05-13 10:00:53,SUCCESS,978207137108,PhonePe
TXN0009774,CUST01821,MER0141,cust01821@okhdfcbank,476.38,2025-02-13 12:49:51,SUCCESS,322529279926,BHIM
TXN0009776,CUST00215,MER0100,cust00215@okhdfcbank,136.67,2025-01-21 20:41:19,Success,416803683442,BHIM
TXN0009777,CUST00348,MER0090,cust00348@okhdfcbank,163.27,2025-06-02 11:36:38,pending,578075672129,Paytm
TXN0009779,CUST00233,MER0103,cust00233@okhdfcbank,542.51,2025-05-31 16:45:05,SUCCESS,459362317983,BHIM
TXN0009781,CUST00558,MER0150,cust00558@okhdfcbank,876.41,2025-01-07 13:55:35,Success,786694699380,BHIM
TXN0009782,CUST01560,MER0021,cust01560@okhdfcbank,194.29,2025-02-07 19:18:32,FAILED,495813020954,GPay
TXN0009785,CUST01364,MER0108,cust01364@okhdfcbank,334.19,2025-06-11 19:08:12,success,007354216257,Amazon Pay
TXN0009787,CUST00561,MER0137,cust00561@okhdfcbank,1752.93,2025-06-04 06:56:43,SUCCESS,317808666557,PhonePe
TXN0009788,CUST00206,MER0073,cust00206@okhdfcbank,1064.67,2025-01-09 20:28:01,success,216683274127,GPay
TXN0009789,CUST01691,MER0145,cust01691@okhdfcbank,839.86,2025-04-16 22:11:32,success,012024784834,GPay
TXN0009790,CUST01633,MER0068,cust01633@okhdfcbank,615.23,2025-01-18 04:57:24,SUCCESS,946780088664,BHIM
TXN0009791,CUST01492,MER0016,cust01492@okhdfcbank,319.2,2025-01-14 19:37:26,success,272480693943,GPay
TXN0009792,CUST01772,MER0112,cust01772@okhdfcbank,209.78,2025-04-06 20:27:13,Success,479177456281,Amazon Pay
TXN0009793,CUST01230,MER0056,cust01230@okhdfcbank,148.84,2025-01-08 07:40:54,Success,655826735571,BHIM
TXN0009794,CUST00152,MER0065,cust00152@okhdfcbank,246.04,2025-06-26 10:53:39,SUCCESS,208049847842,GPay
TXN0009795,CUST01115,MER0024,cust01115@okhdfcbank,472.05,2025-01-21 03:24:52,failed,521035315696,BHIM
TXN0009799,CUST01344,MER0042,cust01344@okhdfcbank,331.19,2025-06-23 12:37:37,success,131206718274,BHIM
TXN0009802,CUST00855,MER0031,cust00855@okhdfcbank,335.72,2025-03-20 11:42:02,Success,680402844870,GPay
TXN0009803,CUST01876,MER0140,cust01876@okhdfcbank,46.88,2025-01-07 09:41:58,success,615339737356,Amazon Pay
TXN0009810,CUST00405,MER0020,cust00405@okhdfcbank,350.45,2025-03-24 14:49:13,SUCCESS,301533364345,BHIM
TXN0009811,CUST00126,MER0123,cust00126@okhdfcbank,372.91,2025-04-20 19:18:03,SUCCESS,113458549309,Paytm
TXN0009813,CUST01715,MER0026,cust01715@okhdfcbank,186.12,2025-02-09 21:16:29,SUCCESS,969149077989,BHIM
TXN0009818,CUST00277,MER0026,cust00277@okhdfcbank,206.01,2025-04-24 04:49:19,success,830090249309,Amazon Pay
TXN0009819,CUST01397,MER0080,cust01397@okhdfcbank,2010.08,2025-06-29 20:30:40,PENDING,966547457230,Amazon Pay
TXN0009820,CUST01736,MER0005,cust01736@okhdfcbank,1003.47,2025-01-27 06:49:03,failed,433726697483,GPay
TXN0009824,CUST00245,MER0034,cust00245@okhdfcbank,391.23,2025-06-13 04:28:02,SUCCESS,547718843103,PhonePe
TXN0009825,CUST01093,MER0118,cust01093@okhdfcbank,326.83,2025-06-15 06:20:26,Success,747102753902,PhonePe
TXN0009827,CUST01861,MER0125,cust01861@okhdfcbank,190.04,2025-05-16 09:11:21,SUCCESS,831225227540,BHIM
TXN0009828,CUST00154,MER0055,cust00154@okhdfcbank,2790.5,2025-03-26 16:33:31,success,438955768087,Paytm
TXN0009831,CUST00385,MER0019,cust00385@okhdfcbank,982.94,2025-02-16 09:05:05,success,937506949294,Paytm
TXN0009833,CUST01881,MER0128,cust01881@okhdfcbank,3011.05,2025-02-28 13:51:46,Success,848065231821,Amazon Pay
TXN0009835,CUST00777,MER0032,cust00777@okhdfcbank,455.01,2025-06-01 22:30:56,Success,096366844315,GPay
TXN0009836,CUST01183,MER0074,cust01183@okhdfcbank,302.16,2025-02-02 21:05:05,PENDING,822459173414,PhonePe
TXN0009838,CUST00714,MER0073,cust00714@okhdfcbank,701.74,2025-06-20 07:00:58,success,835238130910,BHIM
TXN0009843,CUST00380,MER0100,cust00380@okhdfcbank,347.35,2025-01-13 21:34:58,success,946920708609,Paytm
TXN0009845,CUST00343,MER0083,cust00343@okhdfcbank,415.37,2025-02-04 01:53:27,success,085828743767,GPay
TXN0009846,CUST01552,MER0128,cust01552@okhdfcbank,572.56,2025-05-24 14:45:22,Success,815660975192,Amazon Pay
TXN0009848,CUST00285,MER0094,cust00285@okhdfcbank,314.04,2025-02-24 22:51:20,success,765347644562,PhonePe
TXN0009850,CUST00956,MER0150,cust00956@okhdfcbank,690.38,2025-04-16 09:38:51,Success,815615974563,GPay
TXN0009853,CUST00800,MER0073,cust00800@okhdfcbank,81.52,2025-04-09 09:18:59,success,684904245973,Paytm
TXN0009856,CUST01211,MER0088,cust01211@okhdfcbank,737.56,2025-03-26 00:27:44,FAILED,018430192016,Amazon Pay
TXN0009857,CUST00925,MER0090,cust00925@okhdfcbank,1167.11,2025-05-09 19:42:19,success,347397656808,PhonePe
TXN0009859,CUST01594,MER0130,cust01594@okhdfcbank,98.49,2025-02-27 12:35:44,success,689210017765,GPay
TXN0009860,CUST01816,MER0038,cust01816@okhdfcbank,464.89,2025-06-15 09:23:08,success,410712693856,Amazon Pay
TXN0009862,CUST01484,MER0023,cust01484@okhdfcbank,555.07,2025-03-30 11:38:41,Success,423625018675,GPay
TXN0009866,CUST01790,MER0003,cust01790@okhdfcbank,151.95,2025-04-03 12:14:09,pending,325857674948,GPay
TXN0009867,CUST00047,MER0011,cust00047@okhdfcbank,1175.09,2025-01-17 02:49:21,SUCCESS,209665182173,Amazon Pay
TXN0009868,CUST00603,MER0071,cust00603@okhdfcbank,883.91,2025-01-22 14:22:36,SUCCESS,513725482395,GPay
TXN0009870,CUST01677,MER0097,cust01677@okhdfcbank,448.87,2025-04-09 21:14:56,Success,482648010299,GPay
TXN0009871,CUST01328,MER0108,cust01328@okhdfcbank,279.65,2025-06-17 05:13:50,SUCCESS,666370270506,BHIM
TXN0009872,CUST00369,MER0067,cust00369@okhdfcbank,99.33,2025-01-08 20:51:40,Success,338179842065,BHIM
TXN0009873,CUST01613,MER0132,cust01613@okhdfcbank,119.72,2025-03-28 10:13:18,success,806540601234,PhonePe
TXN0009874,CUST01594,MER0027,cust01594@okhdfcbank,138.94,2025-06-20 06:52:39,success,822426425858,GPay
TXN0009876,CUST01665,MER0106,cust01665@okhdfcbank,311.7,2025-03-21 10:54:28,SUCCESS,370001206168,GPay
TXN0009877,CUST01109,MER0016,cust01109@okhdfcbank,188.82,2025-05-11 13:13:07,Success,160823408883,Paytm
TXN0009878,CUST00557,MER0026,cust00557@okhdfcbank,332.99,2025-04-05 08:16:42,SUCCESS,342679636704,Amazon Pay
TXN0009881,CUST01475,MER0029,cust01475@okhdfcbank,1341.94,2025-01-24 15:13:52,success,414525636586,Paytm
TXN0009883,CUST00470,MER0037,cust00470@okhdfcbank,2446.85,2025-04-18 05:30:16,failed,554473903673,PhonePe
TXN0009885,CUST01139,MER0040,cust01139@okhdfcbank,302.2,2025-02-25 03:06:34,SUCCESS,023026876099,GPay
TXN0009889,CUST01211,MER0077,cust01211@okhdfcbank,757.46,2025-01-07 04:53:48,SUCCESS,145046854450,Amazon Pay
TXN0009890,CUST00003,MER0070,cust00003@okhdfcbank,908.39,2025-01-18 22:00:24,Success,779319927187,PhonePe
TXN0009892,CUST00927,MER0030,cust00927@okhdfcbank,7584.72,2025-02-14 07:21:48,SUCCESS,302751129192,BHIM
TXN0009896,CUST00653,MER0114,cust00653@okhdfcbank,904.27,2025-01-29 06:37:59,SUCCESS,388655931813,PhonePe
TXN0009900,CUST00241,MER0093,cust00241@okhdfcbank,2487.46,2025-04-06 00:39:11,Success,651763083626,Amazon Pay
TXN0009901,CUST01140,MER0011,cust01140@okhdfcbank,602.83,2025-04-27 06:35:12,success,762227188138,Amazon Pay
TXN0009902,CUST01555,MER0119,cust01555@okhdfcbank,113.29,2025-04-12 18:54:23,SUCCESS,504165415071,GPay
TXN0009903,CUST00493,MER0008,cust00493@okhdfcbank,15.59,2025-01-25 18:46:44,Success,004200957295,BHIM
TXN0009906,CUST01274,MER0074,cust01274@okhdfcbank,445.99,2025-06-26 17:03:48,Success,012292583188,Amazon Pay
TXN0009908,CUST00618,MER0020,cust00618@okhdfcbank,204.2,2025-04-30 02:01:09,success,569188861765,GPay
TXN0009909,CUST00682,MER0033,cust00682@okhdfcbank,,2025-06-02 18:01:25,SUCCESS,044346368238,Amazon Pay
TXN0009910,CUST01561,MER0131,cust01561@okhdfcbank,250.92,2025-05-28 18:17:10,Success,694657651313,GPay
TXN0009911,CUST01857,MER0025,cust01857@okhdfcbank,1070.88,2025-05-08 08:11:11,success,944447724191,GPay
TXN0009913,CUST01139,MER0105,cust01139@okhdfcbank,147.23,2025-06-05 07:39:08,success,563024073431,PhonePe
TXN0009915,CUST01288,MER0033,cust01288@okhdfcbank,719.91,2025-04-17 21:59:40,success,423341966742,PhonePe
TXN0009917,CUST01314,MER0131,cust01314@okhdfcbank,1390.11,2025-05-11 21:41:43,SUCCESS,142003959329,PhonePe
TXN0009918,CUST01138,MER0058,cust01138@okhdfcbank,180.75,2025-01-05 09:11:49,FAILED,389767050762,PhonePe
TXN0009919,CUST00790,MER0057,cust00790@okhdfcbank,1325.19,2025-05-27 19:15:21,success,506329825573,GPay
TXN0009920,CUST00706,MER0128,cust00706@okhdfcbank,83.41,2025-06-27 05:36:54,Success,976630166487,PhonePe
TXN0009921,CUST01146,MER0007,cust01146@okhdfcbank,402.27,2025-05-11 19:36:58,SUCCESS,614298549953,Amazon Pay
TXN0009925,CUST01908,MER0062,cust01908@okhdfcbank,1856.96,2025-06-09 14:53:15,Success,189083976891,BHIM
TXN0009926,CUST01476,MER0104,cust01476@okhdfcbank,,2025-04-26 18:46:44,SUCCESS,904397816428,GPay
TXN0009927,CUST01180,MER0004,cust01180@okhdfcbank,187.72,2025-03-03 22:21:06,Success,360998365746,PhonePe
TXN0009932,CUST01574,MER0006,cust01574@okhdfcbank,1224.62,2025-04-16 18:37:53,failed,806512448387,Paytm
TXN0009933,CUST01556,MER0072,cust01556@okhdfcbank,110.54,2025-02-06 05:29:26,Success,124900584294,GPay
TXN0009934,CUST01180,MER0001,cust01180@okhdfcbank,687.06,2025-06-11 23:15:37,Success,941392531409,PhonePe
TXN0009935,CUST00859,MER0111,cust00859@okhdfcbank,85.22,2025-04-20 23:47:44,success,452402559140,BHIM
TXN0009936,CUST01306,MER0013,cust01306@okhdfcbank,191.74,2025-05-14 21:09:54,success,374780208970,Paytm
TXN0009937,CUST00611,MER0092,cust00611@okhdfcbank,297.5,2025-06-23 13:42:14,SUCCESS,303594116494,Paytm
TXN0009942,CUST00479,MER0116,cust00479@okhdfcbank,289.86,2025-05-27 19:53:45,SUCCESS,765971060920,PhonePe
TXN0009943,CUST00560,MER0096,cust00560@okhdfcbank,1721.0,2025-03-28 05:25:59,success,227871126639,Paytm
TXN0009945,CUST00652,MER0037,cust00652@okhdfcbank,1052.74,2025-03-28 05:55:57,SUCCESS,878737695811,Paytm
TXN0009946,CUST00849,MER0024,cust00849@okhdfcbank,492.23,2025-06-29 21:32:22,Success,763017816157,BHIM
TXN0009947,CUST00457,MER0108,cust00457@okhdfcbank,277.12,2025-05-09 21:54:54,failed,084449489637,Amazon Pay
TXN0009948,CUST01148,MER0018,cust01148@okhdfcbank,145.84,2025-02-28 00:41:58,success,423805652658,Paytm
TXN0009949,CUST01204,MER0142,cust01204@okhdfcbank,156.61,2025-01-12 09:01:53,success,030805897789,GPay
TXN0009950,CUST00287,MER0092,cust00287@okhdfcbank,235.42,2025-02-12 17:03:02,SUCCESS,535056529761,Amazon Pay
TXN0009951,CUST01301,MER0006,cust01301@okhdfcbank,424.09,2025-04-10 10:13:28,SUCCESS,457902498176,Amazon Pay
TXN0009953,CUST00817,MER0042,cust00817@okhdfcbank,364.95,2025-05-05 07:18:16,SUCCESS,127961805931,PhonePe
TXN0009954,CUST01256,MER0102,cust01256@okhdfcbank,390.21,2025-02-27 10:20:45,FAILED,657603109837,Paytm
TXN0009955,CUST00552,MER0078,cust00552@okhdfcbank,453.05,2025-03-31 06:58:20,success,440997126426,PhonePe
TXN0009956,CUST01585,MER0128,cust01585@okhdfcbank,793.76,2025-06-16 22:24:18,Success,299919781147,Amazon Pay
TXN0009960,CUST00289,MER0065,cust00289@okhdfcbank,1681.44,2025-02-03 19:24:22,Pending,058780736095,PhonePe
TXN0009963,CUST01453,MER0033,cust01453@okhdfcbank,415.36,2025-03-01 18:31:05,Success,296220678003,PhonePe
TXN0009964,CUST00227,MER0085,cust00227@okhdfcbank,279.59,2025-03-08 09:52:22,SUCCESS,765054359191,Amazon Pay
TXN0009965,CUST00506,MER0102,cust00506@okhdfcbank,2418.21,2025-04-27 13:50:45,success,060110801942,BHIM
TXN0009968,CUST01901,MER0008,cust01901@okhdfcbank,495.53,2025-03-16 14:22:28,Success,814281785337,PhonePe
TXN0009970,CUST00776,MER0004,cust00776@okhdfcbank,276.66,2025-02-01 11:40:51,success,749220202348,BHIM
TXN0009971,CUST00569,MER0043,cust00569@okhdfcbank,279.75,2025-03-13 15:18:14,SUCCESS,655844870593,PhonePe
TXN0009974,CUST01346,MER0037,cust01346@okhdfcbank,896.04,2025-05-01 12:07:28,pending,478227048463,BHIM
TXN0009975,CUST01628,MER0087,cust01628@okhdfcbank,718.15,2025-05-12 04:47:15,SUCCESS,208495447621,Amazon Pay
TXN0009976,CUST01229,MER0075,cust01229@okhdfcbank,129.49,2025-03-11 16:17:54,Failed,031566383323,GPay
TXN0009977,CUST00372,MER0057,cust00372@okhdfcbank,220.0,2025-06-14 17:28:26,Success,946061427315,GPay
TXN0009981,CUST00042,MER0036,cust00042@okhdfcbank,440.59,2025-04-28 11:58:27,success,757014446823,PhonePe
TXN0009983,CUST00324,MER0026,cust00324@okhdfcbank,747.42,2025-04-05 06:00:06,success,983838384283,BHIM
TXN0009987,CUST01110,MER0046,cust01110@okhdfcbank,880.12,2025-06-25 18:24:35,Failed,531286717662,Paytm
TXN0009988,CUST00245,MER0092,cust00245@okhdfcbank,49.29,2025-05-13 21:59:14,SUCCESS,269544454676,PhonePe
TXN0009989,CUST00494,MER0046,cust00494@okhdfcbank,576.73,2025-06-24 17:35:29,success,251946855125,Amazon Pay
TXN0009991,CUST00430,MER0122,cust00430@okhdfcbank,596.35,2025-06-16 16:36:37,SUCCESS,327460693125,Paytm
TXN0009992,CUST01709,MER0002,cust01709@okhdfcbank,695.41,2025-03-18 22:29:46,Success,325795362339,PhonePe
TXN0009993,CUST00454,MER0033,cust00454@okhdfcbank,93.47,2025-06-09 02:42:43,success,613924840430,Amazon Pay
TXN0009995,CUST00249,MER0060,cust00249@okhdfcbank,575.69,2025-04-24 20:40:46,Success,494064769538,BHIM
TXN0009999,CUST00379,MER0039,cust00379@okhdfcbank,169.25,2025-01-09 18:06:11,success,539617539202,Paytm
TXN0010000,CUST00857,MER0025,cust00857@okhdfcbank,124.21,2025-05-11 09:03:52,Success,900968512808,PhonePe
TXN0010001,CUST01199,MER0013,cust01199@okhdfcbank,857.52,2025-01-21 15:07:40,SUCCESS,076933731754,GPay
TXN0010002,CUST01181,MER0062,cust01181@okhdfcbank,438.97,2025-05-05 20:32:11,success,546863883831,Amazon Pay
TXN0010003,CUST00499,MER0055,cust00499@okhdfcbank,467.9,2025-03-14 13:26:12,Success,769879198646,GPay
TXN0010005,CUST00998,MER0022,cust00998@okhdfcbank,476.47,2025-04-28 05:27:32,success,881604610407,Paytm
TXN0010007,CUST01324,MER0006,cust01324@okhdfcbank,78.11,2025-02-05 16:36:11,SUCCESS,331156231690,GPay
TXN0010014,CUST01274,MER0037,cust01274@okhdfcbank,1792.75,2025-02-14 01:27:05,Success,940898588456,GPay
TXN0010015,CUST00001,MER0074,cust00001@okhdfcbank,466.81,2025-06-04 03:56:37,Success,703122037625,Amazon Pay
TXN0010016,CUST01597,MER0089,cust01597@okhdfcbank,691.24,2025-05-22 03:51:43,success,294504908909,BHIM
TXN0010017,CUST01647,MER0056,cust01647@okhdfcbank,282.11,2025-01-27 13:08:41,success,963462618815,Paytm
TXN0010018,CUST01522,MER0060,cust01522@okhdfcbank,163.52,2025-01-17 02:04:48,success,850489668897,Amazon Pay
TXN0010019,CUST01971,MER0099,cust01971@okhdfcbank,1135.43,2025-05-07 09:21:54,Failed,612411718415,GPay
TXN0010020,CUST01286,MER0120,cust01286@okhdfcbank,1708.3,2025-04-01 09:15:44,SUCCESS,250946672328,GPay
TXN0010021,CUST01877,MER0137,cust01877@okhdfcbank,-997.9,2025-05-30 04:54:29,Success,811540329945,PhonePe
TXN0010022,CUST00155,MER0073,cust00155@okhdfcbank,561.85,2025-03-06 08:53:27,success,434523615403,PhonePe
TXN0010024,CUST01504,MER0074,cust01504@okhdfcbank,1543.22,2025-06-12 16:44:32,SUCCESS,396865122662,Amazon Pay
TXN0010026,CUST00606,MER0091,cust00606@okhdfcbank,3732.67,2025-02-08 00:32:55,SUCCESS,661873959373,Amazon Pay
TXN0010031,CUST01836,MER0108,cust01836@okhdfcbank,1927.22,2025-01-13 23:45:36,Success,735774009822,PhonePe
TXN0010036,CUST00152,MER0016,cust00152@okhdfcbank,308.43,2025-01-31 06:27:06,SUCCESS,467923923636,PhonePe
TXN0010038,CUST01383,MER0030,cust01383@okhdfcbank,1325.14,2025-03-17 21:13:14,Success,053926994494,Amazon Pay
TXN0010040,CUST00792,MER0123,cust00792@okhdfcbank,232.74,2025-05-03 20:10:52,SUCCESS,008676777603,BHIM
TXN0010042,CUST00504,MER0035,cust00504@okhdfcbank,1015.77,2025-01-30 08:29:48,SUCCESS,841667773242,PhonePe
TXN0010043,CUST00407,MER0125,cust00407@okhdfcbank,68.57,2025-01-24 21:42:25,success,579534179653,PhonePe
TXN0010047,CUST01050,MER0095,cust01050@okhdfcbank,724.65,2025-03-22 09:46:34,success,311873795914,Paytm
TXN0010048,CUST00452,MER0128,cust00452@okhdfcbank,799.79,2025-01-17 06:28:50,SUCCESS,493279974153,BHIM
TXN0010052,CUST01923,MER0063,cust01923@okhdfcbank,461.79,2025-03-30 01:43:24,Success,770403037194,Amazon Pay
TXN0010054,CUST01861,MER0063,cust01861@okhdfcbank,106.06,2025-04-21 15:26:57,FAILED,973516324774,Amazon Pay
TXN0010055,CUST01541,MER0138,cust01541@okhdfcbank,460.11,2025-04-20 15:13:24,success,419177269732,GPay
TXN0010056,CUST01860,MER0039,cust01860@okhdfcbank,65.89,2025-06-19 15:44:38,success,560701819236,Paytm
TXN0010057,CUST00499,MER0019,cust00499@okhdfcbank,294.08,2025-02-10 05:31:28,SUCCESS,167135686250,Amazon Pay
TXN0010059,CUST01228,MER0129,cust01228@okhdfcbank,1061.07,2025-06-15 08:04:33,Success,584048410855,GPay
TXN0010060,CUST00779,MER0098,cust00779@okhdfcbank,181.42,2025-04-29 22:56:59,SUCCESS,706193696090,BHIM
TXN0010061,CUST00428,MER0033,cust00428@okhdfcbank,716.0,2025-04-03 23:07:34,success,452622356773,BHIM
TXN0010062,CUST01547,MER0138,cust01547@okhdfcbank,2139.86,2025-05-19 13:38:35,success,564788528332,PhonePe
TXN0010064,CUST01135,MER0052,cust01135@okhdfcbank,104.89,2025-06-05 15:00:55,Success,431066221559,Paytm
TXN0010065,CUST01399,MER0128,cust01399@okhdfcbank,658.42,2025-03-22 03:28:56,success,372585478123,GPay
TXN0010069,CUST01367,MER0008,cust01367@okhdfcbank,3219.24,2025-06-08 03:57:43,FAILED,205987320524,Amazon Pay
TXN0010074,CUST01818,MER0095,cust01818@okhdfcbank,3406.0,2025-01-13 08:27:40,success,748450085324,BHIM
TXN0010076,CUST00375,MER0072,cust00375@okhdfcbank,334.37,2025-03-03 08:18:22,success,114232288834,GPay
TXN0010077,CUST01932,MER0089,cust01932@okhdfcbank,2480.41,2025-02-12 20:06:17,success,252552295475,Paytm
TXN0010078,CUST01971,MER0064,cust01971@okhdfcbank,877.15,2025-04-05 22:56:48,success,455133051508,Amazon Pay
TXN0010079,CUST01946,MER0094,cust01946@okhdfcbank,1320.68,2025-05-11 14:44:07,SUCCESS,239727192076,Amazon Pay
TXN0010084,CUST01668,MER0148,cust01668@okhdfcbank,1677.81,2025-02-25 22:04:47,SUCCESS,767804975144,Paytm
TXN0010085,CUST01451,MER0095,cust01451@okhdfcbank,270.49,2025-06-11 06:13:43,Success,075308830373,PhonePe
TXN0010088,CUST01964,MER0106,cust01964@okhdfcbank,104.88,2025-04-23 08:26:44,FAILED,587097331826,Paytm
TXN0010090,CUST00785,MER0137,cust00785@okhdfcbank,1067.7,2025-03-06 19:38:02,Success,957157189678,GPay
TXN0010091,CUST01759,MER0029,cust01759@okhdfcbank,205.32,2025-01-28 18:24:10,SUCCESS,272320450476,GPay
TXN0010092,CUST01677,MER0014,cust01677@okhdfcbank,540.76,2025-06-18 05:34:03,success,829020083686,BHIM
TXN0010093,CUST00864,MER0033,cust00864@okhdfcbank,133.22,2025-05-26 18:29:12,success,149447176531,Amazon Pay
TXN0010096,CUST01935,MER0060,cust01935@okhdfcbank,145.23,2025-05-24 15:13:44,success,851706299090,GPay
TXN0010099,CUST01797,MER0069,cust01797@okhdfcbank,186.88,2025-06-18 06:03:20,success,903430183427,Paytm
TXN0010100,CUST00284,MER0019,cust00284@okhdfcbank,396.95,2025-01-26 10:27:34,success,989729881224,Amazon Pay
TXN0010104,CUST01613,MER0051,cust01613@okhdfcbank,1783.41,2025-02-26 20:06:55,Success,066244380194,Amazon Pay
TXN0010106,CUST01413,MER0002,cust01413@okhdfcbank,1733.99,2025-02-25 16:55:55,success,981813395779,Paytm
TXN0010107,CUST01866,MER0089,cust01866@okhdfcbank,128.33,2025-04-06 16:21:56,Success,586994197076,Amazon Pay
TXN0010108,CUST01481,MER0146,cust01481@okhdfcbank,952.25,2025-04-01 00:43:26,success,255689370152,Amazon Pay
TXN0010109,CUST01758,MER0036,cust01758@okhdfcbank,360.93,2025-03-14 13:00:37,SUCCESS,598862100726,Paytm
TXN0010110,CUST00239,MER0134,cust00239@okhdfcbank,415.4,2025-02-26 13:35:15,success,751613001101,Paytm
TXN0010111,CUST01430,MER0014,cust01430@okhdfcbank,3152.45,2025-03-31 02:53:15,success,688393269568,GPay
TXN0010112,CUST00050,MER0053,cust00050@okhdfcbank,140.59,2025-02-14 16:42:30,Failed,743101012834,BHIM
TXN0010114,CUST00600,MER0116,cust00600@okhdfcbank,857.04,2025-04-18 20:49:13,Success,379342523320,Amazon Pay
TXN0010115,CUST01394,MER0037,cust01394@okhdfcbank,14109.07,2025-05-31 07:53:58,Failed,243494699940,BHIM
TXN0010116,CUST00498,MER0050,cust00498@okhdfcbank,167.82,2025-03-28 08:29:11,PENDING,488703385579,PhonePe
TXN0010117,CUST01322,MER0040,cust01322@okhdfcbank,263.49,2025-05-15 15:33:01,FAILED,548150712873,PhonePe
TXN0010119,CUST00132,MER0102,cust00132@okhdfcbank,403.32,2025-04-05 19:21:08,failed,797973955975,GPay
TXN0010121,CUST00810,MER0051,cust00810@okhdfcbank,1283.71,2025-03-21 00:44:22,SUCCESS,732547649981,BHIM
TXN0010122,CUST01291,MER0057,cust01291@okhdfcbank,377.45,2025-05-11 06:37:53,success,427482719863,Amazon Pay
TXN0010125,CUST00284,MER0039,cust00284@okhdfcbank,717.15,2025-01-06 06:08:22,Success,978775715862,Paytm
TXN0010127,CUST01819,MER0133,cust01819@okhdfcbank,343.68,2025-02-26 17:38:52,Success,793026980852,Paytm
TXN0010132,CUST01181,MER0098,cust01181@okhdfcbank,136.24,2025-01-05 10:54:45,SUCCESS,127698008413,PhonePe
TXN0010134,CUST01107,MER0104,cust01107@okhdfcbank,296.31,2025-04-07 20:24:53,success,989540959503,Amazon Pay
TXN0010135,CUST01483,MER0022,cust01483@okhdfcbank,65.85,2025-05-16 09:42:31,Success,581908945579,BHIM
TXN0010136,CUST00424,MER0098,cust00424@okhdfcbank,147.93,2025-01-02 16:40:15,SUCCESS,784653042413,BHIM
TXN0010137,CUST01745,MER0086,cust01745@okhdfcbank,390.1,2025-05-05 07:09:07,Success,954015716378,Paytm
TXN0010141,CUST01164,MER0014,cust01164@okhdfcbank,112.63,2025-01-23 01:59:42,SUCCESS,277244484049,BHIM
TXN0010142,CUST01776,MER0049,cust01776@okhdfcbank,205.5,2025-01-29 06:24:41,SUCCESS,400026691323,Paytm
TXN0010144,CUST01776,MER0024,cust01776@okhdfcbank,1388.85,2025-06-26 08:02:15,Success,471548689188,GPay
TXN0010148,CUST00225,MER0122,cust00225@okhdfcbank,160.65,2025-03-08 23:43:34,Success,880822410962,Paytm
TXN0010150,CUST01416,MER0016,cust01416@okhdfcbank,160.73,2025-04-16 00:44:44,Success,136387778898,BHIM
TXN0010152,CUST01949,MER0135,cust01949@okhdfcbank,711.99,2025-05-23 11:30:55,SUCCESS,986568968469,Amazon Pay
TXN0010153,CUST01044,MER0148,cust01044@okhdfcbank,1269.97,2025-05-05 01:35:37,Failed,546220364293,Paytm
TXN0010154,CUST01552,MER0010,cust01552@okhdfcbank,405.92,2025-02-25 12:07:00,Success,378576788157,GPay
TXN0010156,CUST00126,MER0070,cust00126@okhdfcbank,608.98,2025-02-16 23:45:23,Success,408776961047,Paytm
TXN0010157,CUST00131,MER0090,cust00131@okhdfcbank,226.61,2025-03-20 18:32:40,SUCCESS,486064366497,PhonePe
TXN0010158,CUST00789,MER0131,cust00789@okhdfcbank,166.21,2025-03-08 00:11:26,SUCCESS,987903498170,Amazon Pay
TXN0010163,CUST00939,MER0082,cust00939@okhdfcbank,629.34,2025-03-10 09:40:02,success,271861323597,PhonePe
TXN0010164,CUST01036,MER0013,cust01036@okhdfcbank,295.37,2025-02-08 06:28:57,success,319769220770,BHIM
TXN0010166,CUST01889,MER0104,cust01889@okhdfcbank,462.81,2025-04-11 06:13:25,Failed,656978875198,PhonePe
TXN0010167,CUST01908,MER0082,cust01908@okhdfcbank,1468.23,2025-03-16 01:36:26,success,341648933398,BHIM
TXN0010168,CUST00578,MER0115,cust00578@okhdfcbank,4751.56,2025-01-22 08:35:23,Success,276791177801,PhonePe
TXN0010169,CUST00998,MER0116,cust00998@okhdfcbank,627.76,2025-04-17 14:07:43,SUCCESS,057904792512,BHIM
TXN0010170,CUST00538,MER0010,cust00538@okhdfcbank,242.46,2025-01-18 17:04:17,Success,684430090707,Paytm
TXN0010171,CUST01971,MER0010,cust01971@okhdfcbank,228.26,2025-01-31 01:16:11,Success,392035993709,PhonePe
TXN0010172,CUST01820,MER0119,cust01820@okhdfcbank,1290.95,2025-06-03 11:06:38,success,128000955476,Paytm
TXN0010173,CUST01868,MER0027,cust01868@okhdfcbank,181.84,2025-03-20 14:29:50,SUCCESS,709397885820,PhonePe
TXN0010174,CUST01838,MER0135,cust01838@okhdfcbank,918.21,2025-05-15 17:52:39,SUCCESS,372376883498,Paytm
TXN0010175,CUST01145,MER0053,cust01145@okhdfcbank,660.95,2025-04-04 22:21:30,success,328457707452,Paytm
TXN0010176,CUST01438,MER0027,cust01438@okhdfcbank,591.76,2025-03-26 15:35:16,Success,806649121807,GPay
TXN0010178,CUST01901,MER0100,cust01901@okhdfcbank,344.83,2025-03-24 09:20:59,success,433518316752,PhonePe
TXN0010182,CUST01508,MER0134,cust01508@okhdfcbank,1687.59,2025-02-09 05:13:24,Success,695612395267,PhonePe
TXN0010183,CUST01360,MER0051,cust01360@okhdfcbank,610.3,2025-02-01 00:52:05,success,296932794124,Paytm
TXN0010184,CUST00848,MER0017,cust00848@okhdfcbank,278.57,2025-04-03 12:36:22,success,876215688063,PhonePe
TXN0010186,CUST01772,MER0008,cust01772@okhdfcbank,274.9,2025-03-06 15:08:39,Success,093561825906,BHIM
TXN0010189,CUST00731,MER0139,cust00731@okhdfcbank,778.78,2025-01-14 00:07:14,FAILED,216159861339,PhonePe
TXN0010190,CUST01205,MER0090,cust01205@okhdfcbank,286.41,2025-03-23 22:34:43,Success,249452819422,Paytm
TXN0010192,CUST00757,MER0064,cust00757@okhdfcbank,766.75,2025-03-12 19:50:22,SUCCESS,087659801778,BHIM
TXN0010193,CUST01950,MER0062,cust01950@okhdfcbank,604.06,2025-02-18 01:16:15,SUCCESS,386359183220,GPay
TXN0010195,CUST00579,MER0041,cust00579@okhdfcbank,297.16,2025-03-17 07:43:40,SUCCESS,666743886471,Amazon Pay
TXN0010199,CUST00677,MER0139,cust00677@okhdfcbank,385.34,2025-06-08 03:18:15,SUCCESS,562140836153,PhonePe
TXN0010200,CUST00549,MER0109,cust00549@okhdfcbank,446.79,2025-03-25 01:29:31,SUCCESS,928317580527,PhonePe
TXN0010201,CUST01123,MER0125,cust01123@okhdfcbank,116.12,2025-04-28 10:21:00,success,853711286092,GPay
TXN0010202,CUST01780,MER0054,cust01780@okhdfcbank,260.69,2025-01-01 20:02:29,success,049374807287,Amazon Pay
TXN0010203,CUST01669,MER0052,cust01669@okhdfcbank,525.79,2025-01-02 06:06:22,success,254867219881,BHIM
TXN0010204,CUST00311,MER0132,cust00311@okhdfcbank,127.61,2025-03-08 05:02:47,Success,736507751530,Paytm
TXN0010205,CUST00419,MER0041,cust00419@okhdfcbank,265.09,2025-06-24 22:43:55,SUCCESS,770051289895,GPay
TXN0010206,CUST01692,MER0119,cust01692@okhdfcbank,5348.89,2025-02-04 17:07:34,SUCCESS,830659090839,PhonePe
TXN0010208,CUST01148,MER0057,cust01148@okhdfcbank,335.69,2025-02-19 12:36:06,SUCCESS,582030813798,GPay
TXN0010209,CUST00649,MER0018,cust00649@okhdfcbank,214.07,2025-05-04 21:09:43,Success,230991392534,Amazon Pay
TXN0010212,CUST01061,MER0095,cust01061@okhdfcbank,386.36,2025-02-28 05:16:55,SUCCESS,342581303464,BHIM
TXN0010213,CUST00874,MER0028,cust00874@okhdfcbank,240.2,2025-02-16 07:44:18,SUCCESS,132180180864,PhonePe
TXN0010218,CUST00936,MER0058,cust00936@okhdfcbank,189.0,2025-04-18 21:08:35,success,165662278780,GPay
TXN0010219,CUST01772,MER0043,cust01772@okhdfcbank,103.12,2025-04-04 22:34:45,success,973104002696,GPay
TXN0010220,CUST01625,MER0122,cust01625@okhdfcbank,,2025-04-02 02:21:48,FAILED,217506418374,PhonePe
TXN0010224,CUST01501,MER0124,cust01501@okhdfcbank,1045.79,2025-05-07 16:44:44,Success,731212881875,Paytm
TXN0010225,CUST01033,MER0100,cust01033@okhdfcbank,259.22,2025-02-08 12:42:07,Success,010499209222,GPay
TXN0010226,CUST00003,MER0016,cust00003@okhdfcbank,908.64,2025-01-02 16:10:21,success,397844221386,PhonePe
TXN0010229,CUST00397,MER0076,cust00397@okhdfcbank,2819.95,2025-05-12 02:21:37,success,029021014454,Amazon Pay
TXN0010230,CUST00595,MER0126,cust00595@okhdfcbank,149.22,2025-02-12 01:27:31,Success,391390501590,BHIM
TXN0010231,CUST01820,MER0014,cust01820@okhdfcbank,1371.64,2025-03-09 17:31:12,Success,719353114223,GPay
TXN0010232,CUST01514,MER0124,cust01514@okhdfcbank,972.34,2025-06-14 19:32:15,success,214045716136,Paytm
TXN0010234,CUST00193,MER0110,cust00193@okhdfcbank,861.69,2025-01-24 08:40:58,FAILED,079186676075,Paytm
TXN0010238,CUST00607,MER0011,cust00607@okhdfcbank,347.11,2025-04-28 22:00:59,FAILED,310862099665,BHIM
TXN0010240,CUST01751,MER0061,cust01751@okhdfcbank,627.32,2025-02-07 19:42:01,SUCCESS,461792607251,GPay
TXN0010241,CUST00589,MER0069,cust00589@okhdfcbank,1039.05,2025-01-04 02:55:40,SUCCESS,489372175555,BHIM
TXN0010242,CUST00036,MER0094,cust00036@okhdfcbank,107.0,2025-01-30 13:57:06,Success,219393774467,GPay
TXN0010243,CUST00331,MER0073,cust00331@okhdfcbank,1791.64,2025-01-27 21:02:08,Failed,437374277085,Amazon Pay
TXN0010244,CUST01382,MER0098,cust01382@okhdfcbank,155.2,2025-05-13 11:03:10,SUCCESS,150214581265,GPay
TXN0010245,CUST01460,MER0094,cust01460@okhdfcbank,1055.35,2025-02-08 02:42:55,SUCCESS,631403986333,GPay
TXN0010247,CUST00411,MER0047,cust00411@okhdfcbank,136.84,2025-01-25 16:43:15,success,686368918396,Paytm
TXN0010250,CUST01278,MER0004,cust01278@okhdfcbank,1434.82,2025-03-31 01:29:08,SUCCESS,373011885166,BHIM
TXN0010252,CUST01376,MER0063,cust01376@okhdfcbank,110.5,2025-03-23 19:33:22,SUCCESS,195874237465,PhonePe
TXN0010253,CUST00103,MER0030,cust00103@okhdfcbank,2284.37,2025-03-06 23:13:55,Success,107546184572,Amazon Pay
TXN0010254,CUST01010,MER0030,cust01010@okhdfcbank,590.71,2025-01-17 01:01:06,Success,520283535276,PhonePe
TXN0010256,CUST01527,MER0025,cust01527@okhdfcbank,210.3,2025-01-09 12:23:05,success,965909833938,Amazon Pay
TXN0010258,CUST00019,MER0008,cust00019@okhdfcbank,2631.22,2025-04-08 20:26:04,success,827683755355,GPay
TXN0010260,CUST00715,MER0144,cust00715@okhdfcbank,805.41,2025-04-22 00:52:37,success,331075941404,Paytm
TXN0010266,CUST01008,MER0023,cust01008@okhdfcbank,1264.08,2025-04-27 12:46:33,success,743740591342,PhonePe
TXN0010267,CUST00383,MER0028,cust00383@okhdfcbank,67.27,2025-02-25 02:04:55,success,049983995249,BHIM
TXN0010268,CUST01169,MER0104,cust01169@okhdfcbank,1515.89,2025-04-02 15:38:59,Success,884051397458,Paytm
TXN0010269,CUST01168,MER0024,cust01168@okhdfcbank,107.55,2025-06-08 21:05:53,SUCCESS,882464079267,Paytm
TXN0010270,CUST00517,MER0099,cust00517@okhdfcbank,1352.09,2025-02-17 01:58:24,success,251985775364,BHIM
TXN0010271,CUST01988,MER0130,cust01988@okhdfcbank,728.24,2025-06-29 10:44:41,failed,728722972218,Amazon Pay
TXN0010272,CUST00847,MER0100,cust00847@okhdfcbank,447.68,2025-06-15 15:33:55,success,222780949832,Amazon Pay
TXN0010274,CUST00320,MER0006,cust00320@okhdfcbank,382.71,2025-06-20 05:14:07,FAILED,169562883614,Paytm
TXN0010276,CUST01419,MER0036,cust01419@okhdfcbank,401.02,2025-06-08 16:49:57,Success,376959880275,GPay
TXN0010279,CUST00636,MER0101,cust00636@okhdfcbank,206.23,2025-04-15 14:38:43,SUCCESS,510294186666,BHIM
TXN0010280,CUST00683,MER0068,cust00683@okhdfcbank,643.99,2025-06-16 16:01:16,Success,906619741493,Amazon Pay
TXN0010281,CUST01821,MER0043,cust01821@okhdfcbank,542.39,2025-05-20 22:15:32,success,552945279570,GPay
TXN0010282,CUST01021,MER0033,cust01021@okhdfcbank,427.39,2025-02-26 07:57:21,success,703261679677,BHIM
TXN0010285,CUST01119,MER0101,cust01119@okhdfcbank,1148.34,2025-05-09 22:47:39,success,464013413806,Paytm
TXN0010286,CUST00102,MER0023,cust00102@okhdfcbank,214.03,2025-03-01 01:38:51,SUCCESS,120637775912,Amazon Pay
TXN0010287,CUST01366,MER0097,cust01366@okhdfcbank,3482.62,2025-06-03 09:15:03,success,883160513058,Amazon Pay
TXN0010288,CUST00036,MER0082,cust00036@okhdfcbank,2257.48,2025-01-17 16:51:56,success,431744193682,Paytm
TXN0010290,CUST00693,MER0072,cust00693@okhdfcbank,143.78,2025-02-10 11:32:51,Success,281882787948,GPay
TXN0010291,CUST01688,MER0037,cust01688@okhdfcbank,736.13,2025-04-07 05:13:52,success,715063189550,Paytm
TXN0010292,CUST01797,MER0030,cust01797@okhdfcbank,653.26,2025-03-19 19:08:17,Success,750897700031,PhonePe
TXN0010293,CUST01955,MER0052,cust01955@okhdfcbank,823.16,2025-05-22 16:20:12,success,954271908875,PhonePe
TXN0010295,CUST00656,MER0108,cust00656@okhdfcbank,413.24,2025-06-14 02:03:31,SUCCESS,632993933546,Paytm
TXN0010298,CUST00027,MER0023,cust00027@okhdfcbank,368.54,2025-06-26 03:16:24,SUCCESS,544701913196,Amazon Pay
TXN0010299,CUST00120,MER0015,cust00120@okhdfcbank,5428.28,2025-05-21 06:32:37,Success,166979938211,GPay
TXN0010303,CUST00234,MER0001,cust00234@okhdfcbank,930.05,2025-06-07 04:44:25,success,274934534714,GPay
TXN0010305,CUST01688,MER0137,cust01688@okhdfcbank,563.35,2025-01-09 17:02:20,Success,754266257068,BHIM
TXN0010308,CUST00687,MER0140,cust00687@okhdfcbank,548.08,2025-06-21 00:44:15,SUCCESS,274551059486,PhonePe
TXN0010310,CUST01399,MER0013,cust01399@okhdfcbank,834.74,2025-05-01 17:02:27,success,421912900509,Amazon Pay
TXN0010312,CUST01892,MER0068,cust01892@okhdfcbank,128.95,2025-05-18 03:29:23,SUCCESS,181145268072,GPay
TXN0010314,CUST00870,MER0023,cust00870@okhdfcbank,1416.06,2025-02-17 01:51:33,SUCCESS,155679637768,BHIM
TXN0010316,CUST01877,MER0007,cust01877@okhdfcbank,316.69,2025-04-10 09:22:13,SUCCESS,120188847976,Paytm
TXN0010317,CUST01616,MER0022,cust01616@okhdfcbank,360.53,2025-01-28 05:59:15,Success,909842213178,Amazon Pay
TXN0010318,CUST00281,MER0110,cust00281@okhdfcbank,265.26,2025-04-11 22:58:09,success,053687842824,BHIM
TXN0010320,CUST01598,MER0118,cust01598@okhdfcbank,,2025-06-23 14:56:43,success,706238691065,PhonePe
TXN0010322,CUST00008,MER0089,cust00008@okhdfcbank,972.72,2025-06-26 23:14:53,PENDING,834600273851,Paytm
TXN0010324,CUST01697,MER0023,cust01697@okhdfcbank,2099.26,2025-01-08 01:20:14,success,292493409443,BHIM
TXN0010325,CUST00715,MER0141,cust00715@okhdfcbank,47.0,2025-02-11 04:24:55,success,534849544375,Paytm
TXN0010326,CUST01382,MER0063,cust01382@okhdfcbank,694.68,2025-01-02 14:59:34,success,373060633827,Amazon Pay
TXN0010327,CUST01766,MER0111,cust01766@okhdfcbank,274.19,2025-04-07 13:05:42,success,364490137850,PhonePe
TXN0010328,CUST01905,MER0052,cust01905@okhdfcbank,1505.39,2025-04-28 09:55:16,SUCCESS,140988141698,Amazon Pay
TXN0010329,CUST00918,MER0129,cust00918@okhdfcbank,234.75,2025-02-26 08:30:15,SUCCESS,905518831301,PhonePe
TXN0010333,CUST00836,MER0092,cust00836@okhdfcbank,1230.22,2025-05-06 18:12:56,SUCCESS,490430214079,Amazon Pay
TXN0010335,CUST01664,MER0125,cust01664@okhdfcbank,148.02,2025-03-24 22:37:13,PENDING,219797689099,GPay
TXN0010337,CUST01015,MER0123,cust01015@okhdfcbank,943.45,2025-03-19 07:24:47,FAILED,271674721396,BHIM
TXN0010338,CUST01782,MER0033,cust01782@okhdfcbank,1072.14,2025-05-08 19:26:37,SUCCESS,136886533131,PhonePe
TXN0010339,CUST01088,MER0139,cust01088@okhdfcbank,1781.18,2025-06-07 09:09:48,Failed,866003784176,Amazon Pay
TXN0010341,CUST01899,MER0061,cust01899@okhdfcbank,198.06,2025-03-25 23:19:36,SUCCESS,096038114843,GPay
TXN0010343,CUST00180,MER0102,cust00180@okhdfcbank,219.04,2025-06-20 16:53:34,Success,642905764492,GPay
TXN0010346,CUST01213,MER0041,cust01213@okhdfcbank,137.36,2025-02-05 17:51:13,SUCCESS,496284721295,Amazon Pay
TXN0010347,CUST00871,MER0111,cust00871@okhdfcbank,343.5,2025-03-26 11:09:35,SUCCESS,545664558405,BHIM
TXN0010349,CUST01416,MER0132,cust01416@okhdfcbank,1021.94,2025-01-03 04:09:48,success,424405246244,Paytm
TXN0010350,CUST01168,MER0050,cust01168@okhdfcbank,1499.69,2025-03-28 21:43:00,SUCCESS,655137379798,GPay
TXN0010353,CUST01878,MER0138,cust01878@okhdfcbank,683.13,2025-04-29 07:03:35,failed,051648110638,PhonePe
TXN0010355,CUST01190,MER0150,cust01190@okhdfcbank,263.21,2025-02-16 23:02:39,success,665127506636,Amazon Pay
TXN0010356,CUST01656,MER0082,cust01656@okhdfcbank,175.92,2025-04-20 19:53:23,success,630392388188,BHIM
TXN0010358,CUST00700,MER0123,cust00700@okhdfcbank,355.66,2025-04-04 06:13:51,Success,856941189335,Amazon Pay
TXN0010359,CUST00953,MER0039,cust00953@okhdfcbank,255.74,2025-03-26 05:48:48,Pending,630347242523,GPay
TXN0010365,CUST00061,MER0019,cust00061@okhdfcbank,488.54,2025-06-28 08:18:54,SUCCESS,748151252690,BHIM
TXN0010366,CUST01456,MER0075,cust01456@okhdfcbank,1350.69,2025-01-25 05:36:10,SUCCESS,521367979664,Paytm
TXN0010368,CUST01827,MER0100,cust01827@okhdfcbank,1524.82,2025-03-06 00:20:01,Success,782941016838,PhonePe
TXN0010371,CUST01961,MER0091,cust01961@okhdfcbank,546.63,2025-06-18 10:23:20,SUCCESS,553113814277,Paytm
TXN0010373,CUST00191,MER0137,cust00191@okhdfcbank,307.92,2025-04-14 11:23:09,Success,211255623164,GPay
TXN0010374,CUST00904,MER0021,cust00904@okhdfcbank,297.74,2025-05-06 21:14:13,SUCCESS,507193528049,BHIM
TXN0010376,CUST00878,MER0011,cust00878@okhdfcbank,187.98,2025-01-11 21:21:47,success,354587103784,PhonePe
TXN0010377,CUST01788,MER0093,cust01788@okhdfcbank,2476.92,2025-05-31 06:29:07,SUCCESS,945834955380,BHIM
TXN0010378,CUST00090,MER0002,cust00090@okhdfcbank,423.38,2025-05-20 11:59:00,SUCCESS,018438802768,BHIM
TXN0010383,CUST00478,MER0005,cust00478@okhdfcbank,222.94,2025-05-31 06:49:42,SUCCESS,554454043190,Paytm
TXN0010386,CUST01797,MER0039,cust01797@okhdfcbank,250.62,2025-03-08 00:01:38,success,283830501234,GPay
TXN0010387,CUST01298,MER0004,cust01298@okhdfcbank,885.65,2025-01-13 09:21:58,SUCCESS,768585302202,PhonePe
TXN0010392,CUST01355,MER0089,cust01355@okhdfcbank,196.82,2025-01-29 23:29:05,success,116365628328,Paytm
TXN0010394,CUST00388,MER0105,cust00388@okhdfcbank,64.49,2025-04-28 10:14:14,success,583336068371,Amazon Pay
TXN0010395,CUST00432,MER0031,cust00432@okhdfcbank,2744.75,2025-05-04 02:35:52,Success,600791742178,PhonePe
TXN0010397,CUST01816,MER0011,cust01816@okhdfcbank,135.76,2025-01-03 15:34:02,FAILED,969749896728,BHIM
TXN0010399,CUST01926,MER0035,cust01926@okhdfcbank,277.54,2025-06-07 17:59:39,pending,425575509521,Paytm
TXN0010400,CUST00536,MER0045,cust00536@okhdfcbank,1230.05,2025-06-25 16:12:02,Success,616139861686,PhonePe
TXN0010401,CUST00789,MER0109,cust00789@okhdfcbank,300.04,2025-01-27 23:17:14,SUCCESS,400405829094,Amazon Pay
TXN0010402,CUST00532,MER0147,cust00532@okhdfcbank,342.63,2025-03-29 14:53:41,SUCCESS,999579613643,GPay
TXN0010403,CUST00745,MER0062,cust00745@okhdfcbank,369.32,2025-04-02 04:22:16,SUCCESS,871189427421,Paytm
TXN0010404,CUST01936,MER0074,cust01936@okhdfcbank,255.35,2025-01-05 19:57:40,success,251967857165,PhonePe
TXN0010406,CUST01811,MER0024,cust01811@okhdfcbank,1210.18,2025-06-06 15:46:20,success,619244507515,GPay
TXN0010407,CUST01315,MER0071,cust01315@okhdfcbank,550.02,2025-03-01 05:45:18,SUCCESS,544946545359,GPay
TXN0010410,CUST00102,MER0098,cust00102@okhdfcbank,144.25,2025-04-16 09:23:56,success,562067197816,Paytm
TXN0010413,CUST00521,MER0085,cust00521@okhdfcbank,651.58,2025-05-21 16:39:52,failed,801072179299,BHIM
TXN0010414,CUST00135,MER0072,cust00135@okhdfcbank,74.99,2025-03-15 22:44:12,success,442606425033,BHIM
TXN0010418,CUST01365,MER0069,cust01365@okhdfcbank,1665.55,2025-04-09 09:17:01,success,734223989560,BHIM
TXN0010419,CUST00407,MER0076,cust00407@okhdfcbank,2385.83,2025-04-20 01:04:46,success,522572671579,BHIM
TXN0010421,CUST01121,MER0110,cust01121@okhdfcbank,687.11,2025-05-03 07:55:28,success,376588050779,BHIM
TXN0010422,CUST00328,MER0107,cust00328@okhdfcbank,175.3,2025-06-11 13:59:00,FAILED,770551818581,GPay
TXN0010424,CUST01700,MER0077,cust01700@okhdfcbank,457.98,2025-04-11 12:07:18,success,055591622717,Paytm
TXN0010427,CUST00748,MER0135,cust00748@okhdfcbank,651.4,2025-04-02 11:01:01,SUCCESS,467259371947,BHIM
TXN0010429,CUST01248,MER0075,cust01248@okhdfcbank,616.85,2025-02-17 07:44:21,success,499714692091,GPay
TXN0010431,CUST01647,MER0144,cust01647@okhdfcbank,138.9,2025-02-12 10:01:06,success,949970979805,GPay
TXN0010432,CUST01346,MER0065,cust01346@okhdfcbank,110.73,2025-02-28 09:40:16,success,306292608408,GPay
TXN0010434,CUST01415,MER0087,cust01415@okhdfcbank,2080.94,2025-06-18 06:16:43,Success,931358440017,Amazon Pay
TXN0010436,CUST00049,MER0079,cust00049@okhdfcbank,144.83,2025-03-03 23:14:27,Failed,067088104857,Amazon Pay
TXN0010437,CUST01638,MER0016,cust01638@okhdfcbank,329.35,2025-03-12 03:12:43,Success,010320157794,BHIM
TXN0010438,CUST01477,MER0009,cust01477@okhdfcbank,112.26,2025-04-26 17:00:19,pending,592408369019,Amazon Pay
TXN0010439,CUST00359,MER0137,cust00359@okhdfcbank,284.12,2025-02-22 06:16:58,SUCCESS,816673070025,GPay
TXN0010440,CUST00822,MER0119,cust00822@okhdfcbank,1514.51,2025-02-02 01:49:03,success,756965640630,PhonePe
TXN0010445,CUST00466,MER0126,cust00466@okhdfcbank,2423.52,2025-06-26 02:51:31,failed,057456762601,Paytm
TXN0010447,CUST01301,MER0089,cust01301@okhdfcbank,329.71,2025-05-10 12:13:56,SUCCESS,366819015276,BHIM
TXN0010449,CUST01152,MER0008,cust01152@okhdfcbank,1260.53,2025-01-13 07:37:53,PENDING,741071931214,BHIM
TXN0010456,CUST00639,MER0054,cust00639@okhdfcbank,164.52,2025-03-08 16:26:32,SUCCESS,346802804864,PhonePe
TXN0010457,CUST00465,MER0017,cust00465@okhdfcbank,234.7,2025-01-28 01:02:28,success,392763030211,Paytm
TXN0010458,CUST01862,MER0119,cust01862@okhdfcbank,1503.73,2025-04-26 20:28:27,Failed,637350947246,GPay
TXN0010459,CUST00543,MER0060,cust00543@okhdfcbank,998.95,2025-06-10 01:48:55,SUCCESS,458998923560,PhonePe
TXN0010460,CUST00459,MER0126,cust00459@okhdfcbank,142.42,2025-05-01 11:27:44,PENDING,136571654203,Amazon Pay
TXN0010461,CUST01759,MER0085,cust01759@okhdfcbank,85.94,2025-02-06 12:33:58,success,668430163002,GPay
TXN0010462,CUST00162,MER0026,cust00162@okhdfcbank,162.02,2025-01-22 16:26:41,success,668006053633,PhonePe
TXN0010465,CUST00563,MER0043,cust00563@okhdfcbank,1592.19,2025-03-19 21:17:05,failed,409046448652,PhonePe
TXN0010466,CUST00734,MER0048,cust00734@okhdfcbank,284.94,2025-06-21 20:01:21,SUCCESS,015237137878,Paytm
TXN0010467,CUST00944,MER0068,cust00944@okhdfcbank,2645.19,2025-01-29 22:19:49,success,699537256182,PhonePe
TXN0010468,CUST01130,MER0112,cust01130@okhdfcbank,91.82,2025-06-13 04:58:48,Failed,013001438327,GPay
TXN0010470,CUST01368,MER0089,cust01368@okhdfcbank,1080.9,2025-01-22 13:20:30,SUCCESS,198427001894,Paytm
TXN0010474,CUST01387,MER0090,cust01387@okhdfcbank,1110.09,2025-03-09 16:24:53,success,487971886578,PhonePe
TXN0010476,CUST01295,MER0111,cust01295@okhdfcbank,675.15,2025-01-08 22:58:13,SUCCESS,120845980538,BHIM
TXN0010477,CUST01635,MER0021,cust01635@okhdfcbank,995.87,2025-04-24 12:26:05,success,120876314770,BHIM
TXN0010478,CUST00476,MER0083,cust00476@okhdfcbank,267.59,2025-01-19 04:59:08,success,342176169941,GPay
TXN0010479,CUST00161,MER0123,cust00161@okhdfcbank,2682.02,2025-05-10 05:44:40,Success,621268836100,GPay
TXN0010480,CUST01848,MER0078,cust01848@okhdfcbank,213.71,2025-03-08 19:14:58,success,130514366427,Amazon Pay
TXN0010481,CUST01698,MER0092,cust01698@okhdfcbank,569.12,2025-03-02 17:07:19,SUCCESS,310618943175,Paytm
TXN0010484,CUST00971,MER0048,cust00971@okhdfcbank,169.51,2025-04-16 14:22:02,SUCCESS,849092507107,PhonePe
TXN0010485,CUST01731,MER0028,cust01731@okhdfcbank,367.19,2025-03-22 17:27:24,success,457695355503,Paytm
TXN0010487,CUST00906,MER0065,cust00906@okhdfcbank,1096.43,2025-03-16 19:29:38,FAILED,868537840912,BHIM
TXN0010490,CUST01973,MER0109,cust01973@okhdfcbank,348.0,2025-05-20 15:26:37,FAILED,971527636956,PhonePe
TXN0010491,CUST01479,MER0043,cust01479@okhdfcbank,1531.26,2025-05-28 18:45:09,SUCCESS,733657538799,GPay
TXN0010492,CUST00872,MER0066,cust00872@okhdfcbank,512.49,2025-06-21 10:56:21,Success,003394404662,GPay
TXN0010493,CUST00208,MER0045,cust00208@okhdfcbank,551.79,2025-05-27 06:26:02,Success,561284560003,BHIM
TXN0010494,CUST00869,MER0008,cust00869@okhdfcbank,4080.82,2025-04-10 17:59:39,Success,162068103224,PhonePe
TXN0010496,CUST01342,MER0114,cust01342@okhdfcbank,1681.53,2025-03-18 04:02:26,Success,308084262725,GPay
TXN0010497,CUST00328,MER0004,cust00328@okhdfcbank,796.07,2025-04-25 09:39:48,Success,803776587897,BHIM
TXN0010499,CUST00480,MER0022,cust00480@okhdfcbank,132.2,2025-04-28 04:32:53,FAILED,259020110012,Amazon Pay
TXN0010500,CUST01705,MER0111,cust01705@okhdfcbank,175.37,2025-02-16 16:48:22,Success,922885424567,GPay
TXN0010501,CUST00042,MER0061,cust00042@okhdfcbank,1526.41,2025-06-29 05:14:43,success,832790168885,PhonePe
TXN0010502,CUST01267,MER0087,cust01267@okhdfcbank,2791.68,2025-01-15 07:43:00,success,449466408699,GPay
TXN0010504,CUST00688,MER0009,cust00688@okhdfcbank,569.0,2025-05-19 07:27:03,Failed,915372742329,Paytm
TXN0010506,CUST01880,MER0033,cust01880@okhdfcbank,530.23,2025-06-27 13:19:02,SUCCESS,345667531114,Paytm
TXN0010507,CUST01387,MER0108,cust01387@okhdfcbank,1479.86,2025-03-27 13:52:20,SUCCESS,001991277542,BHIM
TXN0010508,CUST00467,MER0026,cust00467@okhdfcbank,659.59,2025-02-03 15:22:21,SUCCESS,599039978786,Amazon Pay
TXN0010510,CUST00470,MER0136,cust00470@okhdfcbank,244.88,2025-06-28 14:22:55,SUCCESS,575877932331,Paytm
TXN0010511,CUST01139,MER0136,cust01139@okhdfcbank,191.47,2025-01-08 11:19:18,SUCCESS,636411879750,GPay
TXN0010513,CUST00598,MER0039,cust00598@okhdfcbank,1692.76,2025-01-12 02:29:53,PENDING,181271458078,Paytm
TXN0010514,CUST00298,MER0095,cust00298@okhdfcbank,425.55,2025-04-29 00:35:04,success,047256620147,PhonePe
TXN0010516,CUST00751,MER0012,cust00751@okhdfcbank,69.99,2025-06-16 19:19:41,success,387511262891,Paytm
TXN0010518,CUST01609,MER0061,cust01609@okhdfcbank,227.76,2025-01-21 18:58:05,success,713914496015,Amazon Pay
TXN0010521,CUST00956,MER0048,cust00956@okhdfcbank,556.82,2025-04-28 17:55:43,SUCCESS,626452936880,BHIM
TXN0010524,CUST00050,MER0074,cust00050@okhdfcbank,134.33,2025-05-03 02:00:16,success,613178841075,BHIM
TXN0010525,CUST00530,MER0050,cust00530@okhdfcbank,3012.5,2025-06-23 20:24:03,Success,234620399420,GPay
TXN0010528,CUST01260,MER0096,cust01260@okhdfcbank,68.27,2025-02-13 16:41:13,Success,862447470263,Paytm
TXN0010530,CUST00079,MER0041,cust00079@okhdfcbank,516.43,2025-05-10 00:39:57,Success,351955300214,GPay
TXN0010534,CUST01198,MER0030,cust01198@okhdfcbank,161.35,2025-05-11 17:05:25,success,049321039675,BHIM
TXN0010536,CUST01850,MER0087,cust01850@okhdfcbank,1157.28,2025-06-07 01:44:14,success,256359736362,Paytm
TXN0010537,CUST00132,MER0116,cust00132@okhdfcbank,238.89,2025-02-11 11:35:07,success,317020994758,PhonePe
TXN0010538,CUST01756,MER0042,cust01756@okhdfcbank,665.11,2025-04-09 21:12:02,SUCCESS,690095273817,Paytm
TXN0010540,CUST01259,MER0022,cust01259@okhdfcbank,3627.03,2025-05-25 09:36:36,success,756857784700,PhonePe
TXN0010541,CUST00110,MER0129,cust00110@okhdfcbank,130.74,2025-04-05 23:42:20,SUCCESS,677969598808,BHIM
TXN0010546,CUST01594,MER0124,cust01594@okhdfcbank,595.66,2025-01-23 02:51:04,FAILED,253152559069,Paytm
TXN0010549,CUST01398,MER0116,cust01398@okhdfcbank,1209.24,2025-04-05 15:05:38,SUCCESS,690008113086,BHIM
TXN0010550,CUST00003,MER0114,cust00003@okhdfcbank,1377.69,2025-05-05 22:47:03,success,434899721215,PhonePe
TXN0010551,CUST00599,MER0089,cust00599@okhdfcbank,626.01,2025-06-15 03:21:00,success,930627184760,PhonePe
TXN0010552,CUST01219,MER0021,cust01219@okhdfcbank,1033.89,2025-03-14 11:03:07,SUCCESS,251110504743,Paytm
TXN0010556,CUST01324,MER0097,cust01324@okhdfcbank,486.04,2025-05-25 03:50:26,success,199316734729,BHIM
TXN0010557,CUST01653,MER0134,cust01653@okhdfcbank,276.66,2025-02-17 09:17:21,success,407034255257,GPay
TXN0010559,CUST01256,MER0009,cust01256@okhdfcbank,852.38,2025-06-22 05:58:22,SUCCESS,254354995683,PhonePe
TXN0010561,CUST00710,MER0015,cust00710@okhdfcbank,996.36,2025-02-03 00:43:41,Success,162070780583,BHIM
TXN0010563,CUST00819,MER0116,cust00819@okhdfcbank,1015.68,2025-05-28 19:36:01,FAILED,740354996243,PhonePe
TXN0010564,CUST00813,MER0013,cust00813@okhdfcbank,327.74,2025-02-16 03:56:50,SUCCESS,851452648363,BHIM
TXN0010565,CUST01329,MER0013,cust01329@okhdfcbank,1074.83,2025-02-22 20:32:48,success,782610854028,GPay
TXN0010568,CUST00713,MER0077,cust00713@okhdfcbank,2638.03,2025-05-02 10:43:56,Success,478425009753,BHIM
TXN0010573,CUST01126,MER0034,cust01126@okhdfcbank,704.37,2025-03-28 16:24:30,Success,472757853239,Paytm
TXN0010574,CUST00354,MER0019,cust00354@okhdfcbank,2617.62,2025-01-10 09:52:41,Success,946845828402,GPay
TXN0010579,CUST00305,MER0001,cust00305@okhdfcbank,229.34,2025-01-20 03:13:47,success,720427256878,BHIM
TXN0010581,CUST01121,MER0044,cust01121@okhdfcbank,910.08,2025-03-12 05:28:02,SUCCESS,525375683565,BHIM
TXN0010583,CUST00065,MER0141,cust00065@okhdfcbank,581.1,2025-05-24 17:43:53,Success,651037152518,Amazon Pay
TXN0010585,CUST01541,MER0100,cust01541@okhdfcbank,588.76,2025-04-12 13:13:32,Success,594674080878,Paytm
TXN0010586,CUST00249,MER0106,cust00249@okhdfcbank,1491.95,2025-02-13 03:49:24,Success,410689346865,BHIM
TXN0010587,CUST00851,MER0003,cust00851@okhdfcbank,368.69,2025-02-16 03:06:19,SUCCESS,554057980464,Paytm
TXN0010590,CUST01922,MER0123,cust01922@okhdfcbank,590.3,2025-02-17 16:16:00,Pending,804250414061,Amazon Pay
TXN0010593,CUST00996,MER0110,cust00996@okhdfcbank,69.93,2025-04-04 14:56:52,Success,834139582027,Amazon Pay
TXN0010594,CUST00378,MER0012,cust00378@okhdfcbank,388.2,2025-01-09 07:11:27,SUCCESS,969046701053,Paytm
TXN0010597,CUST00205,MER0013,cust00205@okhdfcbank,458.38,2025-04-03 00:29:01,FAILED,504035302198,PhonePe
TXN0010599,CUST00889,MER0062,cust00889@okhdfcbank,665.77,2025-02-22 05:36:14,Success,093385261566,Amazon Pay
TXN0010600,CUST01149,MER0094,cust01149@okhdfcbank,247.76,2025-06-19 04:50:20,SUCCESS,259661524552,Amazon Pay
TXN0010601,CUST01627,MER0008,cust01627@okhdfcbank,426.04,2025-06-04 06:25:57,success,484934676631,Paytm
TXN0010602,CUST01340,MER0137,cust01340@okhdfcbank,1248.75,2025-06-12 17:07:45,pending,771748628855,Paytm
TXN0010605,CUST00761,MER0021,cust00761@okhdfcbank,265.74,2025-05-29 11:58:59,Success,770027495880,Amazon Pay
TXN0010606,CUST00226,MER0150,cust00226@okhdfcbank,88.55,2025-05-27 07:26:50,pending,517869103306,GPay
TXN0010611,CUST00236,MER0048,cust00236@okhdfcbank,1493.65,2025-03-30 01:33:15,Success,607778953298,GPay
TXN0010613,CUST00914,MER0030,cust00914@okhdfcbank,611.68,2025-05-14 14:46:18,Success,276872476370,BHIM
TXN0010614,CUST01547,MER0129,cust01547@okhdfcbank,445.85,2025-04-08 04:23:12,SUCCESS,276617346617,Paytm
TXN0010615,CUST00851,MER0037,cust00851@okhdfcbank,131.32,2025-06-14 08:46:37,SUCCESS,699796950856,GPay
TXN0010616,CUST00872,MER0062,cust00872@okhdfcbank,297.5,2025-04-24 12:41:11,Success,170695909755,PhonePe
TXN0010619,CUST01699,MER0098,cust01699@okhdfcbank,506.92,2025-06-29 08:35:54,success,345754834148,Amazon Pay
TXN0010620,CUST01590,MER0113,cust01590@okhdfcbank,1830.1,2025-04-16 14:46:14,SUCCESS,890101003539,Amazon Pay
TXN0010621,CUST00449,MER0007,cust00449@okhdfcbank,988.6,2025-03-14 06:50:07,Success,325548873193,PhonePe
TXN0010622,CUST00745,MER0127,cust00745@okhdfcbank,425.02,2025-02-10 06:53:43,FAILED,809253459226,Amazon Pay
TXN0010628,CUST00780,MER0018,cust00780@okhdfcbank,141.55,2025-02-28 15:04:36,success,108540746511,GPay
TXN0010629,CUST00609,MER0101,cust00609@okhdfcbank,531.79,2025-06-21 23:52:37,Success,536932475442,Paytm
TXN0010630,CUST00781,MER0046,cust00781@okhdfcbank,333.67,2025-04-06 23:19:15,Success,415165083825,PhonePe
TXN0010633,CUST00227,MER0019,cust00227@okhdfcbank,48.36,2025-06-06 10:04:11,PENDING,141468696682,GPay
TXN0010634,CUST00937,MER0107,cust00937@okhdfcbank,231.0,2025-06-01 07:02:01,FAILED,033455721824,Paytm
TXN0010635,CUST00199,MER0077,cust00199@okhdfcbank,164.11,2025-02-03 19:26:18,Success,302308572816,PhonePe
TXN0010637,CUST00381,MER0076,cust00381@okhdfcbank,50.41,2025-04-10 07:06:15,SUCCESS,714782831062,GPay
TXN0010640,CUST01891,MER0107,cust01891@okhdfcbank,438.21,2025-02-20 20:41:27,success,658793123757,Paytm
TXN0010643,CUST01104,MER0145,cust01104@okhdfcbank,104.1,2025-03-17 05:52:37,SUCCESS,499218265157,BHIM
TXN0010645,CUST00990,MER0006,cust00990@okhdfcbank,972.99,2025-02-12 00:43:58,SUCCESS,174589532482,Paytm
TXN0010646,CUST00773,MER0142,cust00773@okhdfcbank,131.05,2025-04-19 11:52:58,SUCCESS,784173602814,GPay
TXN0010655,CUST01319,MER0043,cust01319@okhdfcbank,372.05,2025-04-04 16:51:56,Success,411064586635,BHIM
TXN0010657,CUST00676,MER0058,cust00676@okhdfcbank,758.07,2025-02-24 09:38:17,Success,026371355977,Paytm
TXN0010658,CUST00132,MER0012,cust00132@okhdfcbank,221.78,2025-06-26 06:51:15,success,799839187991,Paytm
TXN0010659,CUST00542,MER0013,cust00542@okhdfcbank,38.7,2025-03-15 05:30:29,Success,610652991721,BHIM
TXN0010661,CUST00193,MER0021,cust00193@okhdfcbank,266.89,2025-04-16 11:34:13,Pending,350619222599,BHIM
TXN0010662,CUST00926,MER0044,cust00926@okhdfcbank,1408.27,2025-01-25 21:50:22,SUCCESS,924458330867,Amazon Pay
TXN0010664,CUST00983,MER0032,cust00983@okhdfcbank,556.56,2025-04-11 16:49:21,success,415711414194,BHIM
TXN0010666,CUST00234,MER0115,cust00234@okhdfcbank,1437.05,2025-05-16 06:02:01,SUCCESS,085438261967,PhonePe
TXN0010667,CUST01195,MER0103,cust01195@okhdfcbank,622.03,2025-05-07 14:33:25,Success,961722806603,Amazon Pay
TXN0010668,CUST00110,MER0123,cust00110@okhdfcbank,591.84,2025-03-06 23:39:20,FAILED,123024228525,BHIM
TXN0010670,CUST00517,MER0148,cust00517@okhdfcbank,783.81,2025-04-03 15:16:50,SUCCESS,959127085251,PhonePe
TXN0010672,CUST01259,MER0115,cust01259@okhdfcbank,-138.09,2025-05-02 05:21:56,success,900568010529,PhonePe
TXN0010673,CUST01230,MER0015,cust01230@okhdfcbank,59.8,2025-03-03 07:22:46,SUCCESS,729835372888,PhonePe
TXN0010674,CUST00331,MER0035,cust00331@okhdfcbank,1060.51,2025-01-21 16:07:07,success,320146112657,Amazon Pay
TXN0010675,CUST01005,MER0032,cust01005@okhdfcbank,331.71,2025-01-22 10:24:09,success,802132079127,BHIM
TXN0010679,CUST01095,MER0027,cust01095@okhdfcbank,436.93,2025-06-23 02:09:32,success,578661079280,PhonePe
TXN0010680,CUST01983,MER0003,cust01983@okhdfcbank,312.68,2025-03-26 00:22:53,SUCCESS,642635894556,GPay
TXN0010681,CUST00158,MER0127,cust00158@okhdfcbank,267.94,2025-02-11 00:32:23,Success,775257427900,GPay
TXN0010683,CUST01765,MER0063,cust01765@okhdfcbank,6067.75,2025-01-19 09:23:38,success,569482491981,Paytm
TXN0010685,CUST00345,MER0119,cust00345@okhdfcbank,479.64,2025-03-13 04:07:21,success,197813537541,Amazon Pay
TXN0010686,CUST01706,MER0091,cust01706@okhdfcbank,,2025-03-29 02:46:24,failed,780069184575,Paytm
TXN0010687,CUST01676,MER0046,cust01676@okhdfcbank,2732.31,2025-05-25 15:14:09,SUCCESS,239669157079,BHIM
TXN0010688,CUST01776,MER0107,cust01776@okhdfcbank,122.44,2025-01-21 01:40:21,success,717956143392,BHIM
TXN0010690,CUST01000,MER0144,cust01000@okhdfcbank,1063.88,2025-04-09 11:20:04,SUCCESS,130856619711,Paytm
TXN0010692,CUST01827,MER0055,cust01827@okhdfcbank,1111.3,2025-04-13 01:16:01,PENDING,689136538023,GPay
TXN0010694,CUST01199,MER0014,cust01199@okhdfcbank,3762.62,2025-03-18 02:41:02,Success,505157013224,Amazon Pay
TXN0010698,CUST00158,MER0110,cust00158@okhdfcbank,1302.96,2025-04-06 21:02:57,FAILED,782656986504,PhonePe
TXN0010700,CUST01425,MER0044,cust01425@okhdfcbank,,2025-01-23 07:33:45,failed,816630619874,GPay
TXN0010701,CUST00797,MER0057,cust00797@okhdfcbank,538.27,2025-06-05 19:48:28,Success,883746022824,GPay
TXN0010702,CUST01416,MER0050,cust01416@okhdfcbank,254.66,2025-03-23 20:45:34,Success,438439793743,GPay
TXN0010703,CUST01887,MER0031,cust01887@okhdfcbank,216.63,2025-06-05 19:07:50,success,324792432384,GPay
TXN0010705,CUST00963,MER0135,cust00963@okhdfcbank,2248.5,2025-03-05 23:13:19,SUCCESS,711323189298,BHIM
TXN0010708,CUST00976,MER0042,cust00976@okhdfcbank,732.55,2025-04-27 18:37:05,SUCCESS,215485651118,Paytm
TXN0010710,CUST01591,MER0086,cust01591@okhdfcbank,76.21,2025-04-08 18:34:59,success,334258472804,GPay
TXN0010712,CUST01982,MER0061,cust01982@okhdfcbank,205.14,2025-05-13 01:24:50,Success,233112359054,Paytm
TXN0010716,CUST00447,MER0040,cust00447@okhdfcbank,321.43,2025-01-29 06:04:43,success,008347817330,Paytm
TXN0010717,CUST01866,MER0083,cust01866@okhdfcbank,1513.82,2025-05-31 21:59:40,success,921095179375,PhonePe
TXN0010718,CUST01969,MER0088,cust01969@okhdfcbank,808.64,2025-01-21 13:15:23,SUCCESS,986750750051,PhonePe
TXN0010719,CUST00897,MER0070,cust00897@okhdfcbank,86.4,2025-01-14 13:00:40,success,922303439003,Amazon Pay
TXN0010720,CUST01708,MER0048,cust01708@okhdfcbank,265.97,2025-03-04 15:45:25,success,017906946336,PhonePe
TXN0010722,CUST01514,MER0066,cust01514@okhdfcbank,193.66,2025-06-11 13:44:02,Success,708170269972,PhonePe
TXN0010723,CUST01011,MER0108,cust01011@okhdfcbank,3750.16,2025-06-24 09:07:28,Success,776046184333,Paytm
TXN0010726,CUST01662,MER0010,cust01662@okhdfcbank,160.3,2025-01-24 14:17:51,SUCCESS,467075818634,BHIM
TXN0010727,CUST01426,MER0139,cust01426@okhdfcbank,1245.79,2025-03-18 17:36:08,Success,771535701398,PhonePe
TXN0010728,CUST00478,MER0147,cust00478@okhdfcbank,257.79,2025-04-27 03:58:23,Success,659533180991,Amazon Pay
TXN0010729,CUST00535,MER0092,cust00535@okhdfcbank,720.48,2025-02-20 03:20:11,SUCCESS,955723728852,GPay
TXN0010731,CUST00652,MER0060,cust00652@okhdfcbank,528.58,2025-01-19 05:12:51,SUCCESS,307058188494,GPay
TXN0010735,CUST00820,MER0134,cust00820@okhdfcbank,1374.2,2025-05-09 10:42:31,success,571795032937,GPay
TXN0010736,CUST01510,MER0087,cust01510@okhdfcbank,301.57,2025-05-31 12:33:15,SUCCESS,279630047116,GPay
TXN0010738,CUST01355,MER0079,cust01355@okhdfcbank,448.03,2025-03-12 08:43:53,success,520425808560,Paytm
TXN0010739,CUST01807,MER0149,cust01807@okhdfcbank,2470.73,2025-04-15 13:01:46,Success,417006430251,Paytm
TXN0010740,CUST00952,MER0035,cust00952@okhdfcbank,1200.28,2025-05-03 06:19:28,success,633895176174,PhonePe
TXN0010741,CUST00569,MER0009,cust00569@okhdfcbank,1086.46,2025-04-20 04:59:22,success,325238681356,PhonePe
TXN0010743,CUST00221,MER0118,cust00221@okhdfcbank,255.6,2025-04-04 21:03:51,success,276701623769,GPay
TXN0010744,CUST01303,MER0049,cust01303@okhdfcbank,1617.47,2025-03-05 19:29:22,success,984382867522,Amazon Pay
TXN0010745,CUST01333,MER0024,cust01333@okhdfcbank,152.79,2025-03-23 06:31:26,success,792925804173,Amazon Pay
TXN0010749,CUST00928,MER0008,cust00928@okhdfcbank,2645.95,2025-04-03 20:39:44,SUCCESS,999200114974,GPay
TXN0010750,CUST01419,MER0035,cust01419@okhdfcbank,1011.58,2025-01-24 12:00:43,success,477264092869,Amazon Pay
TXN0010751,CUST00981,MER0058,cust00981@okhdfcbank,1317.04,2025-05-18 05:03:09,SUCCESS,987380245184,GPay
TXN0010755,CUST01264,MER0135,cust01264@okhdfcbank,329.61,2025-06-20 19:02:32,pending,936662031806,PhonePe
TXN0010757,CUST01658,MER0016,cust01658@okhdfcbank,2911.1,2025-03-21 23:06:08,SUCCESS,308718193257,Amazon Pay
TXN0010759,CUST00481,MER0112,cust00481@okhdfcbank,283.25,2025-03-02 17:09:13,success,312527472542,GPay
TXN0010761,CUST01115,MER0026,cust01115@okhdfcbank,1417.46,2025-05-06 23:41:24,Success,942909374185,GPay
TXN0010762,CUST01620,MER0080,cust01620@okhdfcbank,3145.69,2025-02-26 08:22:48,Failed,328492911327,BHIM
TXN0010764,CUST01991,MER0142,cust01991@okhdfcbank,728.52,2025-06-19 10:40:52,SUCCESS,260135500008,PhonePe
TXN0010768,CUST01545,MER0095,cust01545@okhdfcbank,754.19,2025-01-02 10:07:37,SUCCESS,821613488779,BHIM
TXN0010769,CUST01429,MER0079,cust01429@okhdfcbank,811.46,2025-03-27 06:54:19,success,082779616985,PhonePe
TXN0010771,CUST01369,MER0132,cust01369@okhdfcbank,83.24,2025-03-24 16:21:22,SUCCESS,746222972757,GPay
TXN0010773,CUST00854,MER0071,cust00854@okhdfcbank,668.62,2025-01-02 13:34:57,failed,061853806261,BHIM
TXN0010774,CUST01255,MER0148,cust01255@okhdfcbank,747.06,2025-02-25 08:13:46,SUCCESS,662710064637,BHIM
TXN0010775,CUST00212,MER0080,cust00212@okhdfcbank,415.35,2025-04-07 02:50:01,SUCCESS,237016680925,GPay
TXN0010776,CUST00720,MER0050,cust00720@okhdfcbank,578.68,2025-05-01 14:03:23,Failed,049881542818,BHIM
TXN0010777,CUST01105,MER0017,cust01105@okhdfcbank,239.87,2025-06-24 05:30:38,SUCCESS,716208612413,PhonePe
TXN0010780,CUST00666,MER0024,cust00666@okhdfcbank,158.48,2025-05-13 21:25:44,SUCCESS,176319212346,Paytm
TXN0010782,CUST01863,MER0046,cust01863@okhdfcbank,232.96,2025-03-16 20:45:46,success,609248468113,BHIM
TXN0010786,CUST00655,MER0069,cust00655@okhdfcbank,1040.93,2025-02-05 04:37:59,SUCCESS,608715856086,Amazon Pay
TXN0010787,CUST01535,MER0148,cust01535@okhdfcbank,4257.66,2025-04-26 06:31:37,success,874881328443,Amazon Pay
TXN0010788,CUST00360,MER0010,cust00360@okhdfcbank,739.29,2025-05-04 03:27:42,Failed,222730379385,Amazon Pay
TXN0010790,CUST00783,MER0098,cust00783@okhdfcbank,988.9,2025-03-26 00:54:40,failed,505210609384,Amazon Pay
TXN0010792,CUST00355,MER0043,cust00355@okhdfcbank,516.17,2025-04-21 15:40:52,success,819819763211,Amazon Pay
TXN0010794,CUST01101,MER0099,cust01101@okhdfcbank,576.95,2025-01-19 02:40:19,success,120127948233,Amazon Pay
TXN0010795,CUST01165,MER0065,cust01165@okhdfcbank,548.82,2025-01-19 00:46:58,Success,375418035384,Paytm
TXN0010796,CUST01710,MER0017,cust01710@okhdfcbank,503.02,2025-05-02 09:14:07,Failed,025076368282,GPay
TXN0010797,CUST01685,MER0139,cust01685@okhdfcbank,331.8,2025-06-01 22:24:50,SUCCESS,084392050187,GPay
TXN0010798,CUST01546,MER0050,cust01546@okhdfcbank,674.85,2025-04-29 05:21:08,SUCCESS,321469802164,BHIM
TXN0010800,CUST01625,MER0060,cust01625@okhdfcbank,353.6,2025-06-02 03:06:09,Success,981335405547,Amazon Pay
TXN0010801,CUST01627,MER0079,cust01627@okhdfcbank,40.82,2025-01-25 15:00:28,Success,702597759664,Paytm
TXN0010803,CUST00005,MER0097,cust00005@okhdfcbank,4159.4,2025-03-24 10:57:54,Success,419498537714,Paytm
TXN0010806,CUST00840,MER0049,cust00840@okhdfcbank,970.11,2025-02-09 03:23:32,Success,991404189986,Paytm
TXN0010807,CUST01651,MER0077,cust01651@okhdfcbank,2818.14,2025-05-11 23:36:40,success,260151050724,GPay
TXN0010808,CUST01060,MER0138,cust01060@okhdfcbank,836.62,2025-04-28 09:12:40,success,364878750403,PhonePe
TXN0010813,CUST00590,MER0045,cust00590@okhdfcbank,655.51,2025-02-25 04:50:06,SUCCESS,475799224197,GPay
TXN0010819,CUST00712,MER0042,cust00712@okhdfcbank,1109.56,2025-05-28 09:44:51,Success,663777384991,Amazon Pay
TXN0010820,CUST01747,MER0144,cust01747@okhdfcbank,204.85,2025-05-04 00:47:50,failed,210662405160,GPay
TXN0010821,CUST01851,MER0134,cust01851@okhdfcbank,383.65,2025-06-06 16:42:33,SUCCESS,286116653942,BHIM
TXN0010822,CUST01273,MER0096,cust01273@okhdfcbank,685.78,2025-04-29 05:06:50,Success,606643194959,Amazon Pay
TXN0010824,CUST01294,MER0003,cust01294@okhdfcbank,68.96,2025-02-18 07:12:22,Success,107863059189,BHIM
TXN0010826,CUST00670,MER0054,cust00670@okhdfcbank,117.79,2025-03-04 15:57:54,Failed,350591467996,Amazon Pay
TXN0010827,CUST01231,MER0025,cust01231@okhdfcbank,1004.57,2025-06-13 00:23:07,SUCCESS,112470778696,Paytm
TXN0010830,CUST00938,MER0032,cust00938@okhdfcbank,489.9,2025-06-05 20:14:12,SUCCESS,344103855190,Paytm
TXN0010831,CUST01126,MER0134,cust01126@okhdfcbank,522.79,2025-02-09 02:38:04,Success,852038896301,Amazon Pay
TXN0010832,CUST00010,MER0010,cust00010@okhdfcbank,67.99,2025-05-28 23:16:49,SUCCESS,853319506882,PhonePe
TXN0010833,CUST01213,MER0088,cust01213@okhdfcbank,569.56,2025-02-23 04:47:12,SUCCESS,823165636627,Paytm
TXN0010834,CUST00280,MER0141,cust00280@okhdfcbank,454.78,2025-04-09 18:31:17,SUCCESS,490550008971,GPay
TXN0010835,CUST01945,MER0117,cust01945@okhdfcbank,134.41,2025-02-11 05:14:01,Success,789725613397,Paytm
TXN0010840,CUST01187,MER0067,cust01187@okhdfcbank,307.52,2025-03-30 17:42:18,success,310653322509,Paytm
TXN0010842,CUST00219,MER0118,cust00219@okhdfcbank,451.89,2025-05-16 23:32:30,Success,555419933963,BHIM
TXN0010844,CUST01769,MER0111,cust01769@okhdfcbank,290.42,2025-04-24 10:45:55,Success,331012774554,BHIM
TXN0010845,CUST00106,MER0022,cust00106@okhdfcbank,169.88,2025-06-14 07:56:51,failed,917225672203,GPay
TXN0010850,CUST00690,MER0101,cust00690@okhdfcbank,1777.06,2025-04-04 06:59:12,SUCCESS,312318093749,GPay
TXN0010851,CUST01699,MER0092,cust01699@okhdfcbank,309.11,2025-03-23 07:53:43,SUCCESS,745265656603,GPay
TXN0010852,CUST00886,MER0084,cust00886@okhdfcbank,662.36,2025-01-01 00:14:24,SUCCESS,462402150746,PhonePe
TXN0010855,CUST00197,MER0099,cust00197@okhdfcbank,369.01,2025-04-06 10:03:56,SUCCESS,085408453193,Paytm
TXN0010858,CUST00582,MER0054,cust00582@okhdfcbank,839.04,2025-03-13 10:42:44,SUCCESS,723598815459,BHIM
TXN0010862,CUST00687,MER0105,cust00687@okhdfcbank,617.64,2025-03-21 07:52:50,success,601301477584,PhonePe
TXN0010863,CUST01755,MER0148,cust01755@okhdfcbank,2556.9,2025-06-03 14:16:13,success,790055947671,Amazon Pay
TXN0010864,CUST01943,MER0059,cust01943@okhdfcbank,87.36,2025-04-05 01:48:20,success,368139327618,BHIM
TXN0010865,CUST00703,MER0080,cust00703@okhdfcbank,186.85,2025-01-09 20:19:49,Success,230381358492,PhonePe
TXN0010867,CUST00365,MER0144,cust00365@okhdfcbank,645.34,2025-03-26 09:32:20,success,293520435544,BHIM
TXN0010869,CUST00344,MER0085,cust00344@okhdfcbank,960.54,2025-06-05 15:26:04,Success,026218831201,Paytm
TXN0010870,CUST00913,MER0032,cust00913@okhdfcbank,610.33,2025-02-28 09:11:23,SUCCESS,547391211985,BHIM
TXN0010871,CUST01964,MER0009,cust01964@okhdfcbank,281.66,2025-06-13 23:34:58,SUCCESS,376802462375,Amazon Pay
TXN0010874,CUST01525,MER0045,cust01525@okhdfcbank,314.95,2025-05-27 17:12:39,SUCCESS,321454655538,PhonePe
TXN0010876,CUST01618,MER0019,cust01618@okhdfcbank,944.86,2025-05-03 04:12:52,Success,531073980463,PhonePe
TXN0010877,CUST00843,MER0064,cust00843@okhdfcbank,610.8,2025-04-11 10:48:04,SUCCESS,401489817743,GPay
TXN0010878,CUST01325,MER0074,cust01325@okhdfcbank,2743.86,2025-04-22 06:14:05,SUCCESS,890539513474,GPay
TXN0010879,CUST00501,MER0105,cust00501@okhdfcbank,1857.2,2025-06-16 21:20:01,Success,145320445027,Paytm
TXN0010881,CUST00790,MER0051,cust00790@okhdfcbank,6414.82,2025-03-04 17:38:40,Success,497865711846,GPay
TXN0010882,CUST01049,MER0090,cust01049@okhdfcbank,425.62,2025-02-12 20:41:53,success,816516480104,BHIM
TXN0010883,CUST00039,MER0022,cust00039@okhdfcbank,309.57,2025-01-05 05:17:43,SUCCESS,773897819895,Amazon Pay
TXN0010885,CUST00290,MER0113,cust00290@okhdfcbank,382.74,2025-04-17 15:47:26,pending,203274035210,Amazon Pay
TXN0010887,CUST01981,MER0054,cust01981@okhdfcbank,183.84,2025-01-01 07:08:52,success,801464126910,Paytm
TXN0010888,CUST01555,MER0076,cust01555@okhdfcbank,903.85,2025-05-05 19:12:03,SUCCESS,354639494874,PhonePe
TXN0010890,CUST00756,MER0038,cust00756@okhdfcbank,447.45,2025-06-26 00:50:05,SUCCESS,078147196220,PhonePe
TXN0010892,CUST00718,MER0135,cust00718@okhdfcbank,318.61,2025-03-15 00:30:35,SUCCESS,250719676055,Paytm
TXN0010894,CUST01826,MER0056,cust01826@okhdfcbank,84.38,2025-03-17 04:54:29,Success,925788235432,PhonePe
TXN0010896,CUST01531,MER0109,cust01531@okhdfcbank,844.76,2025-02-11 20:55:03,SUCCESS,747240739072,Amazon Pay
TXN0010897,CUST00520,MER0078,cust00520@okhdfcbank,657.82,2025-05-13 01:02:34,Success,133266189294,BHIM
TXN0010898,CUST00577,MER0055,cust00577@okhdfcbank,484.72,2025-05-03 02:44:14,SUCCESS,743317138699,PhonePe
TXN0010899,CUST01219,MER0067,cust01219@okhdfcbank,203.45,2025-03-20 05:57:33,Success,535682882285,GPay
TXN0010900,CUST01042,MER0097,cust01042@okhdfcbank,693.07,2025-05-26 02:14:37,Success,399013717238,PhonePe
TXN0010901,CUST01513,MER0063,cust01513@okhdfcbank,81.53,2025-02-15 04:07:49,success,213273740510,GPay
TXN0010906,CUST01815,MER0115,cust01815@okhdfcbank,577.08,2025-02-28 12:52:24,success,888725724875,BHIM
TXN0010907,CUST00574,MER0092,cust00574@okhdfcbank,2567.62,2025-03-31 12:20:29,SUCCESS,623018610321,Paytm
TXN0010908,CUST00946,MER0110,cust00946@okhdfcbank,284.8,2025-02-03 14:30:53,FAILED,690693767289,Paytm
TXN0010910,CUST00279,MER0100,cust00279@okhdfcbank,382.88,2025-02-17 13:47:48,Success,443943450939,Amazon Pay
TXN0010911,CUST01932,MER0101,cust01932@okhdfcbank,1962.0,2025-03-28 07:30:08,success,149910759294,PhonePe
TXN0010913,CUST01258,MER0142,cust01258@okhdfcbank,1157.95,2025-06-27 15:25:02,Success,388071572220,PhonePe
TXN0010916,CUST01016,MER0096,cust01016@okhdfcbank,453.03,2025-04-30 02:04:19,Success,728656051589,Amazon Pay
TXN0010917,CUST00559,MER0074,cust00559@okhdfcbank,1743.09,2025-05-07 05:30:51,Pending,923937597660,Amazon Pay
TXN0010918,CUST00491,MER0074,cust00491@okhdfcbank,-54.75,2025-06-12 23:28:18,FAILED,039595690533,GPay
TXN0010920,CUST00726,MER0049,cust00726@okhdfcbank,341.56,2025-03-28 15:05:37,success,195732541479,GPay
TXN0010923,CUST00798,MER0120,cust00798@okhdfcbank,105.57,2025-03-23 12:50:11,success,614570121923,Amazon Pay
TXN0010924,CUST01142,MER0122,cust01142@okhdfcbank,47.91,2025-02-24 15:23:03,SUCCESS,511977527330,BHIM
TXN0010926,CUST00047,MER0123,cust00047@okhdfcbank,366.45,2025-03-23 19:10:09,SUCCESS,074028471735,Paytm
TXN0010928,CUST00632,MER0114,cust00632@okhdfcbank,634.51,2025-03-10 02:31:51,SUCCESS,061878075141,Amazon Pay
TXN0010932,CUST01274,MER0015,cust01274@okhdfcbank,1783.67,2025-06-03 03:55:03,Success,492822628501,Paytm
TXN0010933,CUST00067,MER0012,cust00067@okhdfcbank,91.84,2025-04-21 20:56:17,Success,957596970149,BHIM
TXN0010935,CUST01631,MER0105,cust01631@okhdfcbank,978.79,2025-03-14 08:26:41,SUCCESS,539796507950,GPay
TXN0010936,CUST00816,MER0092,cust00816@okhdfcbank,392.85,2025-05-21 23:16:37,FAILED,198526672418,Paytm
TXN0010938,CUST01526,MER0075,cust01526@okhdfcbank,78.36,2025-05-21 06:24:06,success,170581923080,PhonePe
TXN0010939,CUST00540,MER0088,cust00540@okhdfcbank,1025.77,2025-02-17 09:53:48,SUCCESS,197657910673,Paytm
TXN0010940,CUST01076,MER0086,cust01076@okhdfcbank,945.39,2025-05-08 03:05:44,SUCCESS,198099400350,Paytm
TXN0010943,CUST01772,MER0034,cust01772@okhdfcbank,161.89,2025-03-21 22:16:41,Success,290511536515,GPay
TXN0010944,CUST00881,MER0009,cust00881@okhdfcbank,467.32,2025-05-03 14:03:39,Success,871885735999,Paytm
TXN0010945,CUST01400,MER0004,cust01400@okhdfcbank,132.25,2025-06-17 07:49:02,SUCCESS,681835887895,GPay
TXN0010947,CUST00060,MER0147,cust00060@okhdfcbank,1739.32,2025-05-24 02:01:41,success,566082714699,Paytm
TXN0010949,CUST01507,MER0063,cust01507@okhdfcbank,970.22,2025-06-08 05:51:42,Success,437465132341,GPay
TXN0010951,CUST01364,MER0093,cust01364@okhdfcbank,1114.61,2025-06-10 02:19:02,Success,547047677396,BHIM
TXN0010953,CUST01412,MER0129,cust01412@okhdfcbank,309.96,2025-04-21 05:39:28,SUCCESS,314246541121,BHIM
TXN0010954,CUST01212,MER0103,cust01212@okhdfcbank,258.3,2025-06-11 20:36:56,SUCCESS,578643046220,Paytm
TXN0010957,CUST01817,MER0082,cust01817@okhdfcbank,329.56,2025-04-08 13:16:18,SUCCESS,681628550065,PhonePe
TXN0010961,CUST00628,MER0121,cust00628@okhdfcbank,260.98,2025-03-29 02:59:15,success,842144046649,PhonePe
TXN0010962,CUST00871,MER0024,cust00871@okhdfcbank,2472.74,2025-04-10 04:09:32,Failed,434961351369,GPay
TXN0010963,CUST01317,MER0105,cust01317@okhdfcbank,1023.11,2025-04-10 05:59:59,Success,133306886364,Paytm
TXN0010964,CUST00998,MER0001,cust00998@okhdfcbank,1207.47,2025-02-24 11:59:22,SUCCESS,766200086464,Amazon Pay
TXN0010966,CUST01196,MER0106,cust01196@okhdfcbank,821.59,2025-03-19 15:38:49,Success,954046101729,GPay
TXN0010967,CUST01375,MER0099,cust01375@okhdfcbank,201.2,2025-04-17 07:48:53,SUCCESS,815159225461,Amazon Pay
TXN0010970,CUST00828,MER0088,cust00828@okhdfcbank,177.33,2025-04-27 14:03:41,Success,465345215687,Paytm
TXN0010971,CUST01201,MER0096,cust01201@okhdfcbank,481.66,2025-01-04 06:10:52,Success,912095479591,GPay
TXN0010973,CUST01472,MER0043,cust01472@okhdfcbank,5029.47,2025-05-17 04:41:04,Success,815052253145,Amazon Pay
TXN0010976,CUST00866,MER0074,cust00866@okhdfcbank,1527.35,2025-06-16 02:17:30,PENDING,372734035802,Paytm
TXN0010979,CUST01096,MER0109,cust01096@okhdfcbank,86.47,2025-02-03 22:19:29,SUCCESS,655486783458,PhonePe
TXN0010984,CUST00924,MER0063,cust00924@okhdfcbank,64.7,2025-02-11 09:38:57,Success,983154085299,Amazon Pay
TXN0010985,CUST01131,MER0024,cust01131@okhdfcbank,775.51,2025-02-19 04:36:19,success,526909715039,Paytm
TXN0010986,CUST00930,MER0129,cust00930@okhdfcbank,1475.1,2025-03-07 22:34:37,success,900061199077,Amazon Pay
TXN0010987,CUST00344,MER0067,cust00344@okhdfcbank,83.45,2025-03-30 09:25:09,Success,630685321093,Paytm
TXN0010988,CUST00613,MER0078,cust00613@okhdfcbank,714.49,2025-06-10 16:57:35,SUCCESS,035842238856,BHIM
TXN0010994,CUST00732,MER0022,cust00732@okhdfcbank,736.11,2025-04-15 07:51:44,Success,347325113293,GPay
TXN0010996,CUST00636,MER0128,cust00636@okhdfcbank,475.39,2025-04-04 00:36:33,SUCCESS,229179386057,BHIM
TXN0010999,CUST01036,MER0049,cust01036@okhdfcbank,417.97,2025-01-02 16:22:15,Success,047865850209,PhonePe
TXN0011001,CUST00548,MER0108,cust00548@okhdfcbank,245.52,2025-05-30 23:51:33,Success,583919278450,BHIM
TXN0011002,CUST00652,MER0137,cust00652@okhdfcbank,394.02,2025-06-08 04:50:45,SUCCESS,344803083427,GPay
TXN0011004,CUST01102,MER0094,cust01102@okhdfcbank,3837.43,2025-05-04 19:52:34,SUCCESS,373146232500,Paytm
TXN0011005,CUST00344,MER0031,cust00344@okhdfcbank,63.47,2025-04-05 22:42:56,Success,457513683256,PhonePe
TXN0011010,CUST00350,MER0142,cust00350@okhdfcbank,2355.47,2025-03-14 20:07:49,Failed,773124552499,PhonePe
TXN0011011,CUST00677,MER0093,cust00677@okhdfcbank,237.94,2025-06-06 19:55:36,PENDING,254432863486,GPay
TXN0011014,CUST01272,MER0046,cust01272@okhdfcbank,344.66,2025-02-11 18:35:19,SUCCESS,590173998236,BHIM
TXN0011019,CUST00114,MER0051,cust00114@okhdfcbank,101.66,2025-04-14 11:21:06,SUCCESS,263658823901,PhonePe
TXN0011022,CUST01441,MER0045,cust01441@okhdfcbank,256.09,2025-03-02 12:53:30,SUCCESS,981770873895,Paytm
TXN0011024,CUST01412,MER0095,cust01412@okhdfcbank,374.37,2025-04-22 12:07:15,Success,292210769103,BHIM
TXN0011025,CUST00949,MER0062,cust00949@okhdfcbank,567.22,2025-05-29 04:26:19,Success,557625043805,Amazon Pay
TXN0011027,CUST01507,MER0027,cust01507@okhdfcbank,1104.62,2025-02-03 16:03:02,Success,787813970225,Paytm
TXN0011028,CUST00130,MER0132,cust00130@okhdfcbank,4700.94,2025-03-03 01:11:09,Success,597569343552,GPay
TXN0011030,CUST00396,MER0076,cust00396@okhdfcbank,1028.43,2025-01-18 14:35:22,SUCCESS,329512544950,Paytm
TXN0011031,CUST00179,MER0076,cust00179@okhdfcbank,100.73,2025-05-21 12:49:19,Success,359710756063,GPay
TXN0011032,CUST00823,MER0023,cust00823@okhdfcbank,337.25,2025-02-08 04:25:02,success,777915514346,BHIM
TXN0011033,CUST00511,MER0022,cust00511@okhdfcbank,376.0,2025-03-06 12:49:02,SUCCESS,020009736519,PhonePe
TXN0011038,CUST00608,MER0003,cust00608@okhdfcbank,6646.42,2025-03-29 08:07:40,SUCCESS,587156894316,GPay
TXN0011045,CUST01639,MER0079,cust01639@okhdfcbank,419.13,2025-03-05 05:06:33,success,405798315515,Amazon Pay
TXN0011047,CUST01995,MER0048,cust01995@okhdfcbank,316.86,2025-04-27 01:11:06,SUCCESS,653234918727,BHIM
TXN0011048,CUST01211,MER0026,cust01211@okhdfcbank,705.93,2025-01-28 10:46:51,Success,272446876818,PhonePe
TXN0011049,CUST00833,MER0069,cust00833@okhdfcbank,687.54,2025-03-08 06:18:30,success,533847239627,BHIM
TXN0011050,CUST00313,MER0015,cust00313@okhdfcbank,634.86,2025-03-22 23:14:57,FAILED,042151239768,BHIM
TXN0011051,CUST00629,MER0022,cust00629@okhdfcbank,464.2,2025-05-01 00:39:53,success,402614112776,BHIM
TXN0011052,CUST01879,MER0027,cust01879@okhdfcbank,1165.31,2025-01-05 10:45:29,success,534748067701,BHIM
TXN0011056,CUST00272,MER0041,cust00272@okhdfcbank,950.33,2025-05-09 23:10:51,Success,845346203425,PhonePe
TXN0011059,CUST00290,MER0107,cust00290@okhdfcbank,345.42,2025-06-10 01:10:31,SUCCESS,534326210688,Paytm
TXN0011062,CUST01901,MER0103,cust01901@okhdfcbank,85.67,2025-02-03 02:35:02,SUCCESS,976989989386,PhonePe
TXN0011065,CUST00782,MER0038,cust00782@okhdfcbank,1518.21,2025-01-06 22:01:59,Success,337440499166,BHIM
TXN0011066,CUST01084,MER0050,cust01084@okhdfcbank,78.31,2025-05-03 14:39:50,success,366933367648,PhonePe
TXN0011067,CUST00555,MER0128,cust00555@okhdfcbank,5683.37,2025-04-22 06:04:17,SUCCESS,468123829161,PhonePe
TXN0011068,CUST01638,MER0023,cust01638@okhdfcbank,203.13,2025-05-25 19:28:18,SUCCESS,987438545074,BHIM
TXN0011069,CUST00008,MER0003,cust00008@okhdfcbank,2058.97,2025-03-09 01:02:26,failed,615914878901,PhonePe
TXN0011070,CUST01165,MER0059,cust01165@okhdfcbank,459.81,2025-01-28 00:29:48,SUCCESS,284634035318,PhonePe
TXN0011071,CUST01356,MER0091,cust01356@okhdfcbank,217.31,2025-04-06 14:10:31,success,348638684423,Paytm
TXN0011073,CUST01285,MER0117,cust01285@okhdfcbank,1379.02,2025-01-10 13:05:06,Success,694321545199,BHIM
TXN0011074,CUST01441,MER0052,cust01441@okhdfcbank,104.3,2025-01-31 15:52:13,SUCCESS,860709858281,GPay
TXN0011075,CUST00299,MER0008,cust00299@okhdfcbank,993.85,2025-01-10 01:17:42,SUCCESS,255972241263,GPay
TXN0011076,CUST01967,MER0119,cust01967@okhdfcbank,486.78,2025-06-27 06:16:40,SUCCESS,905323305177,Amazon Pay
TXN0011077,CUST01732,MER0069,cust01732@okhdfcbank,877.47,2025-04-19 12:27:40,Success,998147918871,Paytm
TXN0011078,CUST00696,MER0127,cust00696@okhdfcbank,498.19,2025-05-23 17:25:23,Success,664680385449,Paytm
TXN0011079,CUST00264,MER0066,cust00264@okhdfcbank,278.14,2025-06-06 07:51:30,Success,604866459739,PhonePe
TXN0011082,CUST01250,MER0090,cust01250@okhdfcbank,960.33,2025-01-18 03:50:41,Success,974648411679,Paytm
TXN0011083,CUST00605,MER0086,cust00605@okhdfcbank,955.54,2025-02-06 04:03:50,failed,873892458377,BHIM
TXN0011086,CUST01905,MER0038,cust01905@okhdfcbank,2010.36,2025-06-27 09:20:48,SUCCESS,880571498549,GPay
TXN0011089,CUST01132,MER0008,cust01132@okhdfcbank,2746.13,2025-02-03 16:34:49,SUCCESS,207931561709,PhonePe
TXN0011093,CUST00924,MER0103,cust00924@okhdfcbank,94.26,2025-05-15 11:42:12,Success,173492112322,Amazon Pay
TXN0011094,CUST01244,MER0088,cust01244@okhdfcbank,336.44,2025-01-09 02:08:26,failed,864575602243,PhonePe
TXN0011095,CUST01471,MER0149,cust01471@okhdfcbank,190.93,2025-01-05 12:33:24,Success,013621200245,GPay
TXN0011096,CUST00527,MER0022,cust00527@okhdfcbank,390.2,2025-05-04 05:17:02,SUCCESS,800971228215,BHIM
TXN0011101,CUST01285,MER0091,cust01285@okhdfcbank,1400.09,2025-03-25 18:32:25,SUCCESS,548294430032,BHIM
TXN0011104,CUST01898,MER0131,cust01898@okhdfcbank,3056.08,2025-03-27 23:35:09,Success,949295922104,PhonePe
TXN0011106,CUST01428,MER0061,cust01428@okhdfcbank,143.74,2025-01-15 09:11:09,success,951497172603,BHIM
TXN0011108,CUST01326,MER0033,cust01326@okhdfcbank,276.64,2025-06-21 20:37:39,Success,110723586554,PhonePe
TXN0011109,CUST01900,MER0036,cust01900@okhdfcbank,2089.34,2025-06-13 18:16:36,SUCCESS,754601871557,Paytm
TXN0011112,CUST00783,MER0003,cust00783@okhdfcbank,391.94,2025-06-29 01:19:13,SUCCESS,136273786425,PhonePe
TXN0011113,CUST00573,MER0124,cust00573@okhdfcbank,67.99,2025-06-11 07:22:45,success,953252212016,BHIM
TXN0011114,CUST01207,MER0071,cust01207@okhdfcbank,171.57,2025-05-10 05:01:52,Success,778135121736,Paytm
TXN0011118,CUST00675,MER0032,cust00675@okhdfcbank,986.47,2025-05-28 13:31:15,Success,715461251386,GPay
TXN0011120,CUST01634,MER0083,cust01634@okhdfcbank,339.78,2025-05-22 17:21:35,Success,584620802860,Amazon Pay
TXN0011122,CUST00631,MER0019,cust00631@okhdfcbank,379.1,2025-04-25 09:30:15,SUCCESS,064609988701,PhonePe
TXN0011123,CUST01457,MER0032,cust01457@okhdfcbank,376.42,2025-02-20 09:53:45,success,626472142020,BHIM
TXN0011125,CUST00478,MER0079,cust00478@okhdfcbank,155.6,2025-03-27 12:52:39,SUCCESS,216322410153,PhonePe
TXN0011128,CUST00441,MER0015,cust00441@okhdfcbank,935.09,2025-06-09 05:49:09,success,581507659838,Amazon Pay
TXN0011129,CUST01156,MER0085,cust01156@okhdfcbank,124.88,2025-05-22 12:02:52,success,121200214780,BHIM
TXN0011132,CUST01140,MER0066,cust01140@okhdfcbank,286.09,2025-06-17 21:00:31,success,335091573345,Amazon Pay
TXN0011133,CUST01046,MER0133,cust01046@okhdfcbank,1340.17,2025-03-20 10:49:58,SUCCESS,414615694493,Amazon Pay
TXN0011136,CUST01825,MER0043,cust01825@okhdfcbank,323.19,2025-03-13 08:57:12,success,651622633075,Paytm
TXN0011137,CUST01586,MER0137,cust01586@okhdfcbank,1476.21,2025-05-09 20:21:56,Success,425341964400,BHIM
TXN0011143,CUST00430,MER0011,cust00430@okhdfcbank,480.2,2025-03-26 19:35:13,success,275538750890,GPay
TXN0011145,CUST01097,MER0077,cust01097@okhdfcbank,2804.95,2025-05-13 08:03:32,success,863776642915,Paytm
TXN0011147,CUST00839,MER0127,cust00839@okhdfcbank,291.28,2025-04-08 13:16:08,SUCCESS,799560736282,Paytm
TXN0011148,CUST00038,MER0103,cust00038@okhdfcbank,447.85,2025-02-24 02:05:57,success,559090209388,Amazon Pay
TXN0011151,CUST00575,MER0148,cust00575@okhdfcbank,459.39,2025-03-05 04:43:28,success,220742005032,PhonePe
TXN0011153,CUST00163,MER0060,cust00163@okhdfcbank,916.14,2025-03-11 09:40:15,SUCCESS,744924432322,BHIM
TXN0011154,CUST01303,MER0052,cust01303@okhdfcbank,458.65,2025-01-16 18:14:14,Success,261352833616,BHIM
TXN0011156,CUST01838,MER0089,cust01838@okhdfcbank,462.65,2025-05-13 18:10:31,success,458773594839,Amazon Pay
TXN0011158,CUST01288,MER0041,cust01288@okhdfcbank,548.94,2025-06-29 09:03:37,success,450391941856,GPay
TXN0011161,CUST01981,MER0017,cust01981@okhdfcbank,106.45,2025-05-18 01:03:08,FAILED,398703385906,BHIM
TXN0011162,CUST01303,MER0075,cust01303@okhdfcbank,517.62,2025-04-13 05:57:47,success,058027858439,Paytm
TXN0011165,CUST01533,MER0031,cust01533@okhdfcbank,678.85,2025-06-03 09:14:32,Success,268287727645,GPay
TXN0011166,CUST01264,MER0127,cust01264@okhdfcbank,57.76,2025-03-24 09:51:03,FAILED,130281931617,PhonePe
TXN0011167,CUST00527,MER0086,cust00527@okhdfcbank,982.25,2025-02-13 12:00:27,Success,037432331280,Paytm
TXN0011168,CUST00550,MER0105,cust00550@okhdfcbank,152.98,2025-03-11 01:10:55,Failed,228342295620,Paytm
TXN0011169,CUST01613,MER0082,cust01613@okhdfcbank,481.86,2025-01-14 23:16:17,success,698779643884,Paytm
TXN0011170,CUST01572,MER0092,cust01572@okhdfcbank,254.84,2025-06-01 04:46:14,SUCCESS,684021110181,Paytm
TXN0011180,CUST01509,MER0084,cust01509@okhdfcbank,576.23,2025-04-22 18:31:26,Success,255743343332,PhonePe
TXN0011187,CUST01163,MER0134,cust01163@okhdfcbank,979.33,2025-05-29 19:10:50,success,693114801366,GPay
TXN0011189,CUST01648,MER0130,cust01648@okhdfcbank,126.52,2025-01-07 12:31:20,success,649633294522,PhonePe
TXN0011192,CUST00148,MER0086,cust00148@okhdfcbank,271.54,2025-06-19 00:40:12,SUCCESS,568380695854,PhonePe
TXN0011193,CUST00449,MER0113,cust00449@okhdfcbank,270.66,2025-05-26 04:46:20,success,889888756049,BHIM
TXN0011195,CUST00820,MER0125,cust00820@okhdfcbank,377.26,2025-01-21 06:11:54,SUCCESS,018634184557,Paytm
TXN0011196,CUST01902,MER0089,cust01902@okhdfcbank,253.78,2025-03-05 08:38:58,SUCCESS,634807190315,Paytm
TXN0011198,CUST01804,MER0005,cust01804@okhdfcbank,81.88,2025-03-09 00:03:03,success,440909551984,BHIM
TXN0011199,CUST00502,MER0150,cust00502@okhdfcbank,212.27,2025-01-30 22:48:55,Success,297063016293,BHIM
TXN0011201,CUST01260,MER0112,cust01260@okhdfcbank,376.47,2025-04-05 02:11:36,success,601461759435,GPay
TXN0011202,CUST01753,MER0069,cust01753@okhdfcbank,957.37,2025-05-26 04:42:51,SUCCESS,668822567171,Amazon Pay
TXN0011208,CUST01415,MER0040,cust01415@okhdfcbank,476.97,2025-05-18 23:37:25,Failed,022638392013,Paytm
TXN0011209,CUST01087,MER0090,cust01087@okhdfcbank,57.34,2025-03-21 08:59:49,SUCCESS,464258989927,Paytm
TXN0011210,CUST00911,MER0040,cust00911@okhdfcbank,145.87,2025-06-05 22:20:32,SUCCESS,406401048423,Amazon Pay
TXN0011211,CUST01027,MER0094,cust01027@okhdfcbank,416.84,2025-05-24 06:41:27,Success,330655626815,PhonePe
TXN0011214,CUST01480,MER0056,cust01480@okhdfcbank,783.4,2025-04-19 04:11:38,Success,709868957445,PhonePe
TXN0011216,CUST01019,MER0117,cust01019@okhdfcbank,827.66,2025-03-08 01:22:22,SUCCESS,656033874031,BHIM
TXN0011217,CUST01792,MER0082,cust01792@okhdfcbank,589.09,2025-04-17 14:37:49,SUCCESS,383082008651,Amazon Pay
TXN0011219,CUST00792,MER0047,cust00792@okhdfcbank,1432.05,2025-03-22 22:21:31,Success,273326600713,PhonePe
TXN0011220,CUST00533,MER0056,cust00533@okhdfcbank,427.14,2025-04-28 22:24:33,success,766609642723,PhonePe
TXN0011221,CUST00760,MER0102,cust00760@okhdfcbank,1712.29,2025-04-03 18:12:30,Success,608706591586,Paytm
TXN0011222,CUST01314,MER0132,cust01314@okhdfcbank,202.47,2025-02-21 20:17:11,success,737775598820,Paytm
TXN0011225,CUST00985,MER0088,cust00985@okhdfcbank,340.78,2025-01-16 23:00:53,SUCCESS,356395516100,BHIM
TXN0011226,CUST01365,MER0145,cust01365@okhdfcbank,640.11,2025-05-16 08:06:11,FAILED,449981134044,Paytm
TXN0011229,CUST00759,MER0018,cust00759@okhdfcbank,609.21,2025-01-30 17:51:19,Success,715068242864,Amazon Pay
TXN0011230,CUST01173,MER0071,cust01173@okhdfcbank,206.6,2025-02-28 01:08:22,SUCCESS,536585065740,BHIM
TXN0011233,CUST00565,MER0139,cust00565@okhdfcbank,1432.06,2025-02-04 12:48:30,success,065016184343,Amazon Pay
TXN0011235,CUST01599,MER0087,cust01599@okhdfcbank,736.17,2025-05-09 17:38:03,SUCCESS,541223468583,GPay
TXN0011236,CUST01169,MER0122,cust01169@okhdfcbank,2051.85,2025-02-22 20:08:23,SUCCESS,618344740453,PhonePe
TXN0011237,CUST00902,MER0114,cust00902@okhdfcbank,2001.23,2025-03-26 08:19:30,Success,911531648118,GPay
TXN0011239,CUST00654,MER0150,cust00654@okhdfcbank,584.12,2025-06-24 08:28:22,Success,312780768374,PhonePe
TXN0011240,CUST00076,MER0124,cust00076@okhdfcbank,107.92,2025-01-04 15:20:39,SUCCESS,863382960441,Amazon Pay
TXN0011241,CUST00741,MER0084,cust00741@okhdfcbank,262.38,2025-02-28 20:02:48,SUCCESS,037680899095,GPay
TXN0011243,CUST01626,MER0054,cust01626@okhdfcbank,210.12,2025-05-05 00:18:39,Success,010312361382,Paytm
TXN0011244,CUST01711,MER0079,cust01711@okhdfcbank,631.72,2025-02-13 05:38:52,Failed,733961320293,GPay
TXN0011245,CUST01569,MER0111,cust01569@okhdfcbank,3333.07,2025-04-15 06:48:14,success,954084745532,PhonePe
TXN0011247,CUST01761,MER0106,cust01761@okhdfcbank,628.84,2025-06-05 11:32:48,success,983298714806,BHIM
TXN0011248,CUST01155,MER0045,cust01155@okhdfcbank,1074.31,2025-01-28 08:28:26,Success,052917785033,Paytm
TXN0011249,CUST01487,MER0001,cust01487@okhdfcbank,237.79,2025-06-11 04:23:57,failed,005391831670,Paytm
TXN0011255,CUST00950,MER0120,cust00950@okhdfcbank,399.9,2025-01-25 06:29:33,SUCCESS,571925451753,GPay
TXN0011257,CUST00253,MER0086,cust00253@okhdfcbank,165.4,2025-05-05 22:41:22,success,552978788348,PhonePe
TXN0011258,CUST00517,MER0119,cust00517@okhdfcbank,100.38,2025-03-30 07:46:26,SUCCESS,996980463577,GPay
TXN0011260,CUST00590,MER0068,cust00590@okhdfcbank,1644.75,2025-02-16 16:18:27,SUCCESS,742533597156,Paytm
TXN0011261,CUST01359,MER0019,cust01359@okhdfcbank,56.72,2025-06-08 23:10:20,Pending,123431501903,Paytm
TXN0011262,CUST01832,MER0068,cust01832@okhdfcbank,3097.36,2025-05-15 19:22:00,SUCCESS,286296429667,Amazon Pay
TXN0011264,CUST01931,MER0094,cust01931@okhdfcbank,658.43,2025-04-01 22:25:43,Success,885069160387,Paytm
TXN0011268,CUST00196,MER0101,cust00196@okhdfcbank,1538.9,2025-04-14 16:28:03,Success,811885146143,Amazon Pay
TXN0011270,CUST00439,MER0081,cust00439@okhdfcbank,1872.21,2025-01-30 10:44:02,Success,652411983278,GPay
TXN0011271,CUST00487,MER0038,cust00487@okhdfcbank,257.68,2025-04-15 03:50:10,SUCCESS,128521563669,Paytm
TXN0011272,CUST00752,MER0096,cust00752@okhdfcbank,400.23,2025-03-09 20:52:20,Success,396612200990,BHIM
TXN0011274,CUST01381,MER0150,cust01381@okhdfcbank,1206.04,2025-06-02 13:53:24,SUCCESS,671785291601,PhonePe
TXN0011275,CUST01983,MER0089,cust01983@okhdfcbank,687.38,2025-04-05 08:51:05,Success,422676884029,BHIM
TXN0011276,CUST01530,MER0078,cust01530@okhdfcbank,1435.32,2025-06-11 17:25:45,SUCCESS,201917461392,Paytm
TXN0011277,CUST01000,MER0093,cust01000@okhdfcbank,1499.28,2025-04-08 09:33:21,Success,771588006030,Paytm
TXN0011281,CUST00241,MER0050,cust00241@okhdfcbank,340.62,2025-03-21 17:16:35,Success,383422844894,Amazon Pay
TXN0011282,CUST00344,MER0062,cust00344@okhdfcbank,699.1,2025-02-11 10:32:20,success,283779375560,Paytm
TXN0011284,CUST00004,MER0077,cust00004@okhdfcbank,912.38,2025-01-04 13:01:04,success,290795524644,Amazon Pay
TXN0011286,CUST00821,MER0114,cust00821@okhdfcbank,795.47,2025-05-04 00:46:59,SUCCESS,161973994807,BHIM
TXN0011288,CUST01495,MER0127,cust01495@okhdfcbank,319.84,2025-05-10 23:49:15,success,104402800712,GPay
TXN0011289,CUST01209,MER0126,cust01209@okhdfcbank,595.94,2025-05-20 21:08:26,Failed,924179247197,GPay
TXN0011292,CUST00697,MER0011,cust00697@okhdfcbank,383.77,2025-04-11 14:59:39,SUCCESS,788960271954,Paytm
TXN0011295,CUST00252,MER0119,cust00252@okhdfcbank,1114.07,2025-01-05 22:21:52,FAILED,686297449646,GPay
TXN0011296,CUST00392,MER0100,cust00392@okhdfcbank,1008.16,2025-01-20 13:38:09,SUCCESS,446429256920,GPay
TXN0011297,CUST00040,MER0020,cust00040@okhdfcbank,489.87,2025-03-31 08:18:07,SUCCESS,855426292757,Paytm
TXN0011298,CUST00713,MER0008,cust00713@okhdfcbank,1375.12,2025-05-08 23:24:42,success,425287296271,BHIM
TXN0011300,CUST00898,MER0010,cust00898@okhdfcbank,418.91,2025-03-16 09:55:24,Success,515815156414,PhonePe
TXN0011301,CUST00943,MER0147,cust00943@okhdfcbank,106.29,2025-06-03 12:21:31,success,655688078266,Amazon Pay
TXN0011302,CUST01324,MER0070,cust01324@okhdfcbank,1129.79,2025-04-22 13:56:31,Success,785280006573,GPay
TXN0011303,CUST00069,MER0126,cust00069@okhdfcbank,583.86,2025-04-16 10:32:41,Success,416850170556,BHIM
TXN0011304,CUST00886,MER0046,cust00886@okhdfcbank,503.82,2025-04-13 17:19:42,failed,686616016996,PhonePe
TXN0011305,CUST00641,MER0081,cust00641@okhdfcbank,309.19,2025-05-13 00:34:57,success,798420514860,PhonePe
TXN0011306,CUST00201,MER0102,cust00201@okhdfcbank,1037.58,2025-06-25 12:19:04,success,441997499385,Amazon Pay
TXN0011308,CUST01535,MER0094,cust01535@okhdfcbank,388.84,2025-04-23 07:04:38,Success,447155209670,GPay
TXN0011310,CUST01621,MER0150,cust01621@okhdfcbank,1433.58,2025-03-24 09:00:39,SUCCESS,050679590521,Amazon Pay
TXN0011311,CUST00912,MER0103,cust00912@okhdfcbank,902.26,2025-05-12 10:22:37,Success,539726561729,Paytm
TXN0011312,CUST00512,MER0091,cust00512@okhdfcbank,636.13,2025-02-08 10:28:32,SUCCESS,976211895016,Paytm
TXN0011313,CUST01620,MER0110,cust01620@okhdfcbank,34.58,2025-04-05 12:41:06,success,168163853842,Paytm
TXN0011318,CUST01103,MER0055,cust01103@okhdfcbank,1007.13,2025-02-22 10:42:48,SUCCESS,869370043309,BHIM
TXN0011319,CUST01596,MER0022,cust01596@okhdfcbank,762.67,2025-02-11 11:35:36,Success,938592450853,BHIM
TXN0011323,CUST00959,MER0080,cust00959@okhdfcbank,531.02,2025-02-02 00:48:32,Success,968702845021,Amazon Pay
TXN0011324,CUST01009,MER0080,cust01009@okhdfcbank,264.54,2025-04-30 07:42:52,SUCCESS,634531770414,GPay
TXN0011326,CUST01743,MER0058,cust01743@okhdfcbank,292.31,2025-03-02 21:42:24,SUCCESS,827260935233,Amazon Pay
TXN0011327,CUST00983,MER0146,cust00983@okhdfcbank,1805.1,2025-03-22 09:35:45,success,035897616955,PhonePe
TXN0011328,CUST00905,MER0017,cust00905@okhdfcbank,194.19,2025-05-15 20:37:25,SUCCESS,938524199458,Paytm
TXN0011330,CUST00402,MER0003,cust00402@okhdfcbank,3749.2,2025-05-09 23:21:51,success,534957023843,BHIM
TXN0011332,CUST01477,MER0059,cust01477@okhdfcbank,1550.25,2025-06-06 05:40:25,Success,247640545413,Paytm
TXN0011335,CUST01689,MER0007,cust01689@okhdfcbank,413.24,2025-04-10 17:51:28,FAILED,051445320698,PhonePe
TXN0011337,CUST01943,MER0107,cust01943@okhdfcbank,14.4,2025-02-16 01:49:34,SUCCESS,327304677826,BHIM
TXN0011338,CUST01837,MER0121,cust01837@okhdfcbank,376.64,2025-06-07 05:50:22,SUCCESS,846797962984,GPay
TXN0011340,CUST01595,MER0018,cust01595@okhdfcbank,1863.7,2025-01-28 11:23:35,Success,252339397820,PhonePe
TXN0011341,CUST01816,MER0130,cust01816@okhdfcbank,511.13,2025-06-17 18:27:15,SUCCESS,312321950921,GPay
TXN0011342,CUST01564,MER0134,cust01564@okhdfcbank,1343.33,2025-03-17 19:07:02,SUCCESS,259983577223,GPay
TXN0011343,CUST00879,MER0150,cust00879@okhdfcbank,312.95,2025-01-21 03:12:46,failed,390471183960,GPay
TXN0011345,CUST00264,MER0051,cust00264@okhdfcbank,1413.8,2025-06-04 17:11:19,Success,779149421760,BHIM
TXN0011348,CUST01776,MER0041,cust01776@okhdfcbank,330.31,2025-06-06 08:03:23,Success,778182964012,Paytm
TXN0011349,CUST00774,MER0022,cust00774@okhdfcbank,1921.02,2025-06-29 06:45:48,Success,699637798646,BHIM
TXN0011351,CUST01618,MER0140,cust01618@okhdfcbank,825.99,2025-04-21 05:14:54,success,803856228326,Amazon Pay
TXN0011352,CUST01651,MER0038,cust01651@okhdfcbank,1238.33,2025-06-13 16:12:26,success,443602255845,Amazon Pay
TXN0011353,CUST00683,MER0079,cust00683@okhdfcbank,110.76,2025-03-18 13:38:18,SUCCESS,327184601611,GPay
TXN0011356,CUST00763,MER0055,cust00763@okhdfcbank,1269.39,2025-02-05 02:53:05,FAILED,344549123725,GPay
TXN0011357,CUST00768,MER0082,cust00768@okhdfcbank,967.85,2025-02-24 09:39:32,success,140383038001,PhonePe
TXN0011362,CUST01047,MER0005,cust01047@okhdfcbank,97.67,2025-05-14 10:20:54,Success,184634125428,GPay
TXN0011364,CUST01132,MER0139,cust01132@okhdfcbank,763.29,2025-01-20 11:16:45,pending,429499224801,PhonePe
TXN0011365,CUST01414,MER0056,cust01414@okhdfcbank,137.58,2025-03-28 07:47:45,Success,025531095065,GPay
TXN0011367,CUST00617,MER0026,cust00617@okhdfcbank,193.05,2025-04-15 06:52:15,SUCCESS,127421331397,Amazon Pay
TXN0011369,CUST01018,MER0021,cust01018@okhdfcbank,577.73,2025-02-20 12:29:01,SUCCESS,149275944686,BHIM
TXN0011372,CUST01356,MER0134,cust01356@okhdfcbank,596.39,2025-02-17 08:19:50,Pending,308758159436,Amazon Pay
TXN0011374,CUST01997,MER0016,cust01997@okhdfcbank,553.65,2025-06-24 15:30:31,SUCCESS,822768322930,PhonePe
TXN0011376,CUST00908,MER0044,cust00908@okhdfcbank,641.17,2025-04-16 04:31:02,SUCCESS,975810228084,GPay
TXN0011378,CUST00004,MER0131,cust00004@okhdfcbank,285.38,2025-04-04 12:48:25,Success,054489156316,GPay
TXN0011379,CUST01800,MER0102,cust01800@okhdfcbank,308.33,2025-06-28 16:08:11,SUCCESS,043662503561,Paytm
TXN0011380,CUST00597,MER0120,cust00597@okhdfcbank,93.15,2025-06-26 07:17:45,Success,578149555107,GPay
TXN0011381,CUST00989,MER0012,cust00989@okhdfcbank,405.38,2025-05-23 04:49:59,SUCCESS,041882782275,GPay
TXN0011385,CUST00296,MER0096,cust00296@okhdfcbank,412.61,2025-01-01 12:02:26,FAILED,706293292737,GPay
TXN0011386,CUST00990,MER0108,cust00990@okhdfcbank,133.99,2025-05-08 00:49:10,Success,955428440970,BHIM
TXN0011387,CUST00989,MER0017,cust00989@okhdfcbank,673.16,2025-05-04 14:20:42,SUCCESS,989505208090,BHIM
TXN0011390,CUST00578,MER0140,cust00578@okhdfcbank,279.51,2025-04-12 15:55:55,success,567048411687,GPay
TXN0011391,CUST01732,MER0133,cust01732@okhdfcbank,255.85,2025-03-18 15:40:37,Success,272671761924,BHIM
TXN0011392,CUST01149,MER0013,cust01149@okhdfcbank,576.75,2025-05-08 12:46:23,Success,793795864573,GPay
TXN0011396,CUST01731,MER0077,cust01731@okhdfcbank,849.8,2025-05-08 01:27:05,success,181944003146,PhonePe
TXN0011399,CUST01256,MER0022,cust01256@okhdfcbank,219.73,2025-03-19 22:05:28,success,268860646467,Amazon Pay
TXN0011400,CUST00076,MER0083,cust00076@okhdfcbank,257.93,2025-05-20 09:46:06,success,563894297653,Paytm
TXN0011401,CUST01856,MER0060,cust01856@okhdfcbank,374.28,2025-04-29 07:11:57,success,437521858077,Amazon Pay
TXN0011402,CUST01397,MER0006,cust01397@okhdfcbank,476.58,2025-03-17 03:06:06,success,381636477000,PhonePe
TXN0011404,CUST01634,MER0146,cust01634@okhdfcbank,647.52,2025-01-07 10:40:41,SUCCESS,961653268906,PhonePe
TXN0011407,CUST00612,MER0034,cust00612@okhdfcbank,637.25,2025-03-07 07:14:21,Success,666375689538,Paytm
TXN0011409,CUST01969,MER0116,cust01969@okhdfcbank,630.0,2025-05-13 13:30:20,SUCCESS,759999033304,BHIM
TXN0011410,CUST00109,MER0032,cust00109@okhdfcbank,1775.59,2025-04-18 05:57:27,Success,767817988062,GPay
TXN0011411,CUST00142,MER0096,cust00142@okhdfcbank,1100.78,2025-04-19 11:30:46,success,289030233529,BHIM
TXN0011412,CUST01176,MER0026,cust01176@okhdfcbank,131.71,2025-02-06 11:20:34,success,137092075816,GPay
TXN0011413,CUST00814,MER0140,cust00814@okhdfcbank,439.51,2025-01-28 14:42:25,failed,315021982448,GPay
TXN0011414,CUST01187,MER0101,cust01187@okhdfcbank,485.91,2025-04-01 04:56:43,failed,338409865605,Paytm
TXN0011415,CUST01955,MER0003,cust01955@okhdfcbank,4236.7,2025-03-31 18:48:27,Success,100967161039,BHIM
TXN0011416,CUST00568,MER0045,cust00568@okhdfcbank,354.32,2025-01-23 21:17:38,success,785633324205,PhonePe
TXN0011418,CUST00506,MER0018,cust00506@okhdfcbank,763.81,2025-04-27 04:33:53,failed,821334047432,PhonePe
TXN0011420,CUST00284,MER0088,cust00284@okhdfcbank,457.71,2025-02-03 08:58:58,SUCCESS,929996520989,Paytm
TXN0011422,CUST00232,MER0109,cust00232@okhdfcbank,1272.71,2025-04-21 22:51:19,Success,253382961634,BHIM
TXN0011424,CUST01450,MER0131,cust01450@okhdfcbank,350.39,2025-03-30 10:45:47,SUCCESS,198940871089,Amazon Pay
TXN0011426,CUST00022,MER0037,cust00022@okhdfcbank,1471.29,2025-06-17 22:26:38,failed,963236698108,Amazon Pay
TXN0011427,CUST01727,MER0060,cust01727@okhdfcbank,655.56,2025-02-08 15:20:44,Success,878360884915,PhonePe
TXN0011429,CUST01549,MER0129,cust01549@okhdfcbank,187.82,2025-06-10 16:41:27,success,932061958255,Paytm
TXN0011430,CUST00611,MER0050,cust00611@okhdfcbank,3208.04,2025-05-13 12:24:52,Success,786918505930,Amazon Pay
TXN0011431,CUST01719,MER0022,cust01719@okhdfcbank,1455.66,2025-01-01 19:51:39,FAILED,879848380538,BHIM
TXN0011434,CUST00173,MER0123,cust00173@okhdfcbank,2227.14,2025-03-02 11:41:15,success,925296521890,PhonePe
TXN0011436,CUST01176,MER0056,cust01176@okhdfcbank,1046.25,2025-05-30 19:23:46,Success,545419322498,Amazon Pay
TXN0011437,CUST01414,MER0089,cust01414@okhdfcbank,316.31,2025-01-24 17:06:35,success,851319366262,BHIM
TXN0011441,CUST01866,MER0140,cust01866@okhdfcbank,319.03,2025-02-17 11:39:18,PENDING,635205463792,Amazon Pay
TXN0011442,CUST00388,MER0023,cust00388@okhdfcbank,300.32,2025-04-21 22:42:56,Success,514316725153,Amazon Pay
TXN0011443,CUST00677,MER0095,cust00677@okhdfcbank,67.6,2025-04-10 15:48:43,Pending,384258712008,PhonePe
TXN0011444,CUST01949,MER0150,cust01949@okhdfcbank,1057.01,2025-05-18 04:41:08,success,307170703728,PhonePe
TXN0011445,CUST00988,MER0145,cust00988@okhdfcbank,180.07,2025-04-23 06:33:15,Success,108913507233,Paytm
TXN0011448,CUST01010,MER0127,cust01010@okhdfcbank,1825.19,2025-01-16 19:33:55,success,882224936669,BHIM
TXN0011449,CUST01756,MER0125,cust01756@okhdfcbank,80.72,2025-05-16 18:46:57,SUCCESS,535675232489,Amazon Pay
TXN0011451,CUST00708,MER0106,cust00708@okhdfcbank,1324.19,2025-04-08 03:38:46,success,010023638131,BHIM
TXN0011453,CUST00151,MER0034,cust00151@okhdfcbank,106.91,2025-02-19 06:05:27,success,711824154584,Amazon Pay
TXN0011454,CUST01864,MER0098,cust01864@okhdfcbank,244.03,2025-01-01 22:25:43,PENDING,220309709907,PhonePe
TXN0011456,CUST00519,MER0139,cust00519@okhdfcbank,571.6,2025-06-07 02:55:07,success,450734149266,PhonePe
TXN0011457,CUST00475,MER0143,cust00475@okhdfcbank,660.74,2025-04-25 16:22:47,success,287219735427,GPay
TXN0011458,CUST00657,MER0054,cust00657@okhdfcbank,343.68,2025-02-16 10:08:12,Success,721765144613,GPay
TXN0011461,CUST01142,MER0117,cust01142@okhdfcbank,546.74,2025-05-29 08:19:49,SUCCESS,175571434987,Amazon Pay
TXN0011462,CUST01706,MER0104,cust01706@okhdfcbank,775.43,2025-03-30 20:07:41,success,902649186856,Paytm
TXN0011464,CUST00125,MER0003,cust00125@okhdfcbank,1779.44,2025-03-17 07:09:23,Success,490806794320,BHIM
TXN0011466,CUST01929,MER0117,cust01929@okhdfcbank,169.63,2025-05-12 07:53:25,SUCCESS,682364527917,GPay
TXN0011467,CUST01301,MER0060,cust01301@okhdfcbank,267.01,2025-06-13 15:32:22,Success,291467980700,PhonePe
TXN0011469,CUST00485,MER0012,cust00485@okhdfcbank,7294.11,2025-02-14 04:54:36,Failed,808243300144,BHIM
TXN0011471,CUST01189,MER0108,cust01189@okhdfcbank,271.6,2025-05-26 07:52:31,Success,474548472902,Paytm
TXN0011472,CUST01698,MER0116,cust01698@okhdfcbank,250.75,2025-03-06 17:26:06,success,798611806267,GPay
TXN0011474,CUST00541,MER0088,cust00541@okhdfcbank,1217.94,2025-01-23 14:02:44,success,067301284638,PhonePe
TXN0011476,CUST00576,MER0137,cust00576@okhdfcbank,321.96,2025-06-16 18:13:45,success,717050321322,GPay
TXN0011479,CUST01109,MER0024,cust01109@okhdfcbank,193.2,2025-03-08 21:11:58,SUCCESS,209259777028,GPay
TXN0011482,CUST00106,MER0117,cust00106@okhdfcbank,599.71,2025-04-26 09:52:43,Success,934886101142,BHIM
TXN0011485,CUST00978,MER0106,cust00978@okhdfcbank,2206.99,2025-06-11 13:11:30,Success,157919941057,PhonePe
TXN0011486,CUST00241,MER0027,cust00241@okhdfcbank,226.81,2025-01-21 20:59:53,SUCCESS,880860166681,Paytm
TXN0011487,CUST00105,MER0124,cust00105@okhdfcbank,925.41,2025-04-22 20:57:43,Success,291749546970,BHIM
TXN0011488,CUST00969,MER0101,cust00969@okhdfcbank,1042.31,2025-03-01 13:12:06,SUCCESS,935554640510,Amazon Pay
TXN0011490,CUST01523,MER0090,cust01523@okhdfcbank,556.61,2025-03-23 05:32:52,SUCCESS,092920716245,Paytm
TXN0011492,CUST01049,MER0145,cust01049@okhdfcbank,4058.59,2025-06-03 10:49:35,success,946037883956,PhonePe
TXN0011493,CUST00934,MER0039,cust00934@okhdfcbank,547.22,2025-02-02 07:34:14,Failed,128260063493,GPay
TXN0011495,CUST01039,MER0087,cust01039@okhdfcbank,378.42,2025-02-22 02:39:46,Pending,808230290117,PhonePe
TXN0011496,CUST01932,MER0007,cust01932@okhdfcbank,305.02,2025-05-28 05:31:22,SUCCESS,239547869258,PhonePe
TXN0011497,CUST00417,MER0149,cust00417@okhdfcbank,134.02,2025-01-03 00:32:40,success,621013512940,PhonePe
TXN0011498,CUST01247,MER0130,cust01247@okhdfcbank,1480.11,2025-02-20 01:32:00,SUCCESS,140988894218,Paytm
TXN0011499,CUST01960,MER0098,cust01960@okhdfcbank,1062.56,2025-04-13 14:38:15,Success,051076744842,GPay
TXN0011501,CUST00854,MER0003,cust00854@okhdfcbank,200.26,2025-06-13 15:58:12,success,548500981098,GPay
TXN0011504,CUST01773,MER0105,cust01773@okhdfcbank,394.63,2025-01-14 03:24:30,success,452856077494,PhonePe
TXN0011505,CUST00448,MER0133,cust00448@okhdfcbank,139.27,2025-01-26 16:10:29,Success,490738713384,Amazon Pay
TXN0011508,CUST01280,MER0114,cust01280@okhdfcbank,1472.51,2025-06-21 11:47:10,Success,045708818992,Amazon Pay
TXN0011509,CUST00903,MER0117,cust00903@okhdfcbank,423.8,2025-03-27 06:02:29,success,633185435200,Paytm
TXN0011510,CUST01221,MER0096,cust01221@okhdfcbank,352.99,2025-04-01 22:50:36,Success,818923221221,Amazon Pay
TXN0011511,CUST00084,MER0053,cust00084@okhdfcbank,103.88,2025-04-21 14:04:36,Success,266903139823,Amazon Pay
TXN0011514,CUST00960,MER0048,cust00960@okhdfcbank,507.12,2025-06-20 18:01:46,SUCCESS,778475387508,GPay
TXN0011517,CUST01556,MER0062,cust01556@okhdfcbank,285.12,2025-03-11 10:29:31,SUCCESS,843068190219,PhonePe
TXN0011518,CUST00253,MER0034,cust00253@okhdfcbank,1293.65,2025-04-18 13:21:17,success,597190490290,Amazon Pay
TXN0011522,CUST00414,MER0042,cust00414@okhdfcbank,212.91,2025-02-15 00:23:53,SUCCESS,712323081320,GPay
TXN0011523,CUST00395,MER0062,cust00395@okhdfcbank,292.3,2025-01-11 01:48:18,Failed,292010261543,Paytm
TXN0011524,CUST01614,MER0037,cust01614@okhdfcbank,1302.11,2025-02-11 21:07:08,SUCCESS,618893498784,Paytm
TXN0011527,CUST01451,MER0008,cust01451@okhdfcbank,481.48,2025-06-12 01:08:16,SUCCESS,877483078783,Paytm
TXN0011532,CUST00699,MER0113,cust00699@okhdfcbank,504.65,2025-04-15 09:47:49,failed,605542249198,Amazon Pay
TXN0011534,CUST01595,MER0036,cust01595@okhdfcbank,393.47,2025-04-27 06:32:36,FAILED,358794807470,PhonePe
TXN0011535,CUST00626,MER0024,cust00626@okhdfcbank,2104.13,2025-01-27 12:19:23,Success,414794278821,GPay
TXN0011538,CUST01609,MER0098,cust01609@okhdfcbank,141.36,2025-06-17 06:48:54,pending,521634832059,Amazon Pay
TXN0011542,CUST01940,MER0088,cust01940@okhdfcbank,527.59,2025-02-17 15:41:18,Success,840743190966,GPay
TXN0011544,CUST01294,MER0134,cust01294@okhdfcbank,259.71,2025-06-02 02:27:19,failed,882406883545,GPay
TXN0011545,CUST00021,MER0066,cust00021@okhdfcbank,293.77,2025-02-02 08:57:53,FAILED,266082706874,PhonePe
TXN0011546,CUST00742,MER0090,cust00742@okhdfcbank,420.87,2025-03-02 09:26:59,Success,826796421920,Amazon Pay
TXN0011547,CUST01853,MER0037,cust01853@okhdfcbank,238.71,2025-04-13 19:13:00,success,095963699605,PhonePe
TXN0011549,CUST00508,MER0114,cust00508@okhdfcbank,701.41,2025-03-21 15:39:25,Pending,203991155058,Amazon Pay
TXN0011551,CUST00748,MER0086,cust00748@okhdfcbank,6700.58,2025-06-05 11:35:58,Success,295786435660,BHIM
TXN0011559,CUST01842,MER0024,cust01842@okhdfcbank,270.04,2025-05-01 16:05:00,success,789281154973,Paytm
TXN0011561,CUST00822,MER0107,cust00822@okhdfcbank,329.45,2025-06-29 03:10:42,pending,250620988360,Paytm
TXN0011562,CUST00428,MER0148,cust00428@okhdfcbank,179.04,2025-05-09 12:21:57,Success,365135915749,Paytm
TXN0011564,CUST00967,MER0145,cust00967@okhdfcbank,1864.88,2025-04-12 20:16:12,Failed,951142032161,BHIM
TXN0011566,CUST01884,MER0133,cust01884@okhdfcbank,907.67,2025-04-07 12:28:53,success,906318439632,BHIM
TXN0011567,CUST00416,MER0020,cust00416@okhdfcbank,1057.25,2025-02-18 20:31:59,Failed,291642196646,Amazon Pay
TXN0011568,CUST01642,MER0041,cust01642@okhdfcbank,167.4,2025-06-06 10:12:30,Success,571871114727,Amazon Pay
TXN0011569,CUST00635,MER0146,cust00635@okhdfcbank,212.01,2025-03-12 08:24:29,SUCCESS,094094729697,GPay
TXN0011571,CUST00232,MER0122,cust00232@okhdfcbank,195.24,2025-06-27 19:32:02,Success,045884823674,BHIM
TXN0011572,CUST01366,MER0148,cust01366@okhdfcbank,465.22,2025-03-18 04:15:32,success,423307206698,PhonePe
TXN0011573,CUST00635,MER0077,cust00635@okhdfcbank,3789.48,2025-01-23 07:15:51,PENDING,143884857278,GPay
TXN0011574,CUST00875,MER0003,cust00875@okhdfcbank,1312.69,2025-02-15 12:38:18,success,017502594871,Paytm
TXN0011576,CUST01038,MER0002,cust01038@okhdfcbank,1142.22,2025-04-02 11:03:12,failed,987173278302,GPay
TXN0011581,CUST00302,MER0041,cust00302@okhdfcbank,61.17,2025-05-22 20:56:51,SUCCESS,768522543023,BHIM
TXN0011582,CUST01441,MER0001,cust01441@okhdfcbank,579.03,2025-01-16 23:24:05,Pending,272745145807,GPay
TXN0011587,CUST01426,MER0018,cust01426@okhdfcbank,328.25,2025-01-11 18:53:55,Success,267067676556,Amazon Pay
TXN0011588,CUST01779,MER0069,cust01779@okhdfcbank,721.04,2025-03-20 19:07:18,FAILED,533094122847,Paytm
TXN0011591,CUST00201,MER0092,cust00201@okhdfcbank,1838.49,2025-02-03 05:27:51,success,645082505510,PhonePe
TXN0011593,CUST00518,MER0071,cust00518@okhdfcbank,314.92,2025-02-03 04:01:59,Success,202660994425,GPay
TXN0011594,CUST01691,MER0014,cust01691@okhdfcbank,362.33,2025-02-14 15:00:02,success,688680855137,GPay
TXN0011597,CUST01506,MER0139,cust01506@okhdfcbank,1528.54,2025-06-06 07:36:56,success,096820433628,GPay
TXN0011598,CUST00387,MER0052,cust00387@okhdfcbank,1062.23,2025-01-03 14:26:01,SUCCESS,294184094931,PhonePe
TXN0011599,CUST01174,MER0096,cust01174@okhdfcbank,1136.14,2025-04-09 14:00:01,success,496018415742,GPay
TXN0011601,CUST01138,MER0056,cust01138@okhdfcbank,710.0,2025-03-19 06:19:54,SUCCESS,266097582069,BHIM
TXN0011605,CUST01218,MER0040,cust01218@okhdfcbank,850.19,2025-02-14 11:46:35,success,787185911864,Paytm
TXN0011607,CUST01519,MER0137,cust01519@okhdfcbank,1056.97,2025-03-08 10:57:26,failed,010265134898,Paytm
TXN0011608,CUST01025,MER0026,cust01025@okhdfcbank,1261.34,2025-05-01 13:53:13,SUCCESS,416548016389,GPay
TXN0011609,CUST01299,MER0118,cust01299@okhdfcbank,26.78,2025-01-02 08:28:12,Success,752237556801,Amazon Pay
TXN0011610,CUST00196,MER0094,cust00196@okhdfcbank,319.29,2025-01-09 14:22:55,Success,770799310554,Paytm
TXN0011612,CUST00886,MER0128,cust00886@okhdfcbank,625.75,2025-04-29 07:33:51,success,101044949832,Paytm
TXN0011613,CUST01735,MER0124,cust01735@okhdfcbank,364.78,2025-05-10 23:12:28,Success,928099980198,BHIM
TXN0011615,CUST00265,MER0090,cust00265@okhdfcbank,606.22,2025-01-15 07:03:57,SUCCESS,939567724275,Amazon Pay
TXN0011617,CUST01738,MER0144,cust01738@okhdfcbank,1259.63,2025-01-31 01:07:42,SUCCESS,682420724506,Paytm
TXN0011618,CUST01126,MER0091,cust01126@okhdfcbank,358.45,2025-01-25 12:43:49,success,779876379843,Amazon Pay
TXN0011620,CUST00306,MER0145,cust00306@okhdfcbank,730.42,2025-03-29 08:58:51,Success,521106757168,PhonePe
TXN0011622,CUST01179,MER0051,cust01179@okhdfcbank,1156.96,2025-05-27 09:39:56,success,744454350858,PhonePe
TXN0011623,CUST00977,MER0150,cust00977@okhdfcbank,868.64,2025-03-08 02:41:09,success,121719003361,PhonePe
TXN0011624,CUST01036,MER0042,cust01036@okhdfcbank,7715.21,2025-04-26 05:23:48,SUCCESS,960448398780,PhonePe
TXN0011625,CUST01863,MER0027,cust01863@okhdfcbank,236.89,2025-03-08 17:37:22,SUCCESS,563701869664,Paytm
TXN0011626,CUST01097,MER0096,cust01097@okhdfcbank,231.66,2025-06-27 13:48:42,SUCCESS,964470964437,Amazon Pay
TXN0011628,CUST01726,MER0055,cust01726@okhdfcbank,2241.78,2025-06-05 17:55:39,failed,352521956823,Amazon Pay
TXN0011629,CUST01238,MER0114,cust01238@okhdfcbank,192.16,2025-01-17 04:07:18,success,896231676434,Paytm
TXN0011630,CUST00579,MER0043,cust00579@okhdfcbank,2848.57,2025-01-04 18:23:52,Success,920907999789,GPay
TXN0011635,CUST01661,MER0120,cust01661@okhdfcbank,264.74,2025-06-10 12:49:18,failed,379927107052,GPay
TXN0011636,CUST00488,MER0150,cust00488@okhdfcbank,1092.94,2025-03-22 00:16:14,success,539587967849,Amazon Pay
TXN0011639,CUST01420,MER0018,cust01420@okhdfcbank,590.07,2025-02-04 12:41:18,Success,425676219077,BHIM
TXN0011640,CUST00616,MER0148,cust00616@okhdfcbank,439.96,2025-06-03 17:42:39,SUCCESS,021391235689,PhonePe
TXN0011643,CUST01893,MER0112,cust01893@okhdfcbank,135.57,2025-05-18 12:49:27,SUCCESS,104294663924,PhonePe
TXN0011645,CUST01540,MER0067,cust01540@okhdfcbank,1570.78,2025-02-27 16:25:56,PENDING,475054766748,PhonePe
TXN0011646,CUST00392,MER0079,cust00392@okhdfcbank,444.08,2025-02-08 08:39:48,SUCCESS,251966704372,Paytm
TXN0011647,CUST01290,MER0088,cust01290@okhdfcbank,302.38,2025-06-16 23:33:16,SUCCESS,366185591850,BHIM
TXN0011648,CUST00624,MER0119,cust00624@okhdfcbank,267.89,2025-04-11 18:12:43,success,352008798297,Amazon Pay
TXN0011649,CUST01015,MER0043,cust01015@okhdfcbank,37.13,2025-04-28 04:59:09,SUCCESS,037421504970,GPay
TXN0011651,CUST00976,MER0029,cust00976@okhdfcbank,1075.27,2025-03-07 13:08:10,FAILED,616200127714,BHIM
TXN0011653,CUST01832,MER0133,cust01832@okhdfcbank,451.99,2025-06-18 06:24:39,SUCCESS,482817128486,Paytm
TXN0011654,CUST01386,MER0012,cust01386@okhdfcbank,563.06,2025-06-12 02:59:56,SUCCESS,974900157940,GPay
TXN0011659,CUST00965,MER0149,cust00965@okhdfcbank,1956.39,2025-06-17 19:12:10,SUCCESS,971980101422,PhonePe
TXN0011660,CUST00858,MER0013,cust00858@okhdfcbank,391.84,2025-05-02 15:37:41,Success,477001317252,BHIM
TXN0011666,CUST01423,MER0036,cust01423@okhdfcbank,1874.24,2025-01-25 10:41:36,success,398035237662,BHIM
TXN0011670,CUST01220,MER0022,cust01220@okhdfcbank,701.5,2025-05-20 09:20:29,SUCCESS,991167452026,PhonePe
TXN0011671,CUST01961,MER0069,cust01961@okhdfcbank,987.1,2025-06-29 05:16:14,SUCCESS,182968128677,BHIM
TXN0011672,CUST01701,MER0016,cust01701@okhdfcbank,3919.46,2025-06-27 03:57:22,SUCCESS,895251213036,BHIM
TXN0011673,CUST00206,MER0086,cust00206@okhdfcbank,582.34,2025-01-29 19:10:03,SUCCESS,887727992624,BHIM
TXN0011675,CUST01934,MER0030,cust01934@okhdfcbank,526.7,2025-05-27 01:14:10,SUCCESS,498548220504,PhonePe
TXN0011676,CUST00943,MER0048,cust00943@okhdfcbank,627.38,2025-06-09 03:34:36,SUCCESS,761328710142,GPay
TXN0011677,CUST00374,MER0102,cust00374@okhdfcbank,1749.65,2025-03-02 08:08:57,SUCCESS,907973593589,Amazon Pay
TXN0011679,CUST01967,MER0085,cust01967@okhdfcbank,327.32,2025-03-23 18:29:15,SUCCESS,075950518452,PhonePe
TXN0011680,CUST01171,MER0004,cust01171@okhdfcbank,125.06,2025-06-20 15:30:51,Success,962991915641,GPay
TXN0011681,CUST00024,MER0017,cust00024@okhdfcbank,851.85,2025-04-12 07:18:49,Pending,887877111577,Paytm
TXN0011682,CUST00545,MER0033,cust00545@okhdfcbank,14019.54,2025-06-28 08:05:01,PENDING,407466606096,BHIM
TXN0011683,CUST01251,MER0058,cust01251@okhdfcbank,394.42,2025-02-12 05:17:10,success,831362644836,Paytm
TXN0011684,CUST00676,MER0136,cust00676@okhdfcbank,774.3,2025-05-24 02:29:26,Success,738865686339,PhonePe
TXN0011686,CUST00628,MER0042,cust00628@okhdfcbank,136.83,2025-01-31 15:56:07,Success,880590107637,GPay
TXN0011687,CUST01179,MER0138,cust01179@okhdfcbank,760.7,2025-05-04 18:21:58,Success,840015240645,BHIM
TXN0011689,CUST00855,MER0107,cust00855@okhdfcbank,45.35,2025-06-27 00:20:05,Success,952970383075,BHIM
TXN0011691,CUST01914,MER0022,cust01914@okhdfcbank,746.92,2025-03-10 12:41:15,success,039268461163,GPay
TXN0011695,CUST00617,MER0120,cust00617@okhdfcbank,773.86,2025-05-22 11:29:40,Success,598382114001,PhonePe
TXN0011696,CUST01597,MER0061,cust01597@okhdfcbank,736.07,2025-03-20 04:38:37,Success,683230146969,GPay
TXN0011697,CUST00665,MER0003,cust00665@okhdfcbank,1433.67,2025-01-09 07:01:28,Success,328053273136,GPay
TXN0011700,CUST01177,MER0010,cust01177@okhdfcbank,213.4,2025-05-17 13:00:51,SUCCESS,461987323176,Amazon Pay
TXN0011701,CUST01990,MER0015,cust01990@okhdfcbank,277.71,2025-03-25 22:46:32,SUCCESS,513901975685,GPay
TXN0011702,CUST00616,MER0117,cust00616@okhdfcbank,707.11,2025-03-20 22:47:47,Success,067339187472,GPay
TXN0011703,CUST00139,MER0080,cust00139@okhdfcbank,226.08,2025-02-28 11:15:20,FAILED,833491826643,Amazon Pay
TXN0011704,CUST00299,MER0116,cust00299@okhdfcbank,265.6,2025-04-08 17:15:34,Success,310431675341,BHIM
TXN0011705,CUST01002,MER0064,cust01002@okhdfcbank,792.53,2025-06-13 12:09:57,FAILED,262219805626,BHIM
TXN0011709,CUST01314,MER0064,cust01314@okhdfcbank,783.02,2025-01-25 06:16:01,SUCCESS,102152947318,BHIM
TXN0011712,CUST00887,MER0114,cust00887@okhdfcbank,217.89,2025-03-12 14:53:37,pending,845140787405,Amazon Pay
TXN0011714,CUST01274,MER0051,cust01274@okhdfcbank,959.75,2025-03-01 09:01:27,SUCCESS,167682392488,Amazon Pay
TXN0011715,CUST01958,MER0060,cust01958@okhdfcbank,214.26,2025-05-13 19:15:04,success,030074393411,PhonePe
TXN0011716,CUST01177,MER0103,cust01177@okhdfcbank,83.35,2025-04-25 01:51:53,Failed,540568809428,PhonePe
TXN0011717,CUST00040,MER0071,cust00040@okhdfcbank,477.34,2025-03-04 00:48:48,SUCCESS,839962563882,BHIM
TXN0011719,CUST01376,MER0047,cust01376@okhdfcbank,30.12,2025-06-03 15:11:13,success,820864972132,PhonePe
TXN0011720,CUST01411,MER0089,cust01411@okhdfcbank,369.32,2025-02-03 21:18:37,Success,551090280349,GPay
TXN0011721,CUST01052,MER0121,cust01052@okhdfcbank,967.98,2025-04-19 08:10:11,Success,470643404557,PhonePe
TXN0011723,CUST00936,MER0051,cust00936@okhdfcbank,398.09,2025-02-18 04:19:22,success,977891829042,Amazon Pay
TXN0011726,CUST01914,MER0124,cust01914@okhdfcbank,329.5,2025-02-15 03:15:54,Success,417669467672,Paytm
TXN0011727,CUST00568,MER0088,cust00568@okhdfcbank,160.27,2025-02-18 06:20:12,SUCCESS,462932376035,Paytm
TXN0011729,CUST00371,MER0059,cust00371@okhdfcbank,464.41,2025-03-24 03:47:30,SUCCESS,932627735507,GPay
TXN0011730,CUST00636,MER0026,cust00636@okhdfcbank,4569.41,2025-06-14 02:36:33,success,247310746901,Amazon Pay
TXN0011732,CUST00975,MER0065,cust00975@okhdfcbank,1353.61,2025-01-05 04:50:38,success,409947937637,Paytm
TXN0011733,CUST01298,MER0146,cust01298@okhdfcbank,1093.64,2025-04-15 14:40:51,SUCCESS,346012843508,PhonePe
TXN0011734,CUST00767,MER0049,cust00767@okhdfcbank,245.3,2025-05-19 18:10:52,SUCCESS,716763537800,BHIM
TXN0011735,CUST01678,MER0118,cust01678@okhdfcbank,672.39,2025-01-31 12:59:23,success,082820030418,Paytm
TXN0011740,CUST01452,MER0023,cust01452@okhdfcbank,5784.13,2025-03-12 23:59:39,Success,894727268043,BHIM
TXN0011741,CUST01940,MER0092,cust01940@okhdfcbank,1140.75,2025-03-04 23:11:23,Success,041093472266,PhonePe
TXN0011742,CUST01095,MER0128,cust01095@okhdfcbank,359.55,2025-01-11 12:18:21,Success,205020122902,PhonePe
TXN0011743,CUST01647,MER0069,cust01647@okhdfcbank,457.59,2025-05-04 02:53:12,success,344438990715,Paytm
TXN0011746,CUST01327,MER0077,cust01327@okhdfcbank,2450.06,2025-03-08 04:39:27,SUCCESS,436116189194,BHIM
TXN0011747,CUST00806,MER0079,cust00806@okhdfcbank,535.51,2025-01-14 19:50:45,SUCCESS,597108014053,Paytm
TXN0011748,CUST00162,MER0041,cust00162@okhdfcbank,4362.59,2025-03-14 02:32:59,Failed,129171446685,PhonePe
TXN0011749,CUST01666,MER0096,cust01666@okhdfcbank,927.41,2025-06-16 04:33:15,FAILED,943645782718,PhonePe
TXN0011750,CUST00180,MER0034,cust00180@okhdfcbank,320.27,2025-03-04 06:45:56,Success,926734188364,Paytm
TXN0011751,CUST00477,MER0131,cust00477@okhdfcbank,1219.81,2025-06-05 11:55:32,SUCCESS,143277349426,PhonePe
TXN0011754,CUST00511,MER0089,cust00511@okhdfcbank,125.32,2025-06-25 10:14:10,SUCCESS,597832332987,Paytm
TXN0011755,CUST00044,MER0090,cust00044@okhdfcbank,219.13,2025-05-19 22:27:24,success,404244468903,BHIM
TXN0011756,CUST01522,MER0058,cust01522@okhdfcbank,2183.03,2025-05-22 14:26:21,SUCCESS,098335497738,PhonePe
TXN0011760,CUST01461,MER0121,cust01461@okhdfcbank,877.76,2025-01-22 08:59:15,SUCCESS,700783161912,PhonePe
TXN0011762,CUST01017,MER0032,cust01017@okhdfcbank,197.71,2025-06-23 14:58:40,success,807033996018,Paytm
TXN0011764,CUST01964,MER0132,cust01964@okhdfcbank,67.47,2025-05-03 16:25:05,Success,830708925830,BHIM
TXN0011765,CUST01331,MER0034,cust01331@okhdfcbank,357.28,2025-02-23 22:01:21,Success,714760603725,Paytm
TXN0011767,CUST01606,MER0111,cust01606@okhdfcbank,1452.39,2025-01-24 08:45:11,SUCCESS,781033462979,Paytm
TXN0011768,CUST01526,MER0106,cust01526@okhdfcbank,726.62,2025-01-27 01:04:52,success,273890753194,Amazon Pay
TXN0011769,CUST01732,MER0020,cust01732@okhdfcbank,64.96,2025-05-11 08:43:20,SUCCESS,393859015604,PhonePe
TXN0011770,CUST01372,MER0138,cust01372@okhdfcbank,407.54,2025-05-08 14:27:44,success,619817894597,PhonePe
TXN0011771,CUST00747,MER0111,cust00747@okhdfcbank,3525.07,2025-02-16 02:34:51,Success,906426052984,BHIM
TXN0011772,CUST00648,MER0034,cust00648@okhdfcbank,,2025-01-02 19:08:45,success,107782599499,Amazon Pay
TXN0011773,CUST01790,MER0001,cust01790@okhdfcbank,181.57,2025-03-30 23:22:24,Success,528881881876,Amazon Pay
TXN0011774,CUST00893,MER0019,cust00893@okhdfcbank,82.64,2025-03-02 17:06:18,SUCCESS,973569950172,PhonePe
TXN0011776,CUST00113,MER0081,cust00113@okhdfcbank,841.83,2025-04-28 21:21:12,SUCCESS,862212223151,Paytm
TXN0011777,CUST01152,MER0099,cust01152@okhdfcbank,319.3,2025-04-08 06:42:43,SUCCESS,144638021438,PhonePe
TXN0011778,CUST01657,MER0092,cust01657@okhdfcbank,346.89,2025-05-10 15:26:58,success,696923821968,Amazon Pay
TXN0011781,CUST00389,MER0056,cust00389@okhdfcbank,144.44,2025-05-15 12:21:27,SUCCESS,462123295996,PhonePe
TXN0011789,CUST01102,MER0054,cust01102@okhdfcbank,464.21,2025-01-08 10:19:38,SUCCESS,738463130565,PhonePe
TXN0011792,CUST01137,MER0134,cust01137@okhdfcbank,,2025-01-23 02:43:37,success,622014911842,Amazon Pay
TXN0011794,CUST01450,MER0138,cust01450@okhdfcbank,535.96,2025-05-23 12:01:52,Success,049427426863,GPay
TXN0011795,CUST00722,MER0023,cust00722@okhdfcbank,702.78,2025-04-13 10:03:32,SUCCESS,953542695796,Amazon Pay
TXN0011797,CUST01907,MER0012,cust01907@okhdfcbank,525.51,2025-03-10 01:31:45,Success,257567128586,BHIM
TXN0011798,CUST01286,MER0010,cust01286@okhdfcbank,,2025-05-09 07:43:47,success,229788153427,PhonePe
TXN0011799,CUST01211,MER0098,cust01211@okhdfcbank,507.47,2025-03-06 20:53:07,Success,652164235358,PhonePe
TXN0011800,CUST00820,MER0143,cust00820@okhdfcbank,327.24,2025-04-15 03:21:08,success,754048784513,PhonePe
TXN0011801,CUST01554,MER0042,cust01554@okhdfcbank,195.0,2025-03-15 19:49:48,success,777873841129,Amazon Pay
TXN0011802,CUST00981,MER0046,cust00981@okhdfcbank,104.69,2025-04-12 18:02:31,Success,441262057662,PhonePe
TXN0011803,CUST00071,MER0004,cust00071@okhdfcbank,2122.64,2025-04-04 01:04:55,success,305529226074,PhonePe
TXN0011806,CUST00004,MER0142,cust00004@okhdfcbank,324.56,2025-01-22 19:10:07,SUCCESS,164404776622,GPay
TXN0011808,CUST00317,MER0050,cust00317@okhdfcbank,2536.43,2025-03-30 22:54:26,SUCCESS,344707840682,GPay
TXN0011809,CUST00432,MER0091,cust00432@okhdfcbank,354.91,2025-03-23 13:13:30,SUCCESS,889786097296,Amazon Pay
TXN0011810,CUST00580,MER0005,cust00580@okhdfcbank,6859.46,2025-04-01 12:13:48,success,371529090402,Paytm
TXN0011813,CUST00455,MER0013,cust00455@okhdfcbank,1204.63,2025-05-30 06:09:08,SUCCESS,227516966039,PhonePe
TXN0011814,CUST00820,MER0114,cust00820@okhdfcbank,707.0,2025-06-21 17:10:25,SUCCESS,820893134869,PhonePe
TXN0011815,CUST01066,MER0150,cust01066@okhdfcbank,2387.13,2025-05-03 02:28:15,success,607142085997,BHIM
TXN0011816,CUST01167,MER0096,cust01167@okhdfcbank,1513.58,2025-01-21 01:08:03,Failed,577117317203,Amazon Pay
TXN0011818,CUST01245,MER0141,cust01245@okhdfcbank,5002.0,2025-02-09 16:39:50,SUCCESS,116838793246,GPay
TXN0011820,CUST00794,MER0124,cust00794@okhdfcbank,182.2,2025-02-21 03:41:53,success,627134467018,BHIM
TXN0011823,CUST00764,MER0018,cust00764@okhdfcbank,2102.24,2025-06-18 15:01:29,failed,155789265601,Amazon Pay
TXN0011826,CUST00624,MER0091,cust00624@okhdfcbank,401.08,2025-03-25 17:06:20,success,167888599161,GPay
TXN0011827,CUST00094,MER0090,cust00094@okhdfcbank,178.88,2025-05-10 20:59:54,Success,957846440815,PhonePe
TXN0011829,CUST00824,MER0054,cust00824@okhdfcbank,171.67,2025-02-28 23:12:20,success,899175835161,GPay
TXN0011830,CUST00510,MER0023,cust00510@okhdfcbank,98.54,2025-04-08 19:47:17,PENDING,336880932412,PhonePe
TXN0011831,CUST00100,MER0113,cust00100@okhdfcbank,3239.6,2025-02-10 16:22:58,SUCCESS,029382413781,BHIM
TXN0011835,CUST00679,MER0055,cust00679@okhdfcbank,159.05,2025-02-16 15:32:10,SUCCESS,859795345303,Paytm
TXN0011836,CUST01579,MER0121,cust01579@okhdfcbank,819.81,2025-05-17 14:34:29,Success,424890704621,Paytm
TXN0011839,CUST01015,MER0143,cust01015@okhdfcbank,569.58,2025-04-04 09:46:07,success,518754145228,GPay
TXN0011840,CUST00222,MER0042,cust00222@okhdfcbank,218.72,2025-06-13 01:02:57,Success,448383092272,BHIM
TXN0011841,CUST00852,MER0028,cust00852@okhdfcbank,97.4,2025-03-14 01:48:30,FAILED,027974516376,BHIM
TXN0011846,CUST00658,MER0007,cust00658@okhdfcbank,2220.54,2025-05-08 19:21:38,SUCCESS,393225441499,Paytm
TXN0011849,CUST01525,MER0010,cust01525@okhdfcbank,520.72,2025-05-10 06:53:24,SUCCESS,455635425564,GPay
TXN0011851,CUST00428,MER0146,cust00428@okhdfcbank,182.48,2025-06-14 09:36:33,SUCCESS,709626312169,BHIM
TXN0011856,CUST01635,MER0073,cust01635@okhdfcbank,337.46,2025-02-18 07:10:07,Failed,920337972669,Paytm
TXN0011857,CUST01078,MER0057,cust01078@okhdfcbank,1470.43,2025-05-30 23:51:50,Success,906129492974,Paytm
TXN0011858,CUST01375,MER0016,cust01375@okhdfcbank,670.06,2025-01-06 08:08:43,pending,707341303617,BHIM
TXN0011862,CUST01008,MER0072,cust01008@okhdfcbank,107.65,2025-01-21 15:39:27,success,598755400119,Paytm
TXN0011866,CUST01049,MER0128,cust01049@okhdfcbank,668.05,2025-05-15 14:29:08,success,846270499949,Paytm
TXN0011867,CUST00399,MER0092,cust00399@okhdfcbank,118.69,2025-01-20 08:59:25,success,540787658045,Paytm
TXN0011868,CUST01069,MER0097,cust01069@okhdfcbank,173.51,2025-01-31 10:33:54,Success,019941159041,BHIM
TXN0011872,CUST00077,MER0034,cust00077@okhdfcbank,274.24,2025-02-13 14:02:05,Success,842695859515,GPay
TXN0011873,CUST01837,MER0074,cust01837@okhdfcbank,1849.11,2025-01-08 13:32:02,Success,839059774546,Paytm
TXN0011878,CUST01509,MER0012,cust01509@okhdfcbank,764.56,2025-06-10 09:44:43,success,513235530461,PhonePe
TXN0011881,CUST01766,MER0130,cust01766@okhdfcbank,407.77,2025-06-21 09:02:08,success,627903379947,PhonePe
TXN0011882,CUST01861,MER0004,cust01861@okhdfcbank,2615.67,2025-03-07 09:40:05,Success,489994144742,Paytm
TXN0011883,CUST00143,MER0106,cust00143@okhdfcbank,588.27,2025-03-20 04:00:16,SUCCESS,778876190058,GPay
TXN0011884,CUST00884,MER0012,cust00884@okhdfcbank,656.35,2025-05-18 19:09:08,success,973331068836,BHIM
TXN0011886,CUST01187,MER0033,cust01187@okhdfcbank,298.5,2025-04-05 17:17:49,Failed,819415052127,Amazon Pay
TXN0011887,CUST01080,MER0142,cust01080@okhdfcbank,476.3,2025-02-27 01:43:59,SUCCESS,397693135550,BHIM
TXN0011888,CUST01580,MER0071,cust01580@okhdfcbank,1115.26,2025-04-05 08:31:27,Success,108356529601,BHIM
TXN0011890,CUST00782,MER0050,cust00782@okhdfcbank,46.29,2025-03-22 20:01:29,SUCCESS,515348227967,PhonePe
TXN0011892,CUST01253,MER0083,cust01253@okhdfcbank,181.57,2025-06-11 00:00:55,Success,333546563994,GPay
TXN0011893,CUST01130,MER0073,cust01130@okhdfcbank,435.36,2025-02-28 18:53:57,success,540777726531,Paytm
TXN0011894,CUST00621,MER0040,cust00621@okhdfcbank,195.85,2025-01-03 21:02:03,SUCCESS,552393712048,Amazon Pay
TXN0011895,CUST00297,MER0041,cust00297@okhdfcbank,957.29,2025-06-05 04:45:01,SUCCESS,644007423032,Paytm
TXN0011896,CUST00532,MER0143,cust00532@okhdfcbank,585.47,2025-01-29 23:12:25,SUCCESS,316770570859,PhonePe
TXN0011897,CUST00515,MER0138,cust00515@okhdfcbank,1198.94,2025-04-16 16:14:53,success,819514413574,Paytm
TXN0011900,CUST00946,MER0061,cust00946@okhdfcbank,352.2,2025-03-31 17:11:09,PENDING,100640899963,PhonePe
TXN0011901,CUST00158,MER0077,cust00158@okhdfcbank,-546.91,2025-03-13 06:18:11,Success,005884096800,Amazon Pay
TXN0011904,CUST01092,MER0009,cust01092@okhdfcbank,1278.94,2025-05-16 01:01:56,SUCCESS,244380093000,PhonePe
TXN0011908,CUST01176,MER0105,cust01176@okhdfcbank,393.88,2025-01-02 05:49:52,SUCCESS,630544609403,PhonePe
TXN0011909,CUST00785,MER0022,cust00785@okhdfcbank,62.82,2025-01-05 18:12:43,Success,893426516089,GPay
TXN0011910,CUST00541,MER0117,cust00541@okhdfcbank,124.74,2025-06-01 22:46:02,SUCCESS,919289245998,Paytm
TXN0011913,CUST00209,MER0149,cust00209@okhdfcbank,1083.57,2025-06-06 04:01:05,success,845858634067,BHIM
TXN0011919,CUST01592,MER0055,cust01592@okhdfcbank,615.3,2025-02-26 05:00:34,success,885743182462,Paytm
TXN0011922,CUST00191,MER0051,cust00191@okhdfcbank,465.33,2025-05-27 17:26:14,success,991427340637,PhonePe
TXN0011923,CUST00143,MER0133,cust00143@okhdfcbank,61.44,2025-01-21 03:01:07,Success,124087531356,Amazon Pay
TXN0011925,CUST00213,MER0080,cust00213@okhdfcbank,2863.75,2025-01-02 21:14:24,success,129957013697,BHIM
TXN0011927,CUST00176,MER0060,cust00176@okhdfcbank,548.25,2025-01-31 09:40:48,success,125944970175,PhonePe
TXN0011928,CUST00645,MER0030,cust00645@okhdfcbank,1337.56,2025-03-28 09:32:38,Success,602544373720,Amazon Pay
TXN0011929,CUST01790,MER0001,cust01790@okhdfcbank,704.74,2025-03-02 03:23:21,success,471616230641,GPay
TXN0011930,CUST00639,MER0116,cust00639@okhdfcbank,224.42,2025-01-08 11:40:01,Success,106409231534,BHIM
TXN0011933,CUST01653,MER0099,cust01653@okhdfcbank,592.06,2025-03-30 00:13:47,SUCCESS,195773151180,Paytm
TXN0011934,CUST00205,MER0076,cust00205@okhdfcbank,213.2,2025-05-09 06:32:09,SUCCESS,235954122917,Paytm
TXN0011935,CUST01675,MER0129,cust01675@okhdfcbank,1246.75,2025-03-31 02:01:45,success,903180396733,GPay
TXN0011936,CUST01079,MER0055,cust01079@okhdfcbank,295.82,2025-01-14 10:32:13,SUCCESS,103404688756,GPay
TXN0011938,CUST01658,MER0091,cust01658@okhdfcbank,440.17,2025-05-29 03:29:58,success,356948511887,Paytm
TXN0011939,CUST01865,MER0100,cust01865@okhdfcbank,710.09,2025-02-22 18:31:21,Success,117883716007,BHIM
TXN0011940,CUST00645,MER0122,cust00645@okhdfcbank,147.33,2025-01-25 07:12:35,Success,760003858180,Paytm
TXN0011941,CUST01939,MER0040,cust01939@okhdfcbank,292.58,2025-03-30 21:09:05,Success,840750025373,BHIM
TXN0011942,CUST00672,MER0121,cust00672@okhdfcbank,547.39,2025-04-27 10:32:28,PENDING,563659397084,GPay
TXN0011943,CUST00551,MER0014,cust00551@okhdfcbank,1878.76,2025-03-30 08:25:31,Success,807113554017,GPay
TXN0011947,CUST00529,MER0149,cust00529@okhdfcbank,300.48,2025-04-30 02:49:22,success,158127547158,GPay
TXN0011948,CUST01887,MER0135,cust01887@okhdfcbank,249.35,2025-03-29 08:06:55,success,557989169751,BHIM
TXN0011949,CUST00008,MER0059,cust00008@okhdfcbank,342.44,2025-02-17 22:47:15,SUCCESS,061704555449,Paytm
TXN0011952,CUST00381,MER0104,cust00381@okhdfcbank,2587.87,2025-02-28 08:14:33,Success,941437375640,GPay
TXN0011953,CUST00146,MER0002,cust00146@okhdfcbank,919.53,2025-06-11 20:11:05,Success,768478501286,Amazon Pay
TXN0011959,CUST00180,MER0010,cust00180@okhdfcbank,244.23,2025-01-16 18:29:08,Success,400731239249,PhonePe
TXN0011963,CUST00660,MER0058,cust00660@okhdfcbank,234.52,2025-03-18 22:15:42,success,127900332335,Amazon Pay
TXN0011964,CUST00077,MER0100,cust00077@okhdfcbank,533.05,2025-02-26 01:04:07,Success,967175007619,PhonePe
TXN0011965,CUST00044,MER0016,cust00044@okhdfcbank,2157.47,2025-02-24 13:05:00,success,625986700126,GPay
TXN0011966,CUST00903,MER0075,cust00903@okhdfcbank,513.39,2025-04-12 04:17:09,Success,253309422609,GPay
TXN0011968,CUST00616,MER0144,cust00616@okhdfcbank,549.82,2025-03-15 12:16:07,success,006111151845,BHIM
TXN0011969,CUST01587,MER0150,cust01587@okhdfcbank,1077.88,2025-06-08 12:16:25,Success,652581103068,PhonePe
TXN0011971,CUST01059,MER0018,cust01059@okhdfcbank,1733.97,2025-04-01 17:45:44,pending,959873863875,Amazon Pay
TXN0011972,CUST00025,MER0064,cust00025@okhdfcbank,1171.28,2025-03-20 16:46:36,Success,205488628477,GPay
TXN0011973,CUST01656,MER0028,cust01656@okhdfcbank,463.24,2025-01-05 22:09:15,success,822891103366,GPay
TXN0011975,CUST00960,MER0002,cust00960@okhdfcbank,78.12,2025-05-27 07:32:04,SUCCESS,882311649510,GPay
TXN0011977,CUST01945,MER0057,cust01945@okhdfcbank,354.42,2025-05-07 23:07:30,SUCCESS,472094342745,GPay
TXN0011979,CUST01859,MER0080,cust01859@okhdfcbank,284.33,2025-04-26 15:18:59,Success,547074527754,GPay
TXN0011980,CUST00405,MER0052,cust00405@okhdfcbank,777.98,2025-06-08 10:14:42,SUCCESS,015509770383,BHIM
TXN0011981,CUST01914,MER0010,cust01914@okhdfcbank,159.38,2025-03-28 05:53:40,success,380393474325,PhonePe
TXN0011982,CUST01081,MER0027,cust01081@okhdfcbank,184.16,2025-01-22 11:39:26,Success,440117524361,GPay
TXN0011983,CUST01908,MER0019,cust01908@okhdfcbank,467.54,2025-03-27 21:29:57,SUCCESS,647069056716,GPay
TXN0011984,CUST00219,MER0147,cust00219@okhdfcbank,263.35,2025-05-17 14:28:27,SUCCESS,953871824307,BHIM
TXN0011985,CUST01555,MER0109,cust01555@okhdfcbank,688.99,2025-06-11 14:05:16,success,379778694251,Paytm
TXN0011987,CUST00049,MER0044,cust00049@okhdfcbank,2428.52,2025-06-29 00:25:44,SUCCESS,823752661201,Amazon Pay
TXN0011988,CUST00191,MER0069,cust00191@okhdfcbank,985.8,2025-02-25 15:43:05,SUCCESS,659391870451,GPay
TXN0011991,CUST01213,MER0109,cust01213@okhdfcbank,5462.6,2025-03-28 22:36:52,Success,708930364404,GPay
TXN0011992,CUST00573,MER0059,cust00573@okhdfcbank,317.66,2025-02-15 02:53:09,success,271290514042,Amazon Pay
TXN0011994,CUST01360,MER0145,cust01360@okhdfcbank,998.99,2025-05-22 19:57:47,failed,956451563153,Amazon Pay
TXN0011996,CUST01926,MER0042,cust01926@okhdfcbank,217.37,2025-02-14 10:20:24,FAILED,574534629301,Amazon Pay
TXN0011998,CUST01590,MER0007,cust01590@okhdfcbank,1307.14,2025-06-08 22:41:21,Success,854935572237,GPay
TXN0012000,CUST00500,MER0001,cust00500@okhdfcbank,5437.69,2025-06-20 04:28:43,success,965323422385,GPay
TXN0010386,CUST01797,MER0039,cust01797@okhdfcbank,250.62,2025-03-08 00:01:38,SUCCESS,318218621398,Amazon Pay
TXN0011696,CUST01597,MER0061,cust01597@okhdfcbank,736.07,2025-03-20 04:38:37,success,876237376962,PhonePe
TXN0006444,CUST01187,MER0143,cust01187@okhdfcbank,935.19,2025-06-27 16:07:09,Success,979851409230,BHIM
TXN0010787,CUST01535,MER0148,cust01535@okhdfcbank,4257.66,2025-04-26 06:31:37,Success,024477207223,BHIM
TXN0009407,CUST01483,MER0034,cust01483@okhdfcbank,575.76,2025-06-12 22:29:06,success,344287524589,Paytm
TXN0004637,CUST01522,MER0117,cust01522@okhdfcbank,744.97,2025-01-30 20:11:05,SUCCESS,144355302446,PhonePe
TXN0001174,CUST01217,MER0007,cust01217@okhdfcbank,290.15,2025-05-30 10:58:29,SUCCESS,889976351706,PhonePe
TXN0002031,CUST01380,MER0127,cust01380@okhdfcbank,473.5,2025-01-24 00:18:27,Success,468562558599,GPay
TXN0002419,CUST00920,MER0081,cust00920@okhdfcbank,2423.83,2025-01-02 00:02:38,failed,754260770982,GPay
TXN0002117,CUST00460,MER0040,cust00460@okhdfcbank,717.93,2025-04-07 04:22:08,SUCCESS,673629071690,PhonePe
TXN0000947,CUST01541,MER0096,cust01541@okhdfcbank,436.07,2025-03-12 21:23:12,success,087784048016,BHIM
TXN0002712,CUST00280,MER0121,cust00280@okhdfcbank,130.39,2025-02-08 00:06:05,success,846334880537,BHIM
TXN0010269,CUST01168,MER0024,cust01168@okhdfcbank,107.55,2025-06-08 21:05:53,SUCCESS,328134741455,BHIM
TXN0008549,CUST00865,MER0140,cust00865@okhdfcbank,478.65,2025-01-05 21:46:55,FAILED,595060929810,PhonePe
TXN0000491,CUST01451,MER0147,cust01451@okhdfcbank,360.26,2025-06-08 10:54:14,Success,622533191990,Paytm
TXN0000823,CUST00039,MER0073,cust00039@okhdfcbank,243.39,2025-01-17 15:37:01,success,052812750146,Amazon Pay
TXN0004804,CUST01728,MER0026,cust01728@okhdfcbank,1446.03,2025-06-14 14:54:50,SUCCESS,613968592936,PhonePe
TXN0004274,CUST01994,MER0073,cust01994@okhdfcbank,257.18,2025-04-19 01:11:45,success,649436016078,BHIM
TXN0004595,CUST00927,MER0112,cust00927@okhdfcbank,1628.49,2025-04-18 10:33:29,SUCCESS,531336181765,BHIM
TXN0006477,CUST01247,MER0030,cust01247@okhdfcbank,157.93,2025-01-29 04:36:24,success,324261954720,Amazon Pay
TXN0010897,CUST00520,MER0078,cust00520@okhdfcbank,657.82,2025-05-13 01:02:34,SUCCESS,980515706526,BHIM
TXN0000018,CUST00657,MER0052,cust00657@okhdfcbank,267.97,2025-04-04 00:20:49,Success,694700422878,BHIM
TXN0001989,CUST01515,MER0014,cust01515@okhdfcbank,381.12,2025-05-15 02:48:48,SUCCESS,990593338714,PhonePe
TXN0009630,CUST00131,MER0035,cust00131@okhdfcbank,1119.53,2025-06-19 21:05:23,failed,849809717645,Amazon Pay
TXN0000136,CUST01056,MER0072,cust01056@okhdfcbank,817.59,2025-05-15 21:33:12,success,546088913863,Amazon Pay
TXN0002337,CUST01969,MER0084,cust01969@okhdfcbank,193.83,2025-02-05 05:39:17,Success,900342680968,GPay
TXN0009134,CUST01716,MER0003,cust01716@okhdfcbank,2250.69,2025-05-02 03:19:30,SUCCESS,426899155914,Amazon Pay
TXN0005951,CUST00426,MER0062,cust00426@okhdfcbank,231.88,2025-03-21 15:35:36,SUCCESS,788355428614,BHIM
TXN0006663,CUST01131,MER0064,cust01131@okhdfcbank,598.84,2025-02-04 09:00:58,SUCCESS,831998258426,GPay
TXN0011211,CUST01027,MER0094,cust01027@okhdfcbank,416.84,2025-05-24 06:41:27,Success,821044384622,Amazon Pay
TXN0001417,CUST01372,MER0020,cust01372@okhdfcbank,731.77,2025-05-24 13:42:00,Success,687799498632,Amazon Pay
TXN0001514,CUST00945,MER0062,cust00945@okhdfcbank,601.94,2025-05-23 14:08:55,success,677690370951,GPay
TXN0003676,CUST00971,MER0129,cust00971@okhdfcbank,366.51,2025-03-10 08:55:59,Success,716069852401,BHIM
TXN0007959,CUST01220,MER0142,cust01220@okhdfcbank,1259.26,2025-03-08 01:50:23,Success,460646676763,Amazon Pay
TXN0007171,CUST00895,MER0055,cust00895@okhdfcbank,636.29,2025-04-14 23:45:11,SUCCESS,486468416886,Paytm
TXN0004313,CUST01238,MER0085,cust01238@okhdfcbank,233.19,2025-06-19 08:12:46,SUCCESS,029063602430,GPay
TXN0007895,CUST01891,MER0037,cust01891@okhdfcbank,423.61,2025-05-03 23:25:33,Success,303054859662,Paytm
TXN0002707,CUST01101,MER0040,cust01101@okhdfcbank,-1626.17,2025-04-18 08:28:39,success,562974631571,BHIM
TXN0011426,CUST00022,MER0037,cust00022@okhdfcbank,1471.29,2025-06-17 22:26:38,FAILED,612678438850,Paytm
TXN0003729,CUST00158,MER0020,cust00158@okhdfcbank,3004.7,2025-02-18 14:00:40,SUCCESS,852950722276,PhonePe
TXN0005948,CUST01182,MER0097,cust01182@okhdfcbank,360.05,2025-05-22 16:10:51,Success,009691562619,Paytm
TXN0004692,CUST00784,MER0052,cust00784@okhdfcbank,736.36,2025-02-21 09:30:00,success,627302213801,BHIM
TXN0010906,CUST01815,MER0115,cust01815@okhdfcbank,577.08,2025-02-28 12:52:24,success,753384264808,Paytm
TXN0008325,CUST01046,MER0070,cust01046@okhdfcbank,2652.81,2025-06-03 10:09:54,Success,322071290686,BHIM
TXN0008971,CUST00354,MER0013,cust00354@okhdfcbank,862.2,2025-04-12 14:33:20,Failed,802054805773,GPay
TXN0002491,CUST01703,MER0036,cust01703@okhdfcbank,1565.74,2025-03-15 13:54:28,SUCCESS,648362910896,Amazon Pay
TXN0005150,CUST00754,MER0131,cust00754@okhdfcbank,645.9,2025-06-24 11:40:53,SUCCESS,819427781226,BHIM
TXN0000283,CUST00194,MER0119,cust00194@okhdfcbank,356.85,2025-01-20 18:55:21,success,433872171548,Amazon Pay
TXN0011413,CUST00814,MER0140,cust00814@okhdfcbank,439.51,2025-01-28 14:42:25,Failed,897485981501,GPay
TXN0002713,CUST00317,MER0049,cust00317@okhdfcbank,738.59,2025-01-01 19:28:58,Success,029917890452,GPay
TXN0008759,CUST00041,MER0023,cust00041@okhdfcbank,101.19,2025-06-12 07:32:44,Success,143321111824,Paytm
TXN0010383,CUST00478,MER0005,cust00478@okhdfcbank,222.94,2025-05-31 06:49:42,success,378975508539,Paytm
TXN0004835,CUST01412,MER0030,cust01412@okhdfcbank,738.56,2025-06-29 11:36:26,SUCCESS,292133589874,PhonePe
TXN0006716,CUST01543,MER0140,cust01543@okhdfcbank,1478.63,2025-05-03 10:16:55,success,203663911172,BHIM
TXN0006592,CUST00484,MER0140,cust00484@okhdfcbank,487.28,2025-05-30 04:24:36,SUCCESS,484326946734,PhonePe
TXN0008929,CUST00375,MER0142,cust00375@okhdfcbank,691.49,2025-06-26 14:26:59,success,144572848564,PhonePe
TXN0010971,CUST01201,MER0096,cust01201@okhdfcbank,481.66,2025-01-04 06:10:52,SUCCESS,607629813697,Amazon Pay
TXN0007780,CUST00944,MER0129,cust00944@okhdfcbank,1281.62,2025-05-15 21:58:21,Success,248317030506,PhonePe
TXN0008867,CUST00579,MER0092,cust00579@okhdfcbank,128.32,2025-05-31 12:10:09,FAILED,102823751891,Amazon Pay
TXN0007530,CUST01510,MER0092,cust01510@okhdfcbank,148.36,2025-01-21 16:57:36,success,469272970094,GPay
TXN0006171,CUST01768,MER0106,cust01768@okhdfcbank,1096.11,2025-05-11 08:55:12,Success,800173451416,GPay
TXN0011732,CUST00975,MER0065,cust00975@okhdfcbank,1353.61,2025-01-05 04:50:38,SUCCESS,114032328278,Amazon Pay
TXN0001810,CUST00447,MER0040,cust00447@okhdfcbank,1749.67,2025-04-08 17:56:03,SUCCESS,670449452533,Paytm
TXN0004167,CUST00630,MER0021,cust00630@okhdfcbank,281.29,2025-02-05 20:16:07,Success,156021244689,PhonePe
TXN0001942,CUST01441,MER0133,cust01441@okhdfcbank,206.52,2025-06-17 12:31:08,success,858635402219,Amazon Pay
TXN0011769,CUST01732,MER0020,cust01732@okhdfcbank,64.96,2025-05-11 08:43:20,Success,747199466190,Amazon Pay
TXN0009409,CUST01314,MER0134,cust01314@okhdfcbank,830.3,2025-06-19 16:09:56,failed,988037954638,BHIM
TXN0011011,CUST00677,MER0093,cust00677@okhdfcbank,237.94,2025-06-06 19:55:36,PENDING,565880051235,BHIM
TXN0001326,CUST01261,MER0107,cust01261@okhdfcbank,340.84,2025-03-22 09:34:17,success,997722109945,PhonePe
